BugID, #isArch, #isInduce, #Priority, #TimeSec, #Time, #Reopen
MRM-488,TRUE,FALSE,Major,2640627,30d13h30m27,0
MRM-1795,FALSE,FALSE,Minor,140976,01d15h09m36,0
MRM-1796,FALSE,FALSE,Blocker,24351,00d06h45m51,0
MRM-1791,FALSE,FALSE,Major,5769,00d01h36m09,0
MRM-1793,FALSE,FALSE,Major,39690,00d11h01m30,0
MRM-1812,FALSE,FALSE,Major,5318376,61d13h19m36,0
MRM-1811,FALSE,FALSE,Major,19270822,223d01h00m22,0
MRM-1810,FALSE,FALSE,Major,18776629,217d07h43m49,0
MRM-842,FALSE,FALSE,Major,22909202,265d03h40m02,0
MRM-840,FALSE,FALSE,Blocker,1386460,16d01h07m40,0
MRM-841,TRUE,TRUE,Major,6737128,77d23h25m28,0
MRM-846,FALSE,FALSE,Critical,1167138,13d12h12m18,0
MRM-847,FALSE,FALSE,Major,13205,00d03h40m05,0
MRM-844,TRUE,FALSE,Major,9828456,113d18h07m36,0
MRM-845,FALSE,FALSE,Major,6905,00d01h55m05,0
MRM-63,FALSE,FALSE,Major,18812,00d05h13m32,0
MRM-62,TRUE,FALSE,Major,2972944,34d09h49m04,0
MRM-1248,FALSE,FALSE,Major,63775263,738d03h21m03,0
MRM-1249,FALSE,FALSE,Major,749286,08d16h08m06,0
MRM-934,FALSE,FALSE,Major,5733,00d01h35m33,0
MRM-935,FALSE,FALSE,Major,203214441,2352d00h27m21,0
MRM-933,TRUE,TRUE,Major,13197885,152d18h04m45,0
MRM-447,FALSE,FALSE,Blocker,67944,00d18h52m24,0
MRM-1705,TRUE,FALSE,Major,173985,02d00h19m45,0
MRM-1703,TRUE,FALSE,Major,150206,01d17h43m26,0
MRM-1702,TRUE,FALSE,Major,36245129,419d12h05m29,0
MRM-440,TRUE,FALSE,Minor,8504352,98d10h19m12,0
MRM-1700,FALSE,FALSE,Major,3816,00d01h03m36,0
MRM-837,FALSE,FALSE,Major,210707276,2438d17h47m56,0
MRM-836,FALSE,FALSE,Major,23294706,269d14h45m06,1
MRM-1076,FALSE,FALSE,Major,1197606,13d20h40m06,0
MRM-521,FALSE,FALSE,Major,1624186,18d19h09m46,0
MRM-520,FALSE,FALSE,Major,2072890,23d23h48m10,0
MRM-1073,FALSE,FALSE,Major,3249797,37d14h43m17,0
MRM-1708,FALSE,FALSE,Major,1491485,17d06h18m05,0
MRM-1176,FALSE,FALSE,Major,1965271,22d17h54m31,0
MRM-1278,TRUE,FALSE,Major,329689,03d19h34m49,0
MRM-1171,FALSE,FALSE,Major,8863873,102d14h11m13,0
MRM-1172,TRUE,FALSE,Minor,3337711,38d15h08m31,0
MRM-1173,FALSE,FALSE,Major,77771937,900d03h18m57,0
MRM-1272,FALSE,FALSE,Major,3588257,41d12h44m17,0
MRM-1179,TRUE,FALSE,Major,1539449,17d19h37m29,0
MRM-1274,FALSE,FALSE,Major,1364111,15d18h55m11,0
MRM-12,FALSE,FALSE,Major,29031309,336d00h15m09,0
MRM-789,TRUE,FALSE,Critical,3969211,45d22h33m31,0
MRM-623,FALSE,FALSE,Major,359014,04d03h43m34,0
MRM-620,TRUE,FALSE,Minor,26821615,310d10h26m55,0
MRM-626,FALSE,FALSE,Major,8853869,102d11h24m29,0
MRM-1632,FALSE,FALSE,Critical,367916,04d06h11m56,0
MRM-628,FALSE,FALSE,Major,2026635,23d10h57m15,0
MRM-785,FALSE,FALSE,Minor,2194500,25d09h35m00,0
MRM-239,TRUE,FALSE,Major,15510737,179d12h32m17,1
MRM-231,FALSE,FALSE,Major,159431,01d20h17m11,0
MRM-1002,FALSE,FALSE,Minor,37188601,430d10h10m01,1
MRM-1004,FALSE,FALSE,Major,461,00d00h07m41,0
MRM-159,TRUE,FALSE,Critical,50659062,586d07h57m42,0
MRM-154,TRUE,FALSE,Major,659905,07d15h18m25,0
MRM-155,FALSE,FALSE,Major,650326,07d12h38m46,0
MRM-262,TRUE,TRUE,Major,100,00d00h01m40,0
MRM-1411,TRUE,FALSE,Major,27949865,323d11h51m05,0
MRM-1552,FALSE,FALSE,Major,84625,00d23h30m25,0
MRM-304,FALSE,FALSE,Minor,1104,00d00h18m24,0
MRM-306,FALSE,FALSE,Major,4801029,55d13h37m09,0
MRM-300,FALSE,FALSE,Major,12031,00d03h20m31,0
MRM-303,FALSE,FALSE,Critical,26599,00d07h23m19,0
MRM-719,FALSE,FALSE,Major,19501,00d05h25m01,0
MRM-715,FALSE,FALSE,Major,2545381,29d11h03m01,0
MRM-713,FALSE,FALSE,Minor,233567,02d16h52m47,0
MRM-659,FALSE,FALSE,Major,5775399,66d20h16m39,0
MRM-1859,FALSE,FALSE,Major,81861869,947d11h24m29,0
MRM-1854,FALSE,FALSE,Major,3824768,44d06h26m08,0
MRM-1853,FALSE,FALSE,Major,562944,06d12h22m24,0
MRM-1851,FALSE,FALSE,Major,6715173,77d17h19m33,0
MRM-1303,TRUE,FALSE,Major,28481766,329d15h36m06,0
MRM-1302,FALSE,FALSE,Critical,6944974,80d09h09m34,0
MRM-1305,FALSE,FALSE,Major,2220505,25d16h48m25,0
MRM-1304,FALSE,FALSE,Major,4949992,57d06h59m52,0
MRM-873,FALSE,FALSE,Major,1871137,21d15h45m37,0
MRM-872,TRUE,FALSE,Major,527072,06d02h24m32,0
MRM-978,FALSE,FALSE,Major,77,00d00h01m17,0
MRM-870,FALSE,FALSE,Major,24222,00d06h43m42,0
MRM-876,FALSE,FALSE,Major,149297,01d17h28m17,0
MRM-408,TRUE,FALSE,Major,6113094,70d18h04m54,0
MRM-409,TRUE,TRUE,Major,7553793,87d10h16m33,0
MRM-1062,FALSE,FALSE,Major,4730227,54d17h57m07,0
MRM-403,FALSE,FALSE,Major,1935073,22d09h31m13,0
MRM-400,FALSE,FALSE,Minor,12424353,143d19h12m33,0
MRM-407,FALSE,TRUE,Major,6571249,76d01h20m49,0
MRM-404,TRUE,FALSE,Major,86390949,999d21h29m09,0
MRM-405,FALSE,FALSE,Major,198,00d00h03m18,0
MRM-1236,FALSE,FALSE,Major,11712,00d03h15m12,0
MRM-1234,FALSE,FALSE,Major,163,00d00h02m43,0
MRM-1232,TRUE,FALSE,Major,281605,03d06h13m25,0
MRM-1230,TRUE,FALSE,Major,5679004,65d17h30m04,0
MRM-1239,TRUE,FALSE,Blocker,81957,00d22h45m57,0
MRM-1238,TRUE,FALSE,Major,1322769,15d07h26m09,0
MRM-582,FALSE,FALSE,Major,81616,00d22h40m16,0
MRM-580,FALSE,FALSE,Minor,27388226,316d23h50m26,0
MRM-586,FALSE,FALSE,Major,18,00d00h00m18,0
MRM-584,FALSE,FALSE,Major,22458229,259d22h23m49,1
MRM-58,TRUE,FALSE,Major,3791789,43d21h16m29,0
MRM-56,FALSE,FALSE,Major,1220736,14d03h05m36,0
MRM-57,TRUE,FALSE,Major,3792015,43d21h20m15,1
MRM-55,TRUE,FALSE,Major,1393084,16d02h58m04,0
MRM-576,FALSE,FALSE,Major,617599,07d03h33m19,0
MRM-1676,FALSE,FALSE,Major,529,00d00h08m49,0
MRM-1674,FALSE,FALSE,Major,326815,03d18h46m55,0
MRM-1672,FALSE,FALSE,Major,846935,09d19h15m35,0
MRM-1779,FALSE,FALSE,Major,1052666,12d04h24m26,0
MRM-905,FALSE,FALSE,Blocker,632380,07d07h39m40,0
MRM-276,FALSE,FALSE,Major,1487587,17d05h13m07,0
MRM-901,TRUE,FALSE,Major,19394350,224d11h19m10,0
MRM-1129,FALSE,FALSE,Major,80103238,927d02h53m58,0
MRM-477,TRUE,FALSE,Major,4394400,50d20h40m00,0
MRM-1121,FALSE,FALSE,Major,773355,08d22h49m15,0
MRM-470,TRUE,FALSE,Major,3668964,42d11h09m24,0
MRM-297,TRUE,FALSE,Major,13387,00d03h43m07,0
MRM-296,FALSE,FALSE,Major,11565,00d03h12m45,0
MRM-358,FALSE,FALSE,Critical,2289564,26d11h59m24,0
MRM-577,TRUE,FALSE,Minor,20522,00d05h42m02,0
MRM-357,FALSE,FALSE,Critical,2458842,28d11h00m42,0
MRM-353,FALSE,FALSE,Major,40549,00d11h15m49,0
MRM-299,FALSE,FALSE,Minor,274675,03d04h17m55,0
MRM-547,TRUE,FALSE,Minor,1192590,13d19h16m30,0
MRM-1516,TRUE,FALSE,Blocker,1236377,14d07h26m17,0
MRM-1000,FALSE,FALSE,Major,1200,00d00h20m00,0
MRM-750,FALSE,FALSE,Major,36909,00d10h15m09,0
MRM-755,FALSE,FALSE,Major,26318,00d07h18m38,0
MRM-758,FALSE,FALSE,Major,11858,00d03h17m38,0
MRM-996,FALSE,FALSE,Major,260030,03d00h13m50,0
MRM-618,FALSE,FALSE,Major,9193760,106d09h49m20,1
MRM-610,FALSE,FALSE,Major,10018945,115d23h02m25,0
MRM-615,TRUE,FALSE,Critical,26938685,311d18h58m05,0
MRM-125,TRUE,FALSE,Major,42672,00d11h51m12,0
MRM-127,TRUE,FALSE,Major,536827,06d05h07m07,0
MRM-273,FALSE,FALSE,Major,524384,06d01h39m44,0
MRM-1345,TRUE,TRUE,Major,42353901,490d04h58m21,1
MRM-1344,FALSE,FALSE,Major,42310411,489d16h53m31,0
MRM-498,FALSE,FALSE,Blocker,48388,00d13h26m28,0
MRM-1467,FALSE,FALSE,Blocker,3938597,45d14h03m17,0
MRM-1469,FALSE,FALSE,Major,1337785,15d11h36m25,0
MRM-725,FALSE,FALSE,Major,2364508,27d08h48m28,0
MRM-1032,FALSE,FALSE,Major,8399554,97d05h12m34,0
MRM-1789,FALSE,FALSE,Major,4106977,47d12h49m37,0
MRM-1784,FALSE,FALSE,Major,1806346,20d21h45m46,0
MRM-1783,FALSE,FALSE,Minor,486599,05d15h09m59,0
MRM-1826,FALSE,FALSE,Minor,150782,01d17h53m02,0
MRM-1701,TRUE,FALSE,Major,119,00d00h01m59,0
MRM-834,FALSE,FALSE,Major,7958530,92d02h42m10,0
MRM-99,TRUE,FALSE,Major,2913,00d00h48m33,0
MRM-943,FALSE,FALSE,Major,213,00d00h03m33,0
MRM-1736,TRUE,FALSE,Major,9496678,109d21h57m58,0
MRM-1737,FALSE,FALSE,Major,2809,00d00h46m49,0
MRM-432,TRUE,FALSE,Critical,7454248,86d06h37m28,0
MRM-430,TRUE,FALSE,Major,2072094,23d23h34m54,0
MRM-437,TRUE,FALSE,Major,5765498,66d17h31m38,0
MRM-436,FALSE,FALSE,Major,1562735,18d02h05m35,0
MRM-532,FALSE,FALSE,Minor,15668702,181d08h25m02,0
MRM-533,TRUE,FALSE,Critical,661270,07d15h41m10,0
MRM-438,FALSE,FALSE,Major,3894250,45d01h44m10,0
MRM-534,FALSE,FALSE,Major,476396,05d12h19m56,0
MRM-823,FALSE,FALSE,Major,15699,00d04h21m39,0
MRM-1167,FALSE,FALSE,Major,4480357,51d20h32m37,0
MRM-1161,TRUE,FALSE,Critical,4495727,52d00h48m47,0
MRM-1160,TRUE,FALSE,Major,4519047,52d07h17m27,0
MRM-1246,FALSE,FALSE,Major,5170866,59d20h21m06,1
MRM-1243,FALSE,FALSE,Major,508031,05d21h07m11,0
MRM-1240,TRUE,FALSE,Major,1311528,15d04h18m48,0
MRM-1168,FALSE,FALSE,Major,5287631,61d04h47m11,0
MRM-493,TRUE,FALSE,Critical,2460796,28d11h33m16,0
MRM-796,FALSE,FALSE,Major,1452146,16d19h22m26,0
MRM-797,TRUE,FALSE,Major,1716632,19d20h50m32,0
MRM-792,FALSE,FALSE,Major,4995551,57d19h39m11,0
MRM-790,FALSE,FALSE,Major,1989312,23d00h35m12,0
MRM-1748,FALSE,FALSE,Major,4348804,50d08h00m04,0
MRM-535,FALSE,FALSE,Minor,901032,10d10h17m12,0
MRM-226,FALSE,FALSE,Major,6809,00d01h53m29,0
MRM-224,FALSE,FALSE,Major,25601,00d07h06m41,0
MRM-388,TRUE,FALSE,Blocker,1630592,18d20h56m32,0
MRM-1609,FALSE,FALSE,Major,108084,01d06h01m24,1
MRM-384,TRUE,FALSE,Major,615,00d00h10m15,0
MRM-381,FALSE,FALSE,Blocker,178565,02d01h36m05,0
MRM-380,TRUE,FALSE,Major,32794,00d09h06m34,0
MRM-383,FALSE,FALSE,Major,7163392,82d21h49m52,0
MRM-891,FALSE,FALSE,Major,173533,02d00h12m13,0
MRM-415,FALSE,FALSE,Major,6006,00d01h40m06,0
MRM-893,FALSE,FALSE,Minor,1306505,15d02h55m05,0
MRM-892,FALSE,FALSE,Major,90601,01d01h10m01,0
MRM-895,TRUE,FALSE,Minor,1437968,16d15h26m08,1
MRM-549,TRUE,FALSE,Major,1192200,13d19h10m00,0
MRM-896,FALSE,FALSE,Major,757433,08d18h23m53,0
MRM-1013,FALSE,FALSE,Major,9235562,106d21h26m02,0
MRM-546,FALSE,FALSE,Critical,429248,04d23h14m08,1
MRM-1011,FALSE,FALSE,Minor,4481735,51d20h55m35,0
MRM-544,TRUE,FALSE,Major,1381502,15d23h45m02,0
MRM-417,FALSE,FALSE,Major,78609,00d21h50m09,0
MRM-540,TRUE,FALSE,Major,1940639,22d11h03m59,0
SM-175,FALSE,FALSE,Major,48236,00d13h23m56,0
MRM-365,FALSE,FALSE,Critical,100442,01d03h54m02,0
MRM-364,FALSE,FALSE,Major,7055,00d01h57m35,0
MRM-363,FALSE,FALSE,Major,23604,00d06h33m24,0
MRM-362,FALSE,FALSE,Major,2111624,24d10h33m44,0
MRM-361,FALSE,FALSE,Major,27810,00d07h43m30,0
MRM-360,FALSE,FALSE,Major,83591,00d23h13m11,0
MRM-369,TRUE,FALSE,Blocker,2092157,24d05h09m17,0
MRM-410,TRUE,FALSE,Major,1377542,15d22h39m02,0
MRM-1808,FALSE,FALSE,Major,189374,02d04h36m14,0
MRM-1421,FALSE,FALSE,Major,8187520,94d18h18m40,0
MRM-1542,FALSE,FALSE,Major,277070,03d04h57m50,0
MRM-646,FALSE,FALSE,Minor,1523949,17d15h19m09,0
MRM-768,FALSE,FALSE,Minor,35035,00d09h43m55,0
MRM-642,TRUE,FALSE,Major,7772302,89d22h58m22,0
MRM-763,FALSE,FALSE,Minor,23880,00d06h38m00,0
MRM-762,FALSE,FALSE,Trivial,74185,00d20h36m25,0
MRM-767,FALSE,FALSE,Blocker,7614329,88d03h05m29,0
MRM-765,FALSE,FALSE,Minor,13823852,159d23h57m32,0
MRM-764,FALSE,FALSE,Major,18,00d00h00m18,0
MRM-1909,FALSE,FALSE,Minor,19847308,229d17h08m28,0
MRM-1863,FALSE,FALSE,Minor,1873393,21d16h23m13,0
MRM-1861,TRUE,FALSE,Major,80497487,931d16h24m47,0
MRM-1864,FALSE,FALSE,Major,71,00d00h01m11,0
MNG-1106,FALSE,FALSE,Major,44103594,510d10h59m54,0
MRM-1908,FALSE,FALSE,Major,24495494,283d12h18m14,0
MRM-865,FALSE,TRUE,Major,20926,00d05h48m46,0
MRM-867,FALSE,FALSE,Major,72,00d00h01m12,0
MRM-869,FALSE,FALSE,Minor,93225,01d01h53m45,1
MRM-1202,FALSE,FALSE,Major,3956392,45d18h59m52,0
MRM-1206,FALSE,FALSE,Major,24391556,282d07h25m56,0
MRM-1204,TRUE,FALSE,Major,4944266,57d05h24m26,0
MRM-598,FALSE,FALSE,Major,10791085,124d21h31m25,1
MRM-622,TRUE,FALSE,Major,8721248,100d22h34m08,0
MRM-1188,TRUE,FALSE,Critical,81344,00d22h35m44,0
MRM-595,TRUE,FALSE,Major,734619,08d12h03m39,0
MRM-596,FALSE,FALSE,Minor,414208,04d19h03m28,0
MRM-692,TRUE,FALSE,Major,411208,04d18h13m28,0
MRM-691,TRUE,FALSE,Major,1167378,13d12h16m18,0
MRM-690,FALSE,FALSE,Major,3248740,37d14h25m40,0
MRM-1640,FALSE,FALSE,Critical,302,00d00h05m02,0
MRM-1644,FALSE,FALSE,Major,15791,00d04h23m11,0
MRM-1645,FALSE,FALSE,Major,852794,09d20h53m14,0
MRM-1761,TRUE,FALSE,Major,16622847,192d09h27m27,0
MRM-501,FALSE,FALSE,Blocker,2368227,27d09h50m27,0
MRM-1762,FALSE,FALSE,Critical,14544683,168d08h11m23,0
MRM-1767,FALSE,FALSE,Major,42271692,489d06h08m12,0
MRM-1766,FALSE,FALSE,Minor,15593293,180d11h28m13,0
MRM-1769,FALSE,FALSE,Major,15212728,176d01h45m28,0
MRM-915,TRUE,TRUE,Major,1879429,21d18h03m49,0
MRM-260,FALSE,FALSE,Major,82259,00d22h50m59,0
MRM-261,FALSE,FALSE,Critical,62916,00d17h28m36,0
MRM-911,TRUE,FALSE,Major,2321257,26d20h47m37,0
MRM-912,FALSE,FALSE,Major,2374559,27d11h35m59,0
MRM-1887,FALSE,FALSE,Major,6594692,76d07h51m32,0
MRM-469,FALSE,FALSE,Major,3669426,42d11h17m06,0
MRM-780,FALSE,FALSE,Critical,527876,06d02h37m56,0
MRM-1117,FALSE,FALSE,Major,398318,04d14h38m38,0
MRM-466,FALSE,FALSE,Major,3950530,45d17h22m10,0
MRM-467,FALSE,FALSE,Major,307337,03d13h22m17,0
MRM-460,FALSE,FALSE,Major,3436816,39d18h40m16,0
MRM-461,FALSE,FALSE,Minor,5514863,63d19h54m23,0
MRM-1110,FALSE,FALSE,Major,127,00d00h02m07,0
MRM-463,TRUE,TRUE,Blocker,2687321,31d02h28m41,0
MRM-329,TRUE,FALSE,Blocker,7528385,87d03h13m05,0
MRM-328,FALSE,FALSE,Major,213166,02d11h12m46,1
MRM-320,FALSE,FALSE,Minor,13356358,154d14h05m58,1
MRM-327,FALSE,FALSE,Major,213569,02d11h19m29,1
MRM-326,FALSE,FALSE,Major,6612873,76d12h54m33,0
MRM-1500,FALSE,FALSE,Major,4150544,48d00h55m44,0
MRM-608,FALSE,FALSE,Critical,9144499,105d20h08m19,0
MRM-1085,FALSE,FALSE,Major,16072074,186d00h27m54,0
MRM-219,FALSE,FALSE,Major,51,00d00h00m51,0
MRM-602,FALSE,FALSE,Major,17186214,198d21h56m54,0
MRM-213,FALSE,FALSE,Minor,28739855,332d15h17m35,1
MRM-605,FALSE,FALSE,Major,19006627,219d23h37m07,1
MRM-211,FALSE,FALSE,Major,28731468,332d12h57m48,0
MRM-1945,FALSE,FALSE,Major,1190478,13d18h41m18,0
MRM-1940,FALSE,FALSE,Major,890506,10d07h21m46,0
MRM-139,TRUE,FALSE,Major,7262003,84d01h13m23,0
HTTPCLIENT-1340,FALSE,FALSE,Critical,67251,00d18h40m51,0
MRM-1372,FALSE,FALSE,Major,9718,00d02h41m58,0
MRM-1373,FALSE,FALSE,Major,4429312,51d06h21m52,0
MRM-243,FALSE,FALSE,Major,25538855,295d14h07m35,0
MRM-1475,FALSE,FALSE,Blocker,79652,00d22h07m32,0
MRM-1476,FALSE,FALSE,Major,514999,05d23h03m19,0
WW-3688,FALSE,FALSE,Major,26347,00d07h19m07,0
MRM-1488,FALSE,FALSE,Critical,1901493,22d00h11m33,0
MRM-731,FALSE,FALSE,Major,32654351,377d22h39m11,1
MRM-733,FALSE,FALSE,Major,672082,07d18h41m22,0
MRM-1830,FALSE,FALSE,Minor,16097,00d04h28m17,0
MRM-1833,FALSE,FALSE,Major,44933,00d12h28m53,0
MRM-1832,FALSE,FALSE,Minor,58527,00d16h15m27,0
MRM-1837,TRUE,FALSE,Critical,78518,00d21h48m38,0
MRM-1933,TRUE,FALSE,Major,11318362,130d23h59m22,0
MRM-1937,FALSE,FALSE,Major,391148,04d12h39m08,0
MRM-569,TRUE,FALSE,Critical,927122,10d17h32m02,0
MRM-1487,FALSE,FALSE,Blocker,546649,06d07h50m49,0
MNG-1073,TRUE,FALSE,Major,1942,00d00h32m22,0
MRM-487,TRUE,FALSE,Critical,2641439,30d13h43m59,0
MRM-1687,FALSE,FALSE,Minor,99002,01d03h30m02,0
MRM-1684,FALSE,FALSE,Minor,6639631,76d20h20m31,0
MRM-1729,TRUE,FALSE,Major,2326,00d00h38m46,0
MRM-1683,FALSE,FALSE,Major,126491,01d11h08m11,0
MRM-1681,TRUE,FALSE,Major,286768,03d07h39m28,0
MRM-1725,FALSE,FALSE,Minor,301643,03d11h47m23,0
MRM-1720,FALSE,FALSE,Critical,1654194,19d03h29m54,0
MRM-819,FALSE,FALSE,Major,19961,00d05h32m41,0
MRM-818,FALSE,FALSE,Major,9916,00d02h45m16,0
MRM-422,FALSE,FALSE,Minor,49902,00d13h51m42,0
MRM-423,FALSE,FALSE,Major,34594,00d09h36m34,0
MRM-1097,TRUE,FALSE,Major,56007227,648d05h33m47,0
MRM-1096,FALSE,FALSE,Trivial,2246224,25d23h57m04,0
MRM-1095,FALSE,FALSE,Major,946395,10d22h53m15,0
MRM-810,TRUE,FALSE,Major,3929538,45d11h32m18,0
MRM-813,TRUE,FALSE,Major,202409831,2342d16h57m11,0
MRM-1151,FALSE,FALSE,Minor,12951031,149d21h30m31,0
MRM-1157,FALSE,FALSE,Blocker,5004566,57d22h09m26,0
MRM-1155,FALSE,FALSE,Major,12699277,146d23h34m37,1
MRM-1250,FALSE,FALSE,Major,13267,00d03h41m07,0
MRM-567,TRUE,FALSE,Blocker,210042,02d10h20m42,0
MRM-519,TRUE,FALSE,Major,1322948,15d07h29m08,0
MRM-1259,TRUE,FALSE,Major,668066,07d17h34m26,0
MRM-954,FALSE,FALSE,Trivial,749353,08d16h09m13,0
MRM-1393,FALSE,FALSE,Major,40502152,468d18h35m52,0
MRM-1396,FALSE,FALSE,Major,12744404,147d12h06m44,0
MRM-1611,FALSE,FALSE,Major,7664,00d02h07m44,0
MRM-1101,TRUE,FALSE,Critical,1117808,12d22h30m08,0
MRM-398,TRUE,FALSE,Major,12328015,142d16h26m55,1
MRM-1612,FALSE,FALSE,Major,167,00d00h02m47,0
MRM-392,FALSE,FALSE,Critical,8058652,93d06h30m52,0
MRM-393,FALSE,FALSE,Critical,7092156,82d02h02m36,0
MRM-1753,FALSE,FALSE,Minor,77380,00d21h29m40,0
MRM-1754,FALSE,FALSE,Minor,55288,00d15h21m28,0
MRM-397,FALSE,FALSE,Trivial,42779058,495d03h04m18,0
MRM-394,FALSE,FALSE,Major,192896,02d05h34m56,0
MRM-1757,FALSE,FALSE,Major,87134,01d00h12m14,0
MRM-494,TRUE,FALSE,Major,1082540,12d12h42m20,0
MRM-497,FALSE,FALSE,Major,84227,00d23h23m47,0
MRM-496,TRUE,FALSE,Major,57504,00d15h58m24,0
MRM-558,FALSE,FALSE,Minor,16880,00d04h41m20,0
MRM-559,FALSE,FALSE,Minor,16321,00d04h32m01,0
MRM-1028,FALSE,FALSE,Major,1448,00d00h24m08,0
MRM-1027,TRUE,FALSE,Major,40741,00d11h19m01,0
MRM-884,TRUE,FALSE,Major,366506,04d05h48m26,0
MRM-885,TRUE,FALSE,Major,1873519,21d16h25m19,0
MRM-550,FALSE,FALSE,Major,23220153,268d18h02m33,0
MRM-551,FALSE,FALSE,Major,354981,04d02h36m21,0
MRM-880,FALSE,FALSE,Blocker,1904818,22d01h06m58,0
MRM-374,FALSE,FALSE,Major,6845508,79d05h31m48,0
MRM-420,FALSE,FALSE,Major,12937,00d03h35m37,0
MRM-376,TRUE,FALSE,Blocker,1484329,17d04h18m49,0
MRM-377,FALSE,FALSE,Major,94440,01d02h14m00,0
MRM-370,FALSE,FALSE,Major,1740356,20d03h25m56,0
MRM-371,FALSE,FALSE,Major,960237,11d02h43m57,0
MRM-372,FALSE,FALSE,Major,333392,03d20h36m32,0
MRM-1092,FALSE,FALSE,Minor,205689,02d09h08m09,0
MRM-378,TRUE,FALSE,Critical,288000,03d08h00m00,0
MRM-379,FALSE,FALSE,Major,35087,00d09h44m47,0
MRM-1435,FALSE,FALSE,Trivial,151157,01d17h59m17,0
MRM-451,TRUE,FALSE,Critical,64433,00d17h53m53,0
MRM-1433,FALSE,FALSE,Major,195232,02d06h13m52,0
MRM-425,TRUE,FALSE,Major,2406042,27d20h20m42,0
MRM-426,TRUE,FALSE,Major,2360762,27d07h46m02,0
MRM-454,TRUE,FALSE,Major,7002016,81d01h00m16,0
MRM-670,FALSE,FALSE,Major,6238,00d01h43m58,0
MRM-674,TRUE,FALSE,Critical,2084657,24d03h04m17,0
MRM-429,FALSE,FALSE,Major,2389804,27d15h50m04,0
MRM-770,FALSE,FALSE,Minor,204645737,2368d14h02m17,0
MRM-1877,FALSE,FALSE,Major,2786,00d00h46m26,0
MRM-1871,FALSE,FALSE,Major,197229,02d06h47m09,1
MRM-1972,FALSE,FALSE,Minor,32891274,380d16h27m54,0
MRM-814,FALSE,FALSE,Major,6537237,75d15h53m57,0
MRM-1285,TRUE,FALSE,Minor,7774528,89d23h35m28,0
MRM-1320,FALSE,FALSE,Major,459103,05d07h31m43,0
MRM-1323,FALSE,FALSE,Major,3030944,35d01h55m44,0
MRM-1324,TRUE,FALSE,Major,51278188,593d11h56m28,0
MRM-1443,TRUE,FALSE,Major,12828,00d03h33m48,0
MRM-172,TRUE,FALSE,Major,158697,01d20h04m57,0
MRM-178,FALSE,FALSE,Major,1288665,14d21h57m45,0
MRM-1803,FALSE,FALSE,Major,1966311,22d18h11m51,0
MRM-1804,TRUE,FALSE,Major,133594,01d13h06m34,0
MRM-858,FALSE,FALSE,Major,258,00d00h04m18,0
MRM-1807,TRUE,FALSE,Blocker,22283750,257d21h55m50,1
MRM-855,FALSE,FALSE,Major,215,00d00h03m35,0
MRM-1809,FALSE,FALSE,Major,5316759,61d12h52m39,0
MRM-856,FALSE,FALSE,Major,107,00d00h01m47,0
MRM-851,FALSE,FALSE,Major,476834,05d12h27m14,0
MRM-853,FALSE,FALSE,Major,154752,01d18h59m12,0
MRM-1196,TRUE,FALSE,Major,733428,08d11h43m48,0
MRM-1197,FALSE,FALSE,Major,4713823,54d13h23m43,0
MRM-1194,TRUE,FALSE,Major,5703260,66d00h14m20,0
MRM-1217,FALSE,TRUE,Major,35173,00d09h46m13,0
MRM-1198,FALSE,FALSE,Major,4655584,53d21h13m04,0
MRM-1212,TRUE,TRUE,Major,1560405,18d01h26m45,0
MRM-1659,FALSE,FALSE,Blocker,1256634,14d13h03m54,0
MRM-689,FALSE,FALSE,Minor,3723250,43d02h14m10,0
MRM-1653,FALSE,FALSE,Critical,58575,00d16h16m15,0
MRM-510,TRUE,FALSE,Major,682635,07d21h37m15,0
MRM-516,TRUE,FALSE,Critical,3691832,42d17h30m32,0
MRM-517,FALSE,FALSE,Major,837572,09d16h39m32,0
MRM-921,FALSE,FALSE,Major,18040070,208d19h07m50,0
MRM-1892,FALSE,FALSE,Major,2513,00d00h41m53,0
MRM-922,TRUE,FALSE,Major,17479459,202d07h24m19,0
MRM-1066,TRUE,FALSE,Blocker,41985177,485d22h32m57,1
MRM-926,TRUE,FALSE,Major,1168263,13d12h31m03,0
MRM-1268,FALSE,FALSE,Minor,7239707,83d19h01m47,0
MRM-1269,FALSE,FALSE,Major,201923187,2337d01h46m27,0
MRM-1105,FALSE,FALSE,Major,1133080,13d02h44m40,0
MRM-1109,FALSE,FALSE,Major,30,00d00h00m30,0
MRM-1108,FALSE,FALSE,Major,3435,00d00h57m15,0
MRM-1265,FALSE,FALSE,Major,623,00d00h10m23,0
MRM-1266,FALSE,FALSE,Major,362,00d00h06m02,0
MRM-456,FALSE,FALSE,Major,200024,02d07h33m44,0
MRM-330,TRUE,FALSE,Blocker,1484130,17d04h15m30,0
MRM-331,TRUE,FALSE,Blocker,1488426,17d05h27m06,0
MRM-332,FALSE,FALSE,Major,276495,03d04h48m15,0
MRM-334,FALSE,FALSE,Minor,434177,05d00h36m17,0
MRM-336,TRUE,FALSE,Major,419689,04d20h34m49,0
MRM-337,FALSE,FALSE,Major,82470,00d22h54m30,0
MRM-1629,FALSE,FALSE,Major,105841,01d05h24m01,0
MRM-636,FALSE,FALSE,Major,56842522,657d21h35m22,0
MRM-631,TRUE,FALSE,Major,19381735,224d07h48m55,1
MRM-630,FALSE,FALSE,Major,2554238,29d13h30m38,0
MRM-633,FALSE,FALSE,Major,1912243,22d03h10m43,0
MRM-1623,FALSE,FALSE,Major,1812,00d00h30m12,0
MRM-1625,FALSE,FALSE,Major,126355,01d11h05m55,0
MRM-200,FALSE,FALSE,Major,176089,02d00h54m49,0
MRM-142,TRUE,FALSE,Critical,38659472,447d10h44m32,0
MRM-1366,FALSE,FALSE,Major,9055,00d02h30m55,0
MRM-1567,TRUE,FALSE,Major,7126293,82d11h31m33,0
MRM-701,FALSE,FALSE,Minor,2620185,30d07h49m45,0
MRM-703,FALSE,FALSE,Minor,19034,00d05h17m14,0
MRM-253,FALSE,FALSE,Major,9953,00d02h45m53,0
MRM-1848,TRUE,FALSE,Major,12675781,146d17h03m01,1
MRM-252,FALSE,FALSE,Minor,404192,04d16h16m32,0
MRM-1846,FALSE,FALSE,Major,8883851,102d19h44m11,1
MRM-1841,FALSE,FALSE,Major,1527463,17d16h17m43,1
MRM-1842,FALSE,FALSE,Major,1090,00d00h18m10,0
MRM-250,FALSE,FALSE,Major,7792,00d02h09m52,0
MRM-1926,FALSE,FALSE,Major,2266576,26d05h36m16,0
MRM-1924,FALSE,FALSE,Major,87,00d00h01m27,0
MRM-1928,TRUE,FALSE,Major,44440,00d12h20m40,0
MRM-1311,FALSE,FALSE,Major,148230737,1715d15h12m17,0
MRM-1312,FALSE,FALSE,Major,3274428,37d21h33m48,0
MRM-1314,FALSE,FALSE,Major,3923794,45d09h56m34,0
MRM-1315,FALSE,FALSE,Major,3055151,35d08h39m11,0
MRM-1316,TRUE,FALSE,Major,1306815,15d03h00m15,0
MRM-1317,FALSE,TRUE,Major,50295113,582d02h51m53,0
MRM-1496,TRUE,FALSE,Critical,4562463,52d19h21m03,0
MRM-562,TRUE,TRUE,Major,5678,00d01h34m38,0
MRM-287,FALSE,FALSE,Major,1967,00d00h32m47,0
MRM-1698,FALSE,FALSE,Critical,2875,00d00h47m55,0
MRM-258,FALSE,FALSE,Major,5722,00d01h35m22,0
MRM-396,FALSE,FALSE,Trivial,12561172,145d09h12m52,0
MRM-1692,FALSE,FALSE,Major,5549,00d01h32m29,0
MRM-1755,FALSE,FALSE,Minor,63693,00d17h41m33,0
MRM-883,FALSE,FALSE,Major,240725,02d18h52m05,0
MRM-962,FALSE,FALSE,Trivial,6185810,71d14h16m50,0
MRM-1145,FALSE,FALSE,Major,175950991,2036d11h16m31,0
MRM-1147,FALSE,FALSE,Major,17,00d00h00m17,0
MRM-416,TRUE,FALSE,Major,410028,04d17h53m48,0
MRM-1141,FALSE,FALSE,Major,11936495,138d03h41m35,0
MRM-1140,TRUE,FALSE,Major,46563,00d12h56m03,0
MRM-1143,TRUE,FALSE,Major,5889669,68d04h01m09,0
MRM-1220,FALSE,FALSE,Major,30,00d00h00m30,0
MRM-1228,TRUE,FALSE,Major,9572809,110d19h06m49,0
MRM-503,FALSE,FALSE,Major,772539,08d22h35m39,0
MRM-888,FALSE,FALSE,Major,262641,03d00h57m21,0
MRM-421,FALSE,FALSE,Major,51856,00d14h24m16,0
MRM-555,FALSE,FALSE,Critical,124172,01d10h29m32,0
MRM-556,TRUE,FALSE,Critical,1515438,17d12h57m18,0
MRM-1664,FALSE,FALSE,Major,337845,03d21h50m45,0
MRM-1665,FALSE,FALSE,Major,33534,00d09h18m54,0
MRM-1667,FALSE,FALSE,Major,634,00d00h10m34,0
MRM-1660,FALSE,FALSE,Major,193537,02d05h45m37,0
MRM-246,FALSE,FALSE,Major,7432,00d02h03m52,0
MRM-1744,FALSE,FALSE,Major,20078,00d05h34m38,0
MRM-1138,FALSE,FALSE,Major,9942,00d02h45m42,0
MRM-1139,FALSE,FALSE,Major,77,00d00h01m17,0
MRM-1033,TRUE,FALSE,Major,29998477,347d04h54m37,0
MRM-481,FALSE,FALSE,Critical,6151613,71d04h46m53,0
MRM-486,FALSE,FALSE,Major,2278777,26d08h59m37,0
MRM-1020,FALSE,FALSE,Minor,23897,00d06h38m17,0
MRM-263,TRUE,FALSE,Major,1032027,11d22h40m27,0
MRM-561,FALSE,FALSE,Blocker,46406,00d12h53m26,0
MRM-560,TRUE,FALSE,Blocker,1501248,17d09h00m48,0
MRM-563,TRUE,TRUE,Critical,3285,00d00h54m45,0
MRM-1133,TRUE,FALSE,Major,577920,06d16h32m00,0
MRM-565,TRUE,FALSE,Critical,52413,00d14h33m33,0
MRM-1135,FALSE,FALSE,Blocker,225275,02d14h34m35,0
MRM-1136,FALSE,FALSE,Blocker,771294,08d22h14m54,0
MRM-1137,FALSE,FALSE,Critical,810522,09d09h08m42,0
MRM-345,FALSE,FALSE,Major,4752,00d01h19m12,0
MRM-347,FALSE,FALSE,Major,6624675,76d16h11m15,1
MRM-346,TRUE,FALSE,Major,505629,05d20h27m09,0
MRM-349,FALSE,FALSE,Blocker,320246,03d16h57m26,0
MRM-267,FALSE,FALSE,Major,9283,00d02h34m43,0
MRM-1886,FALSE,FALSE,Minor,468695,05d10h11m35,0
MRM-265,TRUE,FALSE,Major,24948119,288d18h01m59,0
MRM-482,TRUE,FALSE,Critical,3946196,45d16h09m56,0
MRM-747,TRUE,FALSE,Major,52753865,610d13h51m05,0
MRM-746,TRUE,FALSE,Major,461814,05d08h16m54,0
MRM-986,FALSE,FALSE,Major,5025,00d01h23m45,0
MRM-981,FALSE,FALSE,Major,81098,00d22h31m38,0
MRM-664,FALSE,FALSE,Critical,5373683,62d04h41m23,0
MRM-989,FALSE,FALSE,Trivial,12427224,143d20h00m24,0
MRM-661,FALSE,FALSE,Major,3043541,35d05h25m41,0
MRM-114,FALSE,FALSE,Major,58707,00d16h18m27,0
MRM-115,FALSE,FALSE,Major,12366,00d03h26m06,0
MRM-112,FALSE,FALSE,Major,1056905,12d05h35m05,0
MRM-1966,FALSE,FALSE,Minor,22041,00d06h07m21,0
MRM-118,TRUE,FALSE,Major,77253,00d21h27m33,0
MRM-1294,FALSE,FALSE,Major,1456,00d00h24m16,0
MRM-1290,TRUE,FALSE,Major,285,00d00h04m45,0
MRM-465,FALSE,FALSE,Critical,326586,03d18h43m06,0
MRM-1355,TRUE,FALSE,Major,20,00d00h00m20,0
MRM-1356,FALSE,FALSE,Major,63884,00d17h44m44,0
MRM-1353,TRUE,FALSE,Major,5173254,59d21h00m54,1
MRM-1453,FALSE,FALSE,Minor,1932,00d00h32m12,0
MRM-1451,FALSE,FALSE,Major,2479,00d00h41m19,0
MRM-1599,TRUE,FALSE,Major,97735,01d03h08m55,0
MRM-1590,TRUE,FALSE,Critical,42760,00d11h52m40,0
MRM-1607,FALSE,FALSE,Major,1178,00d00h19m38,0
MRM-824,FALSE,FALSE,Major,75424,00d20h57m04,0
MRM-462,TRUE,FALSE,Critical,2952150,34d04h02m30,0
MRM-1111,TRUE,FALSE,Major,66068409,764d16h20m09,0
MRM-182,FALSE,FALSE,Critical,43648,00d12h07m28,0
