BugID, #isArch, #isInduce, #Priority, #TimeSec, #Time, #Reopen
ARIES-501,FALSE,FALSE,Critical,384,00d00h06m24,0
ARIES-269,FALSE,FALSE,Major,11507,00d03h11m47,0
ARIES-1648,FALSE,FALSE,Major,22066,00d06h07m46,0
ARIES-1649,FALSE,FALSE,Major,188399,02d04h19m59,0
ARIES-878,TRUE,FALSE,Major,28458,00d07h54m18,0
ARIES-972,TRUE,FALSE,Major,62749,00d17h25m49,0
ARIES-973,TRUE,FALSE,Major,99753,01d03h42m33,0
ARIES-875,FALSE,FALSE,Major,704964,08d03h49m24,0
ARIES-1641,FALSE,FALSE,Critical,63674,00d17h41m14,0
ARIES-877,FALSE,FALSE,Major,33505,00d09h18m25,0
ARIES-871,FALSE,FALSE,Major,366,00d00h06m06,0
ARIES-870,FALSE,FALSE,Major,27334631,316d08h57m11,0
ARIES-1646,FALSE,TRUE,Major,163105,01d21h18m25,0
ARIES-872,FALSE,FALSE,Major,711046,08d05h30m46,0
ARIES-405,FALSE,FALSE,Major,694,00d00h11m34,0
ARIES-406,FALSE,FALSE,Critical,89454,01d00h50m54,0
ARIES-407,FALSE,FALSE,Major,9556,00d02h39m16,0
ARIES-1766,TRUE,FALSE,Major,3990516,46d04h28m36,0
ARIES-402,FALSE,FALSE,Major,765719,08d20h41m59,0
ARIES-1768,FALSE,FALSE,Major,43457,00d12h04m17,0
ARIES-408,TRUE,FALSE,Major,637125,07d08h58m45,0
ARIES-409,FALSE,FALSE,Major,12189084,141d01h51m24,1
ARIES-1055,TRUE,FALSE,Major,550,00d00h09m10,0
ARIES-1116,FALSE,FALSE,Major,138657874,1604d20h04m34,0
ARIES-1117,TRUE,FALSE,Major,31091677,359d20h34m37,0
ARIES-585,FALSE,FALSE,Major,2065,00d00h34m25,0
ARIES-584,TRUE,FALSE,Major,44674153,517d01h29m13,1
ARIES-586,TRUE,FALSE,Major,512162,05d22h16m02,0
ARIES-580,TRUE,FALSE,Major,8751,00d02h25m51,0
ARIES-582,TRUE,FALSE,Major,10337204,119d15h26m44,1
ARIES-588,FALSE,FALSE,Major,234,00d00h03m54,0
ARIES-1503,TRUE,FALSE,Major,2753338,31d20h48m58,1
ARIES-1500,TRUE,FALSE,Major,16251150,188d02h12m30,1
ARIES-530,FALSE,FALSE,Major,2926646,33d20h57m26,0
ARIES-1616,TRUE,FALSE,Major,189,00d00h03m09,0
ARIES-901,TRUE,FALSE,Major,278,00d00h04m38,0
ARIES-900,FALSE,FALSE,Major,853,00d00h14m13,0
ARIES-271,TRUE,FALSE,Major,930262,10d18h24m22,0
ARIES-902,FALSE,FALSE,Major,149241,01d17h27m21,0
ARIES-905,FALSE,FALSE,Major,8142,00d02h15m42,0
ARIES-532,FALSE,FALSE,Major,2492269,28d20h17m49,0
ARIES-907,TRUE,FALSE,Major,182,00d00h03m02,0
ARIES-975,FALSE,FALSE,Minor,886,00d00h14m46,0
ARIES-571,FALSE,FALSE,Major,2398330,27d18h12m10,0
ARIES-572,FALSE,FALSE,Major,14368562,166d07h16m02,0
ARIES-573,FALSE,FALSE,Major,2329798,26d23h09m58,0
ARIES-576,FALSE,FALSE,Major,405,00d00h06m45,0
ARIES-471,FALSE,FALSE,Minor,1293466,14d23h17m46,0
ARIES-470,FALSE,FALSE,Major,73542,00d20h25m42,0
ARIES-473,TRUE,FALSE,Major,749,00d00h12m29,0
ARIES-472,FALSE,FALSE,Minor,1030,00d00h17m10,0
ARIES-474,FALSE,FALSE,Major,885,00d00h14m45,0
ARIES-351,FALSE,FALSE,Minor,17226,00d04h47m06,0
ARIES-352,TRUE,FALSE,Minor,1371,00d00h22m51,0
ARIES-1618,TRUE,FALSE,Critical,19861593,229d21h06m33,0
ARIES-291,FALSE,FALSE,Minor,3215364,37d05h09m24,0
ARIES-290,FALSE,FALSE,Major,1667620,19d07h13m40,0
ARIES-293,FALSE,FALSE,Major,1546380,17d21h33m00,0
ARIES-292,FALSE,FALSE,Major,34630764,400d19h39m24,0
ARIES-296,FALSE,FALSE,Major,18023,00d05h00m23,1
ARIES-1372,FALSE,FALSE,Major,7506,00d02h05m06,0
ARIES-1478,FALSE,FALSE,Major,106,00d00h01m46,0
ARIES-1374,TRUE,FALSE,Major,3561,00d00h59m21,0
ARIES-874,TRUE,FALSE,Minor,170694,01d23h24m54,0
ARIES-1473,FALSE,FALSE,Major,833,00d00h13m53,0
ARIES-1472,FALSE,FALSE,Major,128,00d00h02m08,0
ARIES-1477,FALSE,FALSE,Major,220,00d00h03m40,0
ARIES-1474,TRUE,FALSE,Major,2659999,30d18h53m19,0
ARIES-1572,TRUE,FALSE,Blocker,9946,00d02h45m46,0
ARIES-896,TRUE,FALSE,Major,31564914,365d08h01m54,1
ARIES-759,FALSE,FALSE,Minor,832,00d00h13m52,0
ARIES-1575,FALSE,FALSE,Major,11214558,129d19h09m18,1
ARIES-1578,TRUE,FALSE,Major,6564814,75d23h33m34,0
ARIES-615,FALSE,FALSE,Major,41903,00d11h38m23,0
ARIES-617,FALSE,FALSE,Minor,178123,02d01h28m43,0
ARIES-999,FALSE,FALSE,Major,47337,00d13h08m57,0
ARIES-1299,TRUE,FALSE,Major,9348,00d02h35m48,0
ARIES-613,FALSE,FALSE,Trivial,5079071,58d18h51m11,0
ARIES-612,TRUE,FALSE,Major,206325,02d09h18m45,0
ARIES-992,TRUE,FALSE,Major,1382693,16d00h04m53,0
ARIES-990,FALSE,FALSE,Major,1553960,17d23h39m20,0
ARIES-1647,FALSE,FALSE,Major,366,00d00h06m06,0
ARIES-996,FALSE,FALSE,Major,329392,03d19h29m52,0
ARIES-997,TRUE,FALSE,Major,271241,03d03h20m41,0
ARIES-127,TRUE,FALSE,Major,1217130,14d02h05m30,0
ARIES-1486,FALSE,FALSE,Major,1751685,20d06h34m45,0
ARIES-729,TRUE,FALSE,Major,64743,00d17h59m03,0
ARIES-193,FALSE,FALSE,Major,702,00d00h11m42,0
ARIES-196,FALSE,FALSE,Major,1044696,12d02h11m36,0
ARIES-194,FALSE,FALSE,Minor,2438748,28d05h25m48,0
ARIES-1481,TRUE,FALSE,Major,2589967,29d23h26m07,0
ARIES-721,FALSE,FALSE,Major,69,00d00h01m09,0
ARIES-720,FALSE,FALSE,Major,284,00d00h04m44,0
ARIES-198,FALSE,FALSE,Major,21557,00d05h59m17,0
ARIES-725,TRUE,FALSE,Minor,141,00d00h02m21,0
ARIES-726,TRUE,FALSE,Major,5447,00d01h30m47,0
ARIES-1361,FALSE,FALSE,Major,11016,00d03h03m36,0
ARIES-1686,FALSE,FALSE,Critical,871,00d00h14m31,0
ARIES-1687,FALSE,FALSE,Critical,4729,00d01h18m49,0
ARIES-1681,TRUE,FALSE,Major,290,00d00h04m50,0
ARIES-1729,TRUE,FALSE,Major,19886,00d05h31m26,0
ARIES-1683,TRUE,FALSE,Critical,1202,00d00h20m02,0
ARIES-1727,FALSE,FALSE,Major,216,00d00h03m36,0
ARIES-1726,TRUE,FALSE,Major,4356,00d01h12m36,0
ARIES-1724,FALSE,FALSE,Major,516498,05d23h28m18,0
ARIES-1404,TRUE,TRUE,Major,3189521,36d21h58m41,1
ARIES-1720,FALSE,FALSE,Major,2312912,26d18h28m32,0
ARIES-1158,TRUE,FALSE,Major,10466614,121d03h23m34,1
ARIES-1090,FALSE,FALSE,Major,1369747,15d20h29m07,0
ARIES-1099,FALSE,FALSE,Major,38551,00d10h42m31,0
ARIES-1156,FALSE,FALSE,Major,523422,06d01h23m42,0
ARIES-1253,FALSE,FALSE,Critical,82078,00d22h47m58,0
ARIES-1399,TRUE,TRUE,Major,3687755,42d16h22m35,2
ARIES-1257,FALSE,FALSE,Major,180,00d00h03m00,0
ARIES-1255,FALSE,FALSE,Major,2271,00d00h37m51,0
ARIES-1393,FALSE,FALSE,Major,708929,08d04h55m29,0
ARIES-1259,FALSE,FALSE,Major,153380,01d18h36m20,0
ARIES-222,TRUE,FALSE,Minor,109,00d00h01m49,0
ARIES-678,FALSE,FALSE,Major,3129,00d00h52m09,0
ARIES-941,TRUE,FALSE,Major,436629,05d01h17m09,0
ARIES-943,TRUE,FALSE,Major,433523,05d00h25m23,0
ARIES-942,TRUE,FALSE,Major,468311,05d10h05m11,0
ARIES-820,FALSE,FALSE,Major,8910212,103d03h03m32,0
ARIES-537,FALSE,FALSE,Major,1943296,22d11h48m16,0
ARIES-1617,FALSE,FALSE,Major,1654438,19d03h33m58,0
ARIES-827,FALSE,FALSE,Major,11025321,127d14h35m21,0
ARIES-1615,FALSE,FALSE,Major,3115842,36d01h30m42,0
ARIES-533,FALSE,FALSE,Major,375,00d00h06m15,0
ARIES-435,FALSE,FALSE,Major,316,00d00h05m16,0
ARIES-436,TRUE,FALSE,Major,288426,03d08h07m06,0
ARIES-538,FALSE,FALSE,Major,236,00d00h03m56,0
ARIES-23,FALSE,FALSE,Major,1108,00d00h18m28,0
ARIES-433,FALSE,TRUE,Major,850,00d00h14m10,0
ARIES-432,FALSE,FALSE,Minor,518600,06d00h03m20,0
ARIES-22,FALSE,FALSE,Major,8901406,103d00h36m46,0
ARIES-1024,FALSE,FALSE,Critical,2163,00d00h36m03,0
ARIES-1025,FALSE,FALSE,Major,317,00d00h05m17,0
ARIES-1020,FALSE,FALSE,Critical,594698,06d21h11m38,0
ARIES-1021,TRUE,FALSE,Major,530653,06d03h24m13,0
ARIES-1022,TRUE,FALSE,Major,422671,04d21h24m31,0
ARIES-1023,FALSE,FALSE,Major,61176171,708d01h22m51,0
ARIES-1437,FALSE,FALSE,Major,500037,05d18h53m57,0
ARIES-799,FALSE,FALSE,Major,48821,00d13h33m41,0
ARIES-1435,TRUE,FALSE,Major,157135,01d19h38m55,1
ARIES-1434,TRUE,FALSE,Major,13496,00d03h44m56,0
ARIES-1430,FALSE,FALSE,Critical,1041,00d00h17m21,0
ARIES-274,FALSE,FALSE,Minor,2009,00d00h33m29,0
ARIES-1533,TRUE,FALSE,Major,250914,02d21h41m54,0
ARIES-1530,FALSE,FALSE,Major,2525,00d00h42m05,0
ARIES-1438,FALSE,FALSE,Major,7505,00d02h05m05,0
ARIES-382,FALSE,FALSE,Major,7774,00d02h09m34,0
ARIES-381,FALSE,FALSE,Minor,5013657,58d00h40m57,1
ARIES-380,TRUE,FALSE,Minor,5016272,58d01h24m32,0
ARIES-387,FALSE,FALSE,Major,28760901,332d21h08m21,0
ARIES-386,TRUE,FALSE,Minor,4427497,51d05h51m37,0
ARIES-385,TRUE,FALSE,Major,973,00d00h16m13,0
ARIES-384,TRUE,FALSE,Major,4510050,52d04h47m30,0
ARIES-221,TRUE,FALSE,Major,3546,00d00h59m06,0
ARIES-389,TRUE,FALSE,Major,413321,04d18h48m41,0
ARIES-224,FALSE,FALSE,Major,6986030,80d20h33m50,0
ARIES-225,TRUE,FALSE,Major,6665333,77d03h28m53,0
ARIES-227,FALSE,FALSE,Major,20685488,239d09h58m08,0
ARIES-540,TRUE,FALSE,Major,1762235,20d09h30m35,0
ARIES-544,FALSE,FALSE,Major,14141,00d03h55m41,0
ARIES-899,TRUE,FALSE,Major,4738299,54d20h11m39,1
ARIES-898,FALSE,FALSE,Major,983,00d00h16m23,0
ARIES-897,FALSE,FALSE,Major,15385,00d04h16m25,0
ARIES-548,FALSE,FALSE,Major,1197026,13d20h30m26,0
ARIES-895,FALSE,FALSE,Major,7222,00d02h00m22,0
ARIES-894,TRUE,FALSE,Major,23419,00d06h30m19,0
ARIES-893,FALSE,FALSE,Major,312,00d00h05m12,0
ARIES-892,FALSE,FALSE,Major,888,00d00h14m48,0
ARIES-891,FALSE,FALSE,Major,1226,00d00h20m26,0
ARIES-1873,FALSE,TRUE,Major,293,00d00h04m53,0
ARIES-360,FALSE,FALSE,Major,372861,04d07h34m21,0
ARIES-362,FALSE,FALSE,Major,81,00d00h01m21,0
ARIES-365,FALSE,FALSE,Major,3870107,44d19h01m47,0
ARIES-367,FALSE,FALSE,Minor,3760583,43d12h36m23,0
ARIES-104,TRUE,FALSE,Major,515962,05d23h19m22,0
ARIES-1282,TRUE,FALSE,Major,97016108,1122d20h55m08,0
ARIES-1283,FALSE,FALSE,Major,6109046,70d16h57m26,1
ARIES-107,FALSE,FALSE,Minor,223,00d00h03m43,0
ARIES-1287,FALSE,FALSE,Major,289,00d00h04m49,0
ARIES-1288,FALSE,FALSE,Major,14683540,169d22h45m40,0
ARIES-1289,FALSE,FALSE,Major,670,00d00h11m10,0
ARIES-1321,TRUE,FALSE,Critical,84349980,976d06h33m00,0
ARIES-1320,FALSE,FALSE,Major,85,00d00h01m25,0
ARIES-1325,TRUE,FALSE,Major,171180,01d23h33m00,0
ARIES-1442,TRUE,TRUE,Major,9609880,111d05h24m40,0
ARIES-1441,TRUE,TRUE,Major,10036034,116d03h47m14,0
ARIES-1445,TRUE,TRUE,Major,8592511,99d10h48m31,0
ARIES-765,TRUE,FALSE,Major,4853020,56d04h03m40,0
ARIES-764,FALSE,FALSE,Major,120553,01d09h29m13,0
ARIES-767,TRUE,FALSE,Minor,8983577,103d23h26m17,0
ARIES-761,FALSE,FALSE,Major,5807501,67d05h11m41,0
ARIES-763,TRUE,FALSE,Major,569,00d00h09m29,0
ARIES-762,FALSE,FALSE,Major,100890,01d04h01m30,0
ARIES-314,FALSE,FALSE,Minor,733504,08d11h45m04,0
ARIES-317,FALSE,FALSE,Major,3690536,42d17h08m56,0
ARIES-769,FALSE,FALSE,Major,8662463,100d06h14m23,0
ARIES-768,FALSE,FALSE,Major,91255,01d01h20m55,1
ARIES-1469,FALSE,FALSE,Major,798,00d00h13m18,0
ARIES-1800,FALSE,FALSE,Major,669052,07d17h50m52,0
ARIES-1801,TRUE,FALSE,Major,1552634,17d23h17m14,0
ARIES-1805,FALSE,FALSE,Major,85774,00d23h49m34,0
ARIES-1192,FALSE,FALSE,Major,2238947,25d21h55m47,0
ARIES-1218,TRUE,FALSE,Major,91155,01d01h19m15,0
ARIES-1216,TRUE,FALSE,Critical,42597,00d11h49m57,0
ARIES-1214,FALSE,FALSE,Major,158839,01d20h07m19,0
ARIES-162,TRUE,FALSE,Major,1044118,12d02h01m58,0
ARIES-521,FALSE,FALSE,Major,15345,00d04h15m45,0
ARIES-164,FALSE,FALSE,Major,75794,00d21h03m14,0
ARIES-547,FALSE,FALSE,Minor,711118,08d05h31m58,0
ARIES-579,FALSE,FALSE,Major,104,00d00h01m44,0
ARIES-546,FALSE,FALSE,Minor,1308685,15d03h31m25,0
ARIES-270,TRUE,FALSE,Major,120,00d00h02m00,0
ARIES-869,TRUE,TRUE,Major,31216346,361d07h12m26,0
ARIES-866,FALSE,FALSE,Major,564,00d00h09m24,0
ARIES-867,FALSE,FALSE,Major,1720507,19d21h55m07,0
ARIES-863,FALSE,FALSE,Minor,12188,00d03h23m08,0
ARIES-860,TRUE,FALSE,Major,460777,05d07h59m37,0
ARIES-861,TRUE,FALSE,Major,687019,07d22h50m19,0
ARIES-1068,TRUE,FALSE,Critical,150752656,1744d19h44m16,1
ARIES-275,FALSE,FALSE,Major,354315,04d02h25m15,0
ARIES-1060,FALSE,FALSE,Major,64048,00d17h47m28,0
ARIES-1890,FALSE,FALSE,Major,369,00d00h06m09,0
ARIES-1063,FALSE,FALSE,Major,42439807,491d04h50m07,0
ARIES-1064,FALSE,FALSE,Major,2863,00d00h47m43,0
ARIES-1065,FALSE,FALSE,Major,42248608,488d23h43m28,0
ARIES-1719,TRUE,FALSE,Major,1183983,13d16h53m03,0
ARIES-1103,TRUE,FALSE,Major,20963223,242d15h07m03,0
ARIES-1263,TRUE,FALSE,Major,3118188,36d02h09m48,0
ARIES-1266,FALSE,FALSE,Major,14941,00d04h09m01,0
ARIES-594,TRUE,FALSE,Major,665936,07d16h58m56,0
ARIES-592,TRUE,FALSE,Major,17095,00d04h44m55,0
ARIES-593,TRUE,FALSE,Major,182,00d00h03m02,0
ARIES-590,FALSE,FALSE,Major,850284,09d20h11m24,1
ARIES-591,FALSE,FALSE,Major,1591,00d00h26m31,0
ARIES-65,FALSE,FALSE,Minor,19322451,223d15h20m51,0
ARIES-599,FALSE,FALSE,Major,122084,01d09h54m44,0
ARIES-699,FALSE,FALSE,Trivial,2132,00d00h35m32,0
ARIES-698,FALSE,FALSE,Minor,236936,02d17h48m56,0
ARIES-694,TRUE,FALSE,Major,332527,03d20h22m07,0
ARIES-697,FALSE,FALSE,Major,254919,02d22h48m39,0
ARIES-690,FALSE,FALSE,Major,644570,07d11h02m50,0
ARIES-693,FALSE,FALSE,Major,334621,03d20h57m01,0
ARIES-912,FALSE,TRUE,Major,12052,00d03h20m52,0
ARIES-911,FALSE,TRUE,Major,1057,00d00h17m37,0
ARIES-916,FALSE,FALSE,Major,172456471,1996d00h34m31,0
ARIES-918,FALSE,FALSE,Major,84316,00d23h25m16,0
ARIES-919,TRUE,FALSE,Major,20194,00d05h36m34,0
ARIES-1626,FALSE,FALSE,Major,945,00d00h15m45,0
ARIES-500,FALSE,FALSE,Major,94,00d00h01m34,0
ARIES-461,FALSE,FALSE,Major,594534,06d21h08m54,0
ARIES-464,FALSE,FALSE,Major,959757,11d02h35m57,0
ARIES-465,FALSE,FALSE,Minor,1762147,20d09h29m07,0
ARIES-469,FALSE,FALSE,Minor,8736053,101d02h40m53,0
ARIES-325,TRUE,FALSE,Minor,762114,08d19h41m54,0
ARIES-523,FALSE,FALSE,Trivial,12279371,142d02h56m11,0
ARIES-327,TRUE,FALSE,Major,704121,08d03h35m21,0
ARIES-322,FALSE,FALSE,Major,10199556,118d01h12m36,0
ARIES-286,FALSE,FALSE,Minor,270,00d00h04m30,0
ARIES-287,FALSE,FALSE,Major,63,00d00h01m03,0
ARIES-1366,FALSE,FALSE,Minor,158533,01d20h02m13,0
ARIES-1365,TRUE,FALSE,Major,1739713,20d03h15m13,0
ARIES-1364,FALSE,FALSE,Major,5415,00d01h30m15,0
ARIES-1408,TRUE,TRUE,Major,2928969,33d21h36m09,1
ARIES-1409,FALSE,FALSE,Major,3320,00d00h55m20,0
ARIES-10,FALSE,FALSE,Major,1430,00d00h23m50,0
ARIES-527,FALSE,FALSE,Minor,3639627,42d03h00m27,1
ARIES-12,FALSE,FALSE,Major,275416,03d04h30m16,1
ARIES-13,FALSE,FALSE,Minor,1478,00d00h24m38,0
ARIES-1402,FALSE,FALSE,Major,212381,02d10h59m41,0
ARIES-1403,TRUE,FALSE,Major,166613,01d22h16m53,0
ARIES-1369,FALSE,FALSE,Critical,1008,00d00h16m48,0
ARIES-17,FALSE,FALSE,Major,9430449,109d03h34m09,0
ARIES-1567,FALSE,FALSE,Blocker,195598,02d06h19m58,0
ARIES-809,TRUE,FALSE,Major,10933881,126d13h11m21,0
ARIES-1569,FALSE,FALSE,Major,4912,00d01h21m52,0
ARIES-211,FALSE,TRUE,Major,291,00d00h04m51,0
ARIES-210,FALSE,FALSE,Minor,424,00d00h07m04,0
ARIES-604,FALSE,FALSE,Major,319,00d00h05m19,0
ARIES-605,FALSE,FALSE,Major,3492,00d00h58m12,0
ARIES-602,FALSE,FALSE,Major,78696,00d21h51m36,0
ARIES-603,TRUE,FALSE,Minor,165686,01d22h01m26,0
ARIES-218,FALSE,FALSE,Major,7092,00d01h58m12,0
ARIES-608,FALSE,FALSE,Major,122,00d00h02m02,0
ARIES-609,FALSE,FALSE,Major,124,00d00h02m04,0
ARIES-981,FALSE,FALSE,Major,164492817,1903d20h26m57,0
ARIES-134,FALSE,FALSE,Major,253832,02d22h30m32,0
ARIES-135,FALSE,FALSE,Major,1004,00d00h16m44,0
ARIES-136,FALSE,FALSE,Minor,487,00d00h08m07,0
ARIES-1849,FALSE,TRUE,Major,7591796,87d20h49m56,0
ARIES-139,FALSE,FALSE,Major,267,00d00h04m27,0
ARIES-1923,FALSE,FALSE,Major,1439791,16d15h56m31,0
ARIES-801,TRUE,FALSE,Major,43533,00d12h05m33,0
ARIES-447,FALSE,FALSE,Major,2086,00d00h34m46,0
ARIES-1316,FALSE,FALSE,Minor,8040010,93d01h20m10,0
ARIES-738,FALSE,FALSE,Major,297,00d00h04m57,0
ARIES-358,TRUE,FALSE,Major,520173,06d00h29m33,0
ARIES-1497,TRUE,FALSE,Major,27883919,322d17h31m59,0
ARIES-1492,TRUE,FALSE,Major,99348,01d03h35m48,0
ARIES-730,TRUE,FALSE,Major,118841,01d09h00m41,0
ARIES-731,FALSE,FALSE,Minor,2173,00d00h36m13,0
ARIES-736,TRUE,FALSE,Major,122781029,1421d01h50m29,0
ARIES-1498,FALSE,FALSE,Major,764089,08d20h14m49,0
ARIES-1698,FALSE,FALSE,Major,5042,00d01h24m02,0
ARIES-1690,TRUE,FALSE,Major,8540100,98d20h15m00,0
ARIES-1695,FALSE,FALSE,Major,224,00d00h03m44,0
ARIES-1694,FALSE,FALSE,Major,31295961,362d05h19m21,0
ARIES-1161,TRUE,FALSE,Major,19312151,223d12h29m11,0
ARIES-415,FALSE,FALSE,Major,111810,01d07h03m30,0
ARIES-1147,FALSE,FALSE,Major,15296642,177d01h04m02,1
ARIES-1144,TRUE,FALSE,Major,4129,00d01h08m49,0
ARIES-1222,TRUE,FALSE,Major,695473,08d01h11m13,0
ARIES-1381,TRUE,TRUE,Minor,5949752,68d20h42m32,1
ARIES-1385,FALSE,FALSE,Major,29197,00d08h06m37,0
ARIES-1228,FALSE,FALSE,Major,214717,02d11h38m37,0
ARIES-1229,FALSE,FALSE,Major,110,00d00h01m50,0
ARIES-418,TRUE,FALSE,Blocker,5036,00d01h23m56,0
ARIES-958,TRUE,FALSE,Major,15374296,177d22h38m16,0
ARIES-1379,TRUE,FALSE,Major,323367,03d17h49m27,0
ARIES-953,TRUE,FALSE,Major,93019172,1076d14h39m32,0
ARIES-1662,FALSE,FALSE,Major,2774,00d00h46m14,0
ARIES-424,FALSE,FALSE,Major,311958,03d14h39m18,0
ARIES-425,FALSE,FALSE,Blocker,11589230,134d03h13m50,0
ARIES-1744,FALSE,FALSE,Major,762,00d00h12m42,0
ARIES-819,FALSE,FALSE,Major,676715,07d19h58m35,0
ARIES-9,TRUE,FALSE,Major,20087882,232d11h58m02,0
ARIES-1031,FALSE,FALSE,Major,155581032,1800d16h57m12,0
ARIES-318,TRUE,TRUE,Major,4019,00d01h06m59,0
ARIES-1137,FALSE,FALSE,Critical,36996817,428d04h53m37,0
ARIES-56,TRUE,FALSE,Major,195168,02d06h12m48,0
ARIES-57,FALSE,FALSE,Major,195870,02d06h24m30,1
ARIES-1524,FALSE,FALSE,Major,8514064,98d13h01m04,1
ARIES-62,FALSE,FALSE,Major,81822,00d22h43m42,0
ARIES-1520,TRUE,FALSE,Major,2343,00d00h39m03,0
ARIES-1523,TRUE,TRUE,Major,531441,06d03h37m21,0
ARIES-1522,TRUE,TRUE,Major,532191,06d03h49m51,0
ARIES-394,FALSE,FALSE,Major,415,00d00h06m55,0
ARIES-395,FALSE,FALSE,Major,5468730,63d07h05m30,0
ARIES-390,FALSE,FALSE,Major,13980345,161d19h25m45,0
ARIES-258,FALSE,FALSE,Major,4924,00d01h22m04,0
ARIES-393,FALSE,FALSE,Major,132,00d00h02m12,0
ARIES-255,FALSE,FALSE,Major,1658,00d00h27m38,0
ARIES-398,TRUE,FALSE,Major,3117665,36d02h01m05,0
ARIES-250,TRUE,FALSE,Major,3064775,35d11h19m35,0
ARIES-253,FALSE,FALSE,Major,148859,01d17h20m59,0
ARIES-647,TRUE,FALSE,Major,891074,10d07h31m14,0
ARIES-880,TRUE,FALSE,Major,6528,00d01h48m48,0
ARIES-881,TRUE,FALSE,Major,799,00d00h13m19,0
ARIES-882,FALSE,FALSE,Major,479,00d00h07m59,0
ARIES-883,FALSE,FALSE,Major,2184,00d00h36m24,0
ARIES-884,TRUE,FALSE,Major,3753,00d01h02m33,0
ARIES-885,TRUE,FALSE,Major,66599849,770d19h57m29,1
ARIES-554,FALSE,FALSE,Major,1738007,20d02h46m47,0
ARIES-492,FALSE,FALSE,Major,4215,00d01h10m15,0
ARIES-558,FALSE,FALSE,Major,9866920,114d04h48m40,0
ARIES-311,TRUE,FALSE,Major,165628,01d22h00m28,0
ARIES-496,TRUE,FALSE,Major,5254340,60d19h32m20,0
ARIES-495,TRUE,FALSE,Major,2043,00d00h34m03,0
ARIES-494,FALSE,FALSE,Major,1123826,13d00h10m26,0
ARIES-378,TRUE,FALSE,Major,122558,01d10h02m38,0
ARIES-372,TRUE,FALSE,Major,2019,00d00h33m39,0
ARIES-39,FALSE,FALSE,Major,2284898,26d10h41m38,0
ARIES-376,TRUE,FALSE,Minor,2479417,28d16h43m37,0
ARIES-377,FALSE,FALSE,Minor,285,00d00h04m45,0
ARIES-1293,FALSE,TRUE,Major,2943223,34d01h33m43,0
ARIES-1290,TRUE,FALSE,Major,14016029,162d05h20m29,0
ARIES-1352,FALSE,TRUE,Major,8544408,98d21h26m48,1
ARIES-1353,TRUE,FALSE,Major,8295039,96d00h10m39,0
ARIES-1350,FALSE,FALSE,Critical,3292,00d00h54m52,0
ARIES-1351,TRUE,FALSE,Major,594,00d00h09m54,0
ARIES-1451,TRUE,TRUE,Major,242862,02d19h27m42,0
ARIES-1453,TRUE,TRUE,Blocker,69713,00d19h21m53,0
ARIES-1455,TRUE,FALSE,Major,1684712,19d11h58m32,0
ARIES-1454,FALSE,FALSE,Major,1814745,21d00h05m45,0
ARIES-1590,TRUE,TRUE,Blocker,19100437,221d01h40m37,0
ARIES-1596,FALSE,FALSE,Major,311,00d00h05m11,0
ARIES-776,FALSE,FALSE,Minor,7695559,89d01h39m19,0
ARIES-777,TRUE,FALSE,Major,88017,01d00h26m57,0
ARIES-774,FALSE,FALSE,Major,450726,05d05h12m06,0
ARIES-775,TRUE,FALSE,Major,7744787,89d15h19m47,0
ARIES-770,FALSE,FALSE,Major,8592710,99d10h51m50,0
ARIES-771,TRUE,FALSE,Major,2818,00d00h46m58,0
ARIES-677,FALSE,FALSE,Minor,3365929,38d22h58m49,0
ARIES-674,FALSE,FALSE,Major,66738,00d18h32m18,0
ARIES-673,TRUE,FALSE,Major,258600,02d23h50m00,0
ARIES-778,TRUE,FALSE,Major,85911,00d23h51m51,0
ARIES-670,FALSE,FALSE,Major,29719922,343d23h32m02,0
ARIES-109,FALSE,FALSE,Major,190554,02d04h55m54,0
ARIES-108,FALSE,FALSE,Critical,39103,00d10h51m43,0
ARIES-1799,FALSE,FALSE,Major,26099,00d07h14m59,0
ARIES-105,FALSE,FALSE,Major,50,00d00h00m50,0
ARIES-1793,TRUE,TRUE,Blocker,3719585,43d01h13m05,0
ARIES-1790,FALSE,FALSE,Major,4422,00d01h13m42,0
ARIES-106,TRUE,FALSE,Major,2066,00d00h34m26,0
ARIES-1811,FALSE,FALSE,Major,267913,03d02h25m13,0
ARIES-1810,TRUE,FALSE,Major,268079,03d02h27m59,0
ARIES-1813,FALSE,FALSE,Major,7698,00d02h08m18,0
ARIES-1812,TRUE,FALSE,Minor,267250,03d02h14m10,0
ARIES-1609,TRUE,FALSE,Major,514192,05d22h49m52,0
ARIES-1816,TRUE,FALSE,Major,110,00d00h01m50,0
ARIES-1185,FALSE,FALSE,Major,3206007,37d02h33m27,0
ARIES-629,FALSE,FALSE,Major,2632294,30d11h11m34,0
ARIES-991,FALSE,FALSE,Major,7265,00d02h01m05,0
ARIES-618,TRUE,FALSE,Major,2098980,24d07h03m00,0
ARIES-178,FALSE,FALSE,Major,795049,09d04h50m49,0
ARIES-179,FALSE,FALSE,Major,782639,09d01h23m59,0
ARIES-175,FALSE,FALSE,Trivial,1027,00d00h17m07,0
ARIES-176,TRUE,FALSE,Major,1145,00d00h19m05,0
ARIES-177,FALSE,FALSE,Major,2160536,25d00h08m56,0
ARIES-170,FALSE,FALSE,Major,59,00d00h00m59,0
ARIES-851,FALSE,FALSE,Major,784309,09d01h51m49,1
ARIES-850,TRUE,FALSE,Critical,226164,02d14h49m24,0
ARIES-550,FALSE,FALSE,Major,1032346,11d22h45m46,0
ARIES-856,FALSE,FALSE,Major,694,00d00h11m34,0
ARIES-854,FALSE,FALSE,Critical,561131,06d11h52m11,0
ARIES-859,TRUE,FALSE,Critical,1004111,11d14h55m11,0
ARIES-858,TRUE,FALSE,Blocker,1051,00d00h17m31,0
ARIES-1707,FALSE,FALSE,Major,185925,02d03h38m45,0
ARIES-1701,FALSE,FALSE,Major,308893,03d13h48m13,0
ARIES-1700,FALSE,FALSE,Minor,356163,04d02h56m03,0
ARIES-1078,FALSE,FALSE,Major,25717120,297d15h38m40,0
ARIES-1070,TRUE,FALSE,Major,44302160,512d18h09m20,0
ARIES-1175,FALSE,FALSE,Major,227525,02d15h12m05,0
ARIES-1170,FALSE,FALSE,Minor,442907,05d03h01m47,0
ARIES-1171,FALSE,FALSE,Major,361120,04d04h18m40,0
ARIES-1271,FALSE,FALSE,Major,7765551,89d21h05m51,1
ARIES-1273,FALSE,FALSE,Major,5956114,68d22h28m34,0
ARIES-606,FALSE,FALSE,Major,82902,00d23h01m42,0
ARIES-91,FALSE,FALSE,Minor,182,00d00h03m02,0
ARIES-95,FALSE,FALSE,Major,51799,00d14h23m19,0
ARIES-96,FALSE,FALSE,Major,50119,00d13h55m19,0
ARIES-97,FALSE,FALSE,Major,41216,00d11h26m56,0
ARIES-59,FALSE,FALSE,Major,107558,01d05h52m38,0
ARIES-688,FALSE,FALSE,Minor,236613,02d17h43m33,0
ARIES-684,FALSE,FALSE,Major,160,00d00h02m40,0
ARIES-829,FALSE,FALSE,Major,592,00d00h09m52,0
ARIES-682,FALSE,FALSE,Major,10979469,127d01h51m09,1
ARIES-683,FALSE,FALSE,Major,477513,05d12h38m33,0
ARIES-680,FALSE,FALSE,Major,76,00d00h01m16,0
ARIES-927,FALSE,FALSE,Major,162117,01d21h01m57,0
ARIES-925,TRUE,FALSE,Major,1222333,14d03h32m13,0
ARIES-924,TRUE,FALSE,Major,65639748,759d17h15m48,0
ARIES-923,FALSE,FALSE,Major,85241,00d23h40m41,0
ARIES-922,FALSE,FALSE,Major,13411,00d03h43m31,0
ARIES-921,FALSE,FALSE,Major,1012,00d00h16m52,0
ARIES-920,FALSE,FALSE,Major,319,00d00h05m19,0
ARIES-1631,FALSE,FALSE,Major,6058118,70d02h48m38,0
ARIES-1630,FALSE,FALSE,Major,2380,00d00h39m40,0
ARIES-514,FALSE,FALSE,Blocker,2238769,25d21h52m49,0
ARIES-515,FALSE,FALSE,Major,1487,00d00h24m47,0
ARIES-513,FALSE,FALSE,Major,89,00d00h01m29,0
ARIES-1637,TRUE,FALSE,Major,5937714,68d17h21m54,0
ARIES-511,TRUE,FALSE,Major,3694334,42d18h12m14,0
ARIES-454,FALSE,FALSE,Major,1073264,12d10h07m44,0
ARIES-453,TRUE,FALSE,Major,2524773,29d05h19m33,0
ARIES-451,TRUE,FALSE,Critical,5654818,65d10h46m58,0
ARIES-1002,FALSE,FALSE,Major,44157265,511d01h54m25,0
ARIES-1386,FALSE,FALSE,Major,7195,00d01h59m55,0
ARIES-1006,FALSE,FALSE,Major,43709808,505d21h36m48,0
ARIES-1007,FALSE,FALSE,Major,18646,00d05h10m46,0
ARIES-1004,FALSE,FALSE,Major,284,00d00h04m44,0
ARIES-336,FALSE,FALSE,Major,89497,01d00h51m37,0
ARIES-337,FALSE,FALSE,Major,442,00d00h07m22,0
ARIES-332,FALSE,FALSE,Minor,4838,00d01h20m38,0
ARIES-333,FALSE,FALSE,Major,345,00d00h05m45,0
ARIES-338,FALSE,FALSE,Major,14288,00d03h58m08,0
ARIES-339,TRUE,FALSE,Major,62964,00d17h29m24,0
ARIES-155,TRUE,FALSE,Major,1172,00d00h19m32,0
ARIES-1419,TRUE,TRUE,Major,2461307,28d11h41m47,1
ARIES-1415,TRUE,FALSE,Major,70363,00d19h32m43,0
ARIES-1416,TRUE,TRUE,Major,2575909,29d19h31m49,1
ARIES-1411,TRUE,FALSE,Minor,89120,01d00h45m20,0
ARIES-1410,TRUE,TRUE,Major,3963,00d01h06m03,0
ARIES-1412,TRUE,FALSE,Major,882,00d00h14m42,0
ARIES-1554,FALSE,TRUE,Major,198,00d00h03m18,0
ARIES-1555,FALSE,FALSE,Major,818052,09d11h14m12,1
ARIES-685,FALSE,FALSE,Trivial,365,00d00h06m05,0
ARIES-1550,FALSE,FALSE,Major,32621636,377d13h33m56,0
ARIES-1553,FALSE,TRUE,Major,1019,00d00h16m59,0
ARIES-637,TRUE,FALSE,Major,120178,01d09h22m58,0
ARIES-635,FALSE,FALSE,Major,2020,00d00h33m40,0
ARIES-634,FALSE,FALSE,Major,54335,00d15h05m35,0
CAMEL-12570,TRUE,TRUE,Major,4514,00d01h15m14,0
ARIES-207,TRUE,FALSE,Major,122,00d00h02m02,0
ARIES-204,TRUE,FALSE,Major,6938877,80d07h27m57,0
ARIES-205,TRUE,FALSE,Major,1058866,12d06h07m46,0
ARIES-308,FALSE,FALSE,Major,394440,04d13h34m00,0
ARIES-145,FALSE,FALSE,Minor,939088,10d20h51m28,0
ARIES-147,FALSE,FALSE,Major,488633,05d15h43m53,0
ARIES-140,FALSE,FALSE,Critical,21255,00d05h54m15,0
ARIES-1857,FALSE,FALSE,Major,759875,08d19h04m35,0
ARIES-148,TRUE,FALSE,Minor,7926,00d02h12m06,0
ARIES-1853,FALSE,FALSE,Trivial,1312191,15d04h29m51,0
ARIES-1917,FALSE,FALSE,Major,835,00d00h13m55,0
ARIES-1918,FALSE,FALSE,Major,142,00d00h02m22,0
ARIES-1303,TRUE,FALSE,Minor,11242271,130d02h51m11,0
ARIES-1304,FALSE,FALSE,Major,151,00d00h02m31,0
ARIES-1307,FALSE,FALSE,Major,8212852,95d01h20m52,0
ARIES-519,FALSE,FALSE,Major,115,00d00h01m55,0
ARIES-137,TRUE,FALSE,Major,1451894,16d19h18m14,0
ARIES-709,FALSE,FALSE,Major,737256,08d12h47m36,0
ARIES-708,FALSE,FALSE,Major,853544,09d21h05m44,1
ARIES-705,TRUE,FALSE,Critical,51836,00d14h23m56,0
ARIES-704,TRUE,FALSE,Major,18435131,213d08h52m11,0
ARIES-703,TRUE,FALSE,Major,18325263,212d02h21m03,0
ARIES-700,FALSE,FALSE,Major,191955,02d05h19m15,0
ARIES-796,TRUE,FALSE,Major,601685,06d23h08m05,0
ARIES-192,TRUE,FALSE,Major,11921341,137d23h29m01,0
ARIES-1234,TRUE,FALSE,Major,5271825,61d00h23m45,1
ARIES-1237,FALSE,FALSE,Major,1862,00d00h31m02,0
ARIES-1231,FALSE,FALSE,Minor,56236333,650d21h12m13,1
ARIES-1230,FALSE,FALSE,Minor,76128,00d21h08m48,0
ARIES-195,FALSE,FALSE,Major,365300,04d05h28m20,0
ARIES-808,FALSE,FALSE,Critical,1880387,21d18h19m47,0
ARIES-962,FALSE,FALSE,Major,2579262,29d20h27m42,0
ARIES-967,TRUE,FALSE,Major,98812,01d03h26m52,0
ARIES-966,TRUE,FALSE,Major,10475,00d02h54m35,0
ARIES-800,FALSE,FALSE,Major,5393611,62d10h13m31,0
ARIES-813,FALSE,FALSE,Minor,34,00d00h00m34,0
ARIES-802,FALSE,FALSE,Major,19350515,223d23h08m35,0
ARIES-803,FALSE,FALSE,Major,1131,00d00h18m51,0
ARIES-804,FALSE,FALSE,Major,4025588,46d14h13m08,0
ARIES-412,FALSE,FALSE,Major,345116,03d23h51m56,0
ARIES-411,TRUE,FALSE,Blocker,454250,05d06h10m50,1
ARIES-410,TRUE,FALSE,Major,79401,00d22h03m21,0
ARIES-1671,FALSE,FALSE,Major,3162818,36d14h33m38,0
ARIES-1673,FALSE,FALSE,Critical,95261,01d02h27m41,1
ARIES-1328,TRUE,TRUE,Major,13210588,152d21h36m28,2
ARIES-1770,TRUE,FALSE,Major,164516,01d21h41m56,0
ARIES-1678,FALSE,FALSE,Major,362,00d00h06m02,0
ARIES-1429,TRUE,FALSE,Major,95371,01d02h29m31,1
ARIES-459,FALSE,FALSE,Trivial,393,00d00h06m33,0
ARIES-1120,FALSE,FALSE,Major,702,00d00h11m42,0
ARIES-1124,FALSE,FALSE,Major,44873,00d12h27m53,0
ARIES-1126,FALSE,FALSE,Major,1006,00d00h16m46,0
ARIES-45,TRUE,FALSE,Minor,194542,02d06h02m22,0
ARIES-44,FALSE,FALSE,Major,6046529,69d23h35m29,0
ARIES-43,TRUE,FALSE,Major,467902,05d09h58m22,0
ARIES-41,FALSE,FALSE,Minor,1717227,19d21h00m27,0
ARIES-49,FALSE,FALSE,Trivial,61526,00d17h05m26,0
ARIES-48,FALSE,FALSE,Major,689236,07d23h27m16,0
ARIES-246,TRUE,FALSE,Major,77,00d00h01m17,0
ARIES-244,FALSE,FALSE,Major,6541637,75d17h07m17,0
ARIES-245,FALSE,FALSE,Major,20514002,237d10h20m02,0
ARIES-242,FALSE,FALSE,Critical,12220911,141d10h41m51,0
ARIES-243,FALSE,FALSE,Major,12218330,141d09h58m50,0
ARIES-241,FALSE,FALSE,Major,784229,09d01h50m29,0
ARIES-565,FALSE,FALSE,Minor,8536543,98d19h15m43,0
ARIES-564,FALSE,FALSE,Major,467,00d00h07m47,0
ARIES-563,FALSE,FALSE,Major,569,00d00h09m29,0
ARIES-484,FALSE,FALSE,Major,3947988,45d16h39m48,0
ARIES-485,FALSE,FALSE,Major,1854571,21d11h09m31,0
ARIES-486,TRUE,FALSE,Major,7610681,88d02h04m41,0
ARIES-487,FALSE,FALSE,Minor,264827,03d01h33m47,0
ARIES-480,TRUE,FALSE,Minor,706474,08d04h14m34,0
ARIES-481,FALSE,FALSE,Minor,941,00d00h15m41,0
ARIES-568,TRUE,FALSE,Major,1446291,16d17h44m51,0
ARIES-348,FALSE,FALSE,Major,101,00d00h01m41,0
ARIES-345,FALSE,FALSE,Minor,406857,04d17h00m57,0
ARIES-344,TRUE,FALSE,Minor,324839,03d18h13m59,0
ARIES-342,TRUE,FALSE,Major,234385,02d17h06m25,0
ARIES-340,FALSE,FALSE,Major,4005,00d01h06m45,0
ARIES-1349,FALSE,FALSE,Major,1689,00d00h28m09,0
ARIES-1348,FALSE,TRUE,Major,9303549,107d16h19m09,1
ARIES-1342,TRUE,TRUE,Critical,21674650,250d20h44m10,0
ARIES-1467,TRUE,FALSE,Critical,424708,04d21h58m28,0
ARIES-1461,TRUE,FALSE,Major,860839,09d23h07m19,0
ARIES-743,FALSE,FALSE,Major,12298195,142d08h09m55,0
ARIES-742,FALSE,FALSE,Minor,7128,00d01h58m48,0
ARIES-1585,TRUE,FALSE,Major,14348213,166d01h36m53,0
ARIES-1468,FALSE,FALSE,Blocker,852892,09d20h54m52,0
ARIES-746,FALSE,FALSE,Major,5711,00d01h35m11,0
ARIES-745,FALSE,FALSE,Major,97,00d00h01m37,0
ARIES-1580,TRUE,FALSE,Minor,585,00d00h09m45,0
ARIES-660,FALSE,FALSE,Major,313,00d00h05m13,0
ARIES-988,FALSE,FALSE,Major,317711,03d16h15m11,0
ARIES-662,FALSE,FALSE,Major,808,00d00h13m28,0
ARIES-663,FALSE,FALSE,Major,31388155,363d06h55m55,0
ARIES-664,FALSE,FALSE,Major,28951,00d08h02m31,0
ARIES-665,TRUE,FALSE,Major,310690,03d14h18m10,0
ARIES-666,TRUE,FALSE,Major,455322,05d06h28m42,0
ARIES-667,FALSE,FALSE,Major,2111587,24d10h33m07,0
ARIES-668,FALSE,FALSE,Major,155,00d00h02m35,0
ARIES-669,TRUE,FALSE,Major,673038,07d18h57m18,0
ARIES-983,FALSE,FALSE,Major,509275,05d21h27m55,0
ARIES-982,TRUE,FALSE,Major,105771,01d05h22m51,0
ARIES-985,FALSE,FALSE,Major,498093,05d18h21m33,0
ARIES-984,FALSE,FALSE,Major,502152,05d19h29m12,0
ARIES-986,TRUE,TRUE,Major,497641,05d18h14m01,0
ARIES-119,FALSE,FALSE,Major,274,00d00h04m34,0
ARIES-1682,TRUE,FALSE,Major,1725381,19d23h16m21,0
ARIES-112,FALSE,FALSE,Minor,963,00d00h16m03,0
ARIES-111,FALSE,FALSE,Major,2620283,30d07h51m23,0
ARIES-1781,FALSE,FALSE,Major,48633,00d13h30m33,0
ARIES-1782,FALSE,FALSE,Major,430835,04d23h40m35,0
ARIES-1826,FALSE,FALSE,Major,86467,01d00h01m07,0
ARIES-834,FALSE,FALSE,Major,12752848,147d14h27m28,0
ARIES-661,TRUE,FALSE,Major,7172,00d01h59m32,0
ARIES-1722,TRUE,FALSE,Major,220,00d00h03m40,0
ARIES-181,TRUE,FALSE,Major,4872,00d01h21m12,0
ARIES-438,TRUE,TRUE,Major,17370,00d04h49m30,0
ARIES-1738,FALSE,FALSE,Major,14249858,164d22h17m38,0
ARIES-1739,TRUE,FALSE,Major,37473952,433d17h25m52,0
ARIES-846,FALSE,FALSE,Critical,1589975,18d09h39m35,0
ARIES-847,FALSE,FALSE,Major,267785,03d02h23m05,0
ARIES-843,TRUE,FALSE,Major,9493257,109d21h00m57,0
ARIES-848,FALSE,FALSE,Major,131340,01d12h29m00,0
ARIES-1084,TRUE,TRUE,Major,73697508,852d23h31m48,1
ARIES-1164,FALSE,FALSE,Major,204286,02d08h44m46,0
ARIES-1167,FALSE,FALSE,Major,441646,05d02h40m46,0
ARIES-1248,FALSE,FALSE,Major,105723795,1223d15h43m15,0
ARIES-1160,FALSE,FALSE,Major,2964704,34d07h31m44,0
ARIES-1542,FALSE,FALSE,Major,1764,00d00h29m24,0
ARIES-1162,FALSE,FALSE,Major,19754532,228d15h22m12,0
ARIES-1246,FALSE,FALSE,Major,235410,02d17h23m30,0
ARIES-1169,TRUE,FALSE,Major,64885,00d18h01m25,0
ARIES-1242,FALSE,FALSE,Major,601873,06d23h11m13,0
ARIES-1243,FALSE,FALSE,Major,602272,06d23h17m52,0
ARIES-83,FALSE,FALSE,Major,685128,07d22h18m48,0
ARIES-82,TRUE,FALSE,Major,2066536,23d22h02m16,0
ARIES-251,FALSE,FALSE,Major,1477,00d00h24m37,0
ARIES-1001,FALSE,FALSE,Major,44227562,511d21h26m02,0
ARIES-930,FALSE,FALSE,Major,526,00d00h08m46,0
ARIES-931,FALSE,FALSE,Major,225704,02d14h41m44,0
ARIES-936,FALSE,FALSE,Major,334245,03d20h50m45,0
ARIES-831,FALSE,FALSE,Major,153775,01d18h42m55,0
ARIES-522,TRUE,TRUE,Major,6690,00d01h51m30,0
ARIES-833,FALSE,FALSE,Major,68661,00d19h04m21,0
ARIES-520,FALSE,FALSE,Major,192,00d00h03m12,0
ARIES-1608,TRUE,FALSE,Major,22634,00d06h17m14,0
ARIES-526,FALSE,FALSE,Major,1964,00d00h32m44,0
ARIES-836,FALSE,TRUE,Major,4849704,56d03h08m24,0
ARIES-838,TRUE,FALSE,Major,10692285,123d18h04m45,0
ARIES-528,TRUE,FALSE,Major,1467334,16d23h35m34,0
ARIES-444,TRUE,FALSE,Major,583845,06d18h10m45,0
ARIES-445,TRUE,FALSE,Major,11579875,134d00h37m55,0
ARIES-1603,TRUE,FALSE,Major,3178056,36d18h47m36,0
ARIES-1019,FALSE,FALSE,Major,195903,02d06h25m03,0
ARIES-1018,FALSE,FALSE,Major,43558417,504d03h33m37,0
ARIES-1250,TRUE,FALSE,Major,1632,00d00h27m12,0
ARIES-1013,FALSE,FALSE,Major,180840,02d02h14m00,0
ARIES-1012,FALSE,FALSE,Major,192940,02d05h35m40,0
ARIES-1014,FALSE,FALSE,Major,240433,02d18h47m13,0
ARIES-1017,FALSE,FALSE,Major,355676,04d02h47m56,0
ARIES-116,FALSE,FALSE,Minor,23885,00d06h38m05,0
ARIES-1421,TRUE,TRUE,Major,2319211,26d20h13m31,1
ARIES-1423,TRUE,TRUE,Major,1992806,23d01h33m26,2
ARIES-1426,TRUE,FALSE,Major,118809,01d09h00m09,0
ARIES-1427,TRUE,FALSE,Major,118037,01d08h47m17,0
ARIES-1428,TRUE,FALSE,Major,113798,01d07h36m38,0
ARIES-259,FALSE,FALSE,Major,1040727,12d01h05m27,0
ARIES-1540,FALSE,FALSE,Major,46132317,533d22h31m57,1
ARIES-1544,TRUE,FALSE,Major,55050921,637d03h55m21,0
ARIES-787,TRUE,FALSE,Major,1744,00d00h29m04,0
ARIES-784,FALSE,FALSE,Major,15278993,176d20h09m53,0
ARIES-782,FALSE,FALSE,Major,4398589,50d21h49m49,0
ARIES-624,FALSE,FALSE,Major,87,00d00h01m27,0
ARIES-626,TRUE,FALSE,Major,36282229,419d22h23m49,0
ARIES-621,FALSE,FALSE,Major,90903,01d01h15m03,0
ARIES-788,FALSE,FALSE,Major,5729,00d01h35m29,0
ARIES-237,FALSE,FALSE,Major,76,00d00h01m16,0
ARIES-236,TRUE,FALSE,Major,368872,04d06h27m52,0
ARIES-235,FALSE,FALSE,Major,4992494,57d18h48m14,0
ARIES-234,FALSE,FALSE,Major,901,00d00h15m01,0
ARIES-233,FALSE,FALSE,Major,72,00d00h01m12,0
ARIES-231,FALSE,FALSE,Major,160391,01d20h33m11,0
ARIES-1860,FALSE,FALSE,Major,166090,01d22h08m10,0
ARIES-1861,FALSE,FALSE,Major,7743,00d02h09m03,0
ARIES-154,TRUE,FALSE,Major,772862,08d22h41m02,0
ARIES-1863,FALSE,FALSE,Major,175,00d00h02m55,0
ARIES-1864,FALSE,FALSE,Major,493,00d00h08m13,0
ARIES-150,TRUE,FALSE,Minor,52,00d00h00m52,0
ARIES-151,TRUE,FALSE,Major,884229,10d05h37m09,0
ARIES-1903,TRUE,FALSE,Major,229,00d00h03m49,0
ARIES-1902,TRUE,FALSE,Major,3209,00d00h53m29,0
ARIES-1901,FALSE,FALSE,Major,12117,00d03h21m57,0
ARIES-159,TRUE,FALSE,Major,221330,02d13h28m50,0
ARIES-252,FALSE,FALSE,Major,167,00d00h02m47,0
ARIES-552,FALSE,FALSE,Major,6161,00d01h42m41,0
ARIES-1337,TRUE,FALSE,Major,4492,00d01h14m52,0
ARIES-1333,FALSE,FALSE,Major,2506978,29d00h22m58,0
ARIES-1338,TRUE,TRUE,Minor,21080271,243d23h37m51,0
ARIES-1339,TRUE,FALSE,Major,19227,00d05h20m27,0
ARIES-711,FALSE,FALSE,Major,583,00d00h09m43,0
ARIES-551,FALSE,FALSE,Major,1463317,16d22h28m37,0
ARIES-714,FALSE,FALSE,Major,103857,01d04h50m57,0
ARIES-556,FALSE,FALSE,Critical,1219668,14d02h47m48,0
ARIES-301,FALSE,FALSE,Major,95431,01d02h30m31,0
ARIES-654,TRUE,FALSE,Major,84121,00d23h22m01,0
ARIES-156,FALSE,FALSE,Major,31591906,365d15h31m46,0
ARIES-623,TRUE,FALSE,Major,4132099,47d19h48m19,0
ARIES-509,FALSE,FALSE,Major,4357,00d01h12m37,0
ARIES-491,FALSE,FALSE,Critical,67410,00d18h43m30,0
ARIES-1200,FALSE,FALSE,Major,3883411,44d22h43m31,0
ARIES-1201,FALSE,FALSE,Major,9057146,104d19h52m26,0
ARIES-1202,FALSE,FALSE,Major,9864364,114d04h06m04,0
ARIES-1204,FALSE,FALSE,Major,8561239,99d02h07m19,0
ARIES-517,TRUE,FALSE,Major,166201,01d22h10m01,0
ARIES-1689,TRUE,FALSE,Major,2763,00d00h46m03,0
ARIES-507,FALSE,FALSE,Major,81,00d00h01m21,0
