BugID, #isArch, #isInduce, #Priority, #TimeSec, #Time, #Reopen
ASTERIXDB-1938,FALSE,FALSE,Major,246126,02d20h22m06,0
ASTERIXDB-1939,FALSE,FALSE,Major,5275,00d01h27m55,0
ASTERIXDB-1516,FALSE,FALSE,Critical,3861948,44d16h45m48,0
ASTERIXDB-1233,FALSE,FALSE,Major,8025292,92d21h14m52,0
ASTERIXDB-1231,FALSE,FALSE,Major,5454325,63d03h05m25,0
ASTERIXDB-830,FALSE,FALSE,Critical,84675823,980d01h03m43,0
ASTERIXDB-1336,FALSE,FALSE,Major,4187880,48d11h18m00,0
ASTERIXDB-1489,FALSE,FALSE,Critical,1064864,12d07h47m44,0
ASTERIXDB-1334,FALSE,FALSE,Critical,16233493,187d21h18m13,0
ASTERIXDB-1725,TRUE,FALSE,Major,487952,05d15h32m32,0
ASTERIXDB-1333,FALSE,FALSE,Major,772720,08d22h38m40,0
ASTERIXDB-1330,FALSE,FALSE,Major,4887,00d01h21m27,0
ASTERIXDB-1331,FALSE,FALSE,Major,44338,00d12h18m58,0
ASTERIXDB-1728,FALSE,FALSE,Major,9645,00d02h40m45,0
ASTERIXDB-1482,TRUE,FALSE,Major,866967,10d00h49m27,0
ASTERIXDB-1515,FALSE,FALSE,Major,23866,00d06h37m46,0
ASTERIXDB-1485,FALSE,FALSE,Major,4909246,56d19h40m46,0
ASTERIXDB-1338,FALSE,FALSE,Critical,226535,02d14h55m35,0
ASTERIXDB-1487,TRUE,FALSE,Critical,8463990,97d23h06m30,0
ASTERIXDB-2355,TRUE,FALSE,Minor,1211004,14d00h23m24,0
ASTERIXDB-2354,TRUE,FALSE,Minor,1326795,15d08h33m15,0
ASTERIXDB-2356,FALSE,FALSE,Minor,1230647,14d05h50m47,0
ASTERIXDB-2299,FALSE,FALSE,Critical,6351,00d01h45m51,0
ASTERIXDB-2353,FALSE,FALSE,Major,3658,00d01h00m58,0
ASTERIXDB-2352,FALSE,FALSE,Minor,14022,00d03h53m42,0
ASTERIXDB-1804,TRUE,FALSE,Major,293260,03d09h27m40,0
ASTERIXDB-2296,TRUE,FALSE,Major,97947,01d03h12m27,0
ASTERIXDB-1928,TRUE,FALSE,Major,715559,08d06h45m59,0
ASTERIXDB-2358,FALSE,FALSE,Blocker,5376058,62d05h20m58,0
ASTERIXDB-1195,TRUE,FALSE,Major,47906,00d13h18m26,0
ASTERIXDB-2411,TRUE,FALSE,Minor,65239,00d18h07m19,0
ASTERIXDB-2051,TRUE,FALSE,Major,1575032,18d05h30m32,0
ASTERIXDB-1152,TRUE,FALSE,Major,2350074,27d04h47m54,0
ASTERIXDB-1659,FALSE,FALSE,Major,5707249,66d01h20m49,0
ASTERIXDB-1155,FALSE,FALSE,Major,154131,01d18h48m51,0
ASTERIXDB-1657,TRUE,FALSE,Major,2627207,30d09h46m47,0
ASTERIXDB-1159,TRUE,FALSE,Critical,1380003,15d23h20m03,0
ASTERIXDB-1650,TRUE,FALSE,Major,9187181,106d07h59m41,0
ASTERIXDB-1652,TRUE,FALSE,Major,100188,01d03h49m48,0
ASTERIXDB-2170,TRUE,FALSE,Major,2407557,27d20h45m57,0
ASTERIXDB-2176,TRUE,FALSE,Major,1879668,21d18h07m48,0
ASTERIXDB-2070,FALSE,FALSE,Major,1755188,20d07h33m08,0
ASTERIXDB-2072,TRUE,FALSE,Major,519423,06d00h17m03,0
ASTERIXDB-2507,TRUE,FALSE,Major,879804,10d04h23m24,0
ASTERIXDB-1206,TRUE,FALSE,Major,82294,00d22h51m34,0
ASTERIXDB-2458,TRUE,FALSE,Major,20346152,235d11h42m32,0
ASTERIXDB-1205,TRUE,FALSE,Major,7266163,84d02h22m43,0
ASTERIXDB-2452,FALSE,FALSE,Major,1212040,14d00h40m40,0
ASTERIXDB-2453,TRUE,FALSE,Major,1124164,13d00h16m04,0
ASTERIXDB-2450,FALSE,FALSE,Trivial,19343557,223d21h12m37,0
ASTERIXDB-1200,FALSE,FALSE,Minor,4386646,50d18h30m46,0
ASTERIXDB-159,TRUE,FALSE,Minor,148423788,1717d20h49m48,0
ASTERIXDB-1201,TRUE,FALSE,Major,1384853,16d00h40m53,1
ASTERIXDB-1478,FALSE,FALSE,Major,5964405,69d00h46m45,0
ASTERIXDB-2575,TRUE,FALSE,Major,3618328,41d21h05m28,0
ASTERIXDB-2574,TRUE,FALSE,Major,1772893,20d12h28m13,0
ASTERIXDB-1473,FALSE,FALSE,Major,1590242,18d09h44m02,0
ASTERIXDB-1472,FALSE,FALSE,Major,289207,03d08h20m07,0
ASTERIXDB-1474,TRUE,FALSE,Critical,1371256,15d20h54m16,0
ASTERIXDB-769,FALSE,FALSE,Critical,91407193,1057d22h53m13,0
ASTERIXDB-1571,TRUE,FALSE,Major,321340,03d17h15m40,0
ASTERIXDB-1572,TRUE,FALSE,Critical,2578975,29d20h22m55,0
ASTERIXDB-1574,FALSE,FALSE,Major,445826,05d03h50m26,0
ASTERIXDB-1576,TRUE,FALSE,Major,384840,04d10h54m00,0
ASTERIXDB-1577,TRUE,FALSE,Major,1279712,14d19h28m32,0
ASTERIXDB-1689,TRUE,FALSE,Major,27057,00d07h30m57,0
ASTERIXDB-1230,FALSE,FALSE,Critical,14873483,172d03h31m23,0
ASTERIXDB-1687,FALSE,FALSE,Major,274354,03d04h12m34,0
ASTERIXDB-2417,TRUE,FALSE,Minor,159384,01d20h16m24,0
ASTERIXDB-1273,TRUE,FALSE,Major,405321,04d16h35m21,0
ASTERIXDB-1272,TRUE,FALSE,Major,2305509,26d16h25m09,0
ASTERIXDB-1378,TRUE,FALSE,Critical,6044362,69d22h59m22,0
ASTERIXDB-1277,TRUE,FALSE,Major,98349,01d03h19m09,0
ASTERIXDB-1275,TRUE,FALSE,Major,7917,00d02h11m57,0
ASTERIXDB-1274,TRUE,FALSE,Major,93056,01d01h50m56,0
ASTERIXDB-1377,TRUE,FALSE,Critical,899128,10d09h45m28,0
ASTERIXDB-1074,TRUE,FALSE,Critical,3786449,43d19h47m29,1
ASTERIXDB-1076,TRUE,FALSE,Major,77352523,895d06h48m43,0
ASTERIXDB-1072,FALSE,FALSE,Minor,287418,03d07h50m18,0
ASTERIXDB-2250,TRUE,FALSE,Major,1472457,17d01h00m57,0
ASTERIXDB-1727,TRUE,FALSE,Major,673481,07d19h04m41,0
ASTERIXDB-1025,FALSE,FALSE,Major,33300278,385d10h04m38,0
ASTERIXDB-1291,FALSE,FALSE,Major,21203,00d05h53m23,0
ASTERIXDB-1292,FALSE,FALSE,Major,548890,06d08h28m10,0
ASTERIXDB-2023,TRUE,FALSE,Major,2682890,31d01h14m50,0
ASTERIXDB-1481,FALSE,FALSE,Critical,68554,00d19h02m34,0
ASTERIXDB-1196,TRUE,FALSE,Major,47701,00d13h15m01,0
ASTERIXDB-1197,TRUE,FALSE,Minor,47264,00d13h07m44,0
ASTERIXDB-1194,TRUE,FALSE,Major,48105,00d13h21m45,0
ASTERIXDB-232,FALSE,FALSE,None,105764429,1224d03h00m29,0
ASTERIXDB-1192,FALSE,FALSE,Major,62578,00d17h22m58,0
ASTERIXDB-1190,TRUE,FALSE,Major,15833849,183d06h17m29,0
ASTERIXDB-1198,TRUE,FALSE,Critical,693468,08d00h37m48,0
ASTERIXDB-1974,TRUE,FALSE,Major,10835668,125d09h54m28,0
ASTERIXDB-865,TRUE,FALSE,Major,63674522,736d23h22m02,0
ASTERIXDB-1204,FALSE,FALSE,Minor,6594305,76d07h45m05,0
ASTERIXDB-867,FALSE,FALSE,Critical,76115477,880d23h11m17,0
ASTERIXDB-1970,TRUE,FALSE,Major,21460159,248d09h09m19,0
ASTERIXDB-1617,TRUE,FALSE,Major,7944808,91d22h53m28,0
ASTERIXDB-1616,FALSE,FALSE,Major,1487128,17d05h05m28,0
ASTERIXDB-1751,FALSE,FALSE,Major,85126,00d23h38m46,0
ASTERIXDB-1754,FALSE,FALSE,Major,705433,08d03h57m13,0
ASTERIXDB-2409,FALSE,FALSE,Major,69646,00d19h20m46,0
ASTERIXDB-2408,TRUE,FALSE,Minor,23579,00d06h32m59,0
ASTERIXDB-1302,TRUE,FALSE,Major,630786,07d07h13m06,0
ASTERIXDB-1857,TRUE,FALSE,Critical,17806,00d04h56m46,0
ASTERIXDB-1855,FALSE,FALSE,Major,353543,04d02h12m23,0
ASTERIXDB-1854,TRUE,FALSE,Major,681486,07d21h18m06,0
ASTERIXDB-1994,FALSE,FALSE,Major,16210754,187d14h59m14,0
ASTERIXDB-1995,TRUE,FALSE,Major,529755,06d03h09m15,0
ASTERIXDB-1992,TRUE,FALSE,Major,19971129,231d03h32m09,0
ASTERIXDB-1859,TRUE,FALSE,Minor,99542,01d03h39m02,0
ASTERIXDB-1858,FALSE,FALSE,Minor,382510,04d10h15m10,0
ASTERIXDB-2081,TRUE,FALSE,Major,5075980,58d17h59m40,0
ASTERIXDB-2083,TRUE,FALSE,Major,14255053,164d23h44m13,0
ASTERIXDB-2085,TRUE,FALSE,Major,3792489,43d21h28m09,0
ASTERIXDB-2087,FALSE,FALSE,Major,11320,00d03h08m40,0
ASTERIXDB-2319,FALSE,FALSE,Minor,656005,07d14h13m25,0
ASTERIXDB-2318,FALSE,FALSE,Blocker,6722527,77d19h22m07,0
ASTERIXDB-1109,TRUE,TRUE,Critical,4996009,57d19h46m49,0
ASTERIXDB-1990,TRUE,FALSE,Critical,2190893,25d08h34m53,1
ASTERIXDB-1104,FALSE,FALSE,Major,5785105,66d22h58m25,0
ASTERIXDB-1991,TRUE,FALSE,Major,2190792,25d08h33m12,1
ASTERIXDB-1101,FALSE,FALSE,Critical,1138490,13d04h14m50,0
ASTERIXDB-1806,TRUE,FALSE,Major,774527,08d23h08m47,0
ASTERIXDB-2317,FALSE,FALSE,Minor,538066,06d05h27m46,0
ASTERIXDB-2316,TRUE,FALSE,Critical,203703,02d08h35m03,0
ASTERIXDB-2105,FALSE,FALSE,Minor,244940,02d20h02m20,0
ASTERIXDB-2107,TRUE,FALSE,Major,68241,00d18h57m21,0
ASTERIXDB-1534,FALSE,FALSE,Blocker,4815909,55d17h45m09,1
ASTERIXDB-2530,FALSE,FALSE,Minor,143007,01d15h43m27,0
ASTERIXDB-1536,TRUE,FALSE,Major,119218,01d09h06m58,0
ASTERIXDB-1357,FALSE,FALSE,Major,312014,03d14h40m14,0
ASTERIXDB-2535,TRUE,FALSE,Major,4038638,46d17h50m38,0
ASTERIXDB-1531,TRUE,FALSE,Critical,1198806,13d21h00m06,0
ASTERIXDB-2537,TRUE,FALSE,Major,88465,01d00h34m25,0
ASTERIXDB-2536,FALSE,FALSE,Major,257824,02d23h37m04,0
ASTERIXDB-2539,TRUE,FALSE,Minor,544452,06d07h14m12,0
ASTERIXDB-1538,FALSE,FALSE,Major,456987,05d06h56m27,0
ASTERIXDB-2039,TRUE,FALSE,Major,1976654,22d21h04m14,0
ASTERIXDB-2036,FALSE,FALSE,Major,2128990,24d15h23m10,0
ASTERIXDB-2030,TRUE,FALSE,Major,98402,01d03h20m02,0
ASTERIXDB-2031,FALSE,FALSE,Major,2312735,26d18h25m35,0
ASTERIXDB-2032,FALSE,FALSE,Major,318191,03d16h23m11,1
ASTERIXDB-2033,TRUE,FALSE,Major,2291512,26d12h31m52,0
ASTERIXDB-2625,TRUE,FALSE,Minor,2820327,32d15h25m27,0
ASTERIXDB-1415,FALSE,FALSE,Major,503221,05d19h47m01,0
ASTERIXDB-2623,FALSE,FALSE,Major,490881,05d16h21m21,0
ASTERIXDB-636,FALSE,FALSE,Major,85510570,989d16h56m10,0
ASTERIXDB-1406,FALSE,FALSE,Major,9789635,113d07h20m35,0
ASTERIXDB-1409,TRUE,FALSE,Major,105504,01d05h18m24,0
ASTERIXDB-1034,TRUE,FALSE,Minor,19610362,226d23h19m22,1
ASTERIXDB-1249,TRUE,FALSE,Major,2616085,30d06h41m25,0
ASTERIXDB-1714,TRUE,FALSE,Blocker,6136303,71d00h31m43,0
ASTERIXDB-1246,TRUE,FALSE,Major,22620695,261d19h31m35,0
ASTERIXDB-1247,TRUE,FALSE,Major,390543,04d12h29m03,0
ASTERIXDB-2314,TRUE,FALSE,Minor,18924645,219d00h50m45,0
ASTERIXDB-1325,TRUE,FALSE,Major,258063,02d23h41m03,0
ASTERIXDB-1327,FALSE,FALSE,Major,32091753,371d10h22m33,0
ASTERIXDB-1494,TRUE,FALSE,Major,1416132,16d09h22m12,0
ASTERIXDB-1493,FALSE,FALSE,Major,25627029,296d14h37m09,0
ASTERIXDB-1089,FALSE,FALSE,Major,6661974,77d02h32m54,0
ASTERIXDB-1490,FALSE,FALSE,Critical,4254859,49d05h54m19,0
ASTERIXDB-1086,TRUE,FALSE,Major,32574083,377d00h21m23,0
ASTERIXDB-1329,FALSE,FALSE,Major,21654,00d06h00m54,0
ASTERIXDB-1081,TRUE,FALSE,Major,34150029,395d06h07m09,0
ASTERIXDB-1499,FALSE,FALSE,Major,30344,00d08h25m44,0
ASTERIXDB-1498,FALSE,FALSE,Major,540649,06d06h10m49,0
ASTERIXDB-2361,TRUE,FALSE,Major,31602500,365d18h28m20,0
ASTERIXDB-2289,TRUE,FALSE,Major,39316627,455d01h17m07,0
ASTERIXDB-2288,TRUE,FALSE,Major,39773353,460d08h09m13,0
ASTERIXDB-2282,FALSE,FALSE,Major,2172321,25d03h25m21,0
ASTERIXDB-2281,TRUE,FALSE,Major,83492,00d23h11m32,0
ASTERIXDB-2280,TRUE,FALSE,Major,4316371,49d22h59m31,0
ASTERIXDB-2285,FALSE,FALSE,Major,2477470,28d16h11m10,1
ASTERIXDB-1884,FALSE,FALSE,Major,1964884,22d17h48m04,0
ASTERIXDB-1885,FALSE,FALSE,Major,1243840,14d09h30m40,0
ASTERIXDB-1145,FALSE,FALSE,Critical,1986060,22d23h41m00,0
ASTERIXDB-1881,FALSE,FALSE,Major,2229447,25d19h17m27,0
ASTERIXDB-1882,FALSE,FALSE,Major,61931,00d17h12m11,0
ASTERIXDB-2213,TRUE,FALSE,Major,6370617,73d17h36m57,0
ASTERIXDB-1560,TRUE,FALSE,Minor,1109684,12d20h14m44,0
ASTERIXDB-1664,FALSE,FALSE,Major,25915233,299d22h40m33,0
ASTERIXDB-2219,FALSE,FALSE,Major,54912,00d15h15m12,0
ASTERIXDB-2067,FALSE,FALSE,Major,254182,02d22h36m22,0
ASTERIXDB-2064,TRUE,FALSE,Major,340552,03d22h35m52,0
ASTERIXDB-2060,TRUE,FALSE,Major,370682,04d06h58m02,0
ASTERIXDB-2069,FALSE,FALSE,Major,1306238,15d02h50m38,0
ASTERIXDB-1869,TRUE,FALSE,Major,29313689,339d06h41m29,0
ASTERIXDB-1867,FALSE,FALSE,Major,36755,00d10h12m35,0
ASTERIXDB-2449,TRUE,FALSE,Major,57449,00d15h57m29,0
ASTERIXDB-2448,FALSE,FALSE,Major,52989,00d14h43m09,0
ASTERIXDB-2440,FALSE,FALSE,Major,16980,00d04h43m00,0
ASTERIXDB-2445,FALSE,FALSE,Major,103311,01d04h41m51,0
ASTERIXDB-2444,TRUE,FALSE,Major,4710774,54d12h32m54,0
ASTERIXDB-2447,TRUE,FALSE,Minor,183224,02d02h53m44,0
ASTERIXDB-1460,FALSE,FALSE,Minor,5707875,66d01h31m15,0
ASTERIXDB-1566,TRUE,FALSE,Critical,134175,01d13h16m15,0
ASTERIXDB-673,FALSE,FALSE,Major,84232203,974d21h50m03,0
ASTERIXDB-1564,TRUE,FALSE,Critical,44687859,517d05h17m39,0
ASTERIXDB-2545,TRUE,FALSE,Minor,72200,00d20h03m20,0
ASTERIXDB-1561,FALSE,FALSE,Major,21165,00d05h52m45,0
ASTERIXDB-2547,TRUE,FALSE,Major,3840413,44d10h46m53,0
ASTERIXDB-2148,TRUE,FALSE,Major,11847460,137d02h57m40,0
ASTERIXDB-2142,FALSE,FALSE,Major,7918062,91d15h27m42,0
ASTERIXDB-1690,FALSE,FALSE,Major,15781685,182d15h48m05,0
ASTERIXDB-1693,FALSE,FALSE,Major,52630,00d14h37m10,0
ASTERIXDB-1695,FALSE,FALSE,Major,755842,08d17h57m22,0
ASTERIXDB-1696,TRUE,FALSE,Major,1216165,14d01h49m25,0
ASTERIXDB-1361,TRUE,FALSE,Major,376612,04d08h36m52,0
ASTERIXDB-1360,TRUE,FALSE,Major,39683485,459d07h11m25,0
ASTERIXDB-1363,FALSE,FALSE,Major,11179488,129d09h24m48,0
ASTERIXDB-1362,FALSE,FALSE,Major,30360267,351d09h24m27,0
ASTERIXDB-1366,TRUE,FALSE,Blocker,1150224,13d07h30m24,0
ASTERIXDB-1592,FALSE,FALSE,Major,533925,06d04h18m45,0
ASTERIXDB-1591,TRUE,FALSE,Major,1974556,22d20h29m16,0
ASTERIXDB-1044,FALSE,FALSE,Minor,17694915,204d19h15m15,0
ASTERIXDB-1597,FALSE,FALSE,Major,504660,05d20h11m00,0
ASTERIXDB-1917,TRUE,FALSE,Major,93892,01d02h04m52,0
ASTERIXDB-1915,TRUE,FALSE,Major,348013,04d00h40m13,0
ASTERIXDB-1911,TRUE,FALSE,Major,15895585,183d23h26m25,0
ASTERIXDB-2414,TRUE,FALSE,Major,23231079,268d21h04m39,1
ASTERIXDB-1918,FALSE,FALSE,Major,71504,00d19h51m44,0
ASTERIXDB-2415,FALSE,FALSE,Major,23566364,272d18h12m44,0
ASTERIXDB-2413,TRUE,FALSE,Minor,322020,03d17h27m00,0
ASTERIXDB-1187,TRUE,FALSE,Major,4585457,53d01h44m17,0
ASTERIXDB-1186,TRUE,FALSE,Critical,24193689,280d00h28m09,0
ASTERIXDB-1628,FALSE,FALSE,Major,572558,06d15h02m38,0
ASTERIXDB-1629,TRUE,FALSE,Major,975420,11d06h57m00,0
ASTERIXDB-1625,FALSE,FALSE,Major,3605723,41d17h35m23,0
ASTERIXDB-1626,TRUE,FALSE,Major,1473545,17d01h19m05,0
ASTERIXDB-1627,TRUE,FALSE,Major,3519713,40d17h41m53,0
ASTERIXDB-1189,FALSE,FALSE,Major,16896803,195d13h33m23,0
ASTERIXDB-1747,TRUE,FALSE,Major,6154492,71d05h34m52,0
ASTERIXDB-1746,FALSE,FALSE,Major,58465,00d16h14m25,0
ASTERIXDB-1961,FALSE,FALSE,Major,5867,00d01h37m47,0
ASTERIXDB-1216,TRUE,FALSE,Major,14637203,169d09h53m23,0
ASTERIXDB-1967,TRUE,FALSE,Major,21684953,250d23h35m53,0
ASTERIXDB-1212,TRUE,FALSE,Major,16006202,185d06h10m02,0
ASTERIXDB-1969,TRUE,FALSE,Major,762483,08d19h48m03,0
ASTERIXDB-1749,TRUE,FALSE,Major,6478189,74d23h29m49,0
ASTERIXDB-2434,TRUE,FALSE,Minor,326618,03d18h43m38,0
ASTERIXDB-2437,FALSE,FALSE,Major,4146695,47d23h51m35,0
ASTERIXDB-1984,TRUE,FALSE,Major,19012313,220d01h11m53,0
ASTERIXDB-1983,TRUE,FALSE,Major,8816902,102d01h08m22,0
ASTERIXDB-1982,TRUE,FALSE,Major,929254,10d18h07m34,0
ASTERIXDB-2320,FALSE,FALSE,Major,336180,03d21h23m00,0
ASTERIXDB-2248,TRUE,FALSE,Minor,265561,03d01h46m01,0
ASTERIXDB-2246,FALSE,FALSE,Major,147418,01d16h56m58,0
ASTERIXDB-2244,TRUE,FALSE,Minor,1402459,16d05h34m19,0
ASTERIXDB-2243,FALSE,FALSE,Major,166597,01d22h16m37,0
ASTERIXDB-1135,FALSE,FALSE,Minor,76131854,881d03h44m14,0
ASTERIXDB-923,FALSE,FALSE,Major,56195873,650d09h57m53,0
ASTERIXDB-1137,FALSE,FALSE,Critical,3351051,38d18h50m51,0
ASTERIXDB-2117,FALSE,FALSE,Major,441175,05d02h32m55,0
ASTERIXDB-2114,FALSE,FALSE,Major,154034,01d18h47m14,0
ASTERIXDB-2058,TRUE,FALSE,Major,415971,04d19h32m51,0
ASTERIXDB-2110,TRUE,FALSE,Major,10707742,123d22h22m22,0
ASTERIXDB-2055,FALSE,FALSE,Major,13411828,155d05h30m28,0
ASTERIXDB-2052,TRUE,FALSE,Major,1124847,13d00h27m27,0
ASTERIXDB-2118,FALSE,FALSE,Major,20329,00d05h38m49,0
ASTERIXDB-1527,FALSE,FALSE,Major,1140317,13d04h45m17,0
ASTERIXDB-1841,TRUE,FALSE,Major,758018,08d18h33m38,0
ASTERIXDB-1529,FALSE,FALSE,Major,2345463,27d03h31m03,0
ASTERIXDB-1528,FALSE,FALSE,Major,2363037,27d08h23m57,0
ASTERIXDB-2181,TRUE,FALSE,Major,2844414,32d22h06m54,0
ASTERIXDB-2029,FALSE,FALSE,Major,2473295,28d15h01m35,0
ASTERIXDB-2028,FALSE,FALSE,Major,682869,07d21h41m09,0
ASTERIXDB-2188,TRUE,FALSE,Major,6752701,78d03h45m01,0
ASTERIXDB-2020,FALSE,FALSE,Major,2849638,32d23h33m58,0
ASTERIXDB-2025,TRUE,TRUE,Major,2487985,28d19h06m25,0
ASTERIXDB-1883,TRUE,FALSE,Blocker,35299,00d09h48m19,0
ASTERIXDB-1796,TRUE,FALSE,Major,541344,06d06h22m24,0
ASTERIXDB-1791,TRUE,FALSE,Major,914385,10d13h59m45,0
ASTERIXDB-1419,TRUE,FALSE,Major,2402459,27d19h20m59,0
ASTERIXDB-2610,TRUE,FALSE,Major,967904,11d04h51m44,0
ASTERIXDB-2611,TRUE,FALSE,Major,2742402,31d17h46m42,0
ASTERIXDB-2612,TRUE,FALSE,Major,259854,03d00h10m54,0
ASTERIXDB-2613,TRUE,FALSE,Major,725421,08d09h30m21,0
ASTERIXDB-1413,FALSE,FALSE,Major,223665,02d14h07m45,0
ASTERIXDB-2599,TRUE,FALSE,Major,6921884,80d02h44m44,0
ASTERIXDB-1556,TRUE,FALSE,Critical,13834182,160d02h49m42,0
ASTERIXDB-1005,TRUE,FALSE,Major,27950457,323d12h00m57,0
ASTERIXDB-1554,TRUE,FALSE,Major,47759034,552d18h23m54,0
ASTERIXDB-1553,FALSE,FALSE,Minor,8341348,96d13h02m28,0
ASTERIXDB-1002,FALSE,FALSE,Critical,27710769,320d17h26m09,1
ASTERIXDB-1551,TRUE,FALSE,Major,2635991,30d12h13m11,0
ASTERIXDB-1388,FALSE,FALSE,Major,45002,00d12h30m02,0
ASTERIXDB-1259,FALSE,FALSE,Major,709036,08d04h57m16,0
ASTERIXDB-1258,FALSE,FALSE,Minor,711282,08d05h34m42,0
ASTERIXDB-1251,TRUE,FALSE,Major,1770358,20d11h45m58,0
ASTERIXDB-1250,TRUE,FALSE,Major,2614429,30d06h13m49,0
ASTERIXDB-1701,FALSE,FALSE,Critical,437473,05d01h31m13,0
ASTERIXDB-1252,TRUE,FALSE,Major,413860,04d18h57m40,0
ASTERIXDB-1255,FALSE,FALSE,Minor,2646469,30d15h07m49,0
ASTERIXDB-1706,TRUE,FALSE,Major,40370114,467d05h55m14,0
ASTERIXDB-1256,FALSE,FALSE,Critical,153656,01d18h40m56,0
ASTERIXDB-1310,FALSE,FALSE,Major,34453209,398d18h20m09,0
ASTERIXDB-1758,FALSE,FALSE,Major,614339,07d02h38m59,0
ASTERIXDB-1043,FALSE,FALSE,Critical,14220473,164d14h07m53,0
ASTERIXDB-1317,TRUE,FALSE,Major,7951264,92d00h41m04,0
ASTERIXDB-1045,TRUE,FALSE,Critical,10202929,118d02h08m49,0
ASTERIXDB-2270,FALSE,FALSE,Major,3370598,39d00h16m38,0
ASTERIXDB-2271,TRUE,FALSE,Major,1382944,16d00h09m04,0
ASTERIXDB-920,FALSE,FALSE,Major,114404226,1324d02h57m06,0
ASTERIXDB-2279,FALSE,FALSE,Major,86436,01d00h00m36,0
ASTERIXDB-1114,FALSE,FALSE,Major,306544,03d13h09m04,0
ASTERIXDB-1115,FALSE,FALSE,Critical,213323,02d11h15m23,0
ASTERIXDB-1175,TRUE,FALSE,Major,462726,05d08h32m06,0
ASTERIXDB-1176,TRUE,FALSE,Minor,298374,03d10h52m54,0
ASTERIXDB-1170,TRUE,TRUE,Major,82114,00d22h48m34,0
ASTERIXDB-1113,FALSE,FALSE,Minor,350472,04d01h21m12,0
ASTERIXDB-1892,TRUE,FALSE,Major,853352,09d21h02m32,0
ASTERIXDB-1959,TRUE,FALSE,Critical,1139701,13d04h35m01,0
ASTERIXDB-1897,TRUE,FALSE,Major,180307,02d02h05m07,0
ASTERIXDB-1110,TRUE,FALSE,Major,4926606,57d00h30m06,0
ASTERIXDB-2205,FALSE,FALSE,Critical,1255176,14d12h39m36,0
ASTERIXDB-1030,TRUE,FALSE,Minor,20823563,241d00h19m23,1
ASTERIXDB-969,TRUE,FALSE,Major,30674286,355d00h38m06,0
ASTERIXDB-1953,TRUE,FALSE,Major,39164,00d10h52m44,0
ASTERIXDB-1954,TRUE,FALSE,Major,11619568,134d11h39m28,0
ASTERIXDB-2012,TRUE,FALSE,Major,2971548,34d09h25m48,0
ASTERIXDB-2018,FALSE,FALSE,Major,379957,04d09h32m37,0
ASTERIXDB-2019,TRUE,FALSE,Major,376661,04d08h37m41,0
ASTERIXDB-1471,FALSE,FALSE,Major,6568202,76d00h30m02,0
ASTERIXDB-2380,FALSE,FALSE,Major,6221663,72d00h14m23,0
ASTERIXDB-1879,TRUE,FALSE,Major,351807,04d01h43m27,0
ASTERIXDB-2387,FALSE,FALSE,Major,14432,00d04h00m32,0
ASTERIXDB-1470,FALSE,FALSE,Major,717030,08d07h10m30,0
ASTERIXDB-1875,FALSE,FALSE,Major,588700,06d19h31m40,0
ASTERIXDB-1877,FALSE,FALSE,Major,315738,03d15h42m18,0
ASTERIXDB-1876,FALSE,FALSE,Major,588467,06d19h27m47,0
ASTERIXDB-1871,TRUE,FALSE,Major,19217872,222d10h17m52,0
ASTERIXDB-1870,FALSE,FALSE,Major,341092,03d22h44m52,0
ASTERIXDB-1127,TRUE,FALSE,Critical,13330280,154d06h51m20,0
ASTERIXDB-2474,TRUE,FALSE,Major,165233,01d21h53m53,0
ASTERIXDB-2475,TRUE,FALSE,Major,297804,03d10h43m24,0
ASTERIXDB-1477,FALSE,FALSE,Major,88291,01d00h31m31,0
ASTERIXDB-2472,FALSE,FALSE,Major,87899,01d00h24m59,0
ASTERIXDB-2377,FALSE,FALSE,Major,858704,09d22h31m44,0
ASTERIXDB-2375,TRUE,FALSE,Major,30126626,348d16h30m26,0
ASTERIXDB-2374,FALSE,FALSE,Critical,11482043,132d21h27m23,0
ASTERIXDB-2478,TRUE,FALSE,Major,2480671,28d17h04m31,0
ASTERIXDB-2128,TRUE,FALSE,Major,4687027,54d05h57m07,0
ASTERIXDB-2124,TRUE,FALSE,Major,1457514,16d20h51m54,0
ASTERIXDB-1120,FALSE,FALSE,Minor,346705,04d00h18m25,0
ASTERIXDB-2122,TRUE,FALSE,Major,155237,01d19h07m17,0
ASTERIXDB-2120,FALSE,FALSE,Major,23150,00d06h25m50,0
ASTERIXDB-1451,TRUE,FALSE,Major,11754122,136d01h02m02,0
ASTERIXDB-2554,TRUE,FALSE,Major,2030573,23d12h02m53,0
ASTERIXDB-2553,FALSE,FALSE,Major,324049,03d18h00m49,0
ASTERIXDB-2552,TRUE,TRUE,Major,2170000,25d02h46m40,0
ASTERIXDB-1455,FALSE,FALSE,Major,141099,01d15h11m39,0
ASTERIXDB-2497,TRUE,FALSE,Major,373226,04d07h40m26,0
ASTERIXDB-2494,TRUE,FALSE,Major,3317704,38d09h35m04,0
ASTERIXDB-2495,TRUE,FALSE,Minor,10784856,124d19h47m36,0
ASTERIXDB-2492,TRUE,FALSE,Major,10613824,122d20h17m04,0
ASTERIXDB-2491,TRUE,FALSE,Critical,7844851,90d19h07m31,0
ASTERIXDB-1642,TRUE,FALSE,Major,3216072,37d05h21m12,0
ASTERIXDB-2159,FALSE,FALSE,Major,172885,02d00h01m25,0
ASTERIXDB-2153,TRUE,FALSE,Major,5192903,60d02h28m23,0
ASTERIXDB-2460,TRUE,FALSE,Major,2397525,27d17h58m45,0
ASTERIXDB-2157,TRUE,FALSE,Minor,7182621,83d03h10m21,0
ASTERIXDB-2049,TRUE,FALSE,Major,681153,07d21h12m33,0
ASTERIXDB-1354,TRUE,FALSE,Critical,11952803,138d08h13m23,0
ASTERIXDB-1356,FALSE,FALSE,Major,1408848,16d07h20m48,0
ASTERIXDB-1425,TRUE,FALSE,Critical,1288913,14d22h01m53,0
ASTERIXDB-1059,TRUE,FALSE,Minor,9935263,114d23h47m43,0
ASTERIXDB-1053,TRUE,FALSE,Major,6915950,80d01h05m50,0
ASTERIXDB-1051,TRUE,FALSE,Minor,18689181,216d07h26m21,0
ASTERIXDB-2480,TRUE,FALSE,Major,12894555,149d05h49m15,0
ASTERIXDB-1581,TRUE,FALSE,Critical,1941066,22d11h11m06,0
ASTERIXDB-1580,FALSE,FALSE,Major,1633868,18d21h51m08,1
ASTERIXDB-1674,TRUE,FALSE,Major,68938,00d19h08m58,0
ASTERIXDB-1587,FALSE,FALSE,Major,101105,01d04h05m05,1
ASTERIXDB-1673,TRUE,FALSE,Trivial,743957,08d14h39m17,0
ASTERIXDB-2047,TRUE,FALSE,Major,3702522,42d20h28m42,0
ASTERIXDB-1905,FALSE,FALSE,Blocker,4424800,51d05h06m40,0
ASTERIXDB-2169,TRUE,FALSE,Major,9368228,108d10h17m08,0
ASTERIXDB-1901,TRUE,FALSE,Major,961668,11d03h07m48,0
ASTERIXDB-1671,FALSE,FALSE,Major,75496,00d20h58m16,0
ASTERIXDB-1952,TRUE,FALSE,Major,22508589,260d12h23m09,0
ASTERIXDB-221,TRUE,FALSE,Major,111440490,1289d19h41m30,0
ASTERIXDB-1631,TRUE,FALSE,Major,1593112,18d10h31m52,0
ASTERIXDB-1630,TRUE,FALSE,Major,981526,11d08h38m46,0
ASTERIXDB-1636,TRUE,FALSE,Blocker,2374998,27d11h43m18,0
ASTERIXDB-1635,TRUE,FALSE,Minor,238894,02d18h21m34,0
ASTERIXDB-1220,TRUE,FALSE,Major,14623019,169d05h56m59,0
ASTERIXDB-1733,TRUE,FALSE,Major,4944057,57d05h20m57,0
ASTERIXDB-1223,TRUE,FALSE,Major,15618504,180d18h28m24,0
ASTERIXDB-1226,TRUE,FALSE,Major,9325022,107d22h17m02,0
ASTERIXDB-951,TRUE,FALSE,Major,85278217,987d00h23m37,0
ASTERIXDB-1229,FALSE,FALSE,Major,8200661,94d21h57m41,0
ASTERIXDB-1738,FALSE,FALSE,Major,17196600,199d00h50m00,0
ASTERIXDB-2346,TRUE,FALSE,Minor,122117,01d09h55m17,0
ASTERIXDB-2347,FALSE,FALSE,Major,1489233,17d05h40m33,0
ASTERIXDB-2345,TRUE,FALSE,Minor,25958,00d07h12m38,0
ASTERIXDB-2348,TRUE,FALSE,Minor,110470,01d06h41m10,0
ASTERIXDB-2349,FALSE,FALSE,Major,15421083,178d11h38m03,0
ASTERIXDB-1832,FALSE,FALSE,Major,5630105,65d03h55m05,0
ASTERIXDB-1838,TRUE,FALSE,Major,2720989,31d11h49m49,0
ASTERIXDB-2567,TRUE,FALSE,Major,61437,00d17h03m57,0
ASTERIXDB-2333,FALSE,FALSE,Major,775013,08d23h16m53,0
ASTERIXDB-2332,TRUE,FALSE,Major,330595,03d19h49m55,0
ASTERIXDB-2334,FALSE,FALSE,Critical,11733026,135d19h10m26,0
ASTERIXDB-2232,TRUE,FALSE,Major,2389901,27d15h51m41,0
ASTERIXDB-1211,FALSE,FALSE,Blocker,9251246,107d01h47m26,0
ASTERIXDB-2230,TRUE,FALSE,Major,2020949,23d09h22m29,0
ASTERIXDB-2338,FALSE,FALSE,Major,33150050,383d16h20m50,0
ASTERIXDB-2236,TRUE,FALSE,Major,431252,04d23h47m32,0
ASTERIXDB-2234,TRUE,FALSE,Major,359558,04d03h52m38,0
ASTERIXDB-2162,TRUE,FALSE,Major,10558963,122d05h02m43,0
ASTERIXDB-2519,FALSE,FALSE,Major,87429,01d00h17m09,0
ASTERIXDB-2161,TRUE,FALSE,Major,1636370,18d22h32m50,0
ASTERIXDB-2166,FALSE,FALSE,Major,20046,00d05h34m06,0
ASTERIXDB-2167,TRUE,FALSE,Major,1294127,14d23h28m47,0
ASTERIXDB-2164,FALSE,FALSE,Major,10457357,121d00h49m17,0
ASTERIXDB-2165,FALSE,FALSE,Major,286805,03d07h40m05,0
ASTERIXDB-2045,FALSE,FALSE,Major,340801,03d22h40m01,0
ASTERIXDB-2044,FALSE,FALSE,Major,84465,00d23h27m45,0
ASTERIXDB-2168,TRUE,FALSE,Major,1147289,13d06h41m29,0
ASTERIXDB-2510,FALSE,FALSE,Major,55017,00d15h16m57,0
ASTERIXDB-2040,TRUE,TRUE,Critical,501082,05d19h11m22,0
ASTERIXDB-2042,TRUE,FALSE,Major,63776,00d17h42m56,0
ASTERIXDB-2199,TRUE,FALSE,Major,3107239,35d23h07m19,0
ASTERIXDB-2503,FALSE,FALSE,Major,1909025,22d02h17m05,0
ASTERIXDB-2193,TRUE,FALSE,Major,993120,11d11h52m00,0
ASTERIXDB-2197,TRUE,FALSE,Major,639586,07d09h39m46,0
ASTERIXDB-2429,TRUE,FALSE,Major,598708,06d22h18m28,0
ASTERIXDB-2428,TRUE,FALSE,Minor,45093,00d12h31m33,0
ASTERIXDB-2424,FALSE,FALSE,Minor,62406,00d17h20m06,0
ASTERIXDB-2423,TRUE,FALSE,Minor,183275,02d02h54m35,0
ASTERIXDB-2420,FALSE,FALSE,Minor,67248,00d18h40m48,0
ASTERIXDB-1710,FALSE,FALSE,Major,66159,00d18h22m39,0
ASTERIXDB-2607,FALSE,FALSE,Major,62961,00d17h29m21,0
ASTERIXDB-2603,TRUE,FALSE,Major,1860888,21d12h54m48,0
ASTERIXDB-1776,TRUE,FALSE,Critical,1005992,11d15h26m32,0
ASTERIXDB-1463,FALSE,FALSE,Major,6931500,80d05h25m00,0
ASTERIXDB-1789,TRUE,FALSE,Critical,8025352,92d21h15m52,0
ASTERIXDB-1467,FALSE,FALSE,Blocker,10393,00d02h53m13,0
ASTERIXDB-1464,TRUE,FALSE,Major,53287321,616d18h02m01,0
ASTERIXDB-1497,FALSE,FALSE,Major,556716,06d10h38m36,0
ASTERIXDB-1017,TRUE,FALSE,Major,22624262,261d20h31m02,1
ASTERIXDB-1019,TRUE,FALSE,Major,22624085,261d20h28m05,1
ASTERIXDB-1018,TRUE,FALSE,Major,22624136,261d20h28m56,0
ASTERIXDB-1326,TRUE,FALSE,Major,257744,02d23h35m44,0
ASTERIXDB-1088,FALSE,FALSE,Major,30408097,351d22h41m37,0
ASTERIXDB-1322,FALSE,FALSE,Major,1122493,12d23h48m13,0
ASTERIXDB-1271,TRUE,FALSE,Major,1644561,19d00h49m21,0
ASTERIXDB-1261,TRUE,FALSE,Major,864612,10d00h10m12,0
ASTERIXDB-1263,TRUE,FALSE,Major,1148988,13d07h09m48,0
ASTERIXDB-1269,FALSE,FALSE,Major,16203488,187d12h58m08,0
ASTERIXDB-1301,TRUE,FALSE,Major,631624,07d07h27m04,0
ASTERIXDB-1083,TRUE,FALSE,Minor,1823973,21d02h39m33,0
ASTERIXDB-2266,FALSE,FALSE,Major,254059,02d22h34m19,0
ASTERIXDB-2260,FALSE,FALSE,Major,68753,00d19h05m53,0
ASTERIXDB-2269,TRUE,FALSE,Major,338442,03d22h00m42,0
ASTERIXDB-1280,TRUE,FALSE,Trivial,66518583,769d21h23m03,1
ASTERIXDB-1168,TRUE,FALSE,Major,10453516,120d23h45m16,1
ASTERIXDB-1162,TRUE,FALSE,Major,5743187,66d11h19m47,0
ASTERIXDB-1160,TRUE,FALSE,Major,422195,04d21h16m35,0
ASTERIXDB-1166,FALSE,FALSE,Major,139827,01d14h50m27,0
ASTERIXDB-1165,TRUE,FALSE,Major,410604,04d18h03m24,0
ASTERIXDB-1164,FALSE,FALSE,Critical,367000,04d05h56m40,0
ASTERIXDB-1602,FALSE,FALSE,Major,1730237,20d00h37m17,0
ASTERIXDB-971,TRUE,FALSE,Critical,54794982,634d04h49m42,0
ASTERIXDB-1764,TRUE,FALSE,Major,26421399,305d19h16m39,0
ASTERIXDB-1608,TRUE,FALSE,Minor,8248719,95d11h18m39,0
ASTERIXDB-1609,TRUE,FALSE,Major,7019050,81d05h44m10,0
ASTERIXDB-1945,TRUE,FALSE,Major,286374,03d07h32m54,0
ASTERIXDB-2416,TRUE,FALSE,Minor,94875,01d02h21m15,0
ASTERIXDB-2000,TRUE,FALSE,Major,168373,01d22h46m13,0
ASTERIXDB-2003,TRUE,FALSE,Major,14218,00d03h56m58,0
ASTERIXDB-2002,TRUE,FALSE,Major,19470054,225d08h20m54,0
ASTERIXDB-2005,FALSE,FALSE,Major,63807,00d17h43m27,0
ASTERIXDB-2004,FALSE,FALSE,Major,19269646,223d00h40m46,0
ASTERIXDB-2007,FALSE,FALSE,Major,3283055,37d23h57m35,0
ASTERIXDB-2006,FALSE,FALSE,Major,19220467,222d11h01m07,0
ASTERIXDB-2008,TRUE,FALSE,Major,3269483,37d20h11m23,0
ASTERIXDB-2418,TRUE,FALSE,Minor,58470,00d16h14m30,0
ASTERIXDB-1029,TRUE,FALSE,Major,20894312,241d19h58m32,1
ASTERIXDB-2394,FALSE,FALSE,Major,27623415,319d17h10m15,0
ASTERIXDB-2396,TRUE,FALSE,Blocker,230188,02d15h56m28,0
ASTERIXDB-2399,TRUE,FALSE,Major,438917,05d01h55m17,0
ASTERIXDB-2398,TRUE,FALSE,Major,26708108,309d02h55m08,0
ASTERIXDB-1842,FALSE,FALSE,Minor,5254837,60d19h40m37,0
ASTERIXDB-2098,TRUE,FALSE,Major,1720594,19d21h56m34,0
ASTERIXDB-2091,FALSE,FALSE,Major,67242,00d18h40m42,0
ASTERIXDB-2096,TRUE,FALSE,Major,1721062,19d22h04m22,0
ASTERIXDB-2095,TRUE,FALSE,Major,5073531,58d17h18m51,0
ASTERIXDB-2461,FALSE,FALSE,Minor,264204,03d01h23m24,0
ASTERIXDB-2309,TRUE,FALSE,Major,231345,02d16h15m45,0
ASTERIXDB-2467,FALSE,FALSE,Major,92941,01d01h49m01,0
ASTERIXDB-1118,TRUE,FALSE,Critical,4243913,49d02h51m53,0
ASTERIXDB-2464,TRUE,FALSE,Major,2126991,24d14h49m51,0
ASTERIXDB-2302,FALSE,FALSE,Major,18975,00d05h16m15,0
ASTERIXDB-2303,FALSE,FALSE,Major,241083,02d18h58m03,0
ASTERIXDB-2469,TRUE,FALSE,Major,736822,08d12h40m22,0
ASTERIXDB-2301,TRUE,FALSE,Critical,279449,03d05h37m29,0
ASTERIXDB-2307,TRUE,FALSE,Minor,78822,00d21h53m42,0
ASTERIXDB-2304,TRUE,FALSE,Major,697164,08d01h39m24,0
ASTERIXDB-2135,FALSE,FALSE,Major,13090,00d03h38m10,0
ASTERIXDB-2137,FALSE,FALSE,Major,147817,01d17h03m37,0
ASTERIXDB-2131,TRUE,FALSE,Critical,206206,02d09h16m46,0
ASTERIXDB-2130,TRUE,FALSE,Major,2127400,24d14h56m40,0
ASTERIXDB-2133,FALSE,FALSE,Major,1228719,14d05h18m39,0
ASTERIXDB-1438,TRUE,FALSE,Critical,2209644,25d13h47m24,0
ASTERIXDB-2520,FALSE,FALSE,Major,490418,05d16h13m38,0
ASTERIXDB-2521,TRUE,FALSE,Major,914822,10d14h07m02,0
ASTERIXDB-2489,FALSE,FALSE,Major,41170,00d11h26m10,0
ASTERIXDB-2527,FALSE,FALSE,Major,77528,00d21h32m08,0
ASTERIXDB-2524,TRUE,FALSE,Minor,88590,01d00h36m30,0
ASTERIXDB-2525,TRUE,FALSE,Major,78172,00d21h42m52,0
ASTERIXDB-2528,TRUE,FALSE,Minor,259091,02d23h58m11,0
ASTERIXDB-2529,TRUE,FALSE,Minor,68973,00d19h09m33,0
ASTERIXDB-2564,TRUE,FALSE,Major,299098,03d11h04m58,0
ASTERIXDB-2483,TRUE,FALSE,Critical,11308153,130d21h09m13,0
ASTERIXDB-1298,FALSE,FALSE,Major,59315,00d16h28m35,0
ASTERIXDB-139,TRUE,FALSE,Major,31026796,359d02h33m16,0
ASTERIXDB-1544,TRUE,FALSE,Critical,182474,02d02h41m14,0
ASTERIXDB-1131,FALSE,FALSE,Major,20853468,241d08h37m48,0
ASTERIXDB-883,FALSE,FALSE,Critical,75581960,874d18h59m20,0
ASTERIXDB-2633,FALSE,FALSE,Major,175007,02d00h36m47,0
ASTERIXDB-1343,TRUE,FALSE,Major,291795,03d09h03m15,0
ASTERIXDB-1434,FALSE,FALSE,Major,54488,00d15h08m08,0
ASTERIXDB-1340,FALSE,FALSE,Critical,149157,01d17h25m57,0
ASTERIXDB-1020,TRUE,FALSE,Major,22623967,261d20h26m07,0
ASTERIXDB-2555,TRUE,FALSE,Major,1971184,22d19h33m04,0
ASTERIXDB-2329,TRUE,FALSE,Critical,108629,01d06h10m29,0
ASTERIXDB-1450,TRUE,FALSE,Major,339626,03d22h20m26,0
ASTERIXDB-1700,FALSE,FALSE,Major,91845,01d01h30m45,0
