BugID, #isArch, #isInduce, #Priority, #TimeSec, #Time, #Reopen
AVRO-2400,FALSE,FALSE,Blocker,2364313,27d08h45m13,0
AVRO-2408,FALSE,FALSE,Major,74810,00d20h46m50,0
AVRO-515,FALSE,FALSE,Major,2427,00d00h40m27,0
AVRO-517,TRUE,FALSE,Critical,324389,03d18h06m29,0
AVRO-516,FALSE,FALSE,Major,40618,00d11h16m58,0
AVRO-510,FALSE,FALSE,Major,12254447,141d20h00m47,0
AVRO-1857,FALSE,FALSE,Major,30830296,356d19h58m16,0
AVRO-1990,FALSE,FALSE,Major,11837710,137d00h15m10,0
AVRO-1995,FALSE,FALSE,Minor,36271,00d10h04m31,0
AVRO-1994,FALSE,FALSE,Major,1748113,20d05h35m13,0
AVRO-1997,TRUE,TRUE,Major,1891568,21d21h26m08,0
AVRO-1996,FALSE,FALSE,Minor,1306517,15d02h55m17,0
AVRO-2080,FALSE,FALSE,Minor,7243701,83d20h08m21,0
AVRO-2081,FALSE,FALSE,Minor,16240904,187d23h21m44,0
AVRO-1109,FALSE,FALSE,Major,3085949,35d17h12m29,0
AVRO-1102,FALSE,FALSE,Major,1162688,13d10h58m08,0
AVRO-972,FALSE,FALSE,Minor,137317,01d14h08m37,0
AVRO-191,FALSE,FALSE,Major,89552,01d00h52m32,0
AVRO-156,FALSE,FALSE,Trivial,36045,00d10h00m45,0
AVRO-150,FALSE,FALSE,Major,21019866,243d06h51m06,0
AVRO-79,FALSE,FALSE,Major,232463,02d16h34m23,0
AVRO-78,TRUE,FALSE,Major,148989,01d17h23m09,0
AVRO-77,FALSE,FALSE,Major,49946,00d13h52m26,0
AVRO-75,FALSE,FALSE,Major,16098166,186d07h42m46,0
AVRO-74,FALSE,FALSE,Blocker,1065,00d00h17m45,0
AVRO-193,FALSE,FALSE,Major,60831,00d16h53m51,0
AVRO-609,FALSE,FALSE,Major,355301,04d02h41m41,0
AVRO-761,TRUE,FALSE,Major,2262860,26d04h34m20,0
AVRO-764,FALSE,FALSE,Critical,208082,02d09h48m02,0
AVRO-604,FALSE,FALSE,Major,19976,00d05h32m56,0
AVRO-607,TRUE,TRUE,Blocker,191965928,2221d19h52m08,0
AVRO-194,FALSE,FALSE,Major,3559,00d00h59m19,0
AVRO-562,FALSE,FALSE,Major,3040,00d00h50m40,0
AVRO-176,FALSE,FALSE,Major,21545,00d05h59m05,0
AVRO-1853,FALSE,FALSE,Critical,10827736,125d07h42m16,0
AVRO-871,FALSE,FALSE,Major,5099527,59d00h32m07,0
AVRO-2035,FALSE,FALSE,Major,24784721,286d20h38m41,1
AVRO-2034,TRUE,FALSE,Major,50024917,578d23h48m37,0
AVRO-122,FALSE,FALSE,Minor,12924,00d03h35m24,0
AVRO-123,FALSE,FALSE,Blocker,48820,00d13h33m40,0
AVRO-124,FALSE,FALSE,Blocker,14981,00d04h09m41,1
AVRO-125,FALSE,FALSE,Major,8693,00d02h24m53,0
AVRO-1407,TRUE,FALSE,Major,31307397,362d08h29m57,0
AVRO-1406,FALSE,FALSE,Major,1722759,19d22h32m39,0
AVRO-1405,FALSE,FALSE,Minor,2330732,26d23h25m32,0
AVRO-1401,FALSE,FALSE,Major,113178558,1309d22h29m18,0
AVRO-1039,FALSE,FALSE,Minor,66905,00d18h35m05,0
AVRO-1036,FALSE,FALSE,Major,107908,01d05h58m28,0
AVRO-1037,FALSE,FALSE,Major,85785,00d23h49m45,0
AVRO-1034,FALSE,FALSE,Major,691830,08d00h10m30,0
AVRO-1033,FALSE,FALSE,Major,787255,09d02h40m55,0
AVRO-1030,FALSE,FALSE,Minor,689604,07d23h33m24,0
AVRO-1031,FALSE,FALSE,Minor,1207341,13d23h22m21,0
AVRO-335,FALSE,FALSE,Major,9770,00d02h42m50,0
AVRO-337,FALSE,FALSE,Major,63782,00d17h43m02,0
AVRO-336,FALSE,FALSE,Major,318846,03d16h34m06,0
AVRO-780,FALSE,FALSE,Major,1724141,19d22h55m41,1
AVRO-1356,FALSE,FALSE,Major,1487349,17d05h09m09,0
AVRO-1719,FALSE,TRUE,Blocker,32989361,381d19h42m41,0
AVRO-1249,FALSE,FALSE,Major,161794,01d20h56m34,0
AVRO-1355,TRUE,FALSE,Major,2658259,30d18h24m19,0
AVRO-232,FALSE,FALSE,Major,688,00d00h11m28,0
AVRO-1713,FALSE,FALSE,Major,100118,01d03h48m38,0
AVRO-943,TRUE,FALSE,Major,615044,07d02h50m44,0
AVRO-1711,TRUE,TRUE,Major,24030686,278d03h11m26,0
AVRO-238,FALSE,TRUE,Blocker,608343,07d00h59m03,0
AVRO-1240,FALSE,FALSE,Major,339833,03d22h23m53,0
AVRO-1715,TRUE,FALSE,Major,5288196,61d04h56m36,0
AVRO-1242,TRUE,FALSE,Major,92060,01d01h34m20,0
AVRO-1322,FALSE,FALSE,Major,258564,02d23h49m24,0
AVRO-1491,FALSE,FALSE,Major,40576530,469d15h15m30,0
AVRO-1089,FALSE,FALSE,Major,17397379,201d08h36m19,0
AVRO-1493,FALSE,FALSE,Major,59351057,686d22h24m17,0
AVRO-1326,FALSE,FALSE,Critical,105378,01d05h16m18,0
AVRO-864,TRUE,FALSE,Major,268080,03d02h28m00,0
AVRO-1498,TRUE,FALSE,Major,7280983,84d06h29m43,0
AVRO-1499,FALSE,FALSE,Major,6046665,69d23h37m45,0
AVRO-1081,TRUE,FALSE,Major,625205,07d05h40m05,0
AVRO-1080,FALSE,FALSE,Major,266797,03d02h06m37,0
AVRO-1087,FALSE,FALSE,Blocker,782531,09d01h22m11,0
AVRO-1086,FALSE,FALSE,Critical,703692,08d03h28m12,0
AVRO-786,FALSE,FALSE,Minor,607993,07d00h53m13,0
AVRO-1084,FALSE,FALSE,Major,792508,09d04h08m28,0
AVRO-1819,TRUE,FALSE,Major,1583171,18d07h46m11,0
AVRO-1814,FALSE,TRUE,Major,3625970,41d23h12m50,0
AVRO-2286,TRUE,FALSE,Major,127718,01d11h28m38,0
AVRO-1810,TRUE,FALSE,Blocker,94102814,1089d03h40m14,0
AVRO-1813,FALSE,FALSE,Trivial,28527886,330d04h24m46,0
AVRO-169,FALSE,FALSE,Trivial,1168986,13d12h43m06,0
AVRO-421,FALSE,FALSE,Major,61513,00d17h05m13,0
AVRO-422,FALSE,FALSE,Major,5160,00d01h26m00,0
AVRO-424,FALSE,FALSE,Major,432240,05d00h04m00,0
AVRO-347,FALSE,FALSE,Major,362,00d00h06m02,0
AVRO-1146,TRUE,FALSE,Major,848474,09d19h41m14,0
AVRO-1929,FALSE,FALSE,Minor,27478811,318d01h00m11,1
AVRO-1881,FALSE,FALSE,Major,15785693,182d16h54m53,0
AVRO-1142,FALSE,FALSE,Major,2101206,24d07h40m06,0
AVRO-1143,FALSE,FALSE,Major,991995,11d11h33m15,0
AVRO-1141,FALSE,FALSE,Major,488326,05d15h38m46,0
AVRO-1667,TRUE,FALSE,Major,27202152,314d20h09m12,0
AVRO-1921,FALSE,FALSE,Major,32764,00d09h06m04,0
AVRO-1889,FALSE,FALSE,Major,56372781,652d11h06m21,1
AVRO-1923,FALSE,TRUE,Major,1051992,12d04h13m12,0
AVRO-1663,FALSE,FALSE,Major,23433892,271d05h24m52,0
AVRO-2063,FALSE,FALSE,Minor,42586190,492d21h29m50,0
AVRO-2065,TRUE,TRUE,Blocker,41869767,484d14h29m27,0
AVRO-2066,FALSE,FALSE,Trivial,1571802,18d04h36m42,0
AVRO-701,TRUE,FALSE,Critical,8035703,93d00h08m23,0
AVRO-702,FALSE,FALSE,Major,437383,05d01h29m43,0
AVRO-1869,FALSE,FALSE,Major,45442,00d12h37m22,0
AVRO-640,FALSE,FALSE,Blocker,1893,00d00h31m33,0
AVRO-643,FALSE,FALSE,Major,11225222,129d22h07m02,0
AVRO-524,FALSE,FALSE,Major,279102,03d05h31m42,0
AVRO-704,TRUE,FALSE,Major,849182,09d19h53m02,0
AVRO-527,FALSE,FALSE,Minor,1020830,11d19h33m50,0
AVRO-521,FALSE,FALSE,Major,355706,04d02h48m26,0
AVRO-1866,FALSE,FALSE,Minor,19098817,221d01h13m37,1
AVRO-2448,FALSE,FALSE,Trivial,80933,00d22h28m53,0
AVRO-2444,FALSE,FALSE,Major,118915,01d09h01m55,0
AVRO-2442,FALSE,FALSE,Major,506065,05d20h34m25,0
AVRO-2443,FALSE,FALSE,Minor,134400,01d13h20m00,0
AVRO-281,FALSE,FALSE,Major,568813,06d14h00m13,0
AVRO-280,FALSE,FALSE,Major,326712,03d18h45m12,0
AVRO-282,FALSE,FALSE,Minor,752725,08d17h05m25,0
AVRO-165,FALSE,FALSE,Minor,40835,00d11h20m35,0
AVRO-162,FALSE,FALSE,Major,151649,01d18h07m29,0
AVRO-1442,TRUE,FALSE,Major,11028260,127d15h24m20,0
AVRO-1441,FALSE,FALSE,Major,1024320,11d20h32m00,0
AVRO-1447,FALSE,FALSE,Major,77449,00d21h30m49,0
AVRO-1446,FALSE,FALSE,Minor,260286,03d00h18m06,0
AVRO-1445,FALSE,FALSE,Major,350509,04d01h21m49,0
AVRO-1560,FALSE,FALSE,Minor,44123413,510d16h30m13,0
AVRO-733,TRUE,FALSE,Critical,15156,00d04h12m36,0
AVRO-1448,FALSE,FALSE,Major,13641562,157d21h19m22,0
AVRO-1564,FALSE,FALSE,Major,9539707,110d09h55m07,0
AVRO-736,FALSE,FALSE,Major,493279,05d17h01m19,0
AVRO-631,FALSE,FALSE,Major,5221,00d01h27m01,0
AVRO-632,FALSE,FALSE,Major,1238,00d00h20m38,0
AVRO-633,FALSE,FALSE,Major,65874,00d18h17m54,0
AVRO-31,FALSE,FALSE,Major,31970,00d08h52m50,0
AVRO-36,FALSE,TRUE,Major,2767845,32d00h50m45,0
AVRO-39,FALSE,FALSE,Major,27431,00d07h37m11,0
AVRO-2144,FALSE,FALSE,Minor,35236468,407d19h54m28,1
AVRO-1691,FALSE,FALSE,Major,17544551,203d01h29m11,0
AVRO-986,FALSE,FALSE,Critical,3069584,35d12h39m44,0
AVRO-984,FALSE,FALSE,Major,662836,07d16h07m16,0
AVRO-1368,TRUE,FALSE,Major,702775,08d03h12m55,0
AVRO-981,FALSE,FALSE,Blocker,25624805,296d14h00m05,0
AVRO-1366,FALSE,FALSE,Major,1491356,17d06h15m56,0
AVRO-824,FALSE,FALSE,Trivial,3675336,42d12h55m36,0
AVRO-1363,FALSE,FALSE,Major,167024473,1933d03h41m13,0
AVRO-1047,FALSE,FALSE,Major,180877009,2093d11h36m49,0
AVRO-1046,TRUE,FALSE,Minor,5382076,62d07h01m16,0
AVRO-1045,FALSE,FALSE,Minor,193576,02d05h46m16,0
AVRO-1596,TRUE,FALSE,Major,2249983,26d00h59m43,0
AVRO-1591,TRUE,FALSE,Major,98825,01d03h27m05,0
AVRO-1590,TRUE,FALSE,Major,851923,09d20h38m43,0
AVRO-1041,FALSE,FALSE,Minor,87467,01d00h17m47,0
AVRO-1592,FALSE,FALSE,Major,2597570,30d01h32m50,0
AVRO-1598,FALSE,FALSE,Major,511087,05d21h58m07,0
AVRO-1049,FALSE,FALSE,Minor,4696634,54d08h37m14,0
AVRO-1048,FALSE,FALSE,Major,3194305,36d23h18m25,0
AVRO-1912,FALSE,FALSE,Major,12236431,141d15h00m31,0
AVRO-1914,FALSE,TRUE,Trivial,91733,01d01h28m53,0
AVRO-361,TRUE,FALSE,Blocker,1053179,12d04h32m59,0
AVRO-461,FALSE,TRUE,Major,1728544,20d00h09m04,0
AVRO-1183,TRUE,FALSE,Minor,1868663,21d15h04m23,0
AVRO-1181,FALSE,FALSE,Major,20169081,233d10h31m21,0
AVRO-1860,FALSE,FALSE,Major,10573747,122d09h09m07,0
AVRO-1623,TRUE,FALSE,Major,94993,01d02h23m13,0
AVRO-1622,FALSE,FALSE,Major,375,00d00h06m15,0
AVRO-1621,FALSE,FALSE,Major,618756,07d03h52m36,0
AVRO-308,FALSE,FALSE,Major,239960,02d18h39m20,0
AVRO-1626,FALSE,FALSE,Major,133354486,1543d10h54m46,1
AVRO-1624,FALSE,FALSE,Major,2056334,23d19h12m14,0
AVRO-1741,FALSE,FALSE,Major,102978124,1191d21h02m04,0
AVRO-1966,FALSE,TRUE,Critical,45990,00d12h46m30,0
AVRO-1967,FALSE,TRUE,Critical,1381415,15d23h43m35,0
AVRO-1216,FALSE,FALSE,Major,130928347,1515d08h59m07,0
AVRO-1217,FALSE,FALSE,Major,13620,00d03h47m00,0
AVRO-917,FALSE,FALSE,Major,344631,03d23h43m51,0
AVRO-1215,FALSE,FALSE,Major,6356828,73d13h47m08,0
AVRO-851,FALSE,FALSE,Major,37631729,435d13h15m29,0
AVRO-2433,FALSE,FALSE,Trivial,222459,02d13h47m39,0
AVRO-1602,TRUE,FALSE,Major,380880,04d09h48m00,0
AVRO-1824,FALSE,FALSE,Trivial,145575,01d16h26m15,0
AVRO-1826,FALSE,FALSE,Major,700066,08d02h27m46,0
AVRO-1821,TRUE,FALSE,Major,38164959,441d17h22m39,0
AVRO-1820,TRUE,FALSE,Major,1558806,18d01h00m06,0
AVRO-1981,FALSE,FALSE,Minor,67377841,779d20h04m01,0
AVRO-931,FALSE,FALSE,Major,44224,00d12h17m04,0
AVRO-1985,FALSE,FALSE,Major,12871714,148d23h28m34,0
AVRO-418,FALSE,FALSE,Major,2320813,26d20h40m13,1
AVRO-1369,FALSE,FALSE,Major,9705118,112d07h51m58,0
AVRO-411,FALSE,FALSE,Major,61383,00d17h03m03,0
AVRO-413,FALSE,FALSE,Major,4083,00d01h08m03,0
AVRO-416,FALSE,FALSE,Major,93952,01d02h05m52,0
AVRO-936,FALSE,FALSE,Major,93926,01d02h05m26,0
AVRO-1138,FALSE,FALSE,Major,2704510,31d07h15m10,0
AVRO-2240,FALSE,FALSE,Major,2608403,30d04h33m23,0
AVRO-1135,FALSE,FALSE,Major,1312892,15d04h41m32,0
AVRO-2244,FALSE,TRUE,Major,2963767,34d07h16m07,0
AVRO-1972,FALSE,FALSE,Minor,4062228,47d00h23m48,0
AVRO-2118,FALSE,TRUE,Major,811087,09d09h18m07,0
AVRO-2500,FALSE,FALSE,Major,126039,01d11h00m39,0
AVRO-61,TRUE,FALSE,Major,4800630,55d13h30m30,0
AVRO-775,FALSE,FALSE,Major,251990,02d21h59m50,0
AVRO-1525,TRUE,FALSE,Major,64186,00d17h49m46,0
AVRO-776,FALSE,FALSE,Minor,9810661,113d13h11m01,0
AVRO-1522,TRUE,FALSE,Major,603508,06d23h38m28,0
AVRO-772,TRUE,FALSE,Blocker,262257,03d00h50m57,0
AVRO-675,FALSE,FALSE,Major,439058,05d01h57m38,0
AVRO-1528,FALSE,FALSE,Trivial,140580468,1627d02h07m48,0
AVRO-671,FALSE,FALSE,Major,1632037,18d21h20m37,0
AVRO-573,TRUE,TRUE,Major,4112998,47d14h29m58,0
AVRO-571,FALSE,FALSE,Major,2539,00d00h42m19,0
AVRO-2184,FALSE,FALSE,Major,16711734,193d10h08m54,0
AVRO-2183,FALSE,FALSE,Major,14193270,164d06h34m30,0
AVRO-2181,FALSE,FALSE,Major,15783386,182d16h16m26,0
AVRO-2189,FALSE,FALSE,Trivial,141499,01d15h18m19,0
AVRO-962,TRUE,FALSE,Minor,626834,07d06h07m14,0
AVRO-133,FALSE,FALSE,Major,88148,01d00h29m08,0
AVRO-132,FALSE,FALSE,Major,450156,05d05h02m36,0
AVRO-137,FALSE,TRUE,Major,170715,01d23h25m15,0
AVRO-134,TRUE,FALSE,Major,163882,01d21h31m22,0
AVRO-1410,FALSE,FALSE,Major,666974,07d17h16m14,0
AVRO-1799,FALSE,FALSE,Critical,1652564,19d03h02m44,0
AVRO-138,FALSE,FALSE,Major,2334,00d00h38m54,0
AVRO-1415,FALSE,FALSE,Major,2085276,24d03h14m36,0
AVRO-1003,FALSE,FALSE,Major,165093,01d21h51m33,0
AVRO-1002,FALSE,FALSE,Major,55528,00d15h25m28,0
AVRO-1553,TRUE,FALSE,Major,78712,00d21h51m52,0
AVRO-1000,FALSE,FALSE,Major,305016,03d12h43m36,0
AVRO-1007,TRUE,FALSE,Major,1263686,14d15h01m26,0
AVRO-705,TRUE,FALSE,Major,785999,09d02h19m59,0
AVRO-706,FALSE,FALSE,Major,83066,00d23h04m26,0
AVRO-1004,FALSE,FALSE,Major,164873,01d21h47m53,0
AVRO-708,TRUE,FALSE,Minor,2917576,33d18h26m16,0
AVRO-968,FALSE,FALSE,Minor,4619763,53d11h16m03,0
AVRO-500,FALSE,FALSE,Major,276426,03d04h47m06,0
AVRO-1257,FALSE,FALSE,Major,27274,00d07h34m34,0
AVRO-1382,FALSE,FALSE,Major,8514894,98d13h14m54,0
AVRO-1387,FALSE,TRUE,Major,700849,08d02h40m49,0
AVRO-951,FALSE,FALSE,Blocker,84946,00d23h35m46,0
AVRO-1701,FALSE,FALSE,Minor,23887730,276d11h28m50,0
AVRO-227,FALSE,FALSE,Major,61534,00d17h05m34,0
AVRO-225,FALSE,FALSE,Major,55305,00d15h21m45,0
AVRO-223,FALSE,FALSE,Minor,6147,00d01h42m27,0
AVRO-222,FALSE,FALSE,Major,1101,00d00h18m21,0
AVRO-1258,FALSE,FALSE,Major,24895,00d06h54m55,0
AVRO-189,FALSE,FALSE,Minor,17676,00d04h54m36,0
AVRO-954,FALSE,FALSE,Minor,14449756,167d05h49m16,0
AVRO-184,FALSE,FALSE,Minor,2407193,27d20h39m53,0
AVRO-1700,FALSE,FALSE,Minor,3980541,46d01h42m21,0
AVRO-950,FALSE,FALSE,Major,140544,01d15h02m24,0
AVRO-1316,TRUE,FALSE,Minor,686641,07d22h44m01,0
AVRO-1098,FALSE,FALSE,Major,171621,01d23h40m21,0
AVRO-1099,TRUE,FALSE,Major,1459222,16d21h20m22,0
AVRO-1094,TRUE,FALSE,Major,99134,01d03h32m14,0
AVRO-1096,FALSE,FALSE,Major,311,00d00h05m11,0
AVRO-1097,FALSE,FALSE,Major,226187,02d14h49m47,0
AVRO-1090,FALSE,FALSE,Major,290489,03d08h41m29,0
AVRO-819,FALSE,FALSE,Major,3162,00d00h52m42,0
AVRO-1092,FALSE,FALSE,Critical,359124,04d03h45m24,0
AVRO-2276,FALSE,FALSE,Minor,192467,02d05h27m47,0
AVRO-793,FALSE,FALSE,Critical,2564588,29d16h23m08,0
AVRO-1178,FALSE,FALSE,Trivial,3704762,42d21h06m02,0
AVRO-450,FALSE,FALSE,Blocker,2844738,32d22h12m18,0
AVRO-980,FALSE,FALSE,Minor,5011182,57d23h59m42,0
AVRO-352,FALSE,FALSE,Major,612,00d00h10m12,0
AVRO-1171,FALSE,FALSE,Minor,219178,02d12h52m58,0
AVRO-1170,TRUE,FALSE,Major,687158,07d22h52m38,0
AVRO-1177,FALSE,FALSE,Major,5061423,58d13h57m03,0
AVRO-356,FALSE,FALSE,Major,204,00d00h03m24,0
AVRO-1175,TRUE,FALSE,Major,5355623,61d23h40m23,0
AVRO-1174,FALSE,FALSE,Minor,5542302,64d03h31m42,0
AVRO-1779,FALSE,FALSE,Blocker,586737,06d18h58m57,0
AVRO-929,FALSE,FALSE,Major,329,00d00h05m29,0
AVRO-1673,FALSE,FALSE,Major,4066423,47d01h33m43,1
AVRO-1676,TRUE,FALSE,Major,7162886,82d21h41m26,0
AVRO-1770,FALSE,FALSE,Major,1359487,15d17h38m07,0
AVRO-1957,TRUE,FALSE,Major,38408695,444d13h04m55,0
AVRO-1772,FALSE,FALSE,Major,1360442,15d17h54m02,0
AVRO-1775,FALSE,FALSE,Major,1763507,20d09h51m47,0
AVRO-925,FALSE,FALSE,Major,108271,01d06h04m31,0
AVRO-927,FALSE,FALSE,Major,278826,03d05h27m06,0
AVRO-2222,FALSE,FALSE,Major,1740126,20d03h22m06,0
AVRO-820,FALSE,FALSE,Critical,501673,05d19h21m13,0
AVRO-2386,FALSE,FALSE,Blocker,374072,04d07h54m32,0
AVRO-2381,FALSE,FALSE,Blocker,177619,02d01h20m19,0
AVRO-2383,FALSE,FALSE,Blocker,94885,01d02h21m25,0
AVRO-537,FALSE,FALSE,Major,13528956,156d14h02m36,0
AVRO-1873,FALSE,TRUE,Blocker,6422037,74d07h53m57,0
AVRO-1877,FALSE,FALSE,Blocker,1239632,14d08h20m32,0
AVRO-1874,FALSE,TRUE,Critical,5358399,62d00h26m39,0
AVRO-518,FALSE,FALSE,Major,170629,01d23h23m49,0
AVRO-1597,TRUE,FALSE,Major,1232118,14d06h15m18,0
AVRO-95,TRUE,FALSE,Major,241627,02d19h07m07,0
AVRO-97,FALSE,FALSE,Major,12133,00d03h22m13,0
AVRO-1593,FALSE,FALSE,Critical,27687670,320d11h01m10,0
AVRO-2120,FALSE,FALSE,Major,1290087,14d22h21m27,0
AVRO-2122,FALSE,FALSE,Major,1727457,19d23h50m57,0
AVRO-171,FALSE,FALSE,Major,1681041,19d10h57m21,0
AVRO-1454,TRUE,FALSE,Major,2059169,23d19h59m29,0
AVRO-1455,FALSE,FALSE,Major,1654411,19d03h33m31,0
AVRO-1457,FALSE,FALSE,Major,9074200,105d00h36m40,0
AVRO-749,FALSE,FALSE,Major,247873,02d20h51m13,0
AVRO-2491,FALSE,FALSE,Major,1803189,20d20h53m09,0
AVRO-745,FALSE,FALSE,Major,2455,00d00h40m55,0
AVRO-746,FALSE,FALSE,Major,14598054,168d23h00m54,0
AVRO-1458,FALSE,FALSE,Blocker,1089850,12d14h44m10,0
AVRO-1459,FALSE,FALSE,Major,2244305,25d23h25m05,0
AVRO-742,FALSE,FALSE,Major,204260,02d08h44m20,0
AVRO-1512,TRUE,FALSE,Major,720720,08d08h12m00,0
AVRO-622,FALSE,FALSE,Major,17315,00d04h48m35,0
AVRO-589,FALSE,FALSE,Major,286623,03d07h37m03,0
AVRO-1038,FALSE,FALSE,Major,70915,00d19h41m55,0
AVRO-2468,FALSE,FALSE,Critical,3783802,43d19h03m22,0
AVRO-22,FALSE,FALSE,Major,3570019,41d07h40m19,1
AVRO-2302,TRUE,FALSE,Major,1762419,20d09h33m39,0
AVRO-389,FALSE,FALSE,Major,130884,01d12h21m24,0
AVRO-385,TRUE,FALSE,Major,97017,01d02h56m57,0
AVRO-387,TRUE,FALSE,Minor,344748,03d23h45m48,0
AVRO-382,FALSE,FALSE,Minor,54282,00d15h04m42,0
AVRO-993,FALSE,TRUE,Major,129276,01d11h54m36,0
AVRO-994,FALSE,FALSE,Minor,112095,01d07h08m15,0
AVRO-997,TRUE,FALSE,Major,85463595,989d03h53m15,0
AVRO-996,FALSE,FALSE,Critical,1816803,21d00h40m03,0
AVRO-1352,FALSE,FALSE,Minor,30818044,356d16h34m04,0
AVRO-1424,FALSE,FALSE,Major,435628,05d01h00m28,0
AVRO-1427,FALSE,FALSE,Minor,334818,03d21h00m18,0
AVRO-1050,FALSE,FALSE,Major,4861907,56d06h31m47,0
AVRO-1051,TRUE,FALSE,Major,4326825,50d01h53m45,0
AVRO-1358,FALSE,FALSE,Major,12668642,146d15h04m02,0
AVRO-1055,FALSE,FALSE,Minor,428938,04d23h08m58,0
AVRO-1056,FALSE,FALSE,Major,3007101,34d19h18m21,0
AVRO-696,FALSE,FALSE,Major,55918,00d15h31m58,0
AVRO-694,FALSE,FALSE,Major,5182625,59d23h37m05,0
AVRO-693,FALSE,FALSE,Minor,80976,00d22h29m36,0
AVRO-1589,TRUE,FALSE,Major,254219,02d22h36m59,0
AVRO-1900,FALSE,TRUE,Major,1978455,22d21h34m15,0
AVRO-1901,FALSE,FALSE,Major,2351069,27d05h04m29,0
AVRO-1908,FALSE,TRUE,Major,324343,03d18h05m43,0
AVRO-496,FALSE,FALSE,Major,245380,02d20h09m40,0
AVRO-499,FALSE,FALSE,Major,3545217,41d00h46m57,0
AVRO-723,TRUE,FALSE,Minor,495893,05d17h44m53,0
AVRO-313,TRUE,FALSE,Major,175924,02d00h52m04,1
AVRO-259,TRUE,FALSE,Trivial,1838942,21d06h49m02,0
AVRO-256,FALSE,FALSE,Major,96229,01d02h43m49,0
AVRO-1635,FALSE,FALSE,Major,116561110,1349d02h05m10,0
AVRO-255,FALSE,FALSE,Major,96765,01d02h52m45,0
AVRO-1630,FALSE,FALSE,Major,1728098,20d00h01m38,0
AVRO-318,FALSE,FALSE,Blocker,2952169,34d04h02m49,0
AVRO-1227,TRUE,FALSE,Major,1298741,15d00h45m41,0
AVRO-966,FALSE,FALSE,Major,640194,07d09h49m54,0
AVRO-1221,FALSE,FALSE,Major,18369,00d05h06m09,0
AVRO-1220,FALSE,FALSE,Major,4933786,57d02h29m46,0
AVRO-842,TRUE,FALSE,Major,617961,07d03h39m21,0
AVRO-1739,FALSE,FALSE,Minor,2055230,23d18h53m50,0
AVRO-845,FALSE,FALSE,Major,97419,01d03h03m39,0
AVRO-1228,TRUE,FALSE,Major,2236433,25d21h13m53,0
AVRO-502,FALSE,FALSE,Major,45792,00d12h43m12,0
AVRO-355,FALSE,FALSE,Minor,472196,05d11h09m56,0
AVRO-928,FALSE,FALSE,Minor,50278,00d13h57m58,0
AVRO-408,FALSE,FALSE,Major,160,00d00h02m40,0
AVRO-407,FALSE,FALSE,Blocker,260495,03d00h21m35,0
AVRO-1897,FALSE,TRUE,Blocker,7710282,89d05h44m42,0
AVRO-448,FALSE,FALSE,Major,69562,00d19h19m22,0
AVRO-1128,FALSE,FALSE,Critical,193704,02d05h48m24,0
AVRO-1642,TRUE,FALSE,Critical,35436490,410d03h28m10,0
AVRO-825,FALSE,FALSE,Blocker,3727007,43d03h16m47,0
AVRO-51,FALSE,FALSE,Major,130260,01d12h11m00,0
AVRO-2516,FALSE,FALSE,Minor,183991,02d03h06m31,0
AVRO-2517,TRUE,FALSE,Major,166184,01d22h09m44,0
AVRO-669,TRUE,FALSE,Major,8956357,103d15h52m37,0
AVRO-1954,TRUE,FALSE,Minor,6371970,73d17h59m30,0
AVRO-667,TRUE,FALSE,Blocker,75161,00d20h52m41,0
AVRO-666,FALSE,FALSE,Major,276,00d00h04m36,0
AVRO-664,FALSE,FALSE,Major,361702,04d04h28m22,0
AVRO-663,TRUE,FALSE,Major,10992880,127d05h34m40,0
AVRO-188,FALSE,FALSE,Trivial,12668,00d03h31m08,0
AVRO-541,TRUE,FALSE,Critical,8894511,102d22h41m51,0
AVRO-1898,FALSE,FALSE,Major,16003592,185d05h26m32,0
AVRO-548,FALSE,FALSE,Major,203404,02d08h30m04,0
AVRO-1,FALSE,TRUE,Major,1548298,17d22h04m58,0
AVRO-3,TRUE,FALSE,Critical,11822,00d03h17m02,0
AVRO-309,FALSE,FALSE,Major,76139,00d21h08m59,0
AVRO-107,FALSE,FALSE,Minor,233,00d00h03m53,0
AVRO-104,TRUE,FALSE,Major,488769,05d15h46m09,0
AVRO-1780,FALSE,FALSE,Blocker,90575,01d01h09m35,0
AVRO-1781,TRUE,FALSE,Blocker,732618,08d11h30m18,1
AVRO-1782,FALSE,FALSE,Major,169193,01d22h59m53,0
AVRO-1783,FALSE,FALSE,Major,838405,09d16h53m25,0
AVRO-1465,FALSE,FALSE,Minor,1481758,17d03h35m58,0
AVRO-895,TRUE,FALSE,Major,495929,05d17h45m29,0
AVRO-815,FALSE,FALSE,Minor,879,00d00h14m39,0
AVRO-892,FALSE,FALSE,Major,144925,01d16h15m25,0
AVRO-1462,FALSE,FALSE,Minor,9587012,110d23h03m32,0
AVRO-1014,FALSE,FALSE,Major,145929,01d16h32m09,0
AVRO-1016,FALSE,FALSE,Trivial,282192,03d06h23m12,0
AVRO-710,FALSE,FALSE,Major,157853,01d19h50m53,0
AVRO-1546,FALSE,FALSE,Minor,77522,00d21h32m02,0
AVRO-1544,FALSE,FALSE,Major,2002907,23d04h21m47,0
AVRO-1545,FALSE,FALSE,Major,13417266,155d07h01m06,0
AVRO-913,FALSE,FALSE,Major,504090,05d20h01m30,0
AVRO-912,FALSE,FALSE,Major,77525,00d21h32m05,0
AVRO-914,FALSE,FALSE,Major,48154,00d13h22m34,0
AVRO-916,FALSE,FALSE,Major,346872,04d00h21m12,0
AVRO-948,TRUE,FALSE,Major,14053,00d03h54m13,0
AVRO-210,FALSE,FALSE,Major,108268,01d06h04m28,0
AVRO-211,FALSE,FALSE,Major,108155,01d06h02m35,0
AVRO-1308,FALSE,FALSE,Major,99300,01d03h35m00,0
AVRO-1309,FALSE,FALSE,Major,85459,00d23h44m19,0
AVRO-1261,FALSE,FALSE,Minor,11414217,132d02h36m57,0
AVRO-1266,FALSE,FALSE,Major,3745819,43d08h30m19,0
AVRO-1300,FALSE,FALSE,Major,393631,04d13h20m31,0
AVRO-198,FALSE,FALSE,Major,5528203,63d23h36m43,0
AVRO-1302,FALSE,FALSE,Minor,49011394,567d06h16m34,0
AVRO-869,FALSE,FALSE,Major,6087807,70d11h03m27,0
AVRO-1172,FALSE,FALSE,Major,23490562,271d21h09m22,0
AVRO-942,FALSE,FALSE,Major,138811,01d14h33m31,0
AVRO-1065,FALSE,FALSE,Major,2147793,24d20h36m33,0
AVRO-801,FALSE,FALSE,Major,1091160,12d15h06m00,0
AVRO-1066,FALSE,FALSE,Major,1965842,22d18h04m02,0
AVRO-1069,FALSE,FALSE,Major,4573807,52d22h30m07,0
AVRO-1247,TRUE,FALSE,Major,422548,04d21h22m28,0
AVRO-809,FALSE,FALSE,Major,2253134,26d01h52m14,0
AVRO-208,FALSE,FALSE,Major,6789997,78d14h06m37,0
AVRO-1951,FALSE,FALSE,Major,1985,00d00h33m05,0
AVRO-2196,FALSE,FALSE,Major,8027175,92d21h46m15,0
AVRO-2207,FALSE,TRUE,Major,7558734,87d11h38m54,0
AVRO-447,FALSE,FALSE,Blocker,8630938,99d21h28m58,0
AVRO-861,FALSE,FALSE,Minor,6445,00d01h47m25,0
AVRO-441,FALSE,FALSE,Major,59893432,693d05h03m52,1
AVRO-440,FALSE,FALSE,Major,292746,03d09h19m06,0
AVRO-1164,FALSE,FALSE,Trivial,280861,03d06h01m01,0
AVRO-1165,FALSE,FALSE,Major,279549,03d05h39m09,0
AVRO-1166,FALSE,TRUE,Major,261701,03d00h41m41,0
AVRO-1161,FALSE,FALSE,Major,406879,04d17h01m19,0
AVRO-1162,TRUE,FALSE,Major,8763,00d02h26m03,0
AVRO-1163,FALSE,FALSE,Major,6642520,76d21h08m40,0
AVRO-1604,FALSE,FALSE,Major,1106477,12d19h21m17,0
AVRO-257,FALSE,FALSE,Trivial,8150,00d02h15m50,0
AVRO-933,FALSE,FALSE,Major,9932,00d02h45m32,0
AVRO-1947,FALSE,FALSE,Major,64218,00d17h50m18,0
AVRO-1944,FALSE,TRUE,Major,544230,06d07h10m30,0
AVRO-930,FALSE,FALSE,Blocker,743998,08d14h39m58,0
AVRO-1943,FALSE,FALSE,Major,428951,04d23h09m11,0
AVRO-2004,FALSE,FALSE,Minor,55900877,647d00h01m17,0
AVRO-2415,FALSE,FALSE,Major,917766,10d14h56m06,0
AVRO-2396,FALSE,FALSE,Blocker,2467989,28d13h33m09,0
AVRO-1083,FALSE,FALSE,Major,796500,09d05h15m00,0
AVRO-2394,FALSE,FALSE,Minor,540742,06d06h12m22,0
AVRO-501,FALSE,FALSE,Major,12461897,144d05h38m17,1
AVRO-1849,FALSE,FALSE,Minor,11206280,129d16h51m20,0
AVRO-1848,FALSE,TRUE,Critical,9254345,107d02h39m05,0
AVRO-1844,FALSE,FALSE,Major,81409685,942d05h48m05,0
AVRO-1119,TRUE,FALSE,Major,1348083,15d14h28m03,0
AVRO-2465,FALSE,FALSE,Minor,3921873,45d09h24m33,0
AVRO-2466,FALSE,FALSE,Minor,1454006,16d19h53m26,0
AVRO-833,FALSE,FALSE,Minor,6393,00d01h46m33,0
AVRO-1111,TRUE,TRUE,Major,8169196,94d13h13m16,0
AVRO-2306,FALSE,FALSE,Critical,26487,00d07h21m27,0
AVRO-1115,FALSE,FALSE,Critical,780376,09d00h46m16,0
AVRO-1114,FALSE,FALSE,Major,104,00d00h01m44,0
AVRO-1116,FALSE,FALSE,Major,1608413,18d14h46m53,0
AVRO-80,TRUE,FALSE,Major,10696435,123d19h13m55,0
AVRO-141,FALSE,FALSE,Major,126786,01d11h13m06,0
AVRO-86,FALSE,FALSE,Blocker,33685898,389d21h11m38,0
AVRO-87,FALSE,FALSE,Major,1012236,11d17h10m36,0
AVRO-84,FALSE,FALSE,Major,282367,03d06h26m07,0
AVRO-85,FALSE,FALSE,Major,251064,02d21h44m24,0
AVRO-88,TRUE,TRUE,Major,632879,07d07h47m59,0
AVRO-2131,TRUE,FALSE,Major,27293087,315d21h24m47,0
AVRO-759,FALSE,FALSE,Major,627938,07d06h25m38,0
AVRO-2483,FALSE,FALSE,Minor,4483,00d01h14m43,0
AVRO-755,TRUE,FALSE,Blocker,1722720,19d22h32m00,0
AVRO-1500,FALSE,FALSE,Major,3226756,37d08h19m16,0
AVRO-1112,TRUE,FALSE,Minor,579038,06d16h50m38,0
AVRO-612,FALSE,FALSE,Minor,509717,05d21h35m17,0
AVRO-598,TRUE,FALSE,Major,3533152,40d21h25m52,0
AVRO-596,FALSE,FALSE,Minor,569534,06d14h12m14,0
AVRO-590,FALSE,FALSE,Major,4581162,53d00h32m42,0
AVRO-618,FALSE,FALSE,Major,117222,01d08h33m42,0
AVRO-12,FALSE,FALSE,Major,3341428,38d16h10m28,0
AVRO-398,FALSE,FALSE,Major,139890,01d14h51m30,0
AVRO-390,FALSE,FALSE,Major,129794,01d12h03m14,0
AVRO-1433,FALSE,FALSE,Major,85768,00d23h49m28,0
AVRO-1346,FALSE,FALSE,Major,1208208,13d23h36m48,0
AVRO-1436,FALSE,FALSE,Trivial,1306956,15d03h02m36,0
AVRO-1434,FALSE,FALSE,Major,17464,00d04h51m04,0
AVRO-818,FALSE,FALSE,Major,5389,00d01h29m49,0
AVRO-1027,FALSE,FALSE,Major,1811901,20d23h18m21,0
AVRO-1348,FALSE,FALSE,Major,15880458,183d19h14m18,0
AVRO-1020,TRUE,FALSE,Major,55497,00d15h24m57,0
AVRO-681,FALSE,FALSE,Minor,27246,00d07h34m06,0
AVRO-685,FALSE,FALSE,Critical,100493,01d03h54m53,0
AVRO-898,FALSE,FALSE,Critical,532298,06d03h51m38,0
AVRO-1937,FALSE,FALSE,Major,10299885,119d05h04m45,0
AVRO-1931,TRUE,TRUE,Minor,27212323,314d22h58m43,0
AVRO-1930,FALSE,FALSE,Major,10020110,115d23h21m50,0
AVRO-1021,FALSE,TRUE,Minor,143564,01d15h52m44,0
AVRO-101,FALSE,FALSE,Major,3260620,37d17h43m40,0
AVRO-894,FALSE,FALSE,Major,1093,00d00h18m13,0
AVRO-329,FALSE,FALSE,Major,2117,00d00h35m17,0
AVRO-487,TRUE,FALSE,Major,157897,01d19h51m37,0
AVRO-489,FALSE,FALSE,Major,840324,09d17h25m24,0
AVRO-417,FALSE,FALSE,Major,181751,02d02h29m11,0
AVRO-90,TRUE,FALSE,Major,350382,04d01h19m42,0
AVRO-247,TRUE,FALSE,Major,606008,07d00h20m08,0
AVRO-1230,FALSE,FALSE,Blocker,429823,04d23h23m43,0
AVRO-1231,FALSE,FALSE,Major,259621,03d00h07m01,0
AVRO-1233,TRUE,FALSE,Minor,248324,02d20h58m44,0
AVRO-1234,TRUE,FALSE,Major,28466051,329d11h14m11,0
AVRO-1237,FALSE,FALSE,Major,27676512,320d07h55m12,0
AVRO-1331,FALSE,FALSE,Major,85135,00d23h38m55,0
AVRO-944,FALSE,FALSE,Major,280273,03d05h51m13,0
AVRO-1725,FALSE,FALSE,Major,11416315,132d03h11m55,0
AVRO-1334,FALSE,FALSE,Minor,42326905,489d21h28m25,0
AVRO-1489,FALSE,FALSE,Blocker,18228769,210d23h32m49,0
AVRO-879,FALSE,FALSE,Major,278532,03d05h22m12,0
AVRO-1485,FALSE,FALSE,Major,105350886,1219d08h08m06,0
AVRO-1082,FALSE,FALSE,Major,800843,09d06h27m23,0
AVRO-978,FALSE,FALSE,Major,69191,00d19h13m11,0
AVRO-713,FALSE,FALSE,Major,86585,01d00h03m05,0
AVRO-2298,FALSE,FALSE,Major,14623325,169d06h02m05,0
AVRO-790,TRUE,FALSE,Major,1731053,20d00h50m53,0
AVRO-1807,FALSE,TRUE,Blocker,5806069,67d04h47m49,0
AVRO-945,FALSE,FALSE,Major,80548,00d22h22m28,0
AVRO-688,TRUE,FALSE,Major,6662979,77d02h49m39,0
AVRO-717,TRUE,FALSE,Major,1217666,14d02h14m26,0
AVRO-437,FALSE,FALSE,Trivial,86298,00d23h58m18,0
AVRO-1013,FALSE,FALSE,Blocker,790789,09d03h39m49,0
AVRO-433,TRUE,FALSE,Major,431941,04d23h59m01,0
AVRO-431,FALSE,FALSE,Major,431990,04d23h59m50,0
AVRO-1155,FALSE,FALSE,Major,76579,00d21h16m19,0
AVRO-1154,TRUE,FALSE,Major,212435,02d11h00m35,0
AVRO-1150,TRUE,FALSE,Minor,863708,09d23h55m08,0
AVRO-1153,FALSE,FALSE,Major,172328,01d23h52m08,0
AVRO-1152,FALSE,FALSE,Major,420,00d00h07m00,0
AVRO-1652,FALSE,FALSE,Minor,20947796,242d10h49m56,0
AVRO-1653,FALSE,FALSE,Trivial,92601,01d01h43m21,0
AVRO-1159,FALSE,FALSE,Major,66626,00d18h30m26,0
AVRO-1158,FALSE,FALSE,Major,67007,00d18h36m47,0
AVRO-1655,FALSE,FALSE,Major,1472146,17d00h55m46,0
AVRO-2072,FALSE,FALSE,Major,1119596,12d22h59m56,0
AVRO-652,FALSE,FALSE,Minor,71510,00d19h51m50,0
AVRO-653,FALSE,FALSE,Major,26254,00d07h17m34,0
AVRO-650,FALSE,FALSE,Blocker,105719,01d05h21m59,0
AVRO-656,FALSE,FALSE,Blocker,15046320,174d03h32m00,0
AVRO-657,FALSE,FALSE,Minor,563432,06d12h30m32,0
AVRO-901,FALSE,FALSE,Major,263755,03d01h15m55,0
AVRO-480,FALSE,FALSE,Major,4360,00d01h12m40,0
AVRO-554,FALSE,FALSE,Major,380613,04d09h43m33,0
AVRO-1883,FALSE,TRUE,Critical,40316559,466d15h02m39,1
AVRO-1882,TRUE,FALSE,Major,9582626,110d21h50m26,0
AVRO-740,FALSE,FALSE,Major,271,00d00h04m31,0
AVRO-1144,FALSE,FALSE,Major,29054765,336d06h46m05,0
AVRO-741,FALSE,FALSE,Blocker,452091,05d05h34m51,0
AVRO-64,FALSE,FALSE,Major,674945,07d19h29m05,0
AVRO-743,FALSE,FALSE,Critical,1249913,14d11h11m53,0
AVRO-2450,FALSE,FALSE,Major,507594,05d20h59m54,0
AVRO-119,FALSE,FALSE,Major,102559,01d04h29m19,0
AVRO-118,TRUE,FALSE,Major,185954,02d03h39m14,0
AVRO-291,FALSE,FALSE,Major,155378,01d19h09m38,0
AVRO-182,TRUE,FALSE,Major,521055,06d00h44m15,0
AVRO-113,FALSE,FALSE,Major,1201035,13d21h37m15,0
AVRO-114,FALSE,FALSE,Major,45455,00d12h37m35,0
AVRO-117,FALSE,FALSE,Major,169416,01d23h03m36,0
AVRO-620,FALSE,FALSE,Major,300499,03d11h28m19,0
AVRO-1474,FALSE,TRUE,Major,10190007,117d22h33m27,0
AVRO-884,TRUE,FALSE,Major,90882,01d01h14m42,0
AVRO-1473,FALSE,FALSE,Major,934260,10d19h31m00,0
AVRO-1470,FALSE,FALSE,Major,8974068,103d20h47m48,0
AVRO-1576,FALSE,FALSE,Minor,26527050,307d00h37m30,0
AVRO-1888,FALSE,TRUE,Blocker,3547056,41d01h17m36,0
AVRO-722,TRUE,FALSE,Minor,754736,08d17h38m56,0
AVRO-1572,FALSE,FALSE,Major,42492687,491d19h31m27,0
AVRO-46,FALSE,FALSE,Major,1944939,22d12h15m39,0
AVRO-47,FALSE,FALSE,Major,19966879,231d02h21m19,0
AVRO-44,FALSE,FALSE,Minor,18155,00d05h02m35,0
AVRO-45,FALSE,FALSE,Major,62354,00d17h19m14,0
AVRO-40,FALSE,FALSE,Major,140653,01d15h04m13,0
AVRO-583,FALSE,FALSE,Minor,3629027,42d00h03m47,0
AVRO-1689,FALSE,FALSE,Major,5908,00d01h38m28,0
AVRO-1688,FALSE,FALSE,Blocker,1561245,18d01h40m45,0
AVRO-207,FALSE,FALSE,Minor,4620877,53d11h34m37,0
AVRO-1272,FALSE,FALSE,Major,771381,08d22h16m21,0
AVRO-1617,FALSE,FALSE,Major,33834805,391d14h33m25,0
AVRO-832,FALSE,FALSE,Major,178482,02d01h34m42,0
AVRO-1374,FALSE,FALSE,Minor,128637,01d11h43m57,0
AVRO-1377,FALSE,FALSE,Major,856249,09d21h50m49,0
AVRO-1279,FALSE,FALSE,Major,10954302,126d18h51m42,0
AVRO-835,FALSE,FALSE,Major,16147760,186d21h29m20,0
AVRO-1070,TRUE,FALSE,Major,1449900,16d18h45m00,0
AVRO-1071,FALSE,FALSE,Minor,1301183,15d01h26m23,0
AVRO-1076,TRUE,FALSE,Major,1615479,18d16h44m39,0
AVRO-1078,FALSE,FALSE,Major,1021495,11d19h44m55,0
AVRO-1292,FALSE,FALSE,Major,7245433,83d20h37m13,0
AVRO-1293,FALSE,FALSE,Major,7212995,83d11h36m35,0
AVRO-1290,FALSE,FALSE,Major,6035720,69d20h35m20,0
AVRO-1296,FALSE,FALSE,Major,1201288,13d21h41m28,0
AVRO-1297,FALSE,FALSE,Major,8204130,94d22h55m30,0
AVRO-1295,FALSE,TRUE,Major,535954,06d04h52m34,0
AVRO-479,FALSE,FALSE,Major,3554,00d00h59m14,0
AVRO-904,FALSE,FALSE,Major,227058,02d15h04m18,0
AVRO-373,FALSE,FALSE,Major,304490,03d12h34m50,0
AVRO-375,FALSE,FALSE,Major,137923,01d14h18m43,0
AVRO-374,FALSE,FALSE,Minor,2052276,23d18h04m36,0
AVRO-1197,FALSE,FALSE,Major,73705,00d20h28m25,0
AVRO-1199,TRUE,FALSE,Major,575393,06d15h49m53,0
AVRO-1198,TRUE,FALSE,Major,8362259,96d18h50m59,0
AVRO-276,FALSE,FALSE,Minor,1079,00d00h17m59,0
AVRO-1201,TRUE,FALSE,Major,1060256,12d06h30m56,0
AVRO-1200,TRUE,FALSE,Major,46985,00d13h03m05,0
AVRO-1970,FALSE,FALSE,Minor,1923371,22d06h16m11,0
AVRO-1206,FALSE,FALSE,Major,1069684,12d09h08m04,0
AVRO-906,FALSE,FALSE,Major,75286,00d20h54m46,0
AVRO-1573,FALSE,FALSE,Major,11408356,132d00h59m16,0
AVRO-1755,FALSE,FALSE,Minor,1438300,16d15h31m40,0
AVRO-1754,FALSE,FALSE,Major,1899016,21d23h30m16,0
AVRO-902,FALSE,FALSE,Major,242399,02d19h19m59,0
AVRO-903,FALSE,FALSE,Major,226623,02d14h57m03,0
AVRO-1750,FALSE,FALSE,Major,40759193,471d17h59m53,1
