BugID, #isArch, #isInduce, #Priority, #TimeSec, #Time, #Reopen
BIGTOP-781,FALSE,FALSE,Major,81755,00d22h42m35,0
BIGTOP-1827,FALSE,FALSE,Blocker,1581279,18d07h14m39,0
BIGTOP-1824,FALSE,TRUE,Critical,1780731,20d14h38m51,0
BIGTOP-782,FALSE,FALSE,Blocker,1908642,22d02h10m42,0
BIGTOP-785,FALSE,FALSE,Major,21423,00d05h57m03,0
BIGTOP-1823,FALSE,FALSE,Major,78966,00d21h56m06,0
BIGTOP-780,FALSE,FALSE,Blocker,79027,00d21h57m07,0
BIGTOP-789,FALSE,FALSE,Major,1197298,13d20h34m58,1
BIGTOP-788,FALSE,FALSE,Major,80035,00d22h13m55,0
BIGTOP-1828,FALSE,FALSE,Major,1434490,16d14h28m10,0
BIGTOP-2430,FALSE,FALSE,Major,866256,10d00h37m36,0
BIGTOP-2431,FALSE,FALSE,Major,1292582,14d23h03m02,0
BIGTOP-141,FALSE,FALSE,Major,339640,03d22h20m40,0
BIGTOP-2433,FALSE,FALSE,Major,2512,00d00h41m52,0
BIGTOP-2434,FALSE,TRUE,Major,350996,04d01h29m56,0
BIGTOP-145,FALSE,FALSE,Major,328338,03d19h12m18,0
BIGTOP-144,FALSE,FALSE,Major,328332,03d19h12m12,0
BIGTOP-2439,FALSE,FALSE,Major,375276,04d08h14m36,0
BIGTOP-149,FALSE,FALSE,Major,257871,02d23h37m51,0
BIGTOP-148,FALSE,FALSE,Major,43284,00d12h01m24,0
BIGTOP-3125,FALSE,FALSE,Major,468685,05d10h11m25,0
BIGTOP-3042,FALSE,FALSE,Major,486066,05d15h01m06,0
BIGTOP-3040,FALSE,FALSE,Major,511242,05d22h00m42,0
BIGTOP-3041,FALSE,FALSE,Major,92687,01d01h44m47,0
BIGTOP-3044,FALSE,FALSE,Major,6267658,72d13h00m58,0
BIGTOP-2976,FALSE,FALSE,Major,85799,00d23h49m59,0
BIGTOP-2979,FALSE,FALSE,Major,8042,00d02h14m02,0
BIGTOP-2978,FALSE,FALSE,Major,110253,01d06h37m33,0
BIGTOP-3048,FALSE,FALSE,Major,551302,06d09h08m22,0
BIGTOP-2749,FALSE,FALSE,Major,49241,00d13h40m41,0
BIGTOP-1999,FALSE,FALSE,Major,77349,00d21h29m09,0
BIGTOP-46,FALSE,FALSE,Minor,348896,04d00h54m56,0
BIGTOP-583,FALSE,FALSE,Major,3195138,36d23h32m18,0
BIGTOP-275,FALSE,FALSE,Major,42493967,491d19h52m47,0
BIGTOP-1358,FALSE,FALSE,Major,3391152,39d05h59m12,0
BIGTOP-1913,FALSE,TRUE,Major,7250630,83d22h03m50,0
BIGTOP-2991,FALSE,FALSE,Major,7078812,81d22h20m12,0
BIGTOP-2990,FALSE,FALSE,Major,1637,00d00h27m17,0
BIGTOP-1916,FALSE,FALSE,Major,3664840,42d10h00m40,0
BIGTOP-1917,FALSE,FALSE,Major,2511500,29d01h38m20,0
BIGTOP-1732,FALSE,FALSE,Minor,86221,00d23h57m01,0
BIGTOP-1853,FALSE,FALSE,Minor,5344,00d01h29m04,0
BIGTOP-580,FALSE,FALSE,Critical,446261,05d03h57m41,0
BIGTOP-1857,FALSE,FALSE,Major,114351,01d07h45m51,0
BIGTOP-1855,FALSE,FALSE,Major,128447,01d11h40m47,0
BIGTOP-1084,FALSE,FALSE,Blocker,95468,01d02h31m08,0
BIGTOP-587,FALSE,FALSE,Major,1429,00d00h23m49,0
BIGTOP-1859,FALSE,FALSE,Major,2680,00d00h44m40,0
BIGTOP-1087,FALSE,FALSE,Major,20478,00d05h41m18,0
BIGTOP-1081,FALSE,FALSE,Major,113922,01d07h38m42,0
BIGTOP-1082,FALSE,FALSE,Blocker,260760,03d00h26m00,0
BIGTOP-2724,FALSE,FALSE,Major,39290,00d10h54m50,0
BIGTOP-2725,FALSE,FALSE,Major,36740,00d10h12m20,0
BIGTOP-2726,FALSE,FALSE,Major,73787,00d20h29m47,0
BIGTOP-2727,FALSE,FALSE,Major,63545,00d17h39m05,0
BIGTOP-2721,FALSE,FALSE,Major,28246,00d07h50m46,0
BIGTOP-2723,FALSE,FALSE,Major,31731459,367d06h17m39,0
BIGTOP-2487,FALSE,TRUE,Major,2682837,31d01h13m57,0
BIGTOP-24,FALSE,FALSE,Major,7529,00d02h05m29,0
BIGTOP-2729,FALSE,FALSE,Major,4943776,57d05h16m16,0
BIGTOP-1313,FALSE,FALSE,Major,1121783,12d23h36m23,0
BIGTOP-2299,FALSE,FALSE,Blocker,3176,00d00h52m56,0
BIGTOP-1256,FALSE,FALSE,Major,10274523,118d22h02m03,0
BIGTOP-1250,FALSE,FALSE,Major,29392,00d08h09m52,0
BIGTOP-1253,FALSE,FALSE,Major,63074,00d17h31m14,0
BIGTOP-1259,FALSE,FALSE,Major,78445,00d21h47m25,0
BIGTOP-1534,FALSE,FALSE,Major,1382394,15d23h59m54,0
BIGTOP-206,FALSE,FALSE,Major,280855,03d06h00m55,0
BIGTOP-1533,FALSE,FALSE,Major,47214506,546d11h08m26,0
BIGTOP-3077,FALSE,FALSE,Major,793113,09d04h18m33,0
BIGTOP-2980,FALSE,FALSE,Major,699382,08d02h16m22,0
BIGTOP-416,FALSE,FALSE,Blocker,8568813,99d04h13m33,0
BIGTOP-648,FALSE,FALSE,Blocker,4477486,51d19h44m46,2
BIGTOP-2927,FALSE,FALSE,Major,1431,00d00h23m51,0
BIGTOP-4,FALSE,FALSE,Major,7889437,91d07h30m37,0
BIGTOP-7,FALSE,FALSE,Major,10224,00d02h50m24,0
BIGTOP-2,FALSE,FALSE,Major,75888,00d21h04m48,0
BIGTOP-523,FALSE,FALSE,Minor,6104618,70d15h43m38,0
BIGTOP-8,FALSE,FALSE,Major,783205,09d01h33m25,0
BIGTOP-2658,FALSE,FALSE,Major,44045,00d12h14m05,0
BIGTOP-2156,FALSE,FALSE,Major,121971,01d09h52m51,0
BIGTOP-2155,FALSE,FALSE,Major,122509,01d10h01m49,0
BIGTOP-2152,FALSE,FALSE,Major,87216,01d00h13m36,0
HADOOP-11628,FALSE,TRUE,Blocker,20369157,235d18h05m57,0
BIGTOP-2150,FALSE,FALSE,Major,42928,00d11h55m28,0
BIGTOP-2650,FALSE,FALSE,Major,75562,00d20h59m22,0
BIGTOP-2651,FALSE,TRUE,Major,75392,00d20h56m32,0
BIGTOP-2652,FALSE,FALSE,Major,317906,03d16h18m26,0
BIGTOP-2654,FALSE,FALSE,Major,71460,00d19h51m00,0
BIGTOP-2655,FALSE,FALSE,Major,6988311,80d21h11m51,0
BIGTOP-2656,FALSE,FALSE,Major,1528,00d00h25m28,0
BIGTOP-1400,FALSE,FALSE,Blocker,2161620,25d00h27m00,1
BIGTOP-1401,FALSE,FALSE,Minor,629708,07d06h55m08,0
BIGTOP-1402,FALSE,TRUE,Major,112882,01d07h21m22,0
BIGTOP-1405,FALSE,TRUE,Major,3541,00d00h59m01,0
BIGTOP-136,FALSE,FALSE,Major,346242,04d00h10m42,0
BIGTOP-1421,FALSE,TRUE,Blocker,1048390,12d03h13m10,1
BIGTOP-3091,FALSE,FALSE,Major,55023,00d15h17m03,0
BIGTOP-3090,FALSE,FALSE,Major,57704,00d16h01m44,0
BIGTOP-94,FALSE,FALSE,Major,96423,01d02h47m03,0
BIGTOP-2464,FALSE,FALSE,Major,17678449,204d14h40m49,0
BIGTOP-92,FALSE,FALSE,Major,109165,01d06h19m25,0
BIGTOP-93,FALSE,FALSE,Major,109080,01d06h18m00,0
BIGTOP-607,FALSE,FALSE,Major,1702446,19d16h54m06,0
BIGTOP-3099,FALSE,FALSE,Major,300625,03d11h30m25,0
BIGTOP-609,FALSE,FALSE,Major,765,00d00h12m45,0
BIGTOP-359,FALSE,FALSE,Major,13291372,153d20h02m52,0
BIGTOP-2973,FALSE,FALSE,Major,44858,00d12h27m38,0
BIGTOP-1626,FALSE,FALSE,Major,21508,00d05h58m28,0
BIGTOP-99,FALSE,FALSE,Major,2091290,24d04h54m50,0
BIGTOP-1308,FALSE,FALSE,Major,4569484,52d21h18m04,0
BIGTOP-2200,FALSE,FALSE,Major,3198,00d00h53m18,0
BIGTOP-2038,FALSE,FALSE,Major,29775,00d08h16m15,0
BIGTOP-2039,FALSE,FALSE,Major,48423,00d13h27m03,0
BIGTOP-815,FALSE,FALSE,Major,435223,05d00h53m43,0
BIGTOP-2037,FALSE,FALSE,Major,426360,04d22h26m00,0
BIGTOP-390,FALSE,FALSE,Major,82650,00d22h57m30,0
BIGTOP-954,FALSE,FALSE,Major,88734,01d00h38m54,0
BIGTOP-956,FALSE,FALSE,Major,86322,00d23h58m42,0
BIGTOP-957,FALSE,FALSE,Major,83699,00d23h14m59,0
BIGTOP-950,FALSE,FALSE,Major,11885,00d03h18m05,0
BIGTOP-951,FALSE,FALSE,Blocker,144473,01d16h07m53,0
BIGTOP-953,FALSE,FALSE,Major,166229,01d22h10m29,0
BIGTOP-563,FALSE,FALSE,Minor,703415,08d03h23m35,0
BIGTOP-3045,FALSE,FALSE,Major,338111,03d21h55m11,0
BIGTOP-958,FALSE,FALSE,Major,83272,00d23h07m52,0
BIGTOP-959,FALSE,FALSE,Blocker,2701,00d00h45m01,0
BIGTOP-1045,FALSE,FALSE,Major,1277548,14d18h52m28,0
BIGTOP-1156,FALSE,FALSE,Major,187180,02d03h59m40,0
BIGTOP-325,FALSE,FALSE,Major,5047,00d01h24m07,0
BIGTOP-1046,FALSE,FALSE,Blocker,3684292,42d15h24m52,0
BIGTOP-320,FALSE,FALSE,Major,3298187,38d04h09m47,0
BIGTOP-873,FALSE,FALSE,Major,3243358,37d12h55m58,2
BIGTOP-1107,FALSE,FALSE,Major,10112,00d02h48m32,0
BIGTOP-1100,FALSE,FALSE,Major,21049,00d05h50m49,0
BIGTOP-1103,FALSE,FALSE,Blocker,596590,06d21h43m10,0
BIGTOP-296,FALSE,FALSE,Major,1371949,15d21h05m49,0
YARN-2847,FALSE,FALSE,Major,8127281,94d01h34m41,0
BIGTOP-459,FALSE,FALSE,Major,10578,00d02h56m18,0
BIGTOP-109,FALSE,FALSE,Major,2529753,29d06h42m33,0
BIGTOP-108,FALSE,FALSE,Major,2730644,31d14h30m44,0
BIGTOP-2474,FALSE,FALSE,Major,80948,00d22h29m08,0
BIGTOP-2475,FALSE,FALSE,Major,700628,08d02h37m08,0
BIGTOP-457,FALSE,FALSE,Major,232995,02d16h43m15,0
BIGTOP-104,FALSE,FALSE,Major,2235687,25d21h01m27,0
BIGTOP-2471,FALSE,FALSE,Major,17025752,197d01h22m32,0
BIGTOP-2472,FALSE,FALSE,Major,8954,00d02h29m14,0
BIGTOP-2473,FALSE,FALSE,Major,809077,09d08h44m37,0
BIGTOP-2574,FALSE,FALSE,Major,160614,01d20h36m54,0
BIGTOP-510,FALSE,FALSE,Major,696797,08d01h33m17,0
BIGTOP-2570,FALSE,FALSE,Major,1603740,18d13h29m00,0
BIGTOP-2573,FALSE,FALSE,Major,162889,01d21h14m49,0
BIGTOP-2572,FALSE,FALSE,Major,64568,00d17h56m08,0
BIGTOP-2247,FALSE,FALSE,Major,53108,00d14h45m08,0
BIGTOP-2246,FALSE,FALSE,Major,56051,00d15h34m11,0
BIGTOP-3004,FALSE,FALSE,Major,164395,01d21h39m55,0
BIGTOP-2244,FALSE,FALSE,Major,5974,00d01h39m34,0
BIGTOP-2243,FALSE,FALSE,Major,80130,00d22h15m30,0
BIGTOP-3003,FALSE,FALSE,Major,605715,07d00h15m15,0
BIGTOP-691,FALSE,FALSE,Major,75927,00d21h05m27,0
BIGTOP-2240,FALSE,FALSE,Critical,718467,08d07h34m27,0
BIGTOP-2089,FALSE,TRUE,Major,585150,06d18h32m30,0
BIGTOP-2088,FALSE,TRUE,Major,674950,07d19h29m10,0
BIGTOP-1070,FALSE,FALSE,Blocker,2695623,31d04h47m03,0
BIGTOP-684,FALSE,FALSE,Minor,11442204,132d10h23m24,0
BIGTOP-2083,FALSE,FALSE,Major,9348090,108d04h41m30,0
BIGTOP-2082,FALSE,TRUE,Major,337473,03d21h44m33,0
BIGTOP-2084,FALSE,TRUE,Major,542281,06d06h38m01,0
HBASE-4570,TRUE,FALSE,Major,585153,06d18h32m33,0
BIGTOP-2086,FALSE,FALSE,Major,70038,00d19h27m18,0
BIGTOP-191,FALSE,FALSE,Major,430224,04d23h30m24,0
BIGTOP-192,FALSE,FALSE,Major,81228,00d22h33m48,0
BIGTOP-193,FALSE,FALSE,Major,110437,01d06h40m37,0
BIGTOP-194,FALSE,FALSE,Major,22387,00d06h13m07,0
BIGTOP-197,FALSE,FALSE,Major,368859,04d06h27m39,0
BIGTOP-198,FALSE,FALSE,Minor,1512,00d00h25m12,0
BIGTOP-212,FALSE,FALSE,Major,32152,00d08h55m52,0
BIGTOP-217,FALSE,FALSE,Major,22453,00d06h14m13,0
BIGTOP-216,FALSE,FALSE,Major,22775,00d06h19m35,0
BIGTOP-215,FALSE,FALSE,Major,23040,00d06h24m00,0
BIGTOP-214,FALSE,FALSE,Major,23398,00d06h29m58,0
BIGTOP-1956,FALSE,FALSE,Major,1302031,15d01h40m31,0
BIGTOP-1185,FALSE,FALSE,Major,421071,04d20h57m51,0
BIGTOP-1954,FALSE,FALSE,Major,319,00d00h05m19,0
BIGTOP-2689,FALSE,TRUE,Major,1552689,17d23h18m09,0
BIGTOP-1951,FALSE,TRUE,Blocker,599801,06d22h36m41,0
BIGTOP-1817,FALSE,FALSE,Blocker,27697,00d07h41m37,0
BIGTOP-1816,FALSE,FALSE,Major,146853,01d16h47m33,0
BIGTOP-1815,FALSE,FALSE,Major,2023324,23d10h02m04,0
BIGTOP-1814,FALSE,TRUE,Critical,1317542,15d05h59m02,0
BIGTOP-1813,FALSE,FALSE,Major,94216,01d02h10m16,0
BIGTOP-1812,FALSE,FALSE,Major,4617,00d01h16m57,0
BIGTOP-776,FALSE,FALSE,Major,695,00d00h11m35,0
BIGTOP-1810,FALSE,FALSE,Major,1674255,19d09h04m15,0
BIGTOP-991,FALSE,FALSE,Major,8429,00d02h20m29,0
BIGTOP-1181,FALSE,FALSE,Major,600928,06d22h55m28,0
BIGTOP-170,FALSE,FALSE,Major,19801,00d05h30m01,0
BIGTOP-176,FALSE,FALSE,Major,105414,01d05h16m54,0
BIGTOP-174,FALSE,FALSE,Major,21266,00d05h54m26,0
BIGTOP-2881,FALSE,FALSE,Major,12491812,144d13h56m52,0
BIGTOP-582,FALSE,FALSE,Major,24186,00d06h43m06,0
BIGTOP-2928,FALSE,FALSE,Major,78,00d00h01m18,0
BIGTOP-2929,FALSE,FALSE,Major,54,00d00h00m54,0
BIGTOP-1215,FALSE,FALSE,Major,369571,04d06h39m31,0
BIGTOP-586,FALSE,FALSE,Major,1717,00d00h28m37,0
BIGTOP-1217,FALSE,FALSE,Major,12511,00d03h28m31,0
BIGTOP-1216,FALSE,FALSE,Blocker,11838006,137d00h20m06,0
BIGTOP-1218,FALSE,FALSE,Major,10880332,125d22h18m52,0
BIGTOP-589,FALSE,FALSE,Major,126785,01d11h13m05,0
BIGTOP-588,FALSE,FALSE,Major,69533,00d19h18m53,0
BIGTOP-2926,FALSE,FALSE,Major,84564,00d23h29m24,0
BIGTOP-3076,FALSE,FALSE,Major,854184,09d21h16m24,0
BIGTOP-877,FALSE,FALSE,Blocker,142411,01d15h33m31,0
BIGTOP-826,FALSE,FALSE,Major,625904,07d05h51m44,0
BIGTOP-2399,FALSE,FALSE,Major,622,00d00h10m22,0
BIGTOP-1027,FALSE,FALSE,Major,5147,00d01h25m47,0
BIGTOP-432,FALSE,FALSE,Major,1166910,13d12h08m30,0
BIGTOP-675,FALSE,FALSE,Major,61961,00d17h12m41,0
BIGTOP-463,FALSE,FALSE,Major,29040199,336d02h43m19,0
BIGTOP-2863,FALSE,FALSE,Major,139724,01d14h48m44,0
BIGTOP-2148,FALSE,FALSE,Major,4938606,57d03h50m06,0
BIGTOP-2860,FALSE,FALSE,Major,1029841,11d22h04m01,0
BIGTOP-2866,FALSE,FALSE,Major,110060,01d06h34m20,0
BIGTOP-2864,FALSE,FALSE,Minor,74216,00d20h36m56,0
BIGTOP-2191,FALSE,FALSE,Critical,399139,04d14h52m19,0
BIGTOP-2190,FALSE,FALSE,Major,506555,05d20h42m35,0
BIGTOP-878,FALSE,FALSE,Major,265927,03d01h52m07,0
BIGTOP-2196,FALSE,FALSE,Major,46778,00d12h59m38,1
BIGTOP-2053,FALSE,FALSE,Major,18393,00d05h06m33,0
BIGTOP-205,FALSE,FALSE,Major,30907,00d08h35m07,0
BIGTOP-543,FALSE,FALSE,Major,53580,00d14h53m00,0
BIGTOP-2198,FALSE,FALSE,Major,19097,00d05h18m17,0
BIGTOP-2523,FALSE,FALSE,Major,623482,07d05h11m22,0
BIGTOP-1886,FALSE,FALSE,Minor,4687038,54d05h57m18,0
BIGTOP-2610,FALSE,FALSE,Major,634,00d00h10m34,0
BIGTOP-1444,FALSE,FALSE,Major,376,00d00h06m16,0
BIGTOP-2754,FALSE,FALSE,Major,178119,02d01h28m39,0
BIGTOP-1446,FALSE,FALSE,Major,53501,00d14h51m41,0
BIGTOP-2756,FALSE,FALSE,Minor,580236,06d17h10m36,0
BIGTOP-2618,FALSE,FALSE,Critical,979350,11d08h02m30,0
BIGTOP-1441,FALSE,FALSE,Major,1600,00d00h26m40,0
BIGTOP-2753,FALSE,FALSE,Major,182951,02d02h49m11,0
BIGTOP-1365,FALSE,FALSE,Major,8854604,102d11h36m44,2
BIGTOP-1361,FALSE,FALSE,Blocker,440786,05d02h26m26,0
BIGTOP-2818,FALSE,FALSE,Blocker,30611407,354d07h10m07,0
BIGTOP-1724,FALSE,FALSE,Major,182598,02d02h43m18,0
BIGTOP-1287,FALSE,TRUE,Major,23323146,269d22h39m06,0
BIGTOP-2859,FALSE,FALSE,Major,576022,06d16h00m22,0
BIGTOP-1660,FALSE,FALSE,Major,2808545,32d12h09m05,0
BIGTOP-1548,FALSE,FALSE,Major,406810,04d17h00m10,0
BIGTOP-1662,FALSE,FALSE,Major,185703,02d03h35m03,0
BIGTOP-1663,FALSE,FALSE,Major,2567,00d00h42m47,0
BIGTOP-3216,FALSE,FALSE,Major,392874,04d13h07m54,0
BIGTOP-892,FALSE,FALSE,Major,7758,00d02h09m18,0
BIGTOP-1668,FALSE,FALSE,Major,313887,03d15h11m27,0
BIGTOP-1669,FALSE,FALSE,Major,438379,05d01h46m19,0
BIGTOP-904,FALSE,FALSE,Major,2635,00d00h43m55,0
BIGTOP-1542,FALSE,FALSE,Major,24461,00d06h47m41,0
BIGTOP-912,FALSE,FALSE,Major,4687,00d01h18m07,0
BIGTOP-914,FALSE,FALSE,Major,932462,10d19h01m02,0
BIGTOP-1723,FALSE,FALSE,Major,185131,02d03h25m31,0
BIGTOP-918,FALSE,FALSE,Major,3643,00d01h00m43,0
BIGTOP-846,FALSE,FALSE,Blocker,9211485,106d14h44m45,0
BIGTOP-2412,FALSE,FALSE,Critical,2281978,26d09h52m58,0
BIGTOP-1896,FALSE,FALSE,Major,464499,05d09h01m39,0
BIGTOP-1295,FALSE,FALSE,Blocker,83533,00d23h12m13,0
BIGTOP-1141,FALSE,FALSE,Major,40129,00d11h08m49,0
BIGTOP-2101,FALSE,TRUE,Major,90246665,1044d12h31m05,0
BIGTOP-1143,FALSE,FALSE,Major,17423665,201d15h54m25,0
BIGTOP-879,FALSE,FALSE,Major,6863,00d01h54m23,0
BIGTOP-1146,FALSE,FALSE,Critical,496995,05d18h03m15,0
BIGTOP-2755,FALSE,FALSE,Major,171785,01d23h43m05,0
BIGTOP-1850,FALSE,FALSE,Major,1053029,12d04h30m29,0
BIGTOP-643,FALSE,FALSE,Major,28323,00d07h52m03,0
BIGTOP-1445,FALSE,FALSE,Major,1786859,20d16h20m59,1
BIGTOP-1088,FALSE,FALSE,Major,20444,00d05h40m44,0
BIGTOP-508,FALSE,FALSE,Major,38039,00d10h33m59,0
BIGTOP-1440,FALSE,FALSE,Major,1524,00d00h25m24,0
BIGTOP-2533,FALSE,FALSE,Major,4569472,52d21h17m52,0
BIGTOP-658,FALSE,FALSE,Major,362864,04d04h47m44,0
BIGTOP-2535,FALSE,FALSE,Major,2965518,34d07h45m18,1
BIGTOP-2537,FALSE,FALSE,Major,221,00d00h03m41,0
BIGTOP-2536,FALSE,TRUE,Major,66241,00d18h24m01,0
BIGTOP-2539,FALSE,FALSE,Minor,1713060,19d19h51m00,0
BIGTOP-652,FALSE,FALSE,Major,5856,00d01h37m36,0
BIGTOP-651,FALSE,FALSE,Major,97456,01d03h04m16,1
BIGTOP-650,FALSE,FALSE,Major,1648,00d00h27m28,0
BIGTOP-657,FALSE,FALSE,Major,64566,00d17h56m06,0
BIGTOP-656,FALSE,FALSE,Blocker,77138,00d21h25m38,0
BIGTOP-655,FALSE,FALSE,Blocker,77657,00d21h34m17,0
BIGTOP-2750,FALSE,FALSE,Major,45373,00d12h36m13,0
BIGTOP-2052,FALSE,FALSE,Major,260983,03d00h29m43,0
BIGTOP-386,FALSE,FALSE,Major,80476,00d22h21m16,0
BIGTOP-1442,FALSE,FALSE,Major,468,00d00h07m48,0
BIGTOP-383,FALSE,FALSE,Major,350993,04d01h29m53,0
BIGTOP-382,FALSE,FALSE,Minor,3922775,45d09h39m35,0
BIGTOP-2364,FALSE,FALSE,Major,317898,03d16h18m18,0
BIGTOP-2366,FALSE,FALSE,Major,1086726,12d13h52m06,0
BIGTOP-2367,FALSE,FALSE,Major,42064,00d11h41m04,0
BIGTOP-2360,FALSE,FALSE,Major,912,00d00h15m12,0
BIGTOP-1086,FALSE,FALSE,Blocker,103221,01d04h40m21,0
BIGTOP-2362,FALSE,FALSE,Major,355343,04d02h42m23,0
BIGTOP-1751,FALSE,FALSE,Major,248858,02d21h07m38,0
BIGTOP-2044,FALSE,FALSE,Major,4466,00d01h14m26,0
BIGTOP-2047,FALSE,TRUE,Major,48124332,556d23h52m12,0
BIGTOP-2046,FALSE,FALSE,Major,1888,00d00h31m28,0
BIGTOP-2041,FALSE,FALSE,Major,47780,00d13h16m20,0
BIGTOP-2043,FALSE,FALSE,Major,22917,00d06h21m57,0
BIGTOP-2042,FALSE,FALSE,Major,47488,00d13h11m28,0
BIGTOP-986,FALSE,TRUE,Minor,34724867,401d21h47m47,0
BIGTOP-985,FALSE,FALSE,Major,2261438,26d04h10m38,0
BIGTOP-984,FALSE,FALSE,Major,104232,01d04h57m12,0
BIGTOP-2049,FALSE,TRUE,Blocker,85056,00d23h37m36,0
BIGTOP-982,FALSE,FALSE,Major,273147,03d03h52m27,0
BIGTOP-981,FALSE,FALSE,Major,496244,05d17h50m44,0
BIGTOP-876,FALSE,FALSE,Blocker,142552,01d15h35m52,0
BIGTOP-257,TRUE,FALSE,Major,91153,01d01h19m13,0
BIGTOP-1781,FALSE,FALSE,Major,508868,05d21h21m08,0
BIGTOP-1780,FALSE,FALSE,Major,43217,00d12h00m17,0
BIGTOP-875,FALSE,FALSE,Major,163597,01d21h26m37,0
BIGTOP-318,FALSE,FALSE,Major,4425,00d01h13m45,0
BIGTOP-1893,FALSE,FALSE,Major,789179,09d03h12m59,0
BIGTOP-315,FALSE,FALSE,Major,11026,00d03h03m46,0
BIGTOP-312,FALSE,FALSE,Major,2267,00d00h37m47,0
BIGTOP-259,FALSE,FALSE,Major,23884,00d06h38m04,0
BIGTOP-258,FALSE,FALSE,Major,72669,00d20h11m09,1
HDFS-1943,FALSE,FALSE,Blocker,15354886,177d17h14m46,1
BIGTOP-404,FALSE,FALSE,Major,2553,00d00h42m33,0
BIGTOP-649,FALSE,FALSE,Major,167368,01d22h29m28,0
BIGTOP-1711,FALSE,FALSE,Major,1287235,14d21h33m55,0
HDFS-6058,FALSE,FALSE,Major,52711,00d14h38m31,0
BIGTOP-1867,FALSE,FALSE,Major,8918,00d02h28m38,0
BIGTOP-2405,FALSE,FALSE,Major,15011900,173d17h58m20,0
BIGTOP-137,FALSE,FALSE,Major,345415,03d23h56m55,0
BIGTOP-134,FALSE,FALSE,Major,452586,05d05h43m06,0
BIGTOP-2406,FALSE,FALSE,Major,723175,08d08h52m55,0
BIGTOP-132,FALSE,FALSE,Major,454409,05d06h13m29,0
BIGTOP-2400,FALSE,FALSE,Major,2845861,32d22h31m01,0
BIGTOP-130,FALSE,FALSE,Major,455666,05d06h34m26,0
BIGTOP-2402,FALSE,FALSE,Minor,145,00d00h02m25,0
BIGTOP-428,FALSE,FALSE,Blocker,436726,05d01h18m46,1
BIGTOP-138,FALSE,FALSE,Major,344965,03d23h49m25,0
BIGTOP-2488,FALSE,FALSE,Minor,41112,00d11h25m12,0
BIGTOP-3037,FALSE,FALSE,Major,546251,06d07h44m11,0
BIGTOP-3036,FALSE,FALSE,Major,67781,00d18h49m41,0
BIGTOP-3035,FALSE,FALSE,Major,1183890,13d16h51m30,0
BIGTOP-2213,FALSE,FALSE,Major,83179870,962d17h31m10,0
BIGTOP-3033,FALSE,FALSE,Major,599081,06d22h24m41,0
BIGTOP-2215,FALSE,FALSE,Major,208367,02d09h52m47,0
BIGTOP-2216,FALSE,FALSE,Major,278706,03d05h25m06,0
BIGTOP-3030,FALSE,FALSE,Major,559440,06d11h24m00,0
BIGTOP-2218,FALSE,FALSE,Major,73645,00d20h27m25,0
BIGTOP-949,FALSE,FALSE,Blocker,2585404,29d22h10m04,0
BIGTOP-2968,FALSE,FALSE,Major,369548,04d06h39m08,0
BIGTOP-2495,FALSE,FALSE,Major,84944,00d23h35m44,0
BIGTOP-2988,FALSE,FALSE,Major,407957,04d17h19m17,0
BIGTOP-1596,FALSE,FALSE,Major,42276,00d11h44m36,0
HBASE-6263,FALSE,TRUE,Minor,4651073,53d19h57m53,0
BIGTOP-1830,FALSE,FALSE,Major,573825,06d15h23m45,0
BIGTOP-1967,FALSE,FALSE,Major,3036,00d00h50m36,0
BIGTOP-1966,FALSE,FALSE,Blocker,3212,00d00h53m32,0
BIGTOP-2984,FALSE,FALSE,Major,332070,03d20h14m30,0
BIGTOP-2829,FALSE,FALSE,Blocker,350913,04d01h28m33,0
BIGTOP-1960,FALSE,FALSE,Minor,4089912,47d08h05m12,0
BIGTOP-1840,FALSE,FALSE,Major,26858,00d07h27m38,0
BIGTOP-1841,FALSE,TRUE,Critical,26625,00d07h23m45,0
BIGTOP-721,FALSE,FALSE,Critical,3985360,46d03h02m40,0
BIGTOP-1845,FALSE,FALSE,Critical,79539,00d22h05m39,0
BIGTOP-725,FALSE,FALSE,Major,74616,00d20h43m36,0
BIGTOP-829,FALSE,FALSE,Major,505784,05d20h29m44,0
BIGTOP-2711,FALSE,FALSE,Major,4225,00d01h10m25,0
BIGTOP-2710,FALSE,FALSE,Major,5928,00d01h38m48,0
BIGTOP-2715,FALSE,FALSE,Major,74,00d00h01m14,0
BIGTOP-1322,FALSE,TRUE,Major,334276,03d20h51m16,0
BIGTOP-1324,FALSE,FALSE,Trivial,26838,00d07h27m18,0
BIGTOP-2494,FALSE,FALSE,Major,702995,08d03h16m35,0
BIGTOP-1254,FALSE,FALSE,Major,347,00d00h05m47,0
BIGTOP-1521,FALSE,TRUE,Major,9134091,105d17h14m51,0
BIGTOP-2912,FALSE,FALSE,Major,9342214,108d03h03m34,0
BIGTOP-2911,FALSE,FALSE,Minor,3545190,41d00h46m30,0
BIGTOP-2917,FALSE,FALSE,Major,2779545,32d04h05m45,0
BIGTOP-2915,FALSE,FALSE,Blocker,10332,00d02h52m12,0
BIGTOP-1544,FALSE,FALSE,Major,29323,00d08h08m43,0
BIGTOP-2751,FALSE,FALSE,Major,2552234,29d12h57m14,0
BIGTOP-1541,FALSE,FALSE,Major,1516485,17d13h14m45,0
BIGTOP-1167,FALSE,FALSE,Minor,380341,04d09h39m01,0
BIGTOP-1123,FALSE,FALSE,Major,40402,00d11h13m22,0
BIGTOP-202,FALSE,FALSE,Major,58544,00d16h15m44,0
BIGTOP-2144,FALSE,FALSE,Major,215859,02d11h57m39,0
BIGTOP-402,FALSE,FALSE,Major,2931811,33d22h23m31,0
BIGTOP-1187,FALSE,FALSE,Major,74775,00d20h46m15,0
BIGTOP-2147,FALSE,FALSE,Trivial,5054270,58d11h57m50,0
BIGTOP-2140,FALSE,TRUE,Major,61608,00d17h06m48,0
BIGTOP-18,FALSE,FALSE,Major,606300,07d00h25m00,0
BIGTOP-1182,FALSE,FALSE,Major,2244460,25d23h27m40,0
BIGTOP-2664,FALSE,FALSE,Major,6641945,76d20h59m05,0
BIGTOP-2667,FALSE,FALSE,Major,201,00d00h03m21,0
BIGTOP-1022,FALSE,FALSE,Major,79160261,916d04h57m41,0
BIGTOP-2663,FALSE,FALSE,Major,68010,00d18h53m30,0
BIGTOP-2662,FALSE,FALSE,Major,68648,00d19h04m08,0
BIGTOP-1430,FALSE,FALSE,Major,2302,00d00h38m22,0
BIGTOP-595,FALSE,FALSE,Major,358394,04d03h33m14,0
BIGTOP-158,FALSE,FALSE,Major,164748,01d21h45m48,0
BIGTOP-3018,FALSE,FALSE,Minor,14612,00d04h03m32,0
BIGTOP-68,FALSE,FALSE,Major,7480,00d02h04m40,0
BIGTOP-1439,FALSE,FALSE,Major,1675,00d00h27m55,0
BIGTOP-1438,FALSE,FALSE,Major,2422,00d00h40m22,0
BIGTOP-616,FALSE,FALSE,Major,44614,00d12h23m34,0
BIGTOP-1756,FALSE,FALSE,Major,184633,02d03h17m13,1
BIGTOP-342,FALSE,FALSE,Major,366,00d00h06m06,0
BIGTOP-3082,FALSE,TRUE,Major,20464,00d05h41m04,0
BIGTOP-3083,FALSE,FALSE,Major,124965,01d10h42m45,0
BIGTOP-3081,FALSE,FALSE,Major,147727,01d17h02m07,0
BIGTOP-590,FALSE,FALSE,Major,5931,00d01h38m51,0
BIGTOP-1616,FALSE,FALSE,Major,1307665,15d03h14m25,0
BIGTOP-1611,FALSE,FALSE,Major,68785,00d19h06m25,0
BIGTOP-1610,FALSE,FALSE,Major,425667,04d22h14m27,0
BIGTOP-3088,FALSE,FALSE,Major,62099,00d17h14m59,0
BIGTOP-3089,FALSE,FALSE,Major,134105,01d13h15m05,0
BIGTOP-2003,FALSE,FALSE,Major,180138,02d02h02m18,0
BIGTOP-948,FALSE,FALSE,Blocker,9679,00d02h41m19,0
BIGTOP-2004,FALSE,FALSE,Major,44722,00d12h25m22,0
BIGTOP-2007,FALSE,FALSE,Major,294,00d00h04m54,0
BIGTOP-630,FALSE,FALSE,Major,421072,04d20h57m52,0
BIGTOP-2008,FALSE,FALSE,Minor,23987,00d06h39m47,0
BIGTOP-940,FALSE,FALSE,Critical,353373,04d02h09m33,0
BIGTOP-946,FALSE,FALSE,Critical,194362,02d05h59m22,0
BIGTOP-945,FALSE,FALSE,Critical,543234,06d06h53m54,0
BIGTOP-1112,FALSE,FALSE,Major,6806,00d01h53m26,0
BIGTOP-600,FALSE,FALSE,Major,3278,00d00h54m38,0
BIGTOP-143,FALSE,FALSE,Major,328422,03d19h13m42,0
BIGTOP-557,FALSE,FALSE,Major,45107,00d12h31m47,0
BIGTOP-15,FALSE,FALSE,Minor,1369540,15d20h25m40,0
BIGTOP-13,FALSE,FALSE,Major,169946,01d23h12m26,0
BIGTOP-10,FALSE,FALSE,Major,1347,00d00h22m27,0
BIGTOP-1509,FALSE,FALSE,Major,14940,00d04h09m00,0
BIGTOP-1508,FALSE,FALSE,Major,6114623,70d18h30m23,0
BIGTOP-1059,FALSE,FALSE,Minor,360934,04d04h15m34,0
BIGTOP-1359,FALSE,TRUE,Major,607109,07d00h38m29,0
BIGTOP-1117,FALSE,FALSE,Blocker,63771,00d17h42m51,0
BIGTOP-1114,FALSE,FALSE,Major,3357,00d00h55m57,0
BIGTOP-2413,FALSE,FALSE,Critical,2204,00d00h36m44,0
BIGTOP-1052,FALSE,FALSE,Major,341376,03d22h49m36,0
BIGTOP-1118,FALSE,FALSE,Major,13524939,156d12h55m39,0
BIGTOP-1050,FALSE,FALSE,Blocker,52527208,607d22h53m28,1
BIGTOP-1055,FALSE,TRUE,Major,5642,00d01h34m02,0
BIGTOP-1506,FALSE,FALSE,Major,75379,00d20h56m19,0
BIGTOP-2441,FALSE,FALSE,Major,445547,05d03h45m47,0
BIGTOP-509,FALSE,FALSE,Major,544864,06d07h21m04,0
BIGTOP-2442,FALSE,FALSE,Minor,2023,00d00h33m43,0
BIGTOP-142,FALSE,FALSE,Major,328496,03d19h14m56,0
BIGTOP-2447,FALSE,FALSE,Major,358399,04d03h33m19,0
BIGTOP-2449,FALSE,FALSE,Major,1135942,13d03h32m22,0
BIGTOP-2563,FALSE,FALSE,Major,10057,00d02h47m37,0
BIGTOP-2560,FALSE,FALSE,Minor,959309,11d02h28m29,0
BIGTOP-1115,FALSE,FALSE,Major,1167,00d00h19m27,0
BIGTOP-506,FALSE,FALSE,Major,974,00d00h16m14,0
BIGTOP-2564,FALSE,FALSE,Major,1209,00d00h20m09,0
BIGTOP-2565,FALSE,FALSE,Major,97715,01d03h08m35,0
BIGTOP-663,FALSE,FALSE,Blocker,3794328,43d21h58m48,0
BIGTOP-660,FALSE,FALSE,Major,2223,00d00h37m03,0
BIGTOP-661,FALSE,FALSE,Major,367972,04d06h12m52,0
BIGTOP-667,FALSE,FALSE,Major,6906468,79d22h27m48,0
BIGTOP-664,FALSE,FALSE,Blocker,4559381,52d18h29m41,0
BIGTOP-2255,FALSE,FALSE,Critical,54858,00d15h14m18,0
BIGTOP-2256,FALSE,FALSE,Major,5079,00d01h24m39,0
BIGTOP-669,FALSE,FALSE,Major,363772,04d05h02m52,0
BIGTOP-2681,FALSE,FALSE,Minor,25529976,295d11h39m36,0
BIGTOP-1051,FALSE,FALSE,Major,539,00d00h08m59,0
BIGTOP-2252,FALSE,TRUE,Major,322296,03d17h31m36,0
BIGTOP-1502,FALSE,TRUE,Major,8976520,103d21h28m40,0
BIGTOP-2310,FALSE,FALSE,Major,8256458,95d13h27m38,0
BIGTOP-2098,FALSE,FALSE,Major,2599,00d00h43m19,0
BIGTOP-2094,FALSE,FALSE,Major,6315,00d01h45m15,0
BIGTOP-2551,FALSE,FALSE,Major,450549,05d05h09m09,0
BIGTOP-2090,FALSE,FALSE,Major,139,00d00h02m19,0
BIGTOP-186,FALSE,FALSE,Minor,20653088,239d00h58m08,0
BIGTOP-181,FALSE,FALSE,Major,65760,00d18h16m00,0
BIGTOP-265,FALSE,FALSE,Major,2942828,34d01h27m08,0
BIGTOP-262,FALSE,FALSE,Major,8757,00d02h25m57,0
BIGTOP-47,FALSE,FALSE,Blocker,295948,03d10h12m28,0
BIGTOP-189,FALSE,FALSE,Major,64238,00d17h50m38,0
BIGTOP-537,FALSE,FALSE,Major,58677,00d16h17m57,0
BIGTOP-140,FALSE,FALSE,Major,342658,03d23h10m58,0
BIGTOP-1808,FALSE,FALSE,Major,224722,02d14h25m22,0
BIGTOP-768,FALSE,FALSE,Major,334275,03d20h51m15,0
BIGTOP-1804,FALSE,FALSE,Blocker,15921,00d04h25m21,0
BIGTOP-1805,FALSE,TRUE,Major,13485045,156d01h50m45,0
BIGTOP-2690,FALSE,FALSE,Major,821706,09d12h15m06,0
BIGTOP-762,FALSE,FALSE,Major,261351,03d00h35m51,0
BIGTOP-2692,FALSE,FALSE,Major,32404,00d09h00m04,0
BIGTOP-2693,FALSE,FALSE,Minor,366892,04d05h54m52,0
BIGTOP-169,FALSE,FALSE,Major,149215,01d17h26m55,0
BIGTOP-392,FALSE,FALSE,Major,56264,00d15h37m44,0
BIGTOP-2569,FALSE,FALSE,Major,975579,11d06h59m39,0
BIGTOP-2942,FALSE,FALSE,Major,162869,01d21h14m29,0
BIGTOP-161,FALSE,FALSE,Major,82035,00d22h47m15,0
BIGTOP-160,FALSE,FALSE,Major,82350,00d22h52m30,0
BIGTOP-163,FALSE,FALSE,Major,149149,01d17h25m49,1
BIGTOP-3052,FALSE,FALSE,Major,24310,00d06h45m10,0
BIGTOP-165,FALSE,FALSE,Major,72120,00d20h02m00,0
BIGTOP-164,FALSE,FALSE,Major,147976,01d17h06m16,0
BIGTOP-166,FALSE,FALSE,Major,261212,03d00h33m32,0
BIGTOP-3107,FALSE,FALSE,Major,164939,01d21h48m59,0
BIGTOP-2596,FALSE,FALSE,Major,12894,00d03h34m54,0
BIGTOP-2594,FALSE,FALSE,Major,2607900,30d04h25m00,0
BIGTOP-2892,FALSE,FALSE,Major,38428822,444d18h40m22,0
BIGTOP-3102,FALSE,FALSE,Major,129156,01d11h52m36,0
BIGTOP-2890,FALSE,FALSE,Major,177095,02d01h11m35,0
BIGTOP-2958,FALSE,FALSE,Major,131890,01d12h38m10,0
BIGTOP-2957,FALSE,FALSE,Minor,952497,11d00h34m57,0
BIGTOP-3061,FALSE,TRUE,Major,503615,05d19h53m35,0
BIGTOP-3078,FALSE,TRUE,Major,182113,02d02h35m13,0
BIGTOP-2952,FALSE,FALSE,Major,534406,06d04h26m46,0
BIGTOP-2599,FALSE,FALSE,Major,21457,00d05h57m37,0
BIGTOP-2950,FALSE,FALSE,Major,81176,00d22h32m56,0
BIGTOP-2382,FALSE,FALSE,Major,100021,01d03h47m01,0
BIGTOP-2380,FALSE,FALSE,Major,83475,00d23h11m15,0
BIGTOP-502,FALSE,FALSE,Critical,538,00d00h08m58,0
BIGTOP-2878,FALSE,FALSE,Major,232817,02d16h40m17,0
BIGTOP-1384,FALSE,TRUE,Major,8246489,95d10h41m29,0
BIGTOP-82,FALSE,FALSE,Major,488673,05d15h44m33,0
BIGTOP-1380,FALSE,FALSE,Blocker,270336,03d03h05m36,0
BIGTOP-2870,FALSE,FALSE,Major,342491,03d23h08m11,0
BIGTOP-2871,FALSE,FALSE,Major,339742,03d22h22m22,0
BIGTOP-2873,FALSE,FALSE,Major,269799,03d02h56m39,0
BIGTOP-2628,FALSE,FALSE,Major,867915,10d01h05m15,1
BIGTOP-1996,FALSE,TRUE,Major,541105,06d06h18m25,0
BIGTOP-505,FALSE,FALSE,Major,1199,00d00h19m59,0
BIGTOP-1936,FALSE,FALSE,Major,5091712,58d22h21m52,0
BIGTOP-2187,FALSE,FALSE,Major,293102,03d09h25m02,0
BIGTOP-2621,FALSE,FALSE,Major,2195,00d00h36m35,0
BIGTOP-2189,FALSE,FALSE,Major,1298231,15d00h37m11,0
BIGTOP-504,FALSE,FALSE,Major,27831707,322d03h01m47,0
BIGTOP-2220,FALSE,FALSE,Major,4305842,49d20h04m02,0
BIGTOP-2743,FALSE,FALSE,Major,6187535,71d14h45m35,0
BIGTOP-2740,FALSE,FALSE,Critical,743361,08d14h29m21,0
BIGTOP-1472,FALSE,FALSE,Blocker,74653,00d20h44m13,0
BIGTOP-1475,FALSE,FALSE,Major,8417104,97d10h05m04,1
BIGTOP-2748,FALSE,FALSE,Major,5793,00d01h36m33,0
BIGTOP-481,FALSE,FALSE,Major,84382,00d23h26m22,0
BIGTOP-487,FALSE,FALSE,Major,591,00d00h09m51,0
BIGTOP-484,FALSE,FALSE,Trivial,8273,00d02h17m53,0
BIGTOP-1277,FALSE,FALSE,Major,23686625,274d03h37m05,0
BIGTOP-391,FALSE,FALSE,Major,82612,00d22h56m52,0
BIGTOP-1274,FALSE,FALSE,Minor,40039,00d11h07m19,0
BIGTOP-1033,FALSE,FALSE,Major,2207,00d00h36m47,0
BIGTOP-1553,FALSE,TRUE,Trivial,726233,08d09h43m53,0
BIGTOP-1605,FALSE,FALSE,Major,7109,00d01h58m29,0
BIGTOP-1551,FALSE,FALSE,Major,359645,04d03h54m05,0
BIGTOP-2168,FALSE,FALSE,Major,33841,00d09h24m01,0
BIGTOP-1554,FALSE,FALSE,Major,90,00d00h01m30,0
BIGTOP-1493,FALSE,TRUE,Major,4601735,53d06h15m35,0
BIGTOP-1491,FALSE,FALSE,Major,811,00d00h13m31,0
BIGTOP-1490,FALSE,FALSE,Major,1988437,23d00h20m37,0
BIGTOP-1497,FALSE,TRUE,Major,2752555,31d20h35m55,0
BIGTOP-659,FALSE,FALSE,Major,119119,01d09h05m19,0
BIGTOP-1034,FALSE,FALSE,Major,284721,03d07h05m21,0
HIVE-12875,FALSE,FALSE,Major,335055,03d21h04m15,0
BIGTOP-906,FALSE,FALSE,Major,2332,00d00h38m52,0
BIGTOP-905,FALSE,FALSE,Major,663,00d00h11m03,0
BIGTOP-553,FALSE,FALSE,Major,33731878,390d09h57m58,0
BIGTOP-903,FALSE,FALSE,Major,7515,00d02h05m15,0
BIGTOP-902,FALSE,FALSE,Major,855430,09d21h37m10,0
BIGTOP-901,FALSE,FALSE,Major,12603,00d03h30m03,1
BIGTOP-900,FALSE,FALSE,Major,8189,00d02h16m29,0
BIGTOP-734,FALSE,FALSE,Major,93080,01d01h51m20,1
BIGTOP-554,FALSE,FALSE,Major,277464,03d05h04m24,0
BIGTOP-668,FALSE,FALSE,Major,7539,00d02h05m39,0
BIGTOP-1135,FALSE,FALSE,Major,39445417,456d13h03m37,0
BIGTOP-2139,FALSE,TRUE,Major,64740,00d17h59m00,0
BIGTOP-556,FALSE,FALSE,Major,193790,02d05h49m50,0
BIGTOP-1158,FALSE,FALSE,Blocker,5446338,63d00h52m18,0
BIGTOP-1159,FALSE,FALSE,Major,20244267,234d07h24m27,0
BIGTOP-2135,FALSE,FALSE,Major,49592,00d13h46m32,0
BIGTOP-2134,FALSE,FALSE,Trivial,49364,00d13h42m44,0
BIGTOP-2137,FALSE,FALSE,Major,68365,00d18h59m25,0
BIGTOP-2136,FALSE,FALSE,Trivial,7796853,90d05h47m33,0
BIGTOP-2131,FALSE,FALSE,Major,345012,03d23h50m12,0
BIGTOP-1153,FALSE,FALSE,Major,19278262,223d03h04m22,0
BIGTOP-1150,FALSE,FALSE,Major,1285545,14d21h05m45,0
BIGTOP-558,FALSE,FALSE,Major,13188,00d03h39m48,0
BIGTOP-1011,FALSE,FALSE,Major,2589881,29d23h24m41,0
BIGTOP-559,FALSE,FALSE,Major,16818,00d04h40m18,0
BIGTOP-546,FALSE,FALSE,Major,304,00d00h05m04,0
BIGTOP-545,FALSE,FALSE,Major,32143659,372d00h47m39,0
BIGTOP-544,FALSE,FALSE,Major,24688,00d06h51m28,0
BIGTOP-1729,FALSE,FALSE,Critical,1107586,12d19h39m46,0
BIGTOP-1189,FALSE,FALSE,Major,1469827,17d00h17m07,1
BIGTOP-541,FALSE,FALSE,Major,339,00d00h05m39,0
BIGTOP-540,FALSE,FALSE,Major,3521,00d00h58m41,0
BIGTOP-626,FALSE,FALSE,Major,277547,03d05h05m47,0
BIGTOP-238,FALSE,FALSE,Major,1649,00d00h27m29,0
BIGTOP-624,FALSE,FALSE,Major,25841501,299d02h11m41,0
BIGTOP-2528,FALSE,FALSE,Major,198676,02d07h11m16,0
BIGTOP-2529,FALSE,FALSE,Minor,3456496,40d00h08m16,0
BIGTOP-2350,FALSE,FALSE,Minor,1108665,12d19h57m45,0
BIGTOP-2353,FALSE,FALSE,Major,27029,00d07h30m29,0
BIGTOP-2059,FALSE,TRUE,Major,1435667,16d14h47m47,0
BIGTOP-86,FALSE,FALSE,Major,412318,04d18h31m58,0
BIGTOP-2359,FALSE,FALSE,Trivial,1311,00d00h21m51,0
BIGTOP-2603,FALSE,FALSE,Minor,6287817,72d18h36m57,0
BIGTOP-2050,FALSE,FALSE,Major,7967,00d02h12m47,0
BIGTOP-870,FALSE,FALSE,Major,1292694,14d23h04m54,0
BIGTOP-2056,FALSE,FALSE,Major,137111,01d14h05m11,0
BIGTOP-2057,FALSE,FALSE,Blocker,2389,00d00h39m49,0
BIGTOP-2054,FALSE,FALSE,Major,290631,03d08h43m51,0
BIGTOP-874,FALSE,FALSE,Major,532416,06d03h53m36,0
BIGTOP-970,FALSE,FALSE,Major,85346,00d23h42m26,0
BIGTOP-971,FALSE,FALSE,Major,85220,00d23h40m20,0
BIGTOP-976,FALSE,FALSE,Critical,122035244,1412d10h40m44,0
BIGTOP-974,FALSE,FALSE,Major,46497,00d12h54m57,0
BIGTOP-975,FALSE,FALSE,Blocker,1912783,22d03h19m43,0
BIGTOP-1639,FALSE,FALSE,Major,911693,10d13h14m53,0
BIGTOP-596,FALSE,FALSE,Blocker,2718742,31d11h12m22,0
BIGTOP-1790,FALSE,FALSE,Minor,335165,03d21h06m05,0
BIGTOP-1129,FALSE,FALSE,Blocker,283038,03d06h37m18,0
BIGTOP-1793,FALSE,FALSE,Trivial,108522,01d06h08m42,0
BIGTOP-63,FALSE,FALSE,Major,950554,11d00h02m34,0
BIGTOP-62,FALSE,FALSE,Major,950955,11d00h09m15,0
BIGTOP-61,FALSE,FALSE,Major,951250,11d00h14m10,0
BIGTOP-1798,FALSE,FALSE,Major,100335,01d03h52m15,0
BIGTOP-1652,FALSE,FALSE,Major,434,00d00h07m14,0
BIGTOP-608,FALSE,FALSE,Major,1797572,20d19h19m32,0
BIGTOP-1657,FALSE,FALSE,Major,7513124,86d22h58m44,0
BIGTOP-1124,FALSE,FALSE,Major,19548372,226d06h06m12,0
BIGTOP-2790,FALSE,FALSE,Major,6326,00d01h45m26,0
BIGTOP-2793,FALSE,FALSE,Major,59230,00d16h27m10,0
BIGTOP-2419,FALSE,FALSE,Major,9251,00d02h34m11,0
BIGTOP-1099,FALSE,FALSE,Major,795,00d00h13m15,0
BIGTOP-2797,FALSE,FALSE,Major,412255,04d18h30m55,0
BIGTOP-2796,FALSE,FALSE,Major,407331,04d17h08m51,0
BIGTOP-2799,FALSE,FALSE,Major,471494,05d10h58m14,0
BIGTOP-2798,FALSE,FALSE,Major,499397,05d18h43m17,0
BIGTOP-431,FALSE,FALSE,Major,307678,03d13h27m58,0
BIGTOP-1098,FALSE,FALSE,Major,1648,00d00h27m28,0
BIGTOP-2318,FALSE,FALSE,Major,80349,00d22h19m09,0
BIGTOP-125,FALSE,FALSE,Major,511005,05d21h56m45,0
BIGTOP-124,FALSE,FALSE,Major,512732,05d22h25m32,0
BIGTOP-530,FALSE,FALSE,Minor,267988,03d02h26m28,0
BIGTOP-126,FALSE,FALSE,Major,510390,05d21h46m30,0
BIGTOP-2557,FALSE,FALSE,Major,363635,04d05h00m35,0
BIGTOP-2556,FALSE,FALSE,Major,646014,07d11h26m54,0
BIGTOP-123,FALSE,FALSE,Major,514602,05d22h56m42,0
BIGTOP-122,FALSE,FALSE,Major,514793,05d22h59m53,0
BIGTOP-2559,FALSE,FALSE,Major,2440,00d00h40m40,0
BIGTOP-2558,FALSE,FALSE,Major,31383,00d08h43m03,0
BIGTOP-129,FALSE,FALSE,Major,455821,05d06h37m01,0
BIGTOP-1095,FALSE,FALSE,Major,12722,00d03h32m02,0
BIGTOP-282,FALSE,FALSE,Critical,81560554,943d23h42m34,0
BIGTOP-3024,FALSE,FALSE,Major,425902,04d22h18m22,0
BIGTOP-3027,FALSE,FALSE,Major,2416955,27d23h22m35,0
BIGTOP-2221,FALSE,FALSE,Major,96477,01d02h47m57,0
BIGTOP-3021,FALSE,FALSE,Major,1533779,17d18h02m59,0
BIGTOP-2223,FALSE,FALSE,Major,528,00d00h08m48,0
BIGTOP-2222,FALSE,FALSE,Minor,58849,00d16h20m49,0
BIGTOP-91,FALSE,FALSE,Major,109517,01d06h25m17,0
BIGTOP-2229,FALSE,TRUE,Major,3807326,44d01h35m26,0
BIGTOP-2228,FALSE,FALSE,Major,29834819,345d07h26m59,0
BIGTOP-83,FALSE,FALSE,Major,430305,04d23h31m45,0
BIGTOP-886,FALSE,FALSE,Major,178172,02d01h29m32,0
BIGTOP-1620,FALSE,FALSE,Major,540172,06d06h02m52,0
BIGTOP-884,FALSE,FALSE,Major,4731,00d01h18m51,0
BIGTOP-885,FALSE,FALSE,Blocker,2567341,29d17h09m01,0
BIGTOP-883,FALSE,FALSE,Major,4751,00d01h19m11,0
BIGTOP-888,FALSE,FALSE,Major,1457801,16d20h56m41,0
BIGTOP-889,FALSE,FALSE,Blocker,1061643,12d06h54m03,0
BIGTOP-2835,FALSE,FALSE,Major,1127789,13d01h16m29,0
BIGTOP-2836,FALSE,FALSE,Minor,18788,00d05h13m08,0
BIGTOP-2832,FALSE,FALSE,Blocker,197024,02d06h43m44,0
BIGTOP-498,FALSE,FALSE,Major,251886,02d21h58m06,0
BIGTOP-2838,FALSE,FALSE,Major,6026,00d01h40m26,0
BIGTOP-1875,FALSE,FALSE,Major,38157,00d10h35m57,0
BIGTOP-1874,FALSE,FALSE,Major,102793,01d04h33m13,0
BIGTOP-1877,FALSE,TRUE,Major,3339588,38d15h39m48,0
BIGTOP-1876,FALSE,FALSE,Major,286161,03d07h29m21,0
BIGTOP-1870,FALSE,TRUE,Major,378921,04d09h15m21,2
BIGTOP-2708,FALSE,FALSE,Major,253356,02d22h22m36,0
BIGTOP-1872,FALSE,FALSE,Blocker,516685,05d23h31m25,0
BIGTOP-2706,FALSE,FALSE,Critical,58824409,680d20h06m49,0
BIGTOP-2707,FALSE,FALSE,Major,70718,00d19h38m38,0
BIGTOP-1879,FALSE,FALSE,Major,134846,01d13h27m26,0
BIGTOP-758,FALSE,FALSE,Major,271551,03d03h25m51,0
BIGTOP-759,FALSE,FALSE,Major,257439,02d23h30m39,0
BIGTOP-1336,FALSE,FALSE,Major,560599,06d11h43m19,0
BIGTOP-1337,FALSE,FALSE,Major,5467765,63d06h49m25,0
BIGTOP-2766,FALSE,FALSE,Major,409116,04d17h38m36,0
BIGTOP-1239,FALSE,FALSE,Major,69318,00d19h15m18,0
BIGTOP-1238,FALSE,FALSE,Major,70780,00d19h39m40,0
BIGTOP-887,FALSE,FALSE,Major,161464,01d20h51m04,0
BIGTOP-1234,FALSE,FALSE,Major,9004,00d02h30m04,0
BIGTOP-754,FALSE,FALSE,Major,2235,00d00h37m15,0
BIGTOP-2903,FALSE,FALSE,Major,157723,01d19h48m43,0
BIGTOP-2906,FALSE,FALSE,Major,4830407,55d21h46m47,0
BIGTOP-2907,FALSE,FALSE,Major,9614,00d02h40m14,0
BIGTOP-2908,FALSE,FALSE,Blocker,75381,00d20h56m21,0
BIGTOP-2909,FALSE,FALSE,Major,8969324,103d19h28m44,0
BIGTOP-2467,FALSE,FALSE,Major,5377382,62d05h43m02,0
BIGTOP-818,FALSE,FALSE,Major,15175,00d04h12m55,0
BIGTOP-1226,FALSE,FALSE,Major,96606,01d02h50m06,0
BIGTOP-983,FALSE,FALSE,Major,273023,03d03h50m23,0
BIGTOP-1946,FALSE,FALSE,Blocker,5001,00d01h23m21,0
BIGTOP-869,FALSE,FALSE,Major,398190,04d14h36m30,0
BIGTOP-1199,FALSE,TRUE,Blocker,1098932,12d17h15m32,0
BIGTOP-2171,FALSE,TRUE,Major,1794895,20d18h34m55,0
BIGTOP-1193,FALSE,FALSE,Major,1310963,15d04h09m23,0
BIGTOP-2173,FALSE,FALSE,Major,62074,00d17h14m34,0
BIGTOP-2172,FALSE,TRUE,Major,1793598,20d18h13m18,0
BIGTOP-2175,FALSE,FALSE,Major,1721310,19d22h08m30,0
BIGTOP-1197,FALSE,FALSE,Major,168746,01d22h52m26,0
BIGTOP-2177,FALSE,FALSE,Major,426781,04d22h33m01,0
BIGTOP-2176,FALSE,TRUE,Major,5452,00d01h30m52,0
BIGTOP-1580,FALSE,FALSE,Major,11610189,134d09h03m09,0
BIGTOP-1428,FALSE,FALSE,Major,2642,00d00h44m02,0
BIGTOP-1429,FALSE,TRUE,Blocker,87823,01d00h23m43,0
BIGTOP-1585,FALSE,FALSE,Major,125677,01d10h54m37,0
BIGTOP-1671,FALSE,FALSE,Major,1115150,12d21h45m50,0
BIGTOP-2674,FALSE,FALSE,Blocker,77110,00d21h25m10,0
BIGTOP-2675,FALSE,FALSE,Major,5629638,65d03h47m18,0
BIGTOP-1589,FALSE,FALSE,Critical,4071963,47d03h06m03,1
BIGTOP-2678,FALSE,FALSE,Major,365394,04d05h29m54,0
BIGTOP-2679,FALSE,FALSE,Major,12963806,150d01h03m26,0
BIGTOP-50,FALSE,FALSE,Major,187148,02d03h59m08,0
BIGTOP-2775,FALSE,TRUE,Major,1307940,15d03h19m00,0
BIGTOP-1425,FALSE,FALSE,Major,4093,00d01h08m13,0
BIGTOP-2242,FALSE,FALSE,Critical,4555,00d01h15m55,0
BIGTOP-1346,FALSE,FALSE,Major,235710,02d17h28m30,0
BIGTOP-1345,FALSE,FALSE,Trivial,17377,00d04h49m37,0
BIGTOP-2695,FALSE,FALSE,Minor,630919,07d07h15m19,0
BIGTOP-57,FALSE,FALSE,Major,96628,01d02h50m28,0
BIGTOP-374,FALSE,FALSE,Minor,3062523,35d10h42m03,0
BIGTOP-376,FALSE,FALSE,Major,1242,00d00h20m42,0
BIGTOP-1606,FALSE,TRUE,Major,87153,01d00h12m33,0
BIGTOP-1607,FALSE,FALSE,Major,349195,04d00h59m55,0
BIGTOP-1604,FALSE,FALSE,Critical,244276,02d19h51m16,0
BIGTOP-373,FALSE,FALSE,Major,282939,03d06h35m39,0
BIGTOP-1562,FALSE,TRUE,Major,112024,01d07h07m04,0
BIGTOP-1567,FALSE,FALSE,Critical,10372,00d02h52m52,0
BIGTOP-1566,FALSE,FALSE,Major,99420,01d03h37m00,0
BIGTOP-1564,FALSE,FALSE,Major,2576695,29d19h44m55,0
BIGTOP-2016,FALSE,FALSE,Blocker,7804064,90d07h47m44,0
BIGTOP-2017,FALSE,FALSE,Major,708519,08d04h48m39,0
BIGTOP-2014,FALSE,FALSE,Major,1418735,16d10h05m35,0
BIGTOP-834,FALSE,FALSE,Blocker,7364640,85d05h44m00,0
BIGTOP-2404,FALSE,FALSE,Major,228,00d00h03m48,0
BIGTOP-830,FALSE,FALSE,Minor,119617,01d09h13m37,0
BIGTOP-936,FALSE,FALSE,Critical,1064546,12d07h42m26,0
BIGTOP-1010,FALSE,FALSE,Minor,795865,09d05h04m25,0
BIGTOP-935,FALSE,FALSE,Critical,1061356,12d06h49m16,0
BIGTOP-859,FALSE,FALSE,Major,1201616,13d21h46m56,0
BIGTOP-930,FALSE,FALSE,Major,19697,00d05h28m17,0
BIGTOP-2019,FALSE,FALSE,Major,29078,00d08h04m38,0
BIGTOP-23,FALSE,FALSE,Major,20030,00d05h33m50,0
BIGTOP-20,FALSE,FALSE,Minor,2659256,30d18h40m56,0
BIGTOP-26,FALSE,FALSE,Major,330035,03d19h40m35,0
BIGTOP-25,FALSE,FALSE,Minor,5771753,66d19h15m53,0
BIGTOP-552,FALSE,FALSE,Major,63194,00d17h33m14,0
BIGTOP-1048,FALSE,FALSE,Major,25288071,292d16h27m51,0
BIGTOP-1694,FALSE,FALSE,Major,266613,03d02h03m33,0
BIGTOP-1690,FALSE,FALSE,Critical,23081030,267d03h23m50,0
BIGTOP-3151,FALSE,FALSE,Major,2385522,27d14h38m42,0
BIGTOP-1757,FALSE,FALSE,Major,1341726,15d12h42m06,0
BIGTOP-1514,FALSE,FALSE,Major,126559,01d11h09m19,0
BIGTOP-1513,FALSE,FALSE,Major,673091,07d18h58m11,0
BIGTOP-1169,FALSE,FALSE,Major,21290592,246d10h03m12,0
BIGTOP-1511,FALSE,FALSE,Trivial,18133,00d05h02m13,0
BIGTOP-88,FALSE,FALSE,Major,4496,00d01h14m56,0
BIGTOP-1300,FALSE,TRUE,Major,153675,01d18h41m15,0
BIGTOP-2454,FALSE,FALSE,Minor,204560,02d08h49m20,0
BIGTOP-2453,FALSE,FALSE,Minor,207230,02d09h33m50,0
MAPREDUCE-3916,FALSE,FALSE,Critical,3007217,34d19h20m17,0
BIGTOP-579,FALSE,FALSE,Minor,172580,01d23h56m20,0
BIGTOP-574,FALSE,FALSE,Minor,2502232,28d23h03m52,1
BIGTOP-2514,FALSE,TRUE,Major,8934808,103d09h53m28,0
BIGTOP-2513,FALSE,FALSE,Minor,9163,00d02h32m43,0
BIGTOP-2512,FALSE,FALSE,Trivial,11791,00d03h16m31,0
BIGTOP-2308,FALSE,FALSE,Major,454483,05d06h14m43,0
BIGTOP-2265,FALSE,FALSE,Major,2518993,29d03h43m13,0
BIGTOP-2264,FALSE,TRUE,Major,2497322,28d21h42m02,0
BIGTOP-677,FALSE,FALSE,Major,88140,01d00h29m00,0
BIGTOP-676,FALSE,FALSE,Major,83527,00d23h12m07,0
BIGTOP-2302,FALSE,FALSE,Minor,41712,00d11h35m12,0
BIGTOP-2303,FALSE,FALSE,Minor,40493,00d11h14m53,0
BIGTOP-2301,FALSE,FALSE,Major,3627,00d01h00m27,0
BIGTOP-841,FALSE,FALSE,Major,1304275,15d02h17m55,0
BIGTOP-2067,FALSE,FALSE,Major,511622,05d22h07m02,0
BIGTOP-2066,FALSE,FALSE,Major,19144,00d05h19m04,0
BIGTOP-844,FALSE,FALSE,Major,968549,11d05h02m29,0
BIGTOP-988,FALSE,FALSE,Blocker,1291117,14d22h38m37,0
BIGTOP-2068,FALSE,FALSE,Critical,82123,00d22h48m43,0
BIGTOP-2401,FALSE,FALSE,Minor,28943946,334d23h59m06,0
BIGTOP-565,FALSE,FALSE,Major,5172,00d01h26m12,0
BIGTOP-278,FALSE,FALSE,Minor,2955534,34d04h58m54,0
BIGTOP-1761,FALSE,FALSE,Major,526489,06d02h14m49,0
BIGTOP-1763,FALSE,FALSE,Critical,706774,08d04h19m34,0
BIGTOP-384,FALSE,FALSE,Major,931,00d00h15m31,0
BIGTOP-1764,FALSE,FALSE,Minor,504770,05d20h12m50,0
BIGTOP-1108,FALSE,FALSE,Major,2706,00d00h45m06,0
BIGTOP-793,FALSE,FALSE,Major,1124197,13d00h16m37,0
BIGTOP-1833,FALSE,FALSE,Blocker,3720520,43d01h28m40,0
BIGTOP-1832,FALSE,FALSE,Major,300873,03d11h34m33,0
BIGTOP-796,FALSE,FALSE,Major,2693,00d00h44m53,0
BIGTOP-797,FALSE,FALSE,Major,169615,01d23h06m55,0
BIGTOP-1398,FALSE,FALSE,Blocker,82181,00d22h49m41,0
BIGTOP-1839,FALSE,FALSE,Trivial,46401,00d12h53m21,0
BIGTOP-1838,FALSE,FALSE,Minor,79615,00d22h06m55,0
BIGTOP-798,FALSE,FALSE,Major,95247,01d02h27m27,0
BIGTOP-2673,FALSE,TRUE,Blocker,4929686,57d01h21m26,0
BIGTOP-2423,FALSE,FALSE,Major,142271,01d15h31m11,0
BIGTOP-2421,FALSE,TRUE,Blocker,28265756,327d03h35m56,0
BIGTOP-1205,FALSE,FALSE,Major,14218,00d03h56m58,0
BIGTOP-2427,FALSE,FALSE,Critical,1448943,16d18h29m03,1
BIGTOP-159,FALSE,FALSE,Major,172719,01d23h58m39,0
BIGTOP-2425,FALSE,FALSE,Major,241286,02d19h01m26,0
BIGTOP-155,FALSE,FALSE,Major,85900,00d23h51m40,0
BIGTOP-156,FALSE,FALSE,Major,15803,00d04h23m23,0
BIGTOP-150,FALSE,FALSE,Major,106434,01d05h33m54,0
BIGTOP-151,TRUE,FALSE,Major,105786,01d05h23m06,0
BIGTOP-152,FALSE,FALSE,Major,105444,01d05h17m24,0
BIGTOP-2585,FALSE,FALSE,Major,168508,01d22h48m28,0
BIGTOP-2587,FALSE,FALSE,Major,1066115,12d08h08m35,0
BIGTOP-2591,FALSE,FALSE,Trivial,154054,01d18h47m34,0
BIGTOP-3112,FALSE,FALSE,Major,661121,07d15h38m41,0
BIGTOP-3113,FALSE,FALSE,Major,597376,06d21h56m16,0
BIGTOP-2944,FALSE,FALSE,Major,23123651,267d15h14m11,0
BIGTOP-3054,FALSE,FALSE,Major,267251,03d02h14m11,0
BIGTOP-2946,FALSE,FALSE,Major,449547,05d04h52m27,0
BIGTOP-2891,FALSE,FALSE,Major,38624610,447d01h03m30,1
IGNITE-1195,FALSE,FALSE,Major,9917356,114d18h49m16,0
BIGTOP-2589,FALSE,FALSE,Critical,190981,02d05h03m01,0
BIGTOP-3053,FALSE,FALSE,Major,98749,01d03h25m49,0
BIGTOP-2943,FALSE,FALSE,Major,4179,00d01h09m39,0
BIGTOP-427,FALSE,FALSE,Major,1435096,16d14h38m16,1
BIGTOP-420,FALSE,FALSE,Major,2075303,24d00h28m23,0
BIGTOP-133,FALSE,FALSE,Major,453730,05d06h02m10,0
BIGTOP-1394,FALSE,TRUE,Major,12798,00d03h33m18,0
BIGTOP-1395,FALSE,FALSE,Major,9944060,115d02h14m20,1
BIGTOP-1396,FALSE,FALSE,Major,1213,00d00h20m13,0
BIGTOP-1397,FALSE,FALSE,Blocker,82307,00d22h51m47,0
BIGTOP-2849,FALSE,FALSE,Major,13020,00d03h37m00,0
BIGTOP-701,FALSE,FALSE,Major,19542,00d05h25m42,0
BIGTOP-2844,FALSE,FALSE,Minor,1718328,19d21h18m48,0
BIGTOP-2847,FALSE,TRUE,Major,416810,04d19h46m50,0
BIGTOP-131,FALSE,FALSE,Major,454475,05d06h14m35,0
BIGTOP-2841,FALSE,FALSE,Major,573945,06d15h25m45,0
BIGTOP-1399,FALSE,FALSE,Major,242,00d00h04m02,0
BIGTOP-1905,FALSE,FALSE,Major,12193653,141d03h07m33,0
BIGTOP-708,FALSE,FALSE,Major,5191,00d01h26m31,0
BIGTOP-2951,FALSE,FALSE,Major,535026,06d04h37m06,0
BIGTOP-2638,FALSE,FALSE,Major,1844,00d00h30m44,0
BIGTOP-1902,FALSE,FALSE,Trivial,16163,00d04h29m23,0
BIGTOP-2636,FALSE,FALSE,Major,428917,04d23h08m37,0
BIGTOP-2637,FALSE,FALSE,Major,2058,00d00h34m18,0
BIGTOP-2634,FALSE,FALSE,Major,28634203,331d09h56m43,0
BIGTOP-2635,FALSE,FALSE,Major,207,00d00h03m27,0
BIGTOP-1909,FALSE,FALSE,Trivial,6344964,73d10h29m24,0
BIGTOP-1092,FALSE,FALSE,Major,11759980,136d02h39m40,0
BIGTOP-2630,FALSE,FALSE,Major,544393,06d07h13m13,0
BIGTOP-1090,FALSE,FALSE,Major,16705,00d04h38m25,0
BIGTOP-2737,FALSE,FALSE,Minor,165265,01d21h54m25,0
BIGTOP-1467,FALSE,FALSE,Major,16153070,186d22h57m50,0
BIGTOP-1462,FALSE,TRUE,Blocker,77596,00d21h33m16,0
BIGTOP-1460,FALSE,FALSE,Major,1026086,11d21h01m26,0
BIGTOP-2676,FALSE,FALSE,Major,127015,01d11h16m55,0
BIGTOP-1307,FALSE,TRUE,Critical,2209866,25d13h51m06,0
BIGTOP-1306,FALSE,FALSE,Major,1241884,14d08h58m04,0
BIGTOP-493,FALSE,FALSE,Minor,151952,01d18h12m32,0
BIGTOP-1304,FALSE,TRUE,Major,4717,00d01h18m37,0
BIGTOP-1835,FALSE,FALSE,Major,74311,00d20h38m31,0
BIGTOP-496,FALSE,FALSE,Minor,66188,00d18h23m08,0
BIGTOP-2288,FALSE,FALSE,Major,180569,02d02h09m29,0
BIGTOP-1618,FALSE,FALSE,Major,403772,04d16h09m32,0
BIGTOP-1266,FALSE,FALSE,Major,1807610,20d22h06m50,0
BIGTOP-1267,FALSE,FALSE,Major,15376447,177d23h14m07,0
BIGTOP-2738,FALSE,FALSE,Critical,77109,00d21h25m09,0
BIGTOP-2281,FALSE,FALSE,Major,201282,02d07h54m42,0
BIGTOP-139,FALSE,FALSE,Major,614025,07d02h33m45,0
BIGTOP-1488,FALSE,FALSE,Major,2459395,28d11h09m55,0
BIGTOP-1526,FALSE,TRUE,Major,4958997,57d09h29m57,0
BIGTOP-1524,FALSE,TRUE,Blocker,209371,02d10h09m31,0
BIGTOP-1523,FALSE,FALSE,Major,254495,02d22h41m35,0
BIGTOP-1522,FALSE,FALSE,Major,1737374,20d02h36m14,0
BIGTOP-1097,FALSE,TRUE,Major,12022390,139d03h33m10,0
BIGTOP-560,FALSE,FALSE,Major,2354,00d00h39m14,0
BIGTOP-2120,FALSE,FALSE,Major,229295,02d15h41m35,0
BIGTOP-102,FALSE,FALSE,Major,2339845,27d01h57m25,0
BIGTOP-837,FALSE,FALSE,Blocker,867372,10d00h56m12,0
BIGTOP-2133,FALSE,FALSE,Minor,311530,03d14h32m10,0
BIGTOP-2121,FALSE,FALSE,Major,765,00d00h12m45,0
BIGTOP-2238,FALSE,FALSE,Major,864323,10d00h05m23,0
BIGTOP-2126,FALSE,FALSE,Minor,133,00d00h02m13,0
BIGTOP-208,FALSE,FALSE,Major,5461,00d01h31m01,0
BIGTOP-2649,FALSE,FALSE,Major,786545,09d02h29m05,0
BIGTOP-2648,FALSE,FALSE,Major,147320,01d16h55m20,0
BIGTOP-1096,FALSE,FALSE,Blocker,1983361,22d22h56m01,2
BIGTOP-2127,FALSE,FALSE,Major,238,00d00h03m58,0
BIGTOP-2643,FALSE,FALSE,Major,55124,00d15h18m44,0
BIGTOP-2642,FALSE,FALSE,Major,64317,00d17h51m57,0
BIGTOP-2641,FALSE,FALSE,Major,225912,02d14h45m12,0
BIGTOP-2640,FALSE,FALSE,Blocker,5108,00d01h25m08,0
BIGTOP-2644,FALSE,FALSE,Major,6245571,72d06h52m51,0
BIGTOP-1005,FALSE,FALSE,Minor,890453,10d07h20m53,0
BIGTOP-1006,FALSE,FALSE,Major,886465,10d06h14m25,0
BIGTOP-1001,FALSE,FALSE,Major,173676,02d00h14m36,0
BIGTOP-1415,FALSE,FALSE,Major,963801,11d03h43m21,0
BIGTOP-1236,FALSE,FALSE,Major,584342,06d18h19m02,0
BIGTOP-2128,FALSE,FALSE,Major,80,00d00h01m20,0
BIGTOP-85,FALSE,FALSE,Major,416307,04d19h38m27,0
BIGTOP-1733,FALSE,FALSE,Major,926963,10d17h29m23,0
BIGTOP-1730,FALSE,FALSE,Trivial,1011137,11d16h52m17,0
BIGTOP-1731,FALSE,FALSE,Major,27979,00d07h46m19,0
BIGTOP-639,FALSE,FALSE,Blocker,433610,05d00h26m50,0
BIGTOP-201,FALSE,FALSE,Major,59626,00d16h33m46,0
BIGTOP-127,FALSE,FALSE,Major,487519,05d15h25m19,0
BIGTOP-203,FALSE,FALSE,Major,359779,04d03h56m19,0
BIGTOP-1633,FALSE,FALSE,Major,38274,00d10h37m54,0
BIGTOP-634,FALSE,FALSE,Major,6062950,70d04h09m10,0
BIGTOP-1631,FALSE,FALSE,Major,415,00d00h06m55,0
BIGTOP-636,FALSE,FALSE,Major,62654,00d17h24m14,0
AMBARI-20686,FALSE,FALSE,Minor,5763323,66d16h55m23,0
BIGTOP-1636,FALSE,FALSE,Major,2457,00d00h40m57,0
BIGTOP-1635,FALSE,FALSE,Major,5436006,62d22h00m06,0
BIGTOP-173,FALSE,FALSE,Major,12662,00d03h31m02,0
BIGTOP-2346,FALSE,FALSE,Major,186365,02d03h46m05,0
BIGTOP-2347,FALSE,FALSE,Major,172775,01d23h59m35,0
BIGTOP-2344,FALSE,FALSE,Major,160224,01d20h30m24,0
BIGTOP-1987,FALSE,FALSE,Major,1870499,21d15h34m59,0
BIGTOP-2342,FALSE,FALSE,Major,4986296,57d17h04m56,0
BIGTOP-2340,FALSE,FALSE,Major,243236,02d19h33m56,0
BIGTOP-2028,FALSE,FALSE,Major,4960788,57d09h59m48,0
BIGTOP-2027,FALSE,FALSE,Major,446090,05d03h54m50,0
BIGTOP-2026,FALSE,FALSE,Major,100285,01d03h51m25,0
BIGTOP-2358,FALSE,FALSE,Trivial,76582,00d21h16m22,0
BIGTOP-800,FALSE,FALSE,Minor,1558,00d00h25m58,0
BIGTOP-801,FALSE,FALSE,Major,98194,01d03h16m34,0
BIGTOP-1094,FALSE,FALSE,Major,12893,00d03h34m53,0
BIGTOP-960,FALSE,FALSE,Major,74148,00d20h35m48,0
BIGTOP-1191,FALSE,FALSE,Major,54499,00d15h08m19,0
BIGTOP-755,FALSE,FALSE,Major,12935,00d03h35m35,0
BIGTOP-70,FALSE,FALSE,Major,3392,00d00h56m32,0
BIGTOP-968,FALSE,FALSE,Major,397269,04d14h21m09,1
BIGTOP-72,FALSE,FALSE,Major,359972,04d03h59m32,0
BIGTOP-73,FALSE,FALSE,Major,354843,04d02h34m03,0
BIGTOP-74,FALSE,FALSE,Blocker,345582,03d23h59m42,0
BIGTOP-75,FALSE,FALSE,Major,345449,03d23h57m29,0
BIGTOP-76,FALSE,FALSE,Major,100209,01d03h50m09,0
BIGTOP-77,FALSE,FALSE,Major,581415,06d17h30m15,0
BIGTOP-1894,FALSE,FALSE,Major,5265055,60d22h30m55,0
BIGTOP-334,FALSE,FALSE,Major,349,00d00h05m49,0
BIGTOP-1194,FALSE,FALSE,Minor,24067967,278d13h32m47,0
BIGTOP-339,FALSE,FALSE,Major,19539,00d05h25m39,0
BIGTOP-1132,FALSE,FALSE,Major,61987,00d17h13m07,0
BIGTOP-3001,FALSE,FALSE,Major,1268624,14d16h23m44,0
BIGTOP-1643,FALSE,FALSE,Major,170566,01d23h22m46,0
BIGTOP-513,FALSE,FALSE,Minor,713322,08d06h08m42,0
BIGTOP-119,FALSE,FALSE,Major,97256,01d03h00m56,0
PHOENIX-1574,FALSE,FALSE,Major,7483222,86d14h40m22,0
BIGTOP-1002,FALSE,FALSE,Major,18226,00d05h03m46,0
BIGTOP-2781,FALSE,FALSE,Major,153387,01d18h36m27,0
BIGTOP-110,FALSE,FALSE,Major,1464820,16d22h53m40,0
BIGTOP-2465,FALSE,FALSE,Major,1311988,15d04h26m28,0
BIGTOP-113,FALSE,FALSE,Major,211997,02d10h53m17,0
BIGTOP-442,FALSE,FALSE,Major,2192,00d00h36m32,0
BIGTOP-443,FALSE,FALSE,Major,865804,10d00h30m04,0
BIGTOP-2788,FALSE,FALSE,Trivial,26224,00d07h17m04,0
BIGTOP-2789,FALSE,FALSE,Major,11206,00d03h06m46,0
BIGTOP-521,FALSE,FALSE,Trivial,173617,02d00h13m37,0
BIGTOP-689,FALSE,FALSE,Major,1233452,14d06h37m32,0
BIGTOP-2542,FALSE,FALSE,Major,1270363,14d16h52m43,0
BIGTOP-2543,FALSE,FALSE,Minor,1415840,16d09h17m20,0
BIGTOP-525,FALSE,FALSE,Blocker,20667203,239d04h53m23,0
BIGTOP-2545,FALSE,FALSE,Major,96826,01d02h53m46,0
BIGTOP-2546,FALSE,FALSE,Major,93170,01d01h52m50,0
BIGTOP-1892,FALSE,FALSE,Minor,103583,01d04h46m23,0
BIGTOP-529,FALSE,FALSE,Minor,269487,03d02h51m27,0
BIGTOP-2549,FALSE,FALSE,Minor,663778,07d16h22m58,0
BIGTOP-3013,FALSE,FALSE,Major,1359642,15d17h40m42,0
BIGTOP-2231,FALSE,FALSE,Major,37578397,434d22h26m37,0
BIGTOP-2236,FALSE,FALSE,Major,171894,01d23h44m54,0
BIGTOP-3014,FALSE,TRUE,Major,1305325,15d02h35m25,0
BIGTOP-396,FALSE,FALSE,Major,179624,02d01h53m44,0
BIGTOP-2597,FALSE,FALSE,Major,26842,00d07h27m22,0
BIGTOP-1587,FALSE,FALSE,Major,2485,00d00h41m25,0
BIGTOP-2181,FALSE,FALSE,Critical,212434,02d11h00m34,0
BIGTOP-1586,FALSE,FALSE,Major,1111672,12d20h47m52,0
BIGTOP-446,FALSE,FALSE,Major,612573,07d02h09m33,0
BIGTOP-394,FALSE,FALSE,Major,822,00d00h13m42,0
BIGTOP-1290,FALSE,TRUE,Major,111834,01d07h03m54,0
BIGTOP-895,FALSE,FALSE,Blocker,2741580,31d17h33m00,0
BIGTOP-894,FALSE,FALSE,Blocker,417664,04d20h01m04,1
BIGTOP-896,FALSE,FALSE,Trivial,1198727,13d20h58m47,0
BIGTOP-71,FALSE,FALSE,Major,700,00d00h11m40,0
BIGTOP-1599,FALSE,FALSE,Major,95267,01d02h27m47,0
BIGTOP-899,FALSE,FALSE,Major,8366,00d02h19m26,0
BIGTOP-1420,FALSE,FALSE,Major,914059,10d13h54m19,0
BIGTOP-393,FALSE,FALSE,Major,2326097,26d22h08m17,0
BIGTOP-1940,FALSE,FALSE,Major,15730529,182d01h35m29,0
BIGTOP-1868,FALSE,FALSE,Major,57901,00d16h05m01,0
BIGTOP-1869,FALSE,FALSE,Blocker,169177,01d22h59m37,0
BIGTOP-1037,FALSE,FALSE,Major,700202,08d02h30m02,0
BIGTOP-642,FALSE,FALSE,Major,8750,00d02h25m50,0
BIGTOP-84,FALSE,FALSE,Major,614304,07d02h38m24,0
BIGTOP-1949,FALSE,FALSE,Blocker,76629,00d21h17m09,0
BIGTOP-1119,FALSE,FALSE,Major,81824,00d22h43m44,0
BIGTOP-1860,FALSE,FALSE,Major,33308,00d09h15m08,0
BIGTOP-1937,FALSE,FALSE,Major,299317,03d11h08m37,0
BIGTOP-1866,FALSE,FALSE,Major,270164,03d03h02m44,0
BIGTOP-87,FALSE,FALSE,Major,342369,03d23h06m09,0
BIGTOP-745,FALSE,FALSE,Minor,82359,00d22h52m39,0
BIGTOP-1938,FALSE,FALSE,Major,244768,02d19h59m28,0
BIGTOP-207,FALSE,FALSE,Major,7756,00d02h09m16,0
BIGTOP-81,FALSE,FALSE,Major,496240,05d17h50m40,0
BIGTOP-2774,FALSE,FALSE,Major,36944,00d10h15m44,0
BIGTOP-638,FALSE,FALSE,Blocker,414241,04d19h04m01,0
BIGTOP-699,FALSE,FALSE,Major,56040,00d15h34m00,0
BIGTOP-598,FALSE,FALSE,Major,2442,00d00h40m42,0
BIGTOP-599,FALSE,FALSE,Major,490,00d00h08m10,0
BIGTOP-637,FALSE,FALSE,Major,25064440,290d02h20m40,0
BIGTOP-1225,FALSE,FALSE,Major,247842,02d20h50m42,0
BIGTOP-2233,FALSE,FALSE,Major,148654,01d17h17m34,0
BIGTOP-597,FALSE,FALSE,Major,72089,00d20h01m29,0
BIGTOP-1220,FALSE,FALSE,Major,957199,11d01h53m19,0
BIGTOP-1221,FALSE,FALSE,Major,1720223,19d21h50m23,0
BIGTOP-592,FALSE,FALSE,Major,2910774,33d16h32m54,0
BIGTOP-1223,FALSE,TRUE,Minor,73789,00d20h29m49,1
BIGTOP-2935,FALSE,FALSE,Major,241888,02d19h11m28,0
BIGTOP-2934,FALSE,FALSE,Major,35193,00d09h46m33,0
BIGTOP-2588,FALSE,FALSE,Blocker,390415,04d12h26m55,0
BIGTOP-2930,FALSE,FALSE,Major,265583,03d01h46m23,0
BIGTOP-2981,FALSE,FALSE,Major,552,00d00h09m12,0
BIGTOP-128,FALSE,FALSE,Major,391995,04d12h53m15,0
BIGTOP-2938,FALSE,FALSE,Major,352291,04d01h51m31,0
BIGTOP-850,FALSE,TRUE,Blocker,6997719,80d23h48m39,0
BIGTOP-472,FALSE,FALSE,Major,1248306,14d10h45m06,0
BIGTOP-1963,FALSE,FALSE,Major,776306,08d23h38m26,0
BIGTOP-1344,FALSE,FALSE,Major,38658693,447d10h31m33,0
BIGTOP-488,FALSE,FALSE,Major,942232,10d21h43m52,0
BIGTOP-209,FALSE,FALSE,Major,248395,02d20h59m55,0
BIGTOP-1319,FALSE,FALSE,Trivial,55067,00d15h17m47,0
BIGTOP-2073,FALSE,FALSE,Blocker,130371,01d12h12m51,0
BIGTOP-633,FALSE,FALSE,Blocker,187913,02d04h11m53,2
BIGTOP-1390,FALSE,FALSE,Major,617076,07d03h24m36,0
BIGTOP-199,FALSE,FALSE,Major,61368,00d17h02m48,0
BIGTOP-2074,FALSE,FALSE,Major,2287916,26d11h31m56,0
BIGTOP-2771,FALSE,FALSE,Major,492926,05d16h55m26,0
BIGTOP-2162,FALSE,FALSE,Major,344964,03d23h49m24,0
BIGTOP-2607,FALSE,FALSE,Critical,158625,01d20h03m45,0
BIGTOP-2606,FALSE,FALSE,Major,34779,00d09h39m39,0
BIGTOP-2605,FALSE,FALSE,Major,1749185,20d05h53m05,0
BIGTOP-2604,FALSE,FALSE,Major,2528029,29d06h13m49,0
BIGTOP-1592,FALSE,FALSE,Major,34324,00d09h32m04,0
BIGTOP-2602,FALSE,FALSE,Major,270,00d00h04m30,0
BIGTOP-1459,FALSE,FALSE,Major,5037813,58d07h23m33,0
BIGTOP-1458,FALSE,FALSE,Major,1074845,12d10h34m05,0
BIGTOP-2762,FALSE,FALSE,Major,268678,03d02h37m58,0
BIGTOP-2763,FALSE,FALSE,Major,263658,03d01h14m18,0
BIGTOP-2764,FALSE,FALSE,Major,178659,02d01h37m39,0
BIGTOP-2765,FALSE,FALSE,Minor,83963,00d23h19m23,0
BIGTOP-2609,FALSE,FALSE,Major,1515,00d00h25m15,0
BIGTOP-2608,FALSE,FALSE,Major,2830,00d00h47m10,0
BIGTOP-2808,FALSE,FALSE,Major,1417402,16d09h43m22,0
BIGTOP-1355,FALSE,TRUE,Critical,65334,00d18h08m54,0
BIGTOP-1356,FALSE,FALSE,Major,2211883,25d14h24m43,0
BIGTOP-1357,FALSE,FALSE,Major,8604921,99d14h15m21,0
BIGTOP-2801,FALSE,FALSE,Minor,153070,01d18h31m10,0
BIGTOP-2800,FALSE,FALSE,Major,274136,03d04h08m56,0
BIGTOP-2803,FALSE,FALSE,Trivial,278636,03d05h23m56,0
BIGTOP-2805,FALSE,FALSE,Major,58495,00d16h14m55,0
BIGTOP-1294,FALSE,FALSE,Major,246279,02d20h24m39,0
BIGTOP-647,FALSE,FALSE,Blocker,274326,03d04h12m06,0
BIGTOP-2806,FALSE,FALSE,Major,159,00d00h02m39,0
BIGTOP-1677,FALSE,FALSE,Critical,85974,00d23h52m54,0
BIGTOP-1579,FALSE,FALSE,Major,2450905,28d08h48m25,0
BIGTOP-2201,FALSE,FALSE,Major,2666,00d00h44m26,0
BIGTOP-808,FALSE,FALSE,Critical,1828617,21d03h56m57,0
BIGTOP-907,FALSE,FALSE,Major,81899,00d22h44m59,0
BIGTOP-1570,FALSE,FALSE,Major,51270,00d14h14m30,0
BIGTOP-809,FALSE,FALSE,Major,1656739,19d04h12m19,0
BIGTOP-69,FALSE,FALSE,Major,6646,00d01h50m46,0
BIGTOP-1678,FALSE,FALSE,Minor,1132208,13d02h30m08,0
BIGTOP-778,FALSE,FALSE,Major,1740869,20d03h34m29,0
BIGTOP-1848,FALSE,FALSE,Blocker,65624,00d18h13m44,0
BIGTOP-929,FALSE,FALSE,Major,65551,00d18h12m31,0
BIGTOP-928,FALSE,FALSE,Major,80179,00d22h16m19,0
BIGTOP-1849,FALSE,FALSE,Critical,134464,01d13h21m04,0
BIGTOP-2159,FALSE,FALSE,Blocker,17733,00d04h55m33,0
BIGTOP-370,FALSE,FALSE,Major,20060,00d05h34m20,0
BIGTOP-920,FALSE,FALSE,Blocker,2253719,26d02h01m59,0
BIGTOP-923,FALSE,FALSE,Blocker,527690,06d02h34m50,0
BIGTOP-440,FALSE,FALSE,Major,873133,10d02h32m13,0
BIGTOP-1125,FALSE,FALSE,Major,194472,02d06h01m12,0
BIGTOP-2237,FALSE,FALSE,Major,844820,09d18h40m20,0
BIGTOP-1950,FALSE,FALSE,Blocker,1707,00d00h28m27,0
BIGTOP-40,FALSE,FALSE,Major,535028,06d04h37m08,1
BIGTOP-1818,FALSE,FALSE,Critical,1482482,17d03h48m02,0
BIGTOP-1687,FALSE,FALSE,Major,558963,06d11h16m03,0
BIGTOP-2114,FALSE,FALSE,Critical,42605,00d11h50m05,0
BIGTOP-1174,FALSE,FALSE,Major,1328301,15d08h58m21,0
BIGTOP-2932,FALSE,FALSE,Major,521923,06d00h58m43,0
BIGTOP-1170,FALSE,FALSE,Major,1209989,14d00h06m29,0
BIGTOP-2590,FALSE,FALSE,Major,259493,03d00h04m53,0
BIGTOP-1173,FALSE,FALSE,Major,1236432,14d07h27m12,0
BIGTOP-694,FALSE,FALSE,Major,31897,00d08h51m37,0
BIGTOP-45,FALSE,FALSE,Major,75945,00d21h05m45,0
BIGTOP-1071,FALSE,FALSE,Minor,15762,00d04h22m42,1
BIGTOP-1179,FALSE,FALSE,Major,34213377,395d23h42m57,0
BIGTOP-1072,FALSE,FALSE,Minor,7185421,83d03h57m01,0
BIGTOP-2509,FALSE,FALSE,Major,20556099,237d22h01m39,0
BIGTOP-3194,FALSE,FALSE,Major,52016,00d14h26m56,0
BIGTOP-774,FALSE,FALSE,Major,873,00d00h14m33,0
BIGTOP-247,FALSE,FALSE,Minor,8341,00d02h19m01,0
BIGTOP-561,FALSE,FALSE,Major,11892,00d03h18m12,0
BIGTOP-1706,FALSE,FALSE,Major,155405,01d19h10m05,0
BIGTOP-528,FALSE,FALSE,Minor,1194,00d00h19m54,0
BIGTOP-562,FALSE,FALSE,Major,10218,00d02h50m18,0
BIGTOP-2276,FALSE,FALSE,Major,5316,00d01h28m36,0
BIGTOP-397,FALSE,FALSE,Major,31931,00d08h52m11,0
BIGTOP-646,FALSE,FALSE,Major,189217,02d04h33m37,0
BIGTOP-2275,FALSE,FALSE,Major,55389,00d15h23m09,0
BIGTOP-2272,FALSE,FALSE,Blocker,1909,00d00h31m49,0
BIGTOP-1958,FALSE,FALSE,Blocker,49934,00d13h52m14,0
BIGTOP-2379,FALSE,FALSE,Major,85112,00d23h38m32,0
BIGTOP-2378,FALSE,FALSE,Major,86274,00d23h57m54,0
BIGTOP-2377,FALSE,FALSE,Major,125754,01d10h55m54,0
BIGTOP-2376,FALSE,FALSE,Major,41752,00d11h35m52,0
BIGTOP-2374,FALSE,FALSE,Major,5020266,58d02h31m06,0
BIGTOP-2373,FALSE,FALSE,Minor,100389,01d03h53m09,0
BIGTOP-2372,FALSE,FALSE,Major,104,00d00h01m44,0
BIGTOP-937,FALSE,FALSE,Major,26723,00d07h25m23,0
BIGTOP-851,FALSE,FALSE,Minor,265142,03d01h39m02,0
BIGTOP-2071,FALSE,FALSE,Blocker,1467,00d00h24m27,0
BIGTOP-853,FALSE,FALSE,Major,5331872,61d17h04m32,0
BIGTOP-1418,FALSE,FALSE,Trivial,866491,10d00h41m31,0
BIGTOP-2463,FALSE,FALSE,Critical,2243,00d00h37m23,0
BIGTOP-1327,FALSE,TRUE,Minor,376961,04d08h42m41,0
BIGTOP-857,FALSE,FALSE,Major,1365998,15d19h26m38,0
BIGTOP-836,FALSE,FALSE,Major,1732422,20d01h13m42,0
BIGTOP-990,FALSE,FALSE,Major,2612857,30d05h47m37,0
BIGTOP-2079,FALSE,FALSE,Major,1194059,13d19h40m59,0
BIGTOP-97,FALSE,FALSE,Major,2847650,32d23h00m50,0
BIGTOP-994,FALSE,FALSE,Major,5302,00d01h28m22,0
BIGTOP-835,FALSE,TRUE,Major,282731,03d06h32m11,0
BIGTOP-1371,FALSE,FALSE,Trivial,47470,00d13h11m10,0
BIGTOP-969,FALSE,FALSE,Major,220151,02d13h09m11,0
BIGTOP-43,FALSE,FALSE,Critical,57839,00d16h03m59,0
BIGTOP-244,FALSE,FALSE,Major,119668,01d09h14m28,0
BIGTOP-1778,FALSE,FALSE,Major,43159,00d11h59m19,0
BIGTOP-1779,FALSE,FALSE,Major,312084,03d14h41m24,0
BIGTOP-1776,FALSE,FALSE,Trivial,46199,00d12h49m59,0
BIGTOP-48,FALSE,FALSE,Major,4331,00d01h12m11,0
BIGTOP-1774,FALSE,FALSE,Major,74930,00d20h48m50,0
BIGTOP-1775,FALSE,FALSE,Major,774573,08d23h09m33,0
BIGTOP-367,FALSE,FALSE,Major,180664,02d02h11m04,0
BIGTOP-3023,FALSE,FALSE,Major,470435,05d10h40m35,0
BIGTOP-775,FALSE,FALSE,Major,2321981,26d20h59m41,0
