BugID, #isArch, #isInduce, #Priority, #TimeSec, #Time, #Reopen
CAY-1247,TRUE,FALSE,Major,12938739,149d18h05m39,0
CAY-1246,TRUE,FALSE,Minor,5639489,65d06h31m29,0
CAY-1245,FALSE,FALSE,Critical,6946458,80d09h34m18,0
CAY-1240,FALSE,FALSE,Major,2652696,30d16h51m36,0
CAY-1489,TRUE,FALSE,Major,1143382,13d05h36m22,0
CAY-1488,TRUE,FALSE,Minor,279001,03d05h30m01,0
CAY-1561,TRUE,FALSE,Trivial,4054595,46d22h16m35,0
CAY-1484,TRUE,FALSE,Major,1546417,17d21h33m37,0
CAY-1511,TRUE,FALSE,Minor,6635,00d01h50m35,0
CAY-751,FALSE,FALSE,Major,96287,01d02h44m47,0
CAY-750,TRUE,FALSE,Minor,2988,00d00h49m48,0
CAY-752,FALSE,FALSE,Blocker,668497,07d17h41m37,0
CAY-1966,TRUE,FALSE,Major,35243,00d09h47m23,0
CAY-754,FALSE,FALSE,Minor,664,00d00h11m04,0
CAY-1964,FALSE,FALSE,Major,9176,00d02h32m56,0
CAY-1965,FALSE,FALSE,Major,927,00d00h15m27,0
CAY-207,TRUE,FALSE,Major,49984235,578d12h30m35,0
CAY-974,TRUE,FALSE,Major,1140,00d00h19m00,0
CAY-1969,TRUE,FALSE,Major,416,00d00h06m56,0
CAY-1805,FALSE,FALSE,Trivial,395116,04d13h45m16,0
CAY-2103,TRUE,FALSE,Major,90041,01d01h00m41,0
CAY-1806,TRUE,FALSE,Major,74743,00d20h45m43,0
CAY-1748,TRUE,FALSE,Minor,10746,00d02h59m06,0
CAY-1749,FALSE,FALSE,Major,5153,00d01h25m53,0
CAY-1742,FALSE,FALSE,Trivial,1076636,12d11h03m56,0
CAY-1741,TRUE,FALSE,Minor,490,00d00h08m10,0
CAY-1744,TRUE,FALSE,Major,420237,04d20h43m57,0
CAY-1988,TRUE,FALSE,Minor,68368,00d18h59m28,0
CAY-1660,FALSE,FALSE,Minor,1436721,16d15h05m21,0
CAY-992,FALSE,FALSE,Major,1238599,14d08h03m19,0
CAY-1666,TRUE,FALSE,Minor,449065,05d04h44m25,0
CAY-1980,TRUE,FALSE,Minor,68100599,788d04h49m59,1
CAY-1668,FALSE,FALSE,Major,1520005,17d14h13m25,0
CAY-854,FALSE,FALSE,Major,184432,02d03h13m52,0
CAY-852,FALSE,FALSE,Minor,760,00d00h12m40,0
CAY-853,TRUE,FALSE,Minor,1460,00d00h24m20,0
CAY-998,TRUE,FALSE,Major,35987,00d09h59m47,0
CAY-2164,TRUE,FALSE,Major,307,00d00h05m07,0
CAY-2161,TRUE,FALSE,Major,10789677,124d21h07m57,0
CAY-1180,FALSE,FALSE,Minor,1119416,12d22h56m56,0
CAY-2244,TRUE,FALSE,Major,12358,00d03h25m58,0
CAY-1183,TRUE,FALSE,Critical,35713,00d09h55m13,0
CAY-2242,TRUE,FALSE,Major,200486,02d07h41m26,1
CAY-2243,TRUE,FALSE,Minor,2447528,28d07h52m08,0
CAY-2240,TRUE,FALSE,Minor,1472677,17d01h04m37,0
CAY-2249,FALSE,FALSE,Trivial,3007900,34d19h31m40,0
CAY-1067,TRUE,FALSE,Major,44259237,512d06h13m57,1
CAY-1063,TRUE,FALSE,Minor,222912,02d13h55m12,0
CAY-1062,FALSE,FALSE,Trivial,1688,00d00h28m08,0
CAY-1349,FALSE,FALSE,Minor,85099,00d23h38m19,0
CAY-1346,TRUE,FALSE,Minor,11371,00d03h09m31,0
CAY-1344,TRUE,FALSE,Major,230239,02d15h57m19,0
CAY-1345,TRUE,FALSE,Major,176269,02d00h57m49,0
CAY-1343,FALSE,FALSE,Minor,573201,06d15h13m21,0
CAY-1341,TRUE,FALSE,Major,3559,00d00h59m19,0
CAY-2382,TRUE,FALSE,Major,77329,00d21h28m49,0
CAY-2381,TRUE,FALSE,Major,787343,09d02h42m23,0
CAY-2429,FALSE,FALSE,Major,429987,04d23h26m27,0
CAY-2387,TRUE,FALSE,Major,2869,00d00h47m49,0
CAY-2423,FALSE,FALSE,Major,190200,02d04h50m00,0
CAY-2420,TRUE,FALSE,Major,3806,00d01h03m26,0
CAY-2388,TRUE,FALSE,Major,3169,00d00h52m49,0
CAY-2427,TRUE,FALSE,Major,1372856,15d21h20m56,0
CAY-2541,TRUE,FALSE,Major,16852505,195d01h15m05,0
CAY-2017,FALSE,FALSE,Major,4567,00d01h16m07,0
CAY-2544,TRUE,FALSE,Major,666469,07d17h07m49,0
CAY-2015,TRUE,FALSE,Major,2725536,31d13h05m36,0
CAY-2019,TRUE,FALSE,Minor,127590698,1476d17h51m38,0
CAY-1118,TRUE,FALSE,Major,325958,03d18h32m38,0
CAY-1111,TRUE,FALSE,Major,47150304,545d17h18m24,0
CAY-1110,TRUE,FALSE,Major,1707240,19d18h14m00,0
CAY-1114,TRUE,FALSE,Major,1129,00d00h18m49,0
CAY-1455,FALSE,FALSE,Major,348913,04d00h55m13,1
CAY-2497,FALSE,FALSE,Major,364627,04d05h17m07,0
CAY-2496,TRUE,FALSE,Minor,801043,09d06h30m43,0
CAY-1522,TRUE,FALSE,Major,67921140,786d02h59m00,0
CAY-1832,TRUE,FALSE,Minor,364,00d00h06m04,0
CAY-1833,FALSE,FALSE,Trivial,352010,04d01h46m50,0
CAY-1834,TRUE,FALSE,Major,4755297,55d00h54m57,0
CAY-1444,TRUE,FALSE,Minor,26471706,306d09h15m06,0
CAY-1053,TRUE,FALSE,Minor,68,00d00h01m08,0
CAY-2332,FALSE,TRUE,Major,45683977,528d17h59m37,0
CAY-2331,FALSE,FALSE,Major,74314,00d20h38m34,0
CAY-1054,FALSE,FALSE,Minor,58,00d00h00m58,0
CAY-979,TRUE,FALSE,Minor,38364030,444d00h40m30,0
CAY-1848,TRUE,FALSE,Major,37,00d00h00m37,0
CAY-1351,FALSE,FALSE,Critical,2613,00d00h43m33,0
CAY-1782,TRUE,FALSE,Major,51591847,597d03h04m07,0
CAY-1628,FALSE,FALSE,Major,60498,00d16h48m18,0
CAY-1780,TRUE,FALSE,Major,341874,03d22h57m54,0
CAY-1781,TRUE,FALSE,Trivial,202,00d00h03m22,0
CAY-1624,FALSE,FALSE,Minor,4746010,54d22h20m10,0
CAY-1627,FALSE,FALSE,Major,1078,00d00h17m58,0
CAY-756,FALSE,FALSE,Major,1331,00d00h22m11,0
CAY-1623,FALSE,FALSE,Minor,4467058,51d16h50m58,0
CAY-759,FALSE,FALSE,Major,333621,03d20h40m21,0
CAY-1232,TRUE,FALSE,Major,1895261,21d22h27m41,0
CAY-1238,FALSE,FALSE,Major,92440,01d01h40m40,0
CAY-976,TRUE,FALSE,Major,367,00d00h06m07,0
CAY-2459,FALSE,FALSE,Major,1031448,11d22h30m48,0
CAY-1804,FALSE,FALSE,Major,59423,00d16h30m23,0
CAY-923,TRUE,FALSE,Minor,2283595,26d10h19m55,0
CAY-920,FALSE,FALSE,Major,1506,00d00h25m06,0
CAY-863,FALSE,FALSE,Major,429288,04d23h14m48,0
CAY-1933,FALSE,FALSE,Major,197163,02d06h46m03,0
CAY-1934,FALSE,FALSE,Major,192872,02d05h34m32,0
CAY-928,TRUE,FALSE,Critical,13438505,155d12h55m05,0
CAY-882,FALSE,FALSE,Minor,12,00d00h00m12,0
CAY-2202,FALSE,FALSE,Minor,2165607,25d01h33m27,0
CAY-2207,TRUE,FALSE,Major,2735738,31d15h55m38,0
CAY-2204,TRUE,FALSE,Minor,505165,05d20h19m25,0
CAY-2208,TRUE,FALSE,Major,6740501,78d00h21m41,0
CAY-1650,FALSE,FALSE,Minor,4937452,57d03h30m52,0
CAY-1309,TRUE,FALSE,Critical,9371,00d02h36m11,0
CAY-1715,FALSE,FALSE,Major,160964,01d20h42m44,0
CAY-1714,TRUE,FALSE,Major,15175051,175d15h17m31,0
CAY-861,FALSE,FALSE,Minor,666,00d00h11m06,0
CAY-860,TRUE,FALSE,Major,1462873,16d22h21m13,0
CAY-1719,FALSE,FALSE,Major,949573,10d23h46m13,0
CAY-1654,TRUE,FALSE,Minor,99113,01d03h31m53,0
CAY-1307,TRUE,FALSE,Major,1261935,14d14h32m15,0
CAY-1656,TRUE,FALSE,Minor,9362,00d02h36m02,0
CAY-1305,TRUE,FALSE,Major,71578,00d19h52m58,0
WW-263,TRUE,FALSE,Major,2909960,33d16h19m20,0
CAY-1306,TRUE,FALSE,Critical,2563178,29d15h59m38,0
CAY-1657,TRUE,FALSE,Major,268422,03d02h33m42,0
CAY-2509,TRUE,FALSE,Major,791225,09d03h47m05,0
CAY-2058,TRUE,FALSE,Major,29909318,346d04h08m38,0
CAY-2505,FALSE,FALSE,Major,1201,00d00h20m01,0
CAY-2056,TRUE,FALSE,Major,30657674,354d20h01m14,0
CAY-2506,TRUE,FALSE,Minor,10455762,121d00h22m42,0
CAY-2501,FALSE,FALSE,Major,156067,01d19h21m07,0
CAY-2502,TRUE,FALSE,Major,530,00d00h08m50,0
CAY-2114,TRUE,FALSE,Major,508787,05d21h19m47,0
CAY-2113,TRUE,FALSE,Major,6182,00d01h43m02,0
CAY-2110,FALSE,FALSE,Minor,323109,03d17h45m09,0
CAY-2295,TRUE,FALSE,Major,91518,01d01h25m18,0
CAY-2297,TRUE,FALSE,Major,87822,01d00h23m42,0
CAY-2291,FALSE,FALSE,Minor,2482669,28d17h37m49,0
CAY-2118,TRUE,FALSE,Major,13652,00d03h47m32,0
CAY-2119,FALSE,FALSE,Major,1787694,20d16h34m54,0
CAY-1157,FALSE,FALSE,Minor,1208971,13d23h49m31,0
CAY-1155,FALSE,FALSE,Trivial,64,00d00h01m04,0
CAY-1018,TRUE,FALSE,Major,2628,00d00h43m48,0
CAY-1014,TRUE,FALSE,Minor,3209222,37d03h27m02,1
CAY-1013,TRUE,FALSE,Major,943593,10d22h06m33,0
CAY-2619,FALSE,FALSE,Minor,299759,03d11h15m59,0
CAY-2618,TRUE,FALSE,Major,300147,03d11h22m27,0
CAY-2596,FALSE,FALSE,Major,85766,00d23h49m26,0
CAY-2594,TRUE,FALSE,Minor,274,00d00h04m34,0
CAY-2595,TRUE,FALSE,Major,1955,00d00h32m35,0
CAY-2615,FALSE,FALSE,Major,633933,07d08h05m33,0
CAY-2616,TRUE,FALSE,Minor,581118,06d17h25m18,0
CAY-1405,TRUE,FALSE,Minor,1467922,16d23h45m22,0
CAY-1404,TRUE,FALSE,Minor,1209243,13d23h54m03,0
CAY-1401,FALSE,FALSE,Minor,6607,00d01h50m07,0
CAY-12,FALSE,FALSE,Minor,28525221,330d03h40m21,0
CAY-2370,TRUE,FALSE,Major,3321981,38d10h46m21,0
CAY-1409,TRUE,FALSE,Minor,2653,00d00h44m13,0
CAY-2578,TRUE,FALSE,Major,2332,00d00h38m52,0
CAY-2470,TRUE,FALSE,Minor,164348,01d21h39m08,0
CAY-2476,FALSE,FALSE,Minor,169071,01d22h57m51,0
CAY-698,FALSE,FALSE,Major,29873489,345d18h11m29,0
CAY-2572,FALSE,FALSE,Major,532,00d00h08m52,0
CAY-2573,FALSE,FALSE,Major,3294918,38d03h15m18,0
CAY-2575,TRUE,FALSE,Major,135,00d00h02m15,0
CAY-2576,TRUE,FALSE,Major,3199545,37d00h45m45,0
CAY-2577,FALSE,FALSE,Major,461,00d00h07m41,0
CAY-2183,TRUE,FALSE,Major,2423692,28d01h14m52,0
CAY-2185,TRUE,FALSE,Major,2432357,28d03h39m17,0
CAY-597,FALSE,FALSE,Blocker,21550817,249d10h20m17,1
CAY-1578,FALSE,FALSE,Major,180831,02d02h13m51,0
CAY-1905,TRUE,FALSE,Major,910,00d00h15m10,0
CAY-1274,TRUE,FALSE,Minor,2116,00d00h35m16,0
CAY-1275,FALSE,FALSE,Major,142,00d00h02m22,0
CAY-1278,TRUE,FALSE,Major,395447,04d13h50m47,0
CAY-914,FALSE,FALSE,Major,101654,01d04h14m14,0
CAY-1575,FALSE,FALSE,Critical,267697,03d02h21m37,0
CAY-1577,TRUE,FALSE,Major,2762135,31d23h15m35,0
CAY-1472,TRUE,FALSE,Major,9036,00d02h30m36,0
CAY-1473,FALSE,FALSE,Trivial,495,00d00h08m15,0
CAY-1476,FALSE,FALSE,Major,15577084,180d06h58m04,0
CAY-1477,FALSE,FALSE,Major,35439699,410d04h21m39,0
CAY-1974,TRUE,FALSE,Major,356975,04d03h09m35,0
CAY-1977,TRUE,FALSE,Major,35692958,413d02h42m38,0
CAY-1976,TRUE,FALSE,Major,692986,08d00h29m46,0
CAY-1973,FALSE,FALSE,Major,51771,00d14h22m51,0
CAY-749,FALSE,FALSE,Major,57,00d00h00m57,0
CAY-1874,TRUE,FALSE,Major,22591,00d06h16m31,0
CAY-1876,FALSE,FALSE,Minor,438584,05d01h49m44,0
CAY-1877,FALSE,FALSE,Major,11567545,133d21h12m25,0
CAY-1979,TRUE,FALSE,Critical,930559,10d18h29m19,0
CAY-1978,FALSE,FALSE,Major,5604,00d01h33m24,0
CAY-741,TRUE,FALSE,Trivial,1412,00d00h23m32,0
CAY-1755,FALSE,FALSE,Major,270,00d00h04m30,0
CAY-1757,TRUE,FALSE,Major,128547,01d11h42m27,0
CAY-1750,FALSE,FALSE,Major,599219,06d22h26m59,0
CAY-984,TRUE,FALSE,Critical,2314,00d00h38m34,0
CAY-986,TRUE,FALSE,Major,155578,01d19h12m58,0
CAY-982,FALSE,FALSE,Minor,3433433,39d17h43m53,1
CAY-983,TRUE,FALSE,Critical,165,00d00h02m45,0
CAY-1993,TRUE,FALSE,Major,84973,00d23h36m13,0
CAY-822,TRUE,FALSE,Major,13485,00d03h44m45,0
CAY-1990,TRUE,FALSE,Minor,177197,02d01h13m17,0
CAY-1997,FALSE,FALSE,Major,1123,00d00h18m43,0
CAY-989,TRUE,FALSE,Major,857,00d00h14m17,0
CAY-1994,TRUE,FALSE,Major,11660,00d03h14m20,0
CAY-1585,FALSE,FALSE,Minor,408954,04d17h35m54,0
CAY-1581,FALSE,FALSE,Major,1276992,14d18h43m12,0
CAY-1583,FALSE,FALSE,Major,2000830,23d03h47m10,0
CAY-132,TRUE,FALSE,Critical,162006613,1875d01h50m13,0
CAY-2504,FALSE,FALSE,Major,1350,00d00h22m30,0
CAY-2153,TRUE,FALSE,Major,29588,00d08h13m08,0
CAY-2150,TRUE,FALSE,Major,185261,02d03h27m41,0
CAY-2151,TRUE,FALSE,Major,679971,07d20h52m51,0
CAY-2154,TRUE,FALSE,Major,20495,00d05h41m35,0
CAY-2155,FALSE,FALSE,Minor,14523438,168d02h17m18,0
CAY-2250,FALSE,FALSE,Minor,2995246,34d16h00m46,0
CAY-2252,FALSE,FALSE,Trivial,2854202,33d00h50m02,0
CAY-2256,TRUE,FALSE,Major,303160,03d12h12m40,0
CAY-1729,TRUE,FALSE,Major,7435013,86d01h16m53,0
CAY-1196,TRUE,FALSE,Minor,44036,00d12h13m56,0
CAY-1194,TRUE,FALSE,Major,277897,03d05h11m37,0
CAY-1052,FALSE,FALSE,Major,60871,00d16h54m31,0
CAY-1721,FALSE,FALSE,Major,3459,00d00h57m39,0
CAY-1050,TRUE,FALSE,Major,9040,00d02h30m40,0
CAY-1725,TRUE,FALSE,Major,109118,01d06h18m38,0
CAY-1726,TRUE,FALSE,Major,9073071,105d00h17m51,0
CAY-1727,FALSE,FALSE,Major,11741726,135d21h35m26,0
CAY-1298,FALSE,FALSE,Minor,6399725,74d01h42m05,0
CAY-1353,TRUE,FALSE,Major,61182,00d16h59m42,0
CAY-1352,TRUE,FALSE,Major,86257,00d23h57m37,0
CAY-1355,TRUE,FALSE,Major,362783,04d04h46m23,0
CAY-1354,TRUE,FALSE,Major,8315997,96d05h59m57,0
CAY-1356,TRUE,FALSE,Major,223763118,2589d20h25m18,0
CAY-1292,FALSE,FALSE,Major,1027348,11d21h22m28,0
CAY-1293,TRUE,FALSE,Major,98053,01d03h14m13,0
CAY-1557,TRUE,FALSE,Major,214713,02d11h38m33,0
CAY-2439,TRUE,FALSE,Major,3621277,41d21h54m37,0
CAY-2435,FALSE,FALSE,Major,497968,05d18h19m28,0
CAY-2436,FALSE,FALSE,Major,1096,00d00h18m16,0
CAY-2430,FALSE,FALSE,Major,7529936,87d03h38m56,0
CAY-2432,TRUE,FALSE,Major,112898,01d07h21m38,0
CAY-2535,TRUE,FALSE,Minor,335534,03d21h12m14,0
CAY-2537,TRUE,FALSE,Minor,144069,01d16h01m09,0
CAY-2530,TRUE,FALSE,Major,261619,03d00h40m19,0
CAY-2531,FALSE,FALSE,Minor,334894,03d21h01m34,0
CAY-2020,TRUE,FALSE,Minor,1963508,22d17h25m08,0
CAY-2533,FALSE,FALSE,Major,253953,02d22h32m33,0
CAY-797,TRUE,FALSE,Major,4714362,54d13h32m42,0
CAY-796,TRUE,FALSE,Major,8907899,103d02h24m59,0
CAY-2538,FALSE,FALSE,Major,6564017,75d23h20m17,0
CAY-792,FALSE,FALSE,Major,175041,02d00h37m21,0
CAY-1129,FALSE,FALSE,Major,63107,00d17h31m47,0
CAY-1126,FALSE,FALSE,Minor,185390,02d03h29m50,0
CAY-1122,TRUE,FALSE,Major,285356,03d07h15m56,0
CAY-1121,FALSE,FALSE,Major,7349,00d02h02m29,0
CAY-2293,TRUE,FALSE,Minor,17495,00d04h51m35,0
CAY-743,TRUE,FALSE,Major,886185,10d06h09m45,0
CAY-1827,TRUE,FALSE,Major,339,00d00h05m39,0
CAY-817,TRUE,FALSE,Minor,891,00d00h14m51,0
CAY-1828,TRUE,FALSE,Major,3812,00d01h03m32,0
CAY-1539,FALSE,FALSE,Major,14173248,164d01h00m48,0
CAY-1432,TRUE,FALSE,Major,27842597,322d06h03m17,0
CAY-2321,TRUE,TRUE,Major,1369694,15d20h28m14,0
CAY-2449,FALSE,FALSE,Minor,1203518,13d22h18m38,0
CAY-2323,FALSE,FALSE,Minor,3279890,37d23h04m50,0
CAY-2322,FALSE,FALSE,Trivial,518603,06d00h03m23,0
CAY-2324,FALSE,FALSE,Minor,593150,06d20h45m50,0
CAY-2326,TRUE,FALSE,Major,3138,00d00h52m18,0
CAY-2442,TRUE,FALSE,Blocker,61860,00d17h11m00,0
CAY-2445,TRUE,FALSE,Major,424460,04d21h54m20,0
CAY-1382,TRUE,FALSE,Minor,2254,00d00h37m34,0
CAY-1383,TRUE,FALSE,Major,83454,00d23h10m54,0
CAY-1385,FALSE,FALSE,Trivial,283,00d00h04m43,0
CAY-1388,FALSE,FALSE,Critical,2047,00d00h34m07,0
CAY-1222,FALSE,FALSE,Minor,921478,10d15h57m58,0
CAY-1224,FALSE,FALSE,Major,1119881,12d23h04m41,0
CAY-1542,TRUE,FALSE,Minor,93801,01d02h03m21,0
CAY-1546,TRUE,FALSE,Major,8904,00d02h28m24,0
CAY-1469,TRUE,FALSE,Minor,31443248,363d22h14m08,0
CAY-764,TRUE,FALSE,Major,350420,04d01h20m20,0
CAY-1468,FALSE,FALSE,Major,14598,00d04h03m18,0
CAY-2230,FALSE,FALSE,Minor,4742288,54d21h18m08,0
CAY-765,FALSE,FALSE,Minor,348273,04d00h44m33,0
CAY-2238,TRUE,FALSE,Minor,397,00d00h06m37,0
CAY-776,FALSE,FALSE,Minor,71,00d00h01m11,0
CAY-775,FALSE,FALSE,Trivial,673,00d00h11m13,0
CAY-899,TRUE,FALSE,Major,171,00d00h02m51,0
CAY-957,TRUE,FALSE,Major,147443557,1706d12h32m37,0
CAY-770,FALSE,FALSE,Critical,16477235,190d17h00m35,0
CAY-1943,TRUE,FALSE,Minor,2406734,27d20h32m14,0
CAY-2210,TRUE,FALSE,Major,5704220,66d00h30m20,0
CAY-1430,FALSE,FALSE,Major,1168009,13d12h26m49,0
CAY-763,TRUE,FALSE,Major,5453178,63d02h46m18,0
CAY-1097,TRUE,FALSE,Major,686444,07d22h40m44,0
CAY-1648,FALSE,FALSE,Minor,3716521,43d00h22m01,0
CAY-870,FALSE,FALSE,Major,933,00d00h15m33,0
CAY-2231,TRUE,FALSE,Major,79609,00d22h06m49,0
CAY-872,FALSE,FALSE,Minor,57689,00d16h01m29,0
CAY-873,FALSE,FALSE,Major,508,00d00h08m28,0
CAY-1640,FALSE,FALSE,Major,4047390,46d20h16m30,0
CAY-1313,TRUE,FALSE,Major,4359670,50d11h01m10,0
CAY-1279,TRUE,FALSE,Major,325636,03d18h27m16,0
CAY-1799,TRUE,FALSE,Major,26878391,311d02h13m11,0
CAY-1798,TRUE,FALSE,Major,19971809,231d03h43m29,0
CAY-1793,FALSE,FALSE,Major,79781,00d22h09m41,0
CAY-1795,TRUE,FALSE,Major,36101217,417d20h06m57,0
CAY-1794,FALSE,FALSE,Minor,156,00d00h02m36,0
CAY-1797,FALSE,FALSE,Minor,22218219,257d03h43m39,0
CAY-1796,TRUE,FALSE,Major,29463475,341d00h17m55,0
CAY-2109,TRUE,FALSE,Major,18418415,213d04h13m35,0
CAY-2108,TRUE,FALSE,Major,1168,00d00h19m28,0
CAY-2066,TRUE,FALSE,Major,371517,04d07h11m57,0
CAY-2064,TRUE,FALSE,Major,4667,00d01h17m47,0
CAY-2068,TRUE,FALSE,Major,3468699,40d03h31m39,0
CAY-2105,FALSE,FALSE,Major,346548,04d00h15m48,0
CAY-1169,TRUE,FALSE,Major,12682608,146d18h56m48,0
CAY-2265,TRUE,FALSE,Major,118240,01d08h50m40,0
CAY-1160,TRUE,FALSE,Major,1849926,21d09h52m06,0
CAY-1166,TRUE,FALSE,Minor,154240,01d18h50m40,0
CAY-1400,TRUE,FALSE,Major,165288,01d21h54m48,0
CAY-1368,TRUE,FALSE,Critical,207008,02d09h30m08,0
CAY-1369,TRUE,FALSE,Major,5609,00d01h33m29,0
CAY-1003,FALSE,FALSE,Major,27249,00d07h34m09,0
CAY-1005,TRUE,FALSE,Major,3842162,44d11h16m02,0
CAY-1009,TRUE,FALSE,Major,46038438,532d20h27m18,0
CAY-1361,TRUE,FALSE,Major,1529,00d00h25m29,0
CAY-1363,TRUE,FALSE,Major,5182,00d01h26m22,0
CAY-1364,TRUE,FALSE,Major,13856,00d03h50m56,1
CAY-1365,TRUE,FALSE,Major,1369,00d00h22m49,0
CAY-1367,TRUE,FALSE,Major,650346,07d12h39m06,0
CAY-2584,TRUE,FALSE,Critical,1803470,20d20h57m50,0
CAY-2586,TRUE,FALSE,Major,427499,04d22h44m59,0
CAY-2580,TRUE,FALSE,Major,2424504,28d01h28m24,0
CAY-2582,TRUE,FALSE,Major,1471548,17d00h45m48,0
CAY-2588,TRUE,FALSE,Major,169482,01d23h04m42,0
CAY-2368,FALSE,FALSE,Major,518219,05d23h56m59,0
CAY-2365,TRUE,FALSE,Minor,950033,10d23h53m53,0
CAY-2364,FALSE,FALSE,Minor,957843,11d02h04m03,0
CAY-2367,TRUE,FALSE,Minor,841654,09d17h47m34,0
CAY-2366,TRUE,FALSE,Major,256067,02d23h07m47,0
CAY-2361,FALSE,FALSE,Minor,2319063,26d20h11m03,0
CAY-2363,TRUE,FALSE,Major,249390,02d21h16m30,0
CAY-2362,TRUE,FALSE,Major,257477,02d23h31m17,0
CAY-2405,TRUE,FALSE,Major,20865,00d05h47m45,0
CAY-2401,FALSE,FALSE,Major,23892,00d06h38m12,0
CAY-732,FALSE,FALSE,Major,40951687,473d23h28m07,0
CAY-2561,FALSE,FALSE,Major,55799,00d15h29m59,0
CAY-2565,TRUE,FALSE,Major,9852410,114d00h46m50,0
CAY-1265,FALSE,FALSE,Minor,151210,01d18h00m10,0
CAY-1912,TRUE,FALSE,Major,417,00d00h06m57,0
CAY-1266,FALSE,FALSE,Critical,60069600,695d06h00m00,0
CAY-1526,FALSE,FALSE,Major,5193442,60d02h37m22,0
CAY-1505,FALSE,FALSE,Major,3077,00d00h51m17,0
CAY-1506,TRUE,FALSE,Major,5169122,59d19h52m02,0
CAY-901,TRUE,FALSE,Major,136076,01d13h47m56,0
CAY-1503,TRUE,FALSE,Major,362743,04d04h45m43,0
CAY-2318,TRUE,FALSE,Minor,3360299,38d21h24m59,0
CAY-2319,TRUE,FALSE,Minor,3298847,38d04h20m47,0
CAY-2380,FALSE,FALSE,Major,6290279,72d19h17m59,0
CAY-2310,FALSE,FALSE,Major,93148,01d01h52m28,0
CAY-2312,TRUE,FALSE,Minor,3713624,42d23h33m44,0
CAY-2313,TRUE,FALSE,Minor,594463,06d21h07m43,0
CAY-2316,FALSE,FALSE,Trivial,14805,00d04h06m45,0
CAY-755,FALSE,FALSE,Major,4008,00d01h06m48,0
CAY-2089,FALSE,FALSE,Major,179332,02d01h48m52,0
CAY-1518,TRUE,FALSE,Major,10191029,117d22h50m29,0
CAY-2080,FALSE,FALSE,Major,410908,04d18h08m28,0
CAY-2082,FALSE,FALSE,Minor,30310032,350d19h27m12,0
CAY-2084,TRUE,FALSE,Minor,8051,00d02h14m11,0
CAY-2086,FALSE,FALSE,Major,229,00d00h03m49,0
CAY-2087,TRUE,FALSE,Major,13724,00d03h48m44,0
CAY-1869,TRUE,FALSE,Major,32646,00d09h04m06,0
CAY-1868,FALSE,FALSE,Major,10029709,116d02h01m49,0
CAY-1866,FALSE,FALSE,Minor,195903,02d06h25m03,0
CAY-1671,FALSE,FALSE,Major,64733,00d17h58m53,0
CAY-1863,TRUE,FALSE,Minor,30756342,355d23h25m42,0
CAY-2389,TRUE,FALSE,Minor,433042,05d00h17m22,0
CAY-1602,FALSE,FALSE,Major,521653,06d00h54m13,0
CAY-1217,FALSE,FALSE,Minor,8611,00d02h23m31,0
CAY-830,TRUE,FALSE,Blocker,217785,02d12h29m45,0
CAY-1219,TRUE,FALSE,Minor,158471,01d20h01m11,0
CAY-832,TRUE,FALSE,Major,169001,01d22h56m41,0
CAY-835,TRUE,FALSE,Major,344365,03d23h39m25,1
CAY-1596,FALSE,FALSE,Major,1643618,19d00h33m38,0
CAY-1591,TRUE,FALSE,Minor,3281475,37d23h31m15,0
CAY-1598,TRUE,FALSE,Major,628164,07d06h29m24,0
CAY-1699,FALSE,FALSE,Major,243166,02d19h32m46,1
CAY-1694,TRUE,FALSE,Major,2171058,25d03h04m18,0
CAY-1695,TRUE,FALSE,Major,40601592,469d22h13m12,1
CAY-1696,FALSE,FALSE,Major,13832,00d03h50m32,0
CAY-1697,TRUE,FALSE,Major,34889,00d09h41m29,0
CAY-1692,TRUE,FALSE,Critical,364152,04d05h09m12,0
CAY-2016,TRUE,FALSE,Major,52122706,603d06h31m46,0
CAY-2144,TRUE,FALSE,Major,492587,05d16h49m47,0
CAY-2141,TRUE,FALSE,Major,5981851,69d05h37m31,0
CAY-2547,TRUE,FALSE,Major,2251,00d00h37m31,0
CAY-2143,TRUE,FALSE,Major,1092,00d00h18m12,0
CAY-2224,FALSE,FALSE,Major,7974,00d02h12m54,0
CAY-2226,FALSE,FALSE,Major,20257,00d05h37m37,0
CAY-2148,TRUE,FALSE,Major,199639,02d07h27m19,0
CAY-2222,TRUE,FALSE,Minor,3128,00d00h52m08,0
CAY-1739,FALSE,FALSE,Major,130171,01d12h09m31,0
CAY-1738,FALSE,FALSE,Trivial,97,00d00h01m37,0
CAY-1733,FALSE,FALSE,Major,12916179,149d11h49m39,0
CAY-1044,FALSE,FALSE,Major,167,00d00h02m47,0
CAY-1736,FALSE,FALSE,Minor,27551402,318d21h10m02,0
CAY-1735,TRUE,FALSE,Minor,97118,01d02h58m38,0
CAY-1323,TRUE,FALSE,Major,2512298,29d01h51m38,0
CAY-1328,TRUE,FALSE,Major,11339247,131d05h47m27,0
CAY-2032,TRUE,FALSE,Major,42448584,491d07h16m24,0
CAY-2037,TRUE,FALSE,Major,75244674,870d21h17m54,0
CAY-2131,TRUE,FALSE,Major,697690,08d01h48m10,0
CAY-788,TRUE,FALSE,Major,3496958,40d11h22m38,0
CAY-2138,FALSE,FALSE,Minor,1415,00d00h23m35,0
CAY-783,FALSE,FALSE,Minor,364735,04d05h18m55,0
CAY-780,FALSE,FALSE,Minor,287,00d00h04m47,0
CAY-781,FALSE,FALSE,Major,46064,00d12h47m44,0
CAY-786,FALSE,FALSE,Critical,63613,00d17h40m13,0
CAY-784,FALSE,FALSE,Critical,137696,01d14h14m56,0
CAY-785,TRUE,FALSE,Minor,30607918,354d06h11m58,0
CAY-1139,TRUE,FALSE,Major,7079333,81d22h28m53,0
CAY-1817,FALSE,FALSE,Major,27814,00d07h43m34,0
CAY-1814,FALSE,FALSE,Major,1038976,12d00h36m16,0
CAY-1818,FALSE,FALSE,Trivial,6689166,77d10h06m06,0
CAY-2354,FALSE,FALSE,Major,116155,01d08h15m55,0
CAY-2356,TRUE,FALSE,Minor,113357,01d07h29m17,0
CAY-2357,TRUE,FALSE,Minor,10578,00d02h56m18,0
CAY-2350,FALSE,FALSE,Major,1265,00d00h21m05,0
CAY-2353,FALSE,FALSE,Major,70452,00d19h34m12,0
CAY-2451,FALSE,FALSE,Major,1203210,13d22h13m30,0
CAY-2450,FALSE,FALSE,Major,1203304,13d22h15m04,0
CAY-2358,TRUE,FALSE,Minor,6661,00d01h51m01,0
CAY-2359,TRUE,FALSE,Major,6312,00d01h45m12,0
CAY-2455,TRUE,FALSE,Minor,1202197,13d21h56m37,0
CAY-1277,FALSE,FALSE,Major,78,00d00h01m18,0
CAY-2281,TRUE,FALSE,Minor,179527,02d01h52m07,0
CAY-1397,TRUE,FALSE,Major,58397,00d16h13m17,0
CAY-1396,FALSE,FALSE,Major,672,00d00h11m12,0
CAY-1258,TRUE,FALSE,Major,12321,00d03h25m21,0
CAY-1259,FALSE,FALSE,Critical,3320217,38d10h16m57,0
CAY-913,TRUE,FALSE,Minor,939,00d00h15m39,0
CAY-1257,TRUE,FALSE,Major,5133939,59d10h05m39,0
CAY-1250,TRUE,FALSE,Major,5061098,58d13h51m38,0
CAY-1252,FALSE,FALSE,Major,365808,04d05h36m48,0
CAY-2078,FALSE,FALSE,Major,418743,04d20h19m03,0
CAY-1881,FALSE,FALSE,Minor,1931893,22d08h38m13,0
CAY-1880,FALSE,FALSE,Major,969537,11d05h18m57,0
CAY-1551,FALSE,FALSE,Major,186144576,2154d10h49m36,0
CAY-1885,TRUE,FALSE,Major,3442755,39d20h19m15,0
CAY-1555,TRUE,FALSE,Major,449584,05d04h53m04,0
CAY-1490,TRUE,FALSE,Major,114619,01d07h50m19,0
CAY-1496,TRUE,FALSE,Major,91808,01d01h30m08,0
CAY-940,FALSE,FALSE,Major,34427498,398d11h11m38,0
CAY-941,FALSE,FALSE,Major,264721,03d01h32m01,0
CAY-766,TRUE,FALSE,Critical,70055,00d19h27m35,0
CAY-767,FALSE,FALSE,Minor,3646,00d01h00m46,0
CAY-947,TRUE,FALSE,Major,41376017,478d21h20m17,0
CAY-1081,TRUE,FALSE,Minor,83,00d00h01m23,0
CAY-1083,FALSE,FALSE,Minor,3040132,35d04h28m52,0
CAY-1082,TRUE,FALSE,Major,1257,00d00h20m57,0
CAY-1774,TRUE,FALSE,Minor,2039,00d00h33m59,0
CAY-845,FALSE,FALSE,Major,2074,00d00h34m34,0
CAY-847,FALSE,FALSE,Major,1402,00d00h23m22,0
CAY-1677,FALSE,FALSE,Major,11940677,138d04h51m17,0
CAY-1674,TRUE,FALSE,Minor,1274092,14d17h54m52,0
CAY-1778,TRUE,FALSE,Major,833,00d00h13m53,0
CAY-2074,FALSE,FALSE,Major,1203977,13d22h26m17,0
CAY-2077,TRUE,FALSE,Major,29815387,345d02h03m07,0
CAY-2070,FALSE,FALSE,Major,10330018,119d13h26m58,0
CAY-2073,FALSE,FALSE,Major,103,00d00h01m43,0
CAY-2175,FALSE,FALSE,Major,156284,01d19h24m44,0
CAY-2171,FALSE,FALSE,Major,10216315,118d05h51m55,0
CAY-2221,TRUE,TRUE,Major,84205,00d23h23m25,0
CAY-2273,FALSE,FALSE,Major,401,00d00h06m41,0
CAY-2276,TRUE,FALSE,Major,4095,00d01h08m15,0
CAY-2275,FALSE,FALSE,Major,79355,00d22h02m35,0
CAY-2274,TRUE,FALSE,Minor,1447334,16d18h02m14,0
CAY-1177,TRUE,FALSE,Major,14163105,163d22h11m45,0
CAY-1176,TRUE,FALSE,Major,278940,03d05h29m00,0
CAY-1170,FALSE,FALSE,Major,6325039,73d04h57m19,0
CAY-1074,TRUE,FALSE,Critical,52966,00d14h42m46,0
CAY-1379,TRUE,FALSE,Major,588933,06d19h35m33,0
CAY-1378,TRUE,FALSE,Major,1233161,14d06h32m41,0
CAY-1072,TRUE,FALSE,Major,10804,00d03h00m04,0
CAY-1073,FALSE,FALSE,Major,4867,00d01h21m07,0
CAY-1371,TRUE,FALSE,Major,254688,02d22h44m48,0
CAY-1377,FALSE,FALSE,Major,786642,09d02h30m42,0
CAY-1376,TRUE,FALSE,Major,3044433,35d05h40m33,1
CAY-2392,FALSE,FALSE,Minor,621837,07d04h43m57,0
CAY-2397,TRUE,FALSE,Major,672443,07d18h47m23,0
CAY-2417,FALSE,FALSE,Trivial,37671307,436d00h15m07,0
CAY-2003,TRUE,FALSE,Major,871189,10d01h59m49,0
CAY-2411,TRUE,FALSE,Major,1905824,22d01h23m44,0
CAY-2559,TRUE,FALSE,Major,1246,00d00h20m46,0
CAY-2008,TRUE,FALSE,Major,19685,00d05h28m05,0
CAY-1416,FALSE,FALSE,Minor,199800,02d07h30m00,0
CAY-2553,TRUE,FALSE,Major,2673062,30d22h31m02,0
CAY-2419,FALSE,FALSE,Minor,521089,06d00h44m49,0
CAY-2418,FALSE,FALSE,Minor,3642289,42d03h44m49,1
CAY-1103,FALSE,FALSE,Major,3037702,35d03h48m22,0
CAY-1104,TRUE,FALSE,Major,313147,03d14h59m07,0
CAY-1106,FALSE,FALSE,Major,31781228,367d20h07m08,0
CAY-1043,FALSE,FALSE,Minor,26682,00d07h24m42,0
CAY-2484,FALSE,FALSE,Blocker,364549,04d05h15m49,0
CAY-2480,FALSE,FALSE,Major,950921,11d00h08m41,0
CAY-1926,TRUE,FALSE,Minor,88180598,1020d14h36m38,0
CAY-1924,TRUE,FALSE,Critical,17488,00d04h51m28,0
CAY-1923,TRUE,FALSE,Major,23898,00d06h38m18,0
CAY-1519,FALSE,FALSE,Critical,5240620,60d15h43m40,0
CAY-1921,TRUE,FALSE,Major,3108408,35d23h26m48,0
CAY-1517,FALSE,FALSE,Major,1459282,16d21h21m22,0
CAY-1516,TRUE,FALSE,Major,1525356,17d15h42m36,0
CAY-1515,FALSE,FALSE,Major,205,00d00h03m25,0
CAY-932,FALSE,FALSE,Minor,956411,11d01h40m11,0
CAY-1513,FALSE,FALSE,Critical,29777698,344d15h34m58,0
CAY-934,TRUE,FALSE,Major,30218,00d08h23m38,0
CAY-1928,TRUE,FALSE,Major,105388,01d05h16m28,0
CAY-2309,TRUE,FALSE,Major,962409,11d03h20m09,0
CAY-2308,TRUE,FALSE,Minor,1121079,12d23h24m39,0
CAY-1452,TRUE,FALSE,Minor,1489570,17d05h46m10,0
CAY-2307,FALSE,FALSE,Minor,360242,04d04h04m02,0
CAY-2306,FALSE,FALSE,Trivial,617718,07d03h35m18,0
CAY-1459,TRUE,FALSE,Major,49711276,575d08h41m16,0
CAY-2099,FALSE,FALSE,Major,240984,02d18h56m24,0
CAY-2098,FALSE,FALSE,Major,248185,02d20h56m25,0
CAY-966,TRUE,FALSE,Major,566023,06d13h13m43,0
CAY-2097,TRUE,FALSE,Major,7721,00d02h08m41,0
CAY-967,TRUE,FALSE,Major,3089,00d00h51m29,0
CAY-1095,TRUE,FALSE,Minor,909978,10d12h46m18,0
CAY-1856,TRUE,FALSE,Major,454973,05d06h22m53,0
CAY-1857,TRUE,FALSE,Minor,439328,05d02h02m08,1
CAY-1859,FALSE,FALSE,Major,32236,00d08h57m16,0
CAY-1632,FALSE,FALSE,Trivial,250,00d00h04m10,0
CAY-1631,TRUE,FALSE,Major,2283,00d00h38m03,0
CAY-1634,FALSE,FALSE,Minor,16139373,186d19h09m33,0
CAY-1207,TRUE,FALSE,Major,670,00d00h11m10,0
CAY-1205,TRUE,FALSE,Critical,3318075,38d09h41m15,0
CAY-1204,TRUE,FALSE,Major,25922,00d07h12m02,0
CAY-1098,TRUE,FALSE,Major,70,00d00h01m10,0
CAY-1689,TRUE,FALSE,Major,8572317,99d05h11m57,0
CAY-1870,FALSE,FALSE,Major,15466979,179d00h22m59,0
CAY-329,FALSE,FALSE,Major,81144578,939d04h09m38,0
CAY-2605,TRUE,FALSE,Major,88327,01d00h32m07,0
CAY-2603,FALSE,FALSE,Minor,66182,00d18h23m02,0
CAY-2600,TRUE,TRUE,Major,3287245,38d01h07m25,0
CAY-2601,TRUE,FALSE,Minor,1128510,13d01h28m30,0
CAY-2236,FALSE,FALSE,Major,344851,03d23h47m31,0
CAY-2232,TRUE,FALSE,Major,74700,00d20h45m00,0
CAY-2608,FALSE,FALSE,Minor,346487,04d00h14m47,0
CAY-2609,TRUE,FALSE,Minor,258883,02d23h54m43,0
CAY-2454,FALSE,FALSE,Trivial,1202475,13d22h01m15,0
CAY-1708,TRUE,FALSE,Minor,17307699,200d07h41m39,0
CAY-1701,TRUE,FALSE,Minor,22213931,257d02h32m11,1
CAY-1335,FALSE,FALSE,Major,279613,03d05h40m13,0
CAY-1334,TRUE,FALSE,Major,310901,03d14h21m41,0
CAY-1332,TRUE,FALSE,Blocker,429434,04d23h17m14,0
CAY-1331,TRUE,FALSE,Major,1330273,15d09h31m13,0
CAY-823,TRUE,FALSE,Major,2400,00d00h40m00,0
CAY-2049,FALSE,FALSE,Major,69707,00d19h21m47,0
CAY-2047,FALSE,FALSE,Major,393771,04d13h22m51,0
CAY-2041,FALSE,FALSE,Major,78439,00d21h47m19,0
CAY-2122,TRUE,FALSE,Major,663959,07d16h25m59,0
CAY-2126,TRUE,FALSE,Blocker,35093,00d09h44m53,0
CAY-2125,TRUE,FALSE,Major,2548,00d00h42m28,0
CAY-2282,TRUE,FALSE,Major,33233861,384d15h37m41,0
CAY-2128,TRUE,FALSE,Major,189014,02d04h30m14,0
CAY-2286,TRUE,FALSE,Major,615,00d00h10m15,0
CAY-2287,TRUE,FALSE,Major,333937,03d20h45m37,0
CAY-2284,FALSE,FALSE,Major,3000,00d00h50m00,0
CAY-1783,TRUE,FALSE,Minor,1084852,12d13h20m52,0
CAY-1144,TRUE,FALSE,Minor,219,00d00h03m39,0
CAY-1028,FALSE,FALSE,Minor,32,00d00h00m32,0
CAY-1142,TRUE,FALSE,Major,9488,00d02h38m08,0
CAY-1143,FALSE,FALSE,Major,504,00d00h08m24,0
CAY-1020,FALSE,FALSE,Major,766,00d00h12m46,0
CAY-818,FALSE,FALSE,Trivial,358,00d00h05m58,0
CAY-2229,TRUE,FALSE,Major,9074650,105d00h44m10,1
CAY-1417,TRUE,FALSE,Minor,90850,01d01h14m10,0
CAY-1514,TRUE,FALSE,Major,19400299,224d12h58m19,0
CAY-1390,FALSE,FALSE,Minor,50,00d00h00m50,0
CAY-2347,FALSE,FALSE,Major,235187,02d17h19m47,0
CAY-2464,TRUE,FALSE,Major,92751,01d01h45m51,0
CAY-2462,FALSE,FALSE,Major,616868,07d03h21m08,0
CAY-2463,TRUE,FALSE,Major,445379,05d03h42m59,0
CAY-2349,TRUE,FALSE,Major,14913,00d04h08m33,0
CAY-2199,TRUE,FALSE,Minor,2727127,31d13h32m07,0
CAY-960,TRUE,FALSE,Major,13366,00d03h42m46,0
