BugID, #isArch, #isInduce, #Priority, #TimeSec, #Time, #Reopen
LANG-564,FALSE,FALSE,Major,2844253,32d22h04m13,0
LANG-1450,FALSE,FALSE,Major,535491,06d04h44m51,0
LANG-294,FALSE,FALSE,Major,40099,00d11h08m19,0
LANG-295,FALSE,FALSE,Major,2700,00d00h45m00,0
LANG-292,FALSE,FALSE,Minor,71370,00d19h49m30,0
LANG-328,FALSE,FALSE,Major,1298307,15d00h38m27,0
LANG-754,FALSE,FALSE,Minor,50034760,579d02h32m40,0
LANG-314,TRUE,FALSE,Major,188,00d00h03m08,0
LANG-693,FALSE,FALSE,Minor,66274333,767d01h32m13,0
LANG-759,FALSE,FALSE,Critical,18273,00d05h04m33,0
LANG-691,FALSE,FALSE,Major,53,00d00h00m53,0
LANG-568,FALSE,FALSE,Major,185531,02d03h32m11,0
LANG-299,FALSE,FALSE,Major,124654,01d10h37m34,0
LANG-567,FALSE,FALSE,Major,128867,01d11h47m47,0
LANG-353,FALSE,FALSE,Minor,7186234,83d04h10m34,0
LANG-1090,FALSE,FALSE,Minor,2848,00d00h47m28,0
LANG-1092,FALSE,FALSE,Major,248561,02d21h02m41,0
LANG-1089,FALSE,FALSE,Major,55435,00d15h23m55,0
LANG-494,FALSE,FALSE,Major,25900915,299d18h41m55,0
LANG-915,FALSE,TRUE,Minor,10628435,123d00h20m35,0
MNG-5418,FALSE,FALSE,Major,1725754,19d23h22m34,0
LANG-917,FALSE,FALSE,Major,3244916,37d13h21m56,0
LANG-916,TRUE,TRUE,Major,51412178,595d01h09m38,0
LANG-913,FALSE,FALSE,Minor,521,00d00h08m41,0
LANG-363,FALSE,FALSE,Minor,255389,02d22h56m29,0
LANG-1116,TRUE,FALSE,Major,1132983,13d02h43m03,0
LANG-971,FALSE,TRUE,Minor,66998,00d18h36m38,0
LANG-1320,FALSE,FALSE,Major,495,00d00h08m15,0
LANG-596,FALSE,FALSE,Minor,15676629,181d10h37m09,0
LANG-1242,FALSE,FALSE,Minor,263814,03d01h16m54,0
LANG-1245,FALSE,FALSE,Blocker,131099,01d12h24m59,0
LANG-629,FALSE,FALSE,Major,6730804,77d21h40m04,0
LANG-628,FALSE,FALSE,Minor,119275,01d09h07m55,0
LANG-1018,FALSE,FALSE,Major,64544695,747d01h04m55,0
LANG-1248,FALSE,FALSE,Major,992373,11d11h39m33,0
LANG-1401,FALSE,FALSE,Minor,1852482,21d10h34m42,0
LANG-624,TRUE,FALSE,Major,21583333,249d19h22m13,0
LANG-1406,FALSE,FALSE,Major,35083370,406d01h22m50,0
LANG-849,FALSE,FALSE,Major,664,00d00h11m04,0
LANG-1262,FALSE,FALSE,Major,87020,01d00h10m20,0
LANG-764,FALSE,FALSE,Minor,4212425,48d18h07m05,0
LANG-765,FALSE,FALSE,Major,4210365,48d17h32m45,0
LANG-571,FALSE,FALSE,Major,2534468,29d08h01m08,0
LANG-761,FALSE,FALSE,Trivial,6339119,73d08h51m59,0
LANG-685,FALSE,FALSE,Minor,534901,06d04h35m01,0
LANG-1460,FALSE,FALSE,Trivial,6891719,79d18h21m59,0
LANG-474,FALSE,FALSE,Minor,22246151,257d11h29m11,0
LANG-1071,FALSE,FALSE,Minor,2156141,24d22h55m41,0
LANG-367,FALSE,FALSE,Major,505816,05d20h30m16,1
LANG-683,FALSE,FALSE,Major,343155,03d23h19m15,0
LANG-682,FALSE,FALSE,Major,342380,03d23h06m20,0
LANG-281,FALSE,FALSE,Major,113511,01d07h31m51,0
LANG-315,FALSE,FALSE,Major,32220,00d08h57m00,0
LANG-879,FALSE,TRUE,Major,6308813,73d00h26m53,0
LANG-719,FALSE,FALSE,Major,81,00d00h01m21,0
LANG-643,FALSE,FALSE,Minor,1410398,16d07h46m38,1
LANG-736,FALSE,FALSE,Major,1194435,13d19h47m15,0
LANG-1312,FALSE,FALSE,Minor,176722,02d01h05m22,0
LANG-1311,FALSE,FALSE,Minor,92676,01d01h44m36,0
LANG-1310,FALSE,FALSE,Major,3984073,46d02h41m13,0
LANG-421,FALSE,FALSE,Blocker,1518,00d00h25m18,0
LANG-902,FALSE,FALSE,Minor,10094773,116d20h06m13,0
LANG-1314,FALSE,FALSE,Minor,95099,01d02h24m59,0
LANG-334,FALSE,FALSE,Major,9805387,113d11h43m07,0
LANG-436,FALSE,FALSE,Major,7957,00d02h12m37,0
LANG-1319,FALSE,FALSE,Major,3740902,43d07h08m22,0
LANG-1370,FALSE,FALSE,Minor,1982,00d00h33m02,0
LANG-1252,TRUE,FALSE,Major,3920587,45d09h03m07,0
LANG-961,FALSE,FALSE,Major,1516,00d00h25m16,0
LANG-1251,FALSE,FALSE,Major,390808,04d12h33m28,0
LANG-1061,TRUE,FALSE,Major,10026250,116d01h04m10,0
LANG-1060,FALSE,FALSE,Major,103146504,1193d19h48m24,0
LANG-575,TRUE,FALSE,Major,1564320,18d02h32m00,0
LANG-1142,FALSE,FALSE,Major,3769354,43d15h02m34,0
LANG-969,FALSE,FALSE,Minor,187463,02d04h04m23,0
LANG-1391,FALSE,FALSE,Minor,540806,06d06h13m26,0
LANG-1141,FALSE,FALSE,Major,1901629,22d00h13m49,0
LANG-1397,FALSE,FALSE,Major,207047,02d09h30m47,0
LANG-1147,FALSE,FALSE,Critical,55392,00d15h23m12,0
LANG-1144,FALSE,FALSE,Major,43277404,500d21h30m04,0
LANG-460,FALSE,FALSE,Minor,53982,00d14h59m42,0
LANG-672,FALSE,FALSE,Trivial,482162,05d13h56m02,0
LANG-587,FALSE,FALSE,Major,252,00d00h04m12,0
LANG-467,FALSE,FALSE,Major,33092206,383d00h16m46,0
LANG-613,FALSE,FALSE,Minor,120508248,1394d18h30m48,0
LANG-468,FALSE,FALSE,Major,103112,01d04h38m32,0
LANG-1476,FALSE,FALSE,Minor,449,00d00h07m29,0
LANG-1475,FALSE,FALSE,Major,429451,04d23h17m31,1
LANG-277,FALSE,FALSE,Minor,43060,00d11h57m40,0
LANG-271,FALSE,FALSE,Major,2842461,32d21h34m21,0
LANG-272,FALSE,FALSE,Minor,487797,05d15h29m57,0
LANG-410,FALSE,FALSE,Minor,886649,10d06h17m29,0
LANG-278,FALSE,FALSE,Trivial,11803,00d03h16m43,0
LANG-279,FALSE,FALSE,Minor,865901,10d00h31m41,0
LANG-1064,FALSE,FALSE,Major,2693,00d00h44m53,0
LANG-865,FALSE,FALSE,Major,16891,00d04h41m31,0
LANG-59,FALSE,FALSE,Major,23147622,267d21h53m42,0
LANG-984,FALSE,FALSE,Major,64570,00d17h56m10,0
LANG-1104,FALSE,FALSE,Major,7211,00d02h00m11,0
LANG-972,FALSE,FALSE,Major,518,00d00h08m38,0
LANG-1265,FALSE,FALSE,Major,14711998,170d06h39m58,0
LANG-606,TRUE,FALSE,Minor,605221,07d00h07m01,0
LANG-1072,FALSE,FALSE,Minor,6824,00d01h53m44,0
LANG-1073,FALSE,FALSE,Minor,1016736,11d18h25m36,0
LANG-1261,FALSE,FALSE,Major,2273386,26d07h29m46,0
LANG-1178,FALSE,FALSE,Major,18740070,216d21h34m30,1
LANG-1384,FALSE,FALSE,Major,1331010,15d09h43m30,0
LANG-1385,FALSE,FALSE,Minor,5369,00d01h29m29,0
LANG-979,FALSE,FALSE,Minor,36473467,422d03h31m07,0
LANG-978,FALSE,FALSE,Major,216579,02d12h09m39,0
LANG-1380,FALSE,FALSE,Minor,11277194,130d12h33m14,0
LANG-617,TRUE,FALSE,Minor,13527992,156d13h46m32,0
LANG-1285,FALSE,FALSE,Major,52839,00d14h40m39,0
LANG-381,TRUE,FALSE,Major,3235298,37d10h41m38,0
LANG-1287,FALSE,FALSE,Major,741,00d00h12m21,0
LANG-1286,FALSE,FALSE,Major,2280837,26d09h33m57,0
LANG-1281,FALSE,FALSE,Minor,246238,02d20h23m58,0
LANG-385,FALSE,FALSE,Minor,538794,06d05h39m54,0
LANG-412,FALSE,FALSE,Major,4898,00d01h21m38,0
LANG-664,FALSE,FALSE,Major,2165257,25d01h27m37,0
LANG-987,FALSE,FALSE,Blocker,61174,00d16h59m34,0
LANG-418,FALSE,FALSE,Minor,43872,00d12h11m12,0
LANG-419,FALSE,FALSE,Minor,3931948,45d12h12m28,0
LANG-1361,FALSE,FALSE,Major,12434,00d03h27m14,0
LANG-786,FALSE,FALSE,Major,252112,02d22h01m52,0
LANG-264,FALSE,FALSE,Trivial,4477,00d01h14m37,0
LANG-262,FALSE,FALSE,Critical,16005797,185d06h03m17,0
LANG-261,FALSE,FALSE,Trivial,440817,05d02h26m57,0
LANG-783,FALSE,FALSE,Trivial,1027212,11d21h20m12,0
LANG-300,FALSE,FALSE,Major,14583,00d04h03m03,0
LANG-710,TRUE,FALSE,Minor,634336,07d08h12m16,1
LANG-302,FALSE,FALSE,Major,43668663,505d10h11m03,1
LANG-303,TRUE,FALSE,Major,353573,04d02h12m53,0
LANG-304,FALSE,FALSE,Major,173,00d00h02m53,0
LANG-1003,FALSE,FALSE,Critical,301626,03d11h47m06,1
LANG-140,FALSE,FALSE,Major,12431320,143d21h08m40,0
LANG-1371,FALSE,FALSE,Minor,390,00d00h06m30,0
LANG-1278,FALSE,FALSE,Trivial,14484,00d04h01m24,0
LANG-69,TRUE,FALSE,Major,47404561,548d15h56m01,1
LANG-1374,FALSE,FALSE,Trivial,7521,00d02h05m21,0
LANG-894,FALSE,FALSE,Minor,12815215,148d07h46m55,1
LANG-896,FALSE,FALSE,Major,90352,01d01h05m52,0
LANG-1069,FALSE,FALSE,Minor,11813578,136d17h32m58,0
LANG-1041,FALSE,FALSE,Major,78766,00d21h52m46,0
LANG-66,FALSE,FALSE,Major,111111106,1286d00h11m46,0
LANG-1396,FALSE,FALSE,Major,697,00d00h11m37,0
LANG-818,FALSE,FALSE,Major,1797028,20d19h10m28,0
LANG-819,FALSE,FALSE,Minor,42152515,487d21h01m55,1
LANG-1162,FALSE,FALSE,Major,58582,00d16h16m22,0
LANG-1163,FALSE,FALSE,Major,244,00d00h04m04,0
LANG-1395,TRUE,FALSE,Major,28414,00d07h53m34,0
LANG-1055,TRUE,FALSE,Major,8017954,92d19h12m34,0
LANG-810,FALSE,FALSE,Major,5860092,67d19h48m12,0
LANG-773,FALSE,FALSE,Minor,2479,00d00h41m19,0
LANG-772,FALSE,FALSE,Minor,52644,00d14h37m24,1
LANG-814,TRUE,FALSE,Major,1662,00d00h27m42,0
LANG-777,FALSE,FALSE,Trivial,26791839,310d02h10m39,0
LANG-776,FALSE,FALSE,Major,431,00d00h07m11,0
LANG-656,FALSE,FALSE,Trivial,23074,00d06h24m34,0
LANG-1453,FALSE,FALSE,Critical,12115330,140d05h22m10,0
LANG-1292,FALSE,FALSE,Critical,279149,03d05h32m29,0
LANG-813,FALSE,FALSE,Major,2348,00d00h39m08,0
LANG-741,FALSE,FALSE,Major,30727,00d08h32m07,0
LANG-521,FALSE,FALSE,Minor,12044808,139d09h46m48,0
LANG-399,FALSE,FALSE,Minor,53991,00d14h59m51,0
LANG-463,FALSE,FALSE,Major,1196943,13d20h29m03,0
LANG-658,FALSE,FALSE,Major,8451,00d02h20m51,0
LANG-659,FALSE,FALSE,Major,3595,00d00h59m55,0
LANG-794,FALSE,FALSE,Major,96122820,1112d12h47m00,0
LANG-1199,FALSE,FALSE,Major,12440756,143d23h45m56,0
LANG-313,FALSE,FALSE,Major,73935,00d20h32m15,0
LANG-631,FALSE,FALSE,Minor,79101,00d21h58m21,0
LANG-1229,FALSE,FALSE,Major,2095632,24d06h07m12,0
LANG-1191,FALSE,FALSE,Minor,4258543,49d06h55m43,0
LANG-1190,FALSE,FALSE,Major,20471029,236d22h23m49,0
LANG-1193,FALSE,FALSE,Major,11826,00d03h17m06,0
LANG-1192,TRUE,FALSE,Major,1341247,15d12h34m07,0
LANG-882,FALSE,FALSE,Major,2209082,25d13h38m02,0
LANG-881,FALSE,FALSE,Minor,28080,00d07h48m00,0
LANG-887,FALSE,FALSE,Major,2222911,25d17h28m31,0
LANG-1205,FALSE,FALSE,Major,5223464,60d10h57m44,0
LANG-950,TRUE,FALSE,Minor,496,00d00h08m16,0
LANG-954,FALSE,FALSE,Major,456725,05d06h52m05,0
LANG-677,FALSE,FALSE,Major,2467595,28d13h26m35,1
LANG-1200,FALSE,FALSE,Trivial,222,00d00h03m42,0
LANG-1202,FALSE,FALSE,Major,16368239,189d10h43m59,0
LANG-1362,FALSE,FALSE,Minor,704667,08d03h44m27,0
LANG-1114,FALSE,FALSE,Major,1291267,14d22h41m07,0
LANG-1360,FALSE,FALSE,Major,255090,02d22h51m30,1
LANG-844,FALSE,FALSE,Minor,83842,00d23h17m22,0
LANG-708,FALSE,FALSE,Major,1883650,21d19h14m10,1
LANG-1364,FALSE,FALSE,Major,9138470,105d18h27m50,0
LANG-1112,FALSE,FALSE,Minor,817087,09d10h58m07,0
LANG-802,FALSE,FALSE,Major,15721,00d04h22m01,0
LANG-800,FALSE,FALSE,Trivial,546402,06d07h46m42,0
LANG-807,FALSE,FALSE,Minor,1807,00d00h30m07,0
LANG-1118,FALSE,FALSE,Minor,461237,05d08h07m17,0
LANG-805,FALSE,FALSE,Blocker,4808,00d01h20m08,0
LANG-703,FALSE,FALSE,Major,2301752,26d15h22m32,0
LANG-1349,TRUE,FALSE,Major,2267322,26d05h48m42,0
LANG-538,FALSE,FALSE,Major,5318252,61d13h17m32,0
LANG-477,FALSE,FALSE,Major,43346,00d12h02m26,0
LANG-530,FALSE,FALSE,Major,8613792,99d16h43m12,0
LANG-535,FALSE,FALSE,Minor,1942677,22d11h37m57,0
LANG-995,FALSE,FALSE,Major,963,00d00h16m03,0
LANG-948,FALSE,FALSE,Major,36985249,428d01h40m49,0
LANG-1188,FALSE,FALSE,Minor,28710869,332d07h14m29,0
LANG-626,FALSE,FALSE,Major,35377374,409d11h02m54,0
LANG-1186,FALSE,FALSE,Minor,2404832,27d20h00m32,0
LANG-1083,FALSE,FALSE,Trivial,17631,00d04h53m51,0
LANG-977,FALSE,FALSE,Major,52726,00d14h38m46,0
LANG-1182,FALSE,FALSE,Minor,1451167,16d19h06m07,0
LANG-393,FALSE,FALSE,Minor,839631,09d17h13m51,0
LANG-585,FALSE,FALSE,Major,281053,03d06h04m13,0
LANG-1152,FALSE,FALSE,Minor,47107,00d13h05m07,0
LANG-928,FALSE,FALSE,Major,824,00d00h13m44,0
LANG-1081,FALSE,FALSE,Trivial,749811,08d16h16m51,0
LANG-1230,FALSE,FALSE,Major,8412563,97d08h49m23,0
LANG-1219,FALSE,FALSE,Major,194051,02d05h54m11,0
LANG-1216,FALSE,FALSE,Major,17036301,197d04h18m21,0
LANG-1214,FALSE,FALSE,Major,12530556,145d00h42m36,0
LANG-920,FALSE,FALSE,Major,222,00d00h03m42,0
LANG-921,FALSE,FALSE,Major,2748,00d00h45m48,0
LANG-481,FALSE,FALSE,Minor,30889001,357d12h16m41,1
LANG-480,FALSE,FALSE,Minor,3467902,40d03h18m22,0
LANG-1357,FALSE,FALSE,Major,987,00d00h16m27,0
LANG-1355,TRUE,FALSE,Major,1020426,11d19h27m06,0
LANG-646,TRUE,FALSE,Minor,12743361,147d11h49m21,0
LANG-838,FALSE,FALSE,Minor,3290,00d00h54m50,0
LANG-1350,FALSE,FALSE,Major,504266,05d20h04m26,0
LANG-836,FALSE,FALSE,Major,21163159,244d22h39m19,0
LANG-1210,FALSE,FALSE,Minor,45679,00d12h41m19,0
LANG-552,FALSE,FALSE,Major,3006648,34d19h10m48,0
LANG-832,FALSE,FALSE,Major,1730,00d00h28m50,0
LANG-1126,FALSE,FALSE,Major,36991,00d10h16m31,0
LANG-831,TRUE,FALSE,Major,879,00d00h14m39,0
LANG-1271,FALSE,FALSE,Minor,1975844,22d20h50m44,0
LANG-662,FALSE,FALSE,Minor,3563397,41d05h49m57,0
LANG-368,FALSE,FALSE,Major,50819,00d14h06m59,1
LANG-602,FALSE,FALSE,Major,131210,01d12h26m50,0
LANG-369,FALSE,FALSE,Major,43557554,504d03h19m14,1
LANG-1276,FALSE,FALSE,Major,362965,04d04h49m25,0
LANG-339,FALSE,FALSE,Major,66539419,770d03h10m19,0
LANG-943,FALSE,FALSE,Major,1279303,14d19h21m43,0
LANG-586,FALSE,FALSE,Major,4121,00d01h08m41,0
LANG-1348,FALSE,FALSE,Major,5081111,58d19h25m11,0
LANG-946,FALSE,FALSE,Major,2044914,23d16h01m54,0
LANG-788,FALSE,FALSE,Major,1562581,18d02h03m01,0
LANG-478,FALSE,FALSE,Major,4446361,51d11h06m01,0
LANG-951,FALSE,FALSE,Major,544631,06d07h17m11,0
LANG-1133,TRUE,FALSE,Minor,267205,03d02h13m25,0
LANG-936,FALSE,FALSE,Minor,3258094,37d17h01m34,0
LANG-1131,FALSE,FALSE,Major,193,00d00h03m13,0
LANG-934,FALSE,FALSE,Minor,1055,00d00h17m35,0
LANG-1419,FALSE,FALSE,Critical,1107943,12d19h45m43,0
LANG-487,FALSE,FALSE,Major,26581852,307d15h50m52,0
LANG-720,FALSE,FALSE,Major,19522,00d05h25m22,0
LANG-822,FALSE,FALSE,Major,5154966,59d15h56m06,0
LANG-442,FALSE,FALSE,Minor,489569,05d15h59m29,0
LANG-727,TRUE,FALSE,Trivial,1932355,22d08h45m55,1
LANG-259,TRUE,FALSE,Major,7607479,88d01h11m19,0
LANG-826,FALSE,FALSE,Major,287,00d00h04m47,0
LANG-432,FALSE,FALSE,Major,47051074,544d13h44m34,0
LANG-828,TRUE,FALSE,Major,92435,01d01h40m35,1
LANG-728,TRUE,FALSE,Minor,248428,02d21h00m28,1
LANG-645,FALSE,FALSE,Major,1612735,18d15h58m55,0
LANG-360,FALSE,FALSE,Major,1938694,22d10h31m34,0
LANG-1035,FALSE,FALSE,Major,2950574,34d03h36m14,0
LANG-459,TRUE,FALSE,Major,88035,01d00h27m15,0
LANG-361,FALSE,FALSE,Trivial,50898,00d14h08m18,0
LANG-744,FALSE,FALSE,Major,4203668,48d15h41m08,1
LANG-746,FALSE,FALSE,Major,90,00d00h01m30,0
LANG-747,FALSE,FALSE,Major,60696919,702d12h15m19,1
LANG-102,FALSE,FALSE,Major,21809393,252d10h09m53,0
LANG-749,FALSE,FALSE,Major,130843,01d12h20m43,0
LANG-100,FALSE,FALSE,Major,18091831,209d09h30m31,0
LANG-581,FALSE,FALSE,Trivial,71136,00d19h45m36,0
LANG-380,FALSE,FALSE,Major,585,00d00h09m45,0
LANG-457,FALSE,FALSE,Major,4998765,57d20h32m45,0
LANG-346,FALSE,FALSE,Major,2866705,33d04h18m25,0
LANG-364,FALSE,FALSE,Trivial,42762,00d11h52m42,0
LANG-635,FALSE,FALSE,Minor,29333,00d08h08m53,0
LANG-799,TRUE,FALSE,Minor,14053160,162d15h39m20,0
LANG-365,FALSE,FALSE,Major,36573,00d10h09m33,0
LANG-1226,FALSE,FALSE,Major,7256923,83d23h48m43,0
LANG-1087,FALSE,FALSE,Major,75402,00d20h56m42,0
LANG-981,FALSE,FALSE,Major,92742,01d01h45m42,0
LANG-901,FALSE,FALSE,Minor,92779046,1073d19h57m26,0
LANG-1128,FALSE,FALSE,Major,1438,00d00h23m58,0
LANG-775,FALSE,FALSE,Major,1429,00d00h23m49,0
LANG-1232,FALSE,FALSE,Major,904,00d00h15m04,0
LANG-905,TRUE,FALSE,Major,7303434,84d12h43m54,0
LANG-858,TRUE,FALSE,Minor,213402,02d11h16m42,0
LANG-1337,FALSE,FALSE,Minor,73244,00d20h20m44,0
LANG-938,FALSE,FALSE,Major,496208,05d17h50m08,0
LANG-1120,FALSE,FALSE,Major,34218130,396d01h02m10,0
LANG-1228,TRUE,FALSE,Minor,1580751,18d07h05m51,0
LANG-1122,FALSE,FALSE,Major,694523,08d00h55m23,0
LANG-1123,TRUE,FALSE,Major,85599,00d23h46m39,0
LANG-440,TRUE,TRUE,Major,13464801,155d20h13m21,1
LANG-734,FALSE,FALSE,Major,1020,00d00h17m00,0
LANG-584,FALSE,FALSE,Major,450872,05d05h14m32,0
LANG-857,FALSE,FALSE,Minor,29498,00d08h11m38,0
LANG-638,FALSE,FALSE,Major,63760,00d17h42m40,0
LANG-428,FALSE,FALSE,Minor,89928243,1040d20h04m03,1
LANG-817,FALSE,FALSE,Major,136,00d00h02m16,0
LANG-1132,TRUE,FALSE,Major,141218,01d15h13m38,0
LANG-982,FALSE,FALSE,Major,67622,00d18h47m02,0
LANG-983,FALSE,FALSE,Major,71448,00d19h50m48,0
LANG-636,TRUE,FALSE,Major,14995983,173d13h33m03,0
LANG-1004,FALSE,FALSE,Major,8262796,95d15h13m16,0
LANG-630,FALSE,FALSE,Major,1454512,16d20h01m52,0
LANG-1002,FALSE,FALSE,Major,37443948,433d09h05m48,0
LANG-1001,FALSE,FALSE,Major,5691,00d01h34m51,0
LANG-1000,FALSE,FALSE,Minor,13036642,150d21h17m22,0
