BugID, #isArch, #isInduce, #Priority, #TimeSec, #Time, #Reopen
CONTINUUM-2008,FALSE,FALSE,Trivial,210233,02d10h23m53,0
CONTINUUM-2395,FALSE,FALSE,Major,14120289,163d10h18m09,0
CONTINUUM-2394,TRUE,FALSE,Major,6841156,79d04h19m16,0
CONTINUUM-2397,FALSE,FALSE,Major,9219617,106d17h00m17,0
CONTINUUM-2391,TRUE,FALSE,Major,13670097,158d05h14m57,0
CONTINUUM-860,FALSE,FALSE,Major,49903003,577d13h56m43,1
CONTINUUM-315,FALSE,FALSE,Blocker,21250,00d05h54m10,0
CONTINUUM-312,TRUE,FALSE,Major,10050,00d02h47m30,0
CONTINUUM-313,FALSE,FALSE,Minor,183024,02d02h50m24,0
CONTINUUM-1601,FALSE,FALSE,Minor,15853511,183d11h45m11,0
CONTINUUM-2090,FALSE,FALSE,Minor,1596189,18d11h23m09,0
CONTINUUM-1228,FALSE,FALSE,Minor,9228107,106d19h21m47,0
CONTINUUM-1229,FALSE,FALSE,Major,3536960,40d22h29m20,0
CONTINUUM-921,FALSE,FALSE,Major,253799,02d22h29m59,0
CONTINUUM-920,FALSE,FALSE,Major,158979,01d20h09m39,0
CONTINUUM-927,FALSE,FALSE,Major,27886081,322d18h08m01,0
CONTINUUM-889,FALSE,FALSE,Major,355556,04d02h45m56,0
CONTINUUM-494,FALSE,FALSE,Major,50283,00d13h58m03,0
CONTINUUM-1051,FALSE,FALSE,Major,6273,00d01h44m33,0
CONTINUUM-1119,TRUE,FALSE,Major,16217635,187d16h53m55,0
CONTINUUM-1057,FALSE,FALSE,Major,7957,00d02h12m37,0
CONTINUUM-1056,FALSE,FALSE,Major,17820,00d04h57m00,0
CONTINUUM-2147,FALSE,FALSE,Major,182,00d00h03m02,0
CONTINUUM-1589,FALSE,FALSE,Major,10767852,124d15h04m12,0
CONTINUUM-1059,FALSE,FALSE,Major,22254,00d06h10m54,0
CONTINUUM-1058,FALSE,FALSE,Major,34267,00d09h31m07,0
CONTINUUM-1116,FALSE,FALSE,Major,361635,04d04h27m15,0
CONTINUUM-1117,TRUE,FALSE,Major,458591,05d07h23m11,0
CONTINUUM-1115,FALSE,FALSE,Major,2826236,32d17h03m56,0
CONTINUUM-810,TRUE,FALSE,Major,708,00d00h11m48,0
CONTINUUM-818,FALSE,FALSE,Major,97616,01d03h06m56,0
CONTINUUM-1623,FALSE,FALSE,Minor,11804593,136d15h03m13,0
CONTINUUM-1337,FALSE,FALSE,Major,260472,03d00h21m12,0
CONTINUUM-1338,FALSE,TRUE,Major,226235,02d14h50m35,0
CONTINUUM-1339,FALSE,FALSE,Minor,224291,02d14h18m11,0
CONTINUUM-2436,FALSE,FALSE,Critical,72657368,840d22h36m08,0
CONTINUUM-2437,FALSE,FALSE,Blocker,3658210,42d08h10m10,0
CONTINUUM-2433,FALSE,FALSE,Major,166560178,1927d18h42m58,0
CONTINUUM-1026,FALSE,FALSE,Major,779,00d00h12m59,0
CONTINUUM-1755,FALSE,FALSE,Minor,37451620,433d11h13m40,0
CONTINUUM-1757,FALSE,FALSE,Minor,6155865,71d05h57m45,0
CONTINUUM-1750,FALSE,FALSE,Major,11943,00d03h19m03,0
CONTINUUM-1023,FALSE,FALSE,Minor,104672,01d05h04m32,0
CONTINUUM-1752,FALSE,FALSE,Major,2211255,25d14h14m15,0
CONTINUUM-1753,FALSE,FALSE,Major,2295373,26d13h36m13,0
CONTINUUM-1453,FALSE,FALSE,Major,1093586,12d15h46m26,0
CONTINUUM-1527,FALSE,FALSE,Major,1899,00d00h31m39,0
CONTINUUM-316,FALSE,FALSE,Major,84728,00d23h32m08,0
CONTINUUM-2595,FALSE,FALSE,Major,100865,01d04h01m05,0
CONTINUUM-1524,TRUE,FALSE,Major,12342,00d03h25m42,0
CONTINUUM-1938,FALSE,FALSE,Major,111515,01d06h58m35,0
CONTINUUM-2591,FALSE,FALSE,Critical,11292912,130d16h55m12,0
CONTINUUM-2222,FALSE,FALSE,Major,158326446,1832d11h34m06,0
CONTINUUM-2184,FALSE,FALSE,Major,108,00d00h01m48,0
CONTINUUM-2186,FALSE,FALSE,Major,5753,00d01h35m53,0
CONTINUUM-1937,FALSE,FALSE,Major,107720,01d05h55m20,0
CONTINUUM-2180,FALSE,FALSE,Major,200991,02d07h49m51,0
CONTINUUM-1931,FALSE,FALSE,Major,632404,07d07h40m04,0
CONTINUUM-1240,FALSE,FALSE,Trivial,14643,00d04h04m03,0
CONTINUUM-2183,FALSE,FALSE,Major,1080,00d00h18m00,0
CONTINUUM-1289,FALSE,FALSE,Major,79339,00d22h02m19,0
CONTINUUM-1067,FALSE,FALSE,Major,6047,00d01h40m47,0
CONTINUUM-1316,FALSE,FALSE,Minor,106277,01d05h31m17,0
CONTINUUM-1310,FALSE,FALSE,Major,4989492,57d17h58m12,0
CONTINUUM-2139,FALSE,FALSE,Major,79164,00d21h59m24,0
CONTINUUM-1988,FALSE,FALSE,Critical,254559,02d22h42m39,0
CONTINUUM-2503,TRUE,FALSE,Minor,2885817,33d09h36m57,0
CONTINUUM-2504,FALSE,FALSE,Minor,83345,00d23h09m05,0
CONTINUUM-2508,FALSE,FALSE,Trivial,3751575,43d10h06m15,0
CONTINUUM-2130,FALSE,FALSE,Minor,113888,01d07h38m08,0
CONTINUUM-1982,FALSE,FALSE,Trivial,12711177,147d02h52m57,0
CONTINUUM-1985,FALSE,FALSE,Minor,34334,00d09h32m14,0
CONTINUUM-2134,TRUE,FALSE,Major,309865,03d14h04m25,0
CONTINUUM-1987,FALSE,FALSE,Major,241352,02d19h02m32,0
CONTINUUM-2040,TRUE,FALSE,Blocker,15046,00d04h10m46,0
CONTINUUM-443,FALSE,FALSE,Major,6198,00d01h43m18,1
CONTINUUM-746,FALSE,FALSE,Minor,53702,00d14h55m02,0
CONTINUUM-2047,FALSE,FALSE,Major,879668,10d04h21m08,0
CONTINUUM-2761,FALSE,FALSE,Major,112634,01d07h17m14,0
CONTINUUM-2763,FALSE,FALSE,Major,83405,00d23h10m05,0
CONTINUUM-2765,TRUE,FALSE,Major,17759,00d04h55m59,0
CONTINUUM-2766,FALSE,FALSE,Major,1304,00d00h21m44,0
CONTINUUM-2298,FALSE,FALSE,Major,43,00d00h00m43,0
CONTINUUM-2299,FALSE,FALSE,Major,1013,00d00h16m53,0
CONTINUUM-2290,FALSE,FALSE,Minor,335288,03d21h08m08,0
CONTINUUM-353,FALSE,FALSE,Major,790694,09d03h38m14,0
CONTINUUM-350,FALSE,FALSE,Major,11974,00d03h19m34,0
CONTINUUM-1805,FALSE,FALSE,Trivial,590103,06d19h55m03,0
CONTINUUM-2297,FALSE,FALSE,Minor,181633096,2102d05h38m16,0
CONTINUUM-345,FALSE,FALSE,Major,679882,07d20h51m22,0
CONTINUUM-192,TRUE,FALSE,Major,124308,01d10h31m48,0
CONTINUUM-194,FALSE,FALSE,Critical,329296,03d19h28m16,0
CONTINUUM-2272,FALSE,FALSE,Major,411081,04d18h11m21,1
CONTINUUM-402,FALSE,FALSE,Major,48888,00d13h34m48,0
CONTINUUM-2348,FALSE,FALSE,Major,48208,00d13h23m28,0
CONTINUUM-2349,TRUE,FALSE,Major,17734919,205d06h21m59,0
CONTINUUM-2619,FALSE,FALSE,Major,35000636,405d02h23m56,0
CONTINUUM-2616,FALSE,FALSE,Major,14035266,162d10h41m06,0
CONTINUUM-2610,FALSE,FALSE,Major,71826,00d19h57m06,0
CONTINUUM-2344,FALSE,FALSE,Major,32820,00d09h07m00,0
CONTINUUM-2709,TRUE,FALSE,Major,11132271,128d20h17m51,0
CONTINUUM-491,FALSE,FALSE,Major,32937,00d09h08m57,0
CONTINUUM-492,FALSE,FALSE,Major,339910,03d22h25m10,0
CONTINUUM-995,FALSE,FALSE,Major,4519166,52d07h19m26,0
CONTINUUM-496,FALSE,FALSE,Minor,6687863,77d09h44m23,1
CONTINUUM-1372,FALSE,FALSE,Major,7149,00d01h59m09,0
CONTINUUM-375,FALSE,FALSE,Minor,91652,01d01h27m32,1
CONTINUUM-1466,FALSE,FALSE,Trivial,1332103,15d10h01m43,0
CONTINUUM-975,FALSE,FALSE,Minor,1449366,16d18h36m06,1
CONTINUUM-971,FALSE,FALSE,Critical,24895637,288d03h27m17,0
CONTINUUM-720,FALSE,FALSE,Minor,2037846,23d14h04m06,0
CONTINUUM-1383,FALSE,FALSE,Major,7892,00d02h11m32,0
CONTINUUM-1068,FALSE,FALSE,Major,19478,00d05h24m38,0
CONTINUUM-1069,FALSE,FALSE,Major,15712,00d04h21m52,0
CONTINUUM-1387,FALSE,FALSE,Major,1065011,12d07h50m11,0
CONTINUUM-1385,FALSE,FALSE,Major,20045,00d05h34m05,0
CONTINUUM-1060,FALSE,FALSE,Minor,5832,00d01h37m12,0
CONTINUUM-1061,FALSE,FALSE,Minor,8324,00d02h18m44,0
CONTINUUM-1428,FALSE,FALSE,Major,661,00d00h11m01,0
CONTINUUM-1064,FALSE,FALSE,Major,2905,00d00h48m25,0
CONTINUUM-1505,TRUE,FALSE,Major,43088138,498d16h55m38,0
CONTINUUM-1411,TRUE,FALSE,Critical,511567,05d22h06m07,0
CONTINUUM-1146,FALSE,FALSE,Minor,191,00d00h03m11,0
CONTINUUM-1417,FALSE,FALSE,Minor,5328,00d01h28m48,0
CONTINUUM-1140,FALSE,FALSE,Major,105276,01d05h14m36,0
CONTINUUM-1415,FALSE,FALSE,Major,49535,00d13h45m35,0
CONTINUUM-2329,FALSE,FALSE,Minor,195,00d00h03m15,0
CONTINUUM-1418,FALSE,FALSE,Major,331733,03d20h08m53,0
CONTINUUM-1030,TRUE,FALSE,Critical,2985496,34d13h18m16,0
CONTINUUM-2140,TRUE,FALSE,Major,42214,00d11h43m34,0
CONTINUUM-1203,FALSE,FALSE,Minor,58913,00d16h21m53,0
CONTINUUM-2490,FALSE,FALSE,Major,440596,05d02h23m16,0
CONTINUUM-2143,FALSE,FALSE,Minor,1080426,12d12h07m06,0
CONTINUUM-2144,FALSE,FALSE,Major,157433,01d19h43m53,0
CONTINUUM-2145,FALSE,FALSE,Minor,1554692,17d23h51m32,0
CONTINUUM-2494,FALSE,FALSE,Major,1873847,21d16h30m47,0
CONTINUUM-2495,TRUE,FALSE,Minor,100870988,1167d11h43m08,0
CONTINUUM-1361,FALSE,FALSE,Major,140991,01d15h09m51,1
CONTINUUM-1360,FALSE,FALSE,Major,27199385,314d19h23m05,0
CONTINUUM-2163,FALSE,FALSE,Major,12295620,142d07h27m00,0
CONTINUUM-1502,FALSE,FALSE,Minor,34730,00d09h38m50,0
CONTINUUM-2544,FALSE,FALSE,Major,1471522,17d00h45m22,0
CONTINUUM-2547,FALSE,FALSE,Trivial,3022462,34d23h34m22,0
CONTINUUM-2469,FALSE,FALSE,Major,1911,00d00h31m51,0
CONTINUUM-2468,FALSE,FALSE,Major,301381,03d11h43m01,0
CONTINUUM-2466,TRUE,FALSE,Major,726625,08d09h50m25,0
CONTINUUM-2460,FALSE,FALSE,Major,569204,06d14h06m44,0
CONTINUUM-2281,FALSE,FALSE,Minor,3109196,35d23h39m56,0
CONTINUUM-1704,TRUE,FALSE,Major,222278418,2572d16h00m18,0
CONTINUUM-1701,FALSE,FALSE,Major,4006308,46d08h51m48,0
CONTINUUM-2315,FALSE,FALSE,Major,1065,00d00h17m45,0
CONTINUUM-2314,FALSE,FALSE,Blocker,794517,09d04h41m57,1
CONTINUUM-2317,FALSE,FALSE,Major,520170,06d00h29m30,0
CONTINUUM-2316,FALSE,FALSE,Minor,1566,00d00h26m06,0
CONTINUUM-2643,FALSE,FALSE,Critical,285803,03d07h23m23,0
CONTINUUM-2641,FALSE,FALSE,Major,403017,04d15h56m57,1
CONTINUUM-1881,FALSE,FALSE,Major,1468800,17d00h00m00,0
CONTINUUM-1516,FALSE,FALSE,Major,432909,05d00h15m09,0
CONTINUUM-1515,FALSE,FALSE,Major,18647722,215d19h55m22,0
CONTINUUM-1512,FALSE,FALSE,Minor,241711,02d19h08m31,0
CONTINUUM-2318,TRUE,FALSE,Major,1719153,19d21h32m33,0
CONTINUUM-2648,FALSE,FALSE,Major,3330,00d00h55m30,0
CONTINUUM-252,FALSE,FALSE,Major,3308950,38d07h09m10,0
CONTINUUM-1688,FALSE,FALSE,Major,15893608,183d22h53m28,1
CONTINUUM-1689,FALSE,FALSE,Minor,102201023,1182d21h10m23,0
CONTINUUM-258,TRUE,FALSE,Major,2544670,29d10h51m10,0
CONTINUUM-1147,TRUE,FALSE,Major,2238555,25d21h49m15,0
CONTINUUM-1888,FALSE,FALSE,Blocker,2113,00d00h35m13,0
CONTINUUM-1569,TRUE,FALSE,Critical,79120635,915d17h57m15,0
CONTINUUM-1889,TRUE,FALSE,Major,567407,06d13h36m47,1
CONTINUUM-1561,FALSE,FALSE,Major,134568,01d13h22m48,0
CONTINUUM-1560,FALSE,FALSE,Major,322446,03d17h34m06,0
CONTINUUM-2267,TRUE,FALSE,Major,709,00d00h11m49,0
CONTINUUM-1564,FALSE,FALSE,Major,21268,00d05h54m28,0
CONTINUUM-2038,FALSE,FALSE,Major,4755570,55d00h59m30,0
CONTINUUM-2039,FALSE,FALSE,Major,8103511,93d18h58m31,0
CONTINUUM-1143,FALSE,FALSE,Critical,287274,03d07h47m54,0
CONTINUUM-691,FALSE,FALSE,Critical,33966369,393d03h06m09,0
CONTINUUM-454,FALSE,FALSE,Major,1279682,14d19h28m02,0
CONTINUUM-453,FALSE,FALSE,Major,1036074,11d23h47m54,0
CONTINUUM-320,FALSE,FALSE,Major,177,00d00h02m57,0
CONTINUUM-327,FALSE,FALSE,Minor,1654560,19d03h36m00,0
CONTINUUM-329,FALSE,FALSE,Major,782870,09d01h27m50,0
CONTINUUM-2081,FALSE,FALSE,Major,100,00d00h01m40,0
CONTINUUM-2083,TRUE,FALSE,Major,5597183,64d18h46m23,0
CONTINUUM-2724,FALSE,FALSE,Major,83,00d00h01m23,0
CONTINUUM-2726,TRUE,FALSE,Critical,7370319,85d07h18m39,1
CONTINUUM-2720,FALSE,FALSE,Major,37772392,437d04h19m52,0
CONTINUUM-2723,FALSE,FALSE,Blocker,24512716,283d17h05m16,0
CONTINUUM-1202,FALSE,FALSE,Major,89,00d00h01m29,0
CONTINUUM-937,FALSE,FALSE,Minor,25730,00d07h08m50,0
CONTINUUM-1844,FALSE,FALSE,Critical,290219,03d08h36m59,0
CONTINUUM-939,FALSE,FALSE,Major,792905,09d04h15m05,1
CONTINUUM-1201,FALSE,FALSE,Critical,71399,00d19h49m59,1
CONTINUUM-1369,FALSE,FALSE,Major,106118,01d05h28m38,0
CONTINUUM-1103,FALSE,FALSE,Major,824011,09d12h53m31,0
CONTINUUM-1102,FALSE,FALSE,Major,58223,00d16h10m23,0
CONTINUUM-1105,FALSE,FALSE,Major,811402,09d09h23m22,0
CONTINUUM-806,FALSE,FALSE,Blocker,29476,00d08h11m16,0
CONTINUUM-808,FALSE,FALSE,Major,1797444,20d19h17m24,0
CONTINUUM-1088,FALSE,FALSE,Major,6567656,76d00h20m56,0
CONTINUUM-1320,FALSE,FALSE,Major,1997070,23d02h44m30,0
CONTINUUM-1590,FALSE,FALSE,Blocker,2549575,29d12h12m55,0
CONTINUUM-986,FALSE,FALSE,Major,3529277,40d20h21m17,0
CONTINUUM-1080,FALSE,FALSE,Major,1421108,16d10h45m08,0
CONTINUUM-1081,FALSE,FALSE,Major,1104280,12d18h44m40,1
CONTINUUM-1738,FALSE,FALSE,Minor,4392206,50d20h03m26,0
CONTINUUM-1739,FALSE,FALSE,Blocker,1238706,14d08h05m06,0
CONTINUUM-2420,FALSE,FALSE,Major,29948562,346d15h02m42,0
CONTINUUM-2692,TRUE,FALSE,Major,1638,00d00h27m18,0
CONTINUUM-677,FALSE,FALSE,Minor,4957644,57d09h07m24,0
CONTINUUM-676,FALSE,FALSE,Trivial,22954530,265d16h15m30,0
CONTINUUM-1743,FALSE,FALSE,Major,57887781,669d23h56m21,0
CONTINUUM-1742,FALSE,FALSE,Major,1419673,16d10h21m13,0
CONTINUUM-1037,FALSE,FALSE,Major,23900170,276d14h56m10,0
CONTINUUM-1429,FALSE,FALSE,Major,117865,01d08h44m25,0
CONTINUUM-1746,TRUE,FALSE,Major,1088999,12d14h29m59,1
CONTINUUM-1033,FALSE,FALSE,Major,239002,02d18h23m22,1
CONTINUUM-1032,FALSE,FALSE,Major,39831,00d11h03m51,0
CONTINUUM-1420,FALSE,FALSE,Major,160731,01d20h38m51,0
CONTINUUM-1748,TRUE,FALSE,Major,915818,10d14h23m38,0
CONTINUUM-1038,TRUE,FALSE,Major,23837410,275d21h30m10,0
CONTINUUM-1552,FALSE,FALSE,Major,149911,01d17h38m31,0
CONTINUUM-2211,FALSE,FALSE,Major,395,00d00h06m35,0
CONTINUUM-1550,FALSE,FALSE,Minor,153108,01d18h31m48,0
CONTINUUM-1551,FALSE,FALSE,Major,528572,06d02h49m32,0
CONTINUUM-2214,FALSE,FALSE,Minor,184390740,2134d03h39m00,0
CONTINUUM-1557,TRUE,FALSE,Major,12437,00d03h27m17,0
CONTINUUM-1886,FALSE,FALSE,Major,477428,05d12h37m08,0
CONTINUUM-1887,FALSE,FALSE,Major,15491273,179d07h07m53,0
CONTINUUM-2218,TRUE,FALSE,Critical,1046773,12d02h46m13,0
CONTINUUM-2219,FALSE,TRUE,Major,11028,00d03h03m48,0
CONTINUUM-1559,FALSE,FALSE,Major,151904,01d18h11m44,0
CONTINUUM-2197,TRUE,FALSE,Major,1941558,22d11h19m18,1
CONTINUUM-2195,TRUE,FALSE,Major,3479263,40d06h27m43,0
CONTINUUM-2194,TRUE,FALSE,Major,10195951,118d00h12m31,0
CONTINUUM-113,FALSE,FALSE,Major,2413493,27d22h24m53,0
CONTINUUM-2694,FALSE,FALSE,Major,1121,00d00h18m41,0
CONTINUUM-2696,FALSE,FALSE,Major,7045,00d01h57m25,0
CONTINUUM-2691,FALSE,FALSE,Minor,536,00d00h08m56,0
CONTINUUM-2519,FALSE,FALSE,Major,80169708,927d21h21m48,0
CONTINUUM-2693,TRUE,FALSE,Major,497077,05d18h04m37,0
CONTINUUM-2106,TRUE,TRUE,Major,2162131,25d00h35m31,0
CONTINUUM-2454,FALSE,FALSE,Major,12704930,147d01h08m50,0
CONTINUUM-2107,FALSE,FALSE,Major,327326,03d18h55m26,0
CONTINUUM-2452,FALSE,FALSE,Major,1312602,15d04h36m42,0
CONTINUUM-2102,FALSE,FALSE,Critical,647231,07d11h47m11,0
CONTINUUM-2451,TRUE,FALSE,Major,2685967,31d02h06m07,0
CONTINUUM-2100,FALSE,FALSE,Major,2455889,28d10h11m29,0
CONTINUUM-539,FALSE,FALSE,Major,1335459,15d10h57m39,0
CONTINUUM-2450,TRUE,FALSE,Major,366249,04d05h44m09,0
CONTINUUM-2677,FALSE,FALSE,Major,94234283,1090d16h11m23,0
CONTINUUM-413,FALSE,FALSE,Major,407613,04d17h13m33,1
CONTINUUM-2675,TRUE,FALSE,Major,19735394,228d10h03m14,0
CONTINUUM-2672,TRUE,FALSE,Major,581050,06d17h24m10,0
CONTINUUM-2673,TRUE,FALSE,Major,151244,01d18h00m44,0
CONTINUUM-2670,FALSE,FALSE,Major,8610980,99d15h56m20,0
CONTINUUM-367,FALSE,FALSE,Blocker,1326570,15d08h29m30,1
CONTINUUM-1816,FALSE,FALSE,Blocker,393818,04d13h23m38,0
CONTINUUM-2285,FALSE,FALSE,Major,12005,00d03h20m05,0
CONTINUUM-1814,FALSE,FALSE,Major,52512667,607d18h51m07,0
CONTINUUM-361,FALSE,FALSE,Major,427,00d00h07m07,0
WW-4452,FALSE,FALSE,Major,709345,08d05h02m25,0
CONTINUUM-1217,FALSE,FALSE,Major,169740,01d23h09m00,0
CONTINUUM-1953,TRUE,FALSE,Major,3758752,43d12h05m52,1
CONTINUUM-2288,FALSE,FALSE,Major,675,00d00h11m15,0
CONTINUUM-165,FALSE,FALSE,Major,1482200,17d03h43m20,0
CONTINUUM-160,TRUE,FALSE,Major,3741271,43d07h14m31,0
CONTINUUM-162,FALSE,FALSE,Major,3443542,39d20h32m22,0
CONTINUUM-168,TRUE,FALSE,Major,3244186,37d13h09m46,0
CONTINUUM-2608,TRUE,FALSE,Major,7099,00d01h58m19,0
CONTINUUM-2603,FALSE,FALSE,Critical,167,00d00h02m47,0
CONTINUUM-2350,TRUE,FALSE,Major,1303885,15d02h11m25,0
CONTINUUM-2355,FALSE,FALSE,Minor,342508,03d23h08m28,0
CONTINUUM-2357,FALSE,FALSE,Major,3435,00d00h57m15,0
CONTINUUM-2356,FALSE,FALSE,Major,1223,00d00h20m23,0
CONTINUUM-25,FALSE,FALSE,Major,32059015,371d01h16m55,0
CONTINUUM-337,FALSE,FALSE,Major,316156,03d15h49m16,0
CONTINUUM-529,FALSE,FALSE,Major,28328081,327d20h54m41,0
CONTINUUM-483,FALSE,FALSE,Major,302361,03d11h59m21,0
CONTINUUM-480,FALSE,FALSE,Blocker,26144,00d07h15m44,0
CONTINUUM-481,FALSE,FALSE,Critical,572091,06d14h54m51,0
CONTINUUM-489,FALSE,FALSE,Major,2842,00d00h47m22,0
CONTINUUM-2646,FALSE,FALSE,Major,3318,00d00h55m18,0
LANG-363,FALSE,FALSE,Minor,255389,02d22h56m29,0
CONTINUUM-2075,FALSE,FALSE,Minor,7008337,81d02h45m37,1
CONTINUUM-2077,FALSE,FALSE,Major,2881,00d00h48m01,0
CONTINUUM-1476,FALSE,FALSE,Minor,875538,10d03h12m18,0
CONTINUUM-1473,FALSE,FALSE,Minor,423608,04d21h40m08,0
CONTINUUM-1079,FALSE,TRUE,Major,20043260,231d23h34m20,0
CONTINUUM-1078,FALSE,FALSE,Major,9972,00d02h46m12,0
CONTINUUM-1070,FALSE,FALSE,Major,5849,00d01h37m29,0
CONTINUUM-1072,FALSE,FALSE,Minor,6871,00d01h54m31,0
CONTINUUM-1075,TRUE,FALSE,Major,2604146,30d03h22m26,0
CONTINUUM-1815,TRUE,FALSE,Minor,138323188,1600d23h06m28,1
CONTINUUM-1077,FALSE,FALSE,Major,15588,00d04h19m48,0
CONTINUUM-1177,FALSE,FALSE,Major,5407,00d01h30m07,0
CONTINUUM-382,FALSE,FALSE,Major,65404,00d18h10m04,0
CONTINUUM-1211,FALSE,FALSE,Minor,12517927,144d21h12m07,0
CONTINUUM-1214,FALSE,FALSE,Major,42994,00d11h56m34,0
CONTINUUM-2487,FALSE,FALSE,Major,1334107,15d10h35m07,0
CONTINUUM-2486,FALSE,FALSE,Major,133036026,1539d18h27m06,0
CONTINUUM-1219,FALSE,FALSE,Major,2615,00d00h43m35,0
CONTINUUM-1354,FALSE,FALSE,Major,1088015,12d14h13m35,1
CONTINUUM-1355,FALSE,FALSE,Critical,4918679,56d22h17m59,0
CONTINUUM-2419,FALSE,FALSE,Major,3043591,35d05h26m31,0
CONTINUUM-952,TRUE,FALSE,Major,60836,00d16h53m56,0
CONTINUUM-2554,TRUE,FALSE,Minor,55009127,636d16h18m47,1
CONTINUUM-1282,FALSE,FALSE,Minor,22052,00d06h07m32,0
CONTINUUM-747,TRUE,FALSE,Critical,4306235,49d20h10m35,0
CONTINUUM-2558,FALSE,FALSE,Major,143701098,1663d04h58m18,0
CONTINUUM-1672,FALSE,FALSE,Major,4537788,52d12h29m48,0
CONTINUUM-1025,FALSE,FALSE,Major,107282947,1241d16h49m07,1
CONTINUUM-1676,TRUE,FALSE,Major,1472274,17d00h57m54,0
CONTINUUM-1773,FALSE,FALSE,Minor,4277284,49d12h08m04,0
CONTINUUM-1679,FALSE,FALSE,Minor,917302,10d14h48m22,0
CONTINUUM-1777,FALSE,FALSE,Minor,159605005,1847d06h43m25,0
CONTINUUM-2320,FALSE,FALSE,Major,582,00d00h09m42,0
CONTINUUM-2631,FALSE,FALSE,Major,139028,01d14h37m08,0
CONTINUUM-1509,FALSE,FALSE,Major,6147,00d01h42m27,0
CONTINUUM-1508,FALSE,FALSE,Minor,67480,00d18h44m40,0
CONTINUUM-2327,FALSE,FALSE,Minor,2051,00d00h34m11,0
CONTINUUM-2328,FALSE,FALSE,Minor,1728,00d00h28m48,0
CONTINUUM-1504,FALSE,FALSE,Major,42611215,493d04h26m55,0
CONTINUUM-1021,FALSE,FALSE,Critical,116883,01d08h28m03,0
CONTINUUM-1857,FALSE,FALSE,Major,2836903,32d20h01m43,0
CONTINUUM-1503,FALSE,FALSE,Major,43240497,500d11h14m57,0
CONTINUUM-1841,FALSE,FALSE,Minor,145956,01d16h32m36,0
CONTINUUM-241,FALSE,FALSE,Major,3789601,43d20h40m01,0
CONTINUUM-1914,FALSE,TRUE,Critical,536571,06d05h02m51,0
CONTINUUM-1915,TRUE,FALSE,Critical,5431367,62d20h42m47,0
CONTINUUM-1919,FALSE,FALSE,Major,307625,03d13h27m05,0
CONTINUUM-1758,FALSE,FALSE,Major,4646773,53d18h46m13,0
CONTINUUM-2256,FALSE,FALSE,Major,5299,00d01h28m19,0
CONTINUUM-2257,FALSE,FALSE,Major,1558,00d00h25m58,0
CONTINUUM-2250,FALSE,FALSE,Major,158620,01d20h03m40,0
CONTINUUM-1593,FALSE,FALSE,Major,11173621,129d07h47m01,0
CONTINUUM-2159,TRUE,FALSE,Major,60711,00d16h51m51,0
CONTINUUM-2253,FALSE,FALSE,Major,2650,00d00h44m10,0
CONTINUUM-2157,FALSE,FALSE,Minor,153764,01d18h42m44,0
CONTINUUM-2156,FALSE,FALSE,Minor,580131,06d17h08m51,0
CONTINUUM-2259,FALSE,FALSE,Major,1019,00d00h16m59,0
CONTINUUM-2150,FALSE,FALSE,Minor,33,00d00h00m33,0
CONTINUUM-569,TRUE,FALSE,Critical,1498055,17d08h07m35,0
CONTINUUM-684,FALSE,FALSE,Critical,32192489,372d14h21m29,0
CONTINUUM-2021,FALSE,FALSE,Major,7315,00d02h01m55,0
CONTINUUM-2749,FALSE,FALSE,Major,4419,00d01h13m39,0
CONTINUUM-2746,FALSE,TRUE,Major,1933669,22d09h07m49,0
CONTINUUM-2744,TRUE,FALSE,Major,5469,00d01h31m09,0
CONTINUUM-2742,FALSE,FALSE,Major,1964,00d00h32m44,0
CONTINUUM-1525,FALSE,FALSE,Blocker,19154757,221d16h45m57,0
CONTINUUM-2740,TRUE,FALSE,Major,12845,00d03h34m05,0
CONTINUUM-2741,FALSE,FALSE,Major,8207,00d02h16m47,0
CONTINUUM-338,FALSE,FALSE,Minor,35524,00d09h52m04,0
CONTINUUM-339,FALSE,FALSE,Major,367869,04d06h11m09,0
CONTINUUM-1828,FALSE,FALSE,Major,1704,00d00h28m24,0
CONTINUUM-334,FALSE,FALSE,Minor,765829,08d20h43m49,0
CONTINUUM-336,FALSE,FALSE,Major,375598,04d08h19m58,0
CONTINUUM-1825,FALSE,FALSE,Blocker,34498,00d09h34m58,0
CONTINUUM-1074,FALSE,FALSE,Major,9884,00d02h44m44,0
CONTINUUM-449,FALSE,FALSE,Trivial,6733167,77d22h19m27,1
CONTINUUM-1521,FALSE,FALSE,Major,6960982,80d13h36m22,0
CONTINUUM-333,FALSE,FALSE,Trivial,321191,03d17h13m11,0
CONTINUUM-2411,FALSE,FALSE,Minor,4106584,47d12h43m04,0
CONTINUUM-2733,FALSE,FALSE,Major,1152,00d00h19m12,0
CONTINUUM-2731,FALSE,FALSE,Major,10975,00d03h02m55,0
CONTINUUM-2730,FALSE,FALSE,Major,1129192,13d01h39m52,0
CONTINUUM-2736,FALSE,FALSE,Major,4384049,50d17h47m29,0
CONTINUUM-2734,FALSE,FALSE,Major,1333,00d00h22m13,0
CONTINUUM-1245,FALSE,FALSE,Major,1794370,20d18h26m10,0
CONTINUUM-2228,FALSE,FALSE,Major,4796016,55d12h13m36,0
CONTINUUM-1136,FALSE,TRUE,Major,32870,00d09h07m50,0
CONTINUUM-1130,TRUE,FALSE,Minor,70121083,811d14h04m43,0
CONTINUUM-1131,TRUE,FALSE,Major,20511,00d05h41m51,0
CONTINUUM-1132,TRUE,FALSE,Major,19990,00d05h33m10,0
CONTINUUM-1133,FALSE,FALSE,Minor,110154,01d06h35m54,0
CONTINUUM-2607,FALSE,FALSE,Major,164975,01d21h49m35,0
CONTINUUM-2604,FALSE,FALSE,Major,3952,00d01h05m52,0
CONTINUUM-1725,FALSE,FALSE,Minor,2709973,31d08h46m13,0
CONTINUUM-1489,TRUE,TRUE,Major,29458759,340d22h59m19,0
CONTINUUM-1091,FALSE,FALSE,Minor,1098728,12d17h12m08,0
CONTINUUM-1090,FALSE,FALSE,Major,3592340,41d13h52m20,0
CONTINUUM-1487,TRUE,FALSE,Major,1233078,14d06h31m18,1
CONTINUUM-1481,FALSE,FALSE,Critical,276394,03d04h46m34,0
CONTINUUM-667,TRUE,FALSE,Blocker,12162095,140d18h21m35,0
CONTINUUM-1006,FALSE,FALSE,Critical,3981789,46d02h03m09,0
CONTINUUM-908,FALSE,FALSE,Major,939117,10d20h51m57,0
CONTINUUM-1435,TRUE,FALSE,Blocker,857519,09d22h11m59,0
CONTINUUM-1541,TRUE,FALSE,Major,729494,08d10h38m14,0
CONTINUUM-2167,FALSE,FALSE,Major,1072830,12d10h00m30,0
CONTINUUM-2165,FALSE,FALSE,Major,438,00d00h07m18,0
CONTINUUM-1544,TRUE,FALSE,Minor,947100,10d23h05m00,0
CONTINUUM-1547,FALSE,FALSE,Minor,230597,02d16h03m17,0
CONTINUUM-2161,FALSE,FALSE,Major,14391,00d03h59m51,0
CONTINUUM-1548,TRUE,FALSE,Major,738,00d00h12m18,0
CONTINUUM-1264,FALSE,FALSE,Major,61728,00d17h08m48,0
CONTINUUM-1799,TRUE,FALSE,Major,1657583,19d04h26m23,0
CONTINUUM-1792,TRUE,FALSE,Blocker,434647,05d00h44m07,0
CONTINUUM-1795,TRUE,FALSE,Major,116605,01d08h23m25,0
CONTINUUM-1796,FALSE,FALSE,Minor,58284,00d16h11m24,0
CONTINUUM-2683,TRUE,FALSE,Major,113,00d00h01m53,0
CONTINUUM-2568,FALSE,FALSE,Major,106859,01d05h40m59,0
CONTINUUM-2569,TRUE,FALSE,Major,24761,00d06h52m41,0
CONTINUUM-2687,TRUE,FALSE,Major,1135067,13d03h17m47,0
CONTINUUM-2684,FALSE,FALSE,Major,1572,00d00h26m12,0
CONTINUUM-2563,TRUE,FALSE,Major,67056444,776d02h47m24,1
CONTINUUM-2689,TRUE,FALSE,Major,198,00d00h03m18,0
CONTINUUM-2688,FALSE,FALSE,Major,87,00d00h01m27,0
CONTINUUM-2112,FALSE,FALSE,Major,80931,00d22h28m51,0
CONTINUUM-1649,FALSE,FALSE,Major,8334579,96d11h09m39,0
CONTINUUM-2440,FALSE,FALSE,Minor,1220544,14d03h02m24,0
CONTINUUM-2443,FALSE,FALSE,Minor,71882793,831d23h26m33,0
CONTINUUM-1314,FALSE,FALSE,Major,233451,02d16h50m51,0
CONTINUUM-1643,FALSE,FALSE,Minor,1236,00d00h20m36,0
CONTINUUM-2119,TRUE,FALSE,Major,186036579,2153d04h49m39,1
CONTINUUM-1646,FALSE,FALSE,Minor,5338544,61d18h55m44,0
CONTINUUM-1647,FALSE,FALSE,Major,4876217,56d10h30m17,0
CONTINUUM-1313,FALSE,FALSE,Major,12939743,149d18h22m23,0
CONTINUUM-2702,FALSE,FALSE,Major,11141408,128d22h50m08,0
CONTINUUM-2703,FALSE,FALSE,Minor,179,00d00h02m59,0
CONTINUUM-2669,FALSE,FALSE,Blocker,82948072,960d01h07m52,0
CONTINUUM-2704,FALSE,FALSE,Major,8380881,97d00h01m21,0
CONTINUUM-2705,FALSE,FALSE,Major,7977989,92d08h06m29,0
CONTINUUM-2665,FALSE,FALSE,Minor,112558288,1302d18h11m28,0
CONTINUUM-2666,FALSE,FALSE,Major,2776,00d00h46m16,0
CONTINUUM-2660,TRUE,FALSE,Minor,68,00d00h01m08,0
CONTINUUM-2663,FALSE,FALSE,Major,251453,02d21h50m53,0
CONTINUUM-1863,FALSE,FALSE,Major,1299,00d00h21m39,0
CONTINUUM-374,FALSE,FALSE,Trivial,325114,03d18h18m34,0
CONTINUUM-1867,FALSE,FALSE,Major,1417938,16d09h52m18,0
CONTINUUM-376,FALSE,FALSE,Trivial,71113,00d19h45m13,0
CONTINUUM-1865,TRUE,FALSE,Major,1946730,22d12h45m30,0
CONTINUUM-1869,FALSE,FALSE,Trivial,114400,01d07h46m40,0
CONTINUUM-519,FALSE,FALSE,Major,3809627,44d02h13m47,1
CONTINUUM-176,FALSE,FALSE,Major,11207438,129d17h10m38,1
CONTINUUM-170,TRUE,FALSE,Major,3215854,37d05h17m34,0
CONTINUUM-171,FALSE,FALSE,Major,8233985,95d07h13m05,0
CONTINUUM-2367,TRUE,FALSE,Major,1377306,15d22h35m06,0
CONTINUUM-2209,FALSE,FALSE,Major,1841638,21d07h33m58,0
CONTINUUM-2208,FALSE,FALSE,Major,8453870,97d20h17m50,0
CONTINUUM-2207,FALSE,FALSE,Major,13275852,153d15h44m12,0
CONTINUUM-2205,TRUE,FALSE,Major,2612720,30d05h45m20,0
CONTINUUM-2204,TRUE,FALSE,Major,2885945,33d09h39m05,0
CONTINUUM-2369,FALSE,FALSE,Major,170907281,1978d02h14m41,0
CONTINUUM-2200,FALSE,FALSE,Major,5370,00d01h29m30,0
CONTINUUM-2017,FALSE,FALSE,Blocker,3112981,36d00h43m01,1
CONTINUUM-2015,FALSE,FALSE,Major,4559932,52d18h38m52,0
CONTINUUM-1981,FALSE,FALSE,Major,1567094,18d03h18m14,0
CONTINUUM-535,FALSE,FALSE,Major,2974494,34d10h14m54,1
CONTINUUM-2388,FALSE,FALSE,Major,56586,00d15h43m06,0
CONTINUUM-2386,TRUE,FALSE,Major,14827822,171d14h50m22,0
CONTINUUM-2387,FALSE,FALSE,Minor,2412422,27d22h07m02,1
CONTINUUM-2384,FALSE,FALSE,Major,72603023,840d07h30m23,0
CONTINUUM-2381,FALSE,FALSE,Major,14630580,169d08h03m00,0
CONTINUUM-301,FALSE,FALSE,Major,1611740,18d15h42m20,1
CONTINUUM-2135,FALSE,FALSE,Major,306768,03d13h12m48,0
CONTINUUM-2067,TRUE,FALSE,Major,3190,00d00h53m10,0
CONTINUUM-2064,FALSE,FALSE,Minor,2618155,30d07h15m55,0
CONTINUUM-1097,FALSE,FALSE,Major,1132487,13d02h34m47,0
CONTINUUM-1445,TRUE,FALSE,Major,47788,00d13h16m28,0
CONTINUUM-1194,FALSE,FALSE,Major,11578980,134d00h23m00,1
CONTINUUM-953,TRUE,FALSE,Major,71406,00d19h50m06,0
CONTINUUM-1448,FALSE,FALSE,Blocker,1939,00d00h32m19,0
CONTINUUM-897,FALSE,FALSE,Major,465531,05d09h18m51,0
CONTINUUM-890,FALSE,FALSE,Major,355429,04d02h43m49,0
CONTINUUM-1047,FALSE,FALSE,Minor,4202,00d01h10m02,0
CONTINUUM-1041,FALSE,FALSE,Major,22787282,263d17h48m02,0
CONTINUUM-1169,FALSE,FALSE,Major,96248,01d02h44m08,0
CONTINUUM-1164,FALSE,FALSE,Major,2044,00d00h34m04,0
CONTINUUM-1161,FALSE,FALSE,Minor,231124,02d16h12m04,0
CONTINUUM-1160,FALSE,FALSE,Major,219376,02d12h56m16,0
CONTINUUM-2048,FALSE,FALSE,Major,3594775,41d14h32m55,0
CONTINUUM-394,FALSE,FALSE,Major,135778,01d13h42m58,0
CONTINUUM-1346,FALSE,FALSE,Major,2173118,25d03h38m38,0
CONTINUUM-1610,FALSE,FALSE,Major,1044432,12d02h07m12,0
CONTINUUM-1341,FALSE,FALSE,Major,12411,00d03h26m51,0
CONTINUUM-1340,FALSE,FALSE,Major,136967,01d14h02m47,0
CONTINUUM-1303,FALSE,FALSE,Major,4765249,55d03h40m49,0
CONTINUUM-1978,TRUE,FALSE,Major,1309396,15d03h43m16,0
CONTINUUM-1290,FALSE,FALSE,Major,12877,00d03h34m37,0
CONTINUUM-1293,FALSE,FALSE,Minor,2044745,23d15h59m05,1
CONTINUUM-1292,FALSE,FALSE,Minor,13803,00d03h50m03,0
CONTINUUM-753,FALSE,FALSE,Minor,4835413,55d23h10m13,0
CONTINUUM-1296,FALSE,FALSE,Major,8980681,103d22h38m01,0
CONTINUUM-1760,FALSE,FALSE,Minor,490951,05d16h22m31,0
CONTINUUM-754,FALSE,FALSE,Minor,4835419,55d23h10m19,0
CONTINUUM-2236,TRUE,FALSE,Major,1183998,13d16h53m18,0
CONTINUUM-1539,FALSE,FALSE,Major,653688,07d13h34m48,0
CONTINUUM-2235,FALSE,FALSE,Major,177195,02d01h13m15,0
CONTINUUM-2232,TRUE,FALSE,Major,632153,07d07h35m53,0
CONTINUUM-2233,TRUE,FALSE,Major,162414,01d21h06m54,0
CONTINUUM-2627,FALSE,FALSE,Major,8974,00d02h29m34,0
CONTINUUM-2626,FALSE,FALSE,Major,8072281,93d10h18m01,0
CONTINUUM-2580,FALSE,FALSE,Major,139104557,1610d00h09m17,0
CONTINUUM-2628,TRUE,FALSE,Major,53604,00d14h53m24,0
CONTINUUM-1532,TRUE,FALSE,Major,158799,01d20h06m39,0
CONTINUUM-2584,TRUE,FALSE,Major,2259445,26d03h37m25,0
CONTINUUM-2585,TRUE,FALSE,Major,132563484,1534d07h11m24,0
CONTINUUM-1536,FALSE,FALSE,Critical,1117942,12d22h32m22,0
CONTINUUM-1294,FALSE,FALSE,Minor,4437,00d01h13m57,0
CONTINUUM-1909,FALSE,FALSE,Blocker,13999871,162d00h51m11,1
CONTINUUM-2212,FALSE,FALSE,Major,1314,00d00h21m54,0
CONTINUUM-2295,FALSE,FALSE,Major,61330,00d17h02m10,1
CONTINUUM-2240,FALSE,FALSE,Major,7040166,81d11h36m06,1
CONTINUUM-2531,FALSE,FALSE,Minor,525320,06d01h55m20,0
CONTINUUM-2246,FALSE,FALSE,Major,4473,00d01h14m33,0
CONTINUUM-2532,FALSE,FALSE,Major,416588,04d19h43m08,0
CONTINUUM-1226,FALSE,FALSE,Major,8586124,99d09h02m04,0
CONTINUUM-2248,FALSE,FALSE,Major,443464,05d03h11m04,0
CONTINUUM-2126,FALSE,FALSE,Major,652813,07d13h20m13,0
CONTINUUM-2538,FALSE,FALSE,Major,68086675,788d00h57m55,0
CONTINUUM-2124,FALSE,FALSE,Major,687998,07d23h06m38,0
CONTINUUM-2053,FALSE,FALSE,Major,150666,01d17h51m06,0
CONTINUUM-2050,FALSE,FALSE,Major,3265567,37d19h06m07,0
CONTINUUM-2758,FALSE,FALSE,Major,2587,00d00h43m07,0
CONTINUUM-2058,TRUE,FALSE,Minor,2855748,33d01h15m48,0
CONTINUUM-2059,TRUE,FALSE,Minor,2854850,33d01h00m50,0
CONTINUUM-2751,TRUE,FALSE,Major,10470,00d02h54m30,0
CONTINUUM-2750,FALSE,FALSE,Major,4218,00d01h10m18,0
CONTINUUM-349,FALSE,FALSE,Major,99109,01d03h31m49,0
CONTINUUM-1839,FALSE,FALSE,Trivial,973119,11d06h18m39,0
CONTINUUM-1838,FALSE,FALSE,Major,5059404,58d13h23m24,0
CONTINUUM-340,FALSE,FALSE,Minor,39184,00d10h53m04,0
CONTINUUM-1836,FALSE,FALSE,Major,2557779,29d14h29m39,0
CONTINUUM-1831,FALSE,FALSE,Blocker,3175056,36d17h57m36,0
CONTINUUM-1221,FALSE,FALSE,Major,153,00d00h02m33,0
CONTINUUM-1870,FALSE,FALSE,Major,1333,00d00h22m13,0
CONTINUUM-182,TRUE,FALSE,Major,551660,06d09h14m20,0
CONTINUUM-229,FALSE,FALSE,Trivial,9583,00d02h39m43,0
CONTINUUM-357,TRUE,FALSE,Major,271603,03d03h26m43,0
CONTINUUM-191,TRUE,FALSE,Major,82308,00d22h51m48,0
CONTINUUM-780,FALSE,FALSE,Major,5805331,67d04h35m31,0
CONTINUUM-783,FALSE,FALSE,Major,570606,06d14h30m06,0
CONTINUUM-1513,TRUE,FALSE,Major,40391561,467d11h52m41,0
CONTINUUM-1122,FALSE,FALSE,Major,61106,00d16h58m26,0
CONTINUUM-1121,FALSE,FALSE,Major,411743,04d18h22m23,0
CONTINUUM-1126,TRUE,FALSE,Major,5048,00d01h24m08,0
CONTINUUM-530,FALSE,FALSE,Major,47626005,551d05h26m45,0
CONTINUUM-1124,FALSE,FALSE,Minor,22751,00d06h19m11,0
CONTINUUM-355,FALSE,FALSE,Major,1176,00d00h19m36,0
CONTINUUM-1530,FALSE,FALSE,Critical,336954,03d21h35m54,0
CONTINUUM-2581,TRUE,FALSE,Major,290389,03d08h39m49,0
CONTINUUM-1715,FALSE,FALSE,Major,3908,00d01h05m08,0
CONTINUUM-1492,FALSE,FALSE,Major,3601517,41d16h25m17,0
CONTINUUM-1491,FALSE,FALSE,Major,345667,04d00h01m07,0
CONTINUUM-1495,FALSE,FALSE,Major,233408,02d16h50m08,0
CONTINUUM-1494,FALSE,FALSE,Major,14208872,164d10h54m32,1
CONTINUUM-2587,FALSE,FALSE,Major,111092,01d06h51m32,0
CONTINUUM-2340,FALSE,FALSE,Major,9412,00d02h36m52,0
CONTINUUM-428,FALSE,FALSE,Major,240,00d00h04m00,0
CONTINUUM-1391,FALSE,FALSE,Major,1265476,14d15h31m16,0
CONTINUUM-1392,FALSE,FALSE,Major,3183065,36d20h11m05,0
CONTINUUM-1393,FALSE,FALSE,Critical,995688,11d12h34m48,0
CONTINUUM-2346,FALSE,FALSE,Major,58003130,671d07h58m50,0
CONTINUUM-1011,TRUE,FALSE,Critical,113369,01d07h29m29,1
CONTINUUM-1156,TRUE,FALSE,Major,251747716,2913d17h55m16,0
CONTINUUM-1154,FALSE,FALSE,Major,356423,04d03h00m23,0
CONTINUUM-697,FALSE,FALSE,Major,42665931,493d19h38m51,0
CONTINUUM-914,TRUE,FALSE,Blocker,1346321,15d13h58m41,0
CONTINUUM-2174,TRUE,FALSE,Major,2732873,31d15h07m53,0
CONTINUUM-1275,FALSE,FALSE,Minor,367717,04d06h08m37,0
CONTINUUM-2176,FALSE,FALSE,Trivial,2971462,34d09h24m22,0
CONTINUUM-2171,TRUE,FALSE,Major,124234,01d10h30m34,1
CONTINUUM-2170,FALSE,FALSE,Major,395,00d00h06m35,0
CONTINUUM-1540,FALSE,FALSE,Major,571749,06d14h49m09,0
CONTINUUM-1376,FALSE,FALSE,Trivial,26338,00d07h18m58,0
CONTINUUM-1374,FALSE,FALSE,Major,57049,00d15h50m49,0
CONTINUUM-2179,FALSE,FALSE,Major,508,00d00h08m28,0
CONTINUUM-1373,TRUE,FALSE,Blocker,11491,00d03h11m31,0
CONTINUUM-1371,FALSE,FALSE,Minor,33397526,386d13h05m26,0
CONTINUUM-1785,FALSE,FALSE,Minor,5003111,57d21h45m11,0
CONTINUUM-1782,FALSE,FALSE,Minor,4584675,53d01h31m15,0
CONTINUUM-130,FALSE,FALSE,Major,369,00d00h06m09,0
CONTINUUM-1788,FALSE,FALSE,Minor,6477,00d01h47m57,0
CONTINUUM-1276,FALSE,FALSE,Minor,366272,04d05h44m32,0
CONTINUUM-2571,TRUE,FALSE,Major,7173917,83d00h45m17,0
CONTINUUM-1309,FALSE,FALSE,Minor,242492936,2806d15h08m56,0
CONTINUUM-1308,FALSE,FALSE,Major,2473602,28d15h06m42,0
CONTINUUM-2474,FALSE,FALSE,Major,319,00d00h05m19,0
CONTINUUM-2475,FALSE,FALSE,Major,11500,00d03h11m40,0
CONTINUUM-2476,TRUE,FALSE,Major,3520911,40d18h01m51,0
CONTINUUM-1651,FALSE,FALSE,Major,5149397,59d14h23m17,0
CONTINUUM-2479,FALSE,FALSE,Minor,1275755,14d18h22m35,0
CONTINUUM-1301,FALSE,FALSE,Major,5434977,62d21h42m57,0
CONTINUUM-1305,FALSE,FALSE,Major,4692727,54d07h32m07,0
CONTINUUM-1304,FALSE,FALSE,Major,4649824,53d19h37m04,0
CONTINUUM-2712,FALSE,FALSE,Major,1176564,13d14h49m24,0
CONTINUUM-2303,FALSE,FALSE,Major,704770,08d03h46m10,0
CONTINUUM-2300,FALSE,FALSE,Major,2437,00d00h40m37,0
CONTINUUM-2301,FALSE,FALSE,Major,1075,00d00h17m55,0
CONTINUUM-2650,FALSE,FALSE,Major,24350,00d06h45m50,0
CONTINUUM-2718,FALSE,FALSE,Major,12890308,149d04h38m28,0
CONTINUUM-2656,TRUE,FALSE,Major,236544,02d17h42m24,0
CONTINUUM-2657,FALSE,FALSE,Major,507,00d00h08m27,0
CONTINUUM-1871,TRUE,FALSE,Major,364225,04d05h10m25,0
CONTINUUM-1979,FALSE,FALSE,Major,16090823,186d05h40m23,0
CONTINUUM-1874,FALSE,FALSE,Blocker,1434212,16d14h23m32,0
CONTINUUM-1877,FALSE,FALSE,Minor,1542187,17d20h23m07,1
CONTINUUM-1879,TRUE,FALSE,Major,1093639,12d15h47m19,0
CONTINUUM-1878,FALSE,FALSE,Blocker,1987,00d00h33m07,0
CONTINUUM-1972,FALSE,FALSE,Major,10926792,126d11h13m12,0
CONTINUUM-267,FALSE,FALSE,Minor,639431,07d09h37m11,0
CONTINUUM-2371,TRUE,FALSE,Major,15176648,175d15h44m08,0
CONTINUUM-2377,TRUE,FALSE,Major,2098,00d00h34m58,0
CONTINUUM-1244,FALSE,FALSE,Major,6741329,78d00h35m29,0
CONTINUUM-2379,FALSE,FALSE,Major,513370,05d22h36m10,0
