BugID, #isArch, #isInduce, #Priority, #TimeSec, #Time, #Reopen
DELTASPIKE-1287,FALSE,FALSE,Major,7766932,89d21h28m52,1
DELTASPIKE-847,FALSE,FALSE,Major,49012,00d13h36m52,0
DELTASPIKE-594,TRUE,FALSE,Major,33730344,390d09h32m24,0
DELTASPIKE-1199,FALSE,FALSE,Major,27685,00d07h41m25,0
DELTASPIKE-1281,TRUE,FALSE,Major,2505197,28d23h53m17,0
DELTASPIKE-196,TRUE,FALSE,Major,2152028,24d21h47m08,1
DELTASPIKE-191,TRUE,FALSE,Major,48213,00d13h23m33,0
DELTASPIKE-493,FALSE,FALSE,Major,530,00d00h08m50,0
DELTASPIKE-327,FALSE,FALSE,Major,817,00d00h13m37,0
DELTASPIKE-320,TRUE,FALSE,Major,1664,00d00h27m44,0
DELTASPIKE-321,FALSE,FALSE,Major,84593,00d23h29m53,1
DELTASPIKE-233,FALSE,FALSE,Major,19994,00d05h33m14,0
DELTASPIKE-248,TRUE,FALSE,Major,175119,02d00h38m39,0
DELTASPIKE-1043,TRUE,FALSE,Major,48008,00d13h20m08,0
DELTASPIKE-1044,FALSE,FALSE,Minor,221862,02d13h37m42,0
DELTASPIKE-1046,FALSE,FALSE,Major,77679,00d21h34m39,0
DELTASPIKE-405,FALSE,FALSE,Major,1204135,13d22h28m55,1
DELTASPIKE-834,TRUE,FALSE,Major,18783,00d05h13m03,0
DELTASPIKE-407,FALSE,FALSE,Major,338627,03d22h03m47,0
DELTASPIKE-648,TRUE,FALSE,Minor,21619921,250d05h32m01,1
DELTASPIKE-400,TRUE,FALSE,Major,42528066,492d05h21m06,0
DELTASPIKE-403,TRUE,FALSE,Major,1068,00d00h17m48,0
DELTASPIKE-647,TRUE,FALSE,Major,20323269,235d05h21m09,1
DELTASPIKE-1175,FALSE,FALSE,Major,2544697,29d10h51m37,0
DELTASPIKE-729,TRUE,FALSE,Minor,131413,01d12h30m13,0
OWB-923,FALSE,FALSE,Critical,423798,04d21h43m18,0
DELTASPIKE-489,TRUE,FALSE,Critical,6239,00d01h43m59,0
DELTASPIKE-371,FALSE,FALSE,Major,31820814,368d07h06m54,0
DELTASPIKE-1173,FALSE,FALSE,Major,861711,09d23h21m51,0
DELTASPIKE-485,TRUE,FALSE,Major,2914,00d00h48m34,0
DELTASPIKE-629,FALSE,FALSE,Major,379193,04d09h19m53,0
DELTASPIKE-915,TRUE,FALSE,Major,56145,00d15h35m45,0
DELTASPIKE-723,FALSE,FALSE,Major,24839,00d06h53m59,0
DELTASPIKE-1179,TRUE,FALSE,Critical,1275670,14d18h21m10,0
DELTASPIKE-1178,FALSE,FALSE,Major,24030971,278d03h16m11,0
DELTASPIKE-726,FALSE,FALSE,Major,49905,00d13h51m45,0
DELTASPIKE-482,TRUE,FALSE,Major,923,00d00h15m23,0
DELTASPIKE-1294,TRUE,FALSE,Major,8815009,102d00h36m49,1
DELTASPIKE-1296,FALSE,FALSE,Major,7455793,86d07h03m13,1
DELTASPIKE-870,FALSE,FALSE,Major,76698,00d21h18m18,0
DELTASPIKE-386,FALSE,FALSE,Major,10965913,126d22h05m13,0
DELTASPIKE-876,FALSE,FALSE,Minor,403945,04d16h12m25,0
DELTASPIKE-578,FALSE,FALSE,Major,969801,11d05h23m21,0
DELTASPIKE-1356,FALSE,FALSE,Major,1662250,19d05h44m10,0
DELTASPIKE-1351,FALSE,FALSE,Major,77267,00d21h27m47,0
DELTASPIKE-1299,FALSE,FALSE,Major,4154093,48d01h54m53,0
DELTASPIKE-1353,FALSE,FALSE,Major,87896,01d00h24m56,0
DELTASPIKE-929,FALSE,FALSE,Major,99439,01d03h37m19,1
DELTASPIKE-1057,TRUE,FALSE,Minor,901,00d00h15m01,0
DELTASPIKE-231,TRUE,FALSE,Major,8667,00d02h24m27,0
DELTASPIKE-1050,TRUE,FALSE,Critical,3347810,38d17h56m50,0
DELTASPIKE-1198,FALSE,TRUE,Major,64400227,745d08h57m07,0
DELTASPIKE-232,TRUE,FALSE,Major,2475989,28d15h46m29,1
DELTASPIKE-1196,FALSE,FALSE,Major,165962,01d22h06m02,0
DELTASPIKE-339,TRUE,FALSE,Blocker,4636336,53d15h52m16,1
DELTASPIKE-1194,FALSE,FALSE,Major,126591,01d11h09m51,0
DELTASPIKE-237,FALSE,FALSE,Major,8566,00d02h22m46,0
DELTASPIKE-1191,FALSE,FALSE,Major,7053344,81d15h15m44,0
DELTASPIKE-235,TRUE,FALSE,Major,170,00d00h02m50,0
DELTASPIKE-486,FALSE,FALSE,Critical,202,00d00h03m22,0
DELTASPIKE-95,TRUE,FALSE,Major,420,00d00h07m00,0
DELTASPIKE-831,FALSE,FALSE,Major,94951,01d02h22m31,1
DELTASPIKE-434,TRUE,FALSE,Major,128434,01d11h40m34,0
DELTASPIKE-167,TRUE,FALSE,Major,227,00d00h03m47,0
DELTASPIKE-202,TRUE,FALSE,Major,10472462,121d05h01m02,0
DELTASPIKE-168,FALSE,FALSE,Minor,90212,01d01h03m32,0
DELTASPIKE-1156,TRUE,FALSE,Major,797328,09d05h28m48,0
DELTASPIKE-736,TRUE,FALSE,Major,730793,08d10h59m53,0
DELTASPIKE-532,FALSE,FALSE,Major,23034,00d06h23m54,0
DELTASPIKE-733,FALSE,FALSE,Minor,103264,01d04h41m04,0
DELTASPIKE-1167,TRUE,FALSE,Major,3272947,37d21h09m07,0
DELTASPIKE-639,TRUE,FALSE,Major,1077,00d00h17m57,0
DELTASPIKE-963,FALSE,FALSE,Major,126587,01d11h09m47,0
DELTASPIKE-960,FALSE,FALSE,Major,2807,00d00h46m47,0
DELTASPIKE-739,FALSE,FALSE,Major,440586,05d02h23m06,0
DELTASPIKE-965,TRUE,FALSE,Blocker,872516,10d02h21m56,0
DELTASPIKE-1105,FALSE,FALSE,Major,238373,02d18h12m53,0
DELTASPIKE-1107,FALSE,FALSE,Critical,36758,00d10h12m38,0
DELTASPIKE-323,FALSE,FALSE,Major,98,00d00h01m38,0
DELTASPIKE-1108,FALSE,FALSE,Minor,107829,01d05h57m09,0
DELTASPIKE-854,FALSE,FALSE,Major,1128549,13d01h29m09,1
DELTASPIKE-1344,FALSE,FALSE,Minor,284603,03d07h03m23,0
DELTASPIKE-415,TRUE,FALSE,Minor,363691,04d05h01m31,0
DELTASPIKE-584,FALSE,FALSE,Major,310,00d00h05m10,0
DELTASPIKE-585,FALSE,FALSE,Major,31681,00d08h48m01,0
DELTASPIKE-1027,FALSE,FALSE,Major,12305,00d03h25m05,0
DELTASPIKE-1026,FALSE,FALSE,Major,14170,00d03h56m10,0
DELTASPIKE-1024,FALSE,FALSE,Major,20101,00d05h35m01,0
DELTASPIKE-427,FALSE,FALSE,Minor,245,00d00h04m05,0
DELTASPIKE-1028,FALSE,FALSE,Major,321,00d00h05m21,0
DELTASPIKE-685,FALSE,FALSE,Major,2529,00d00h42m09,0
DELTASPIKE-1183,TRUE,FALSE,Major,121217,01d09h40m17,0
DELTASPIKE-717,FALSE,FALSE,Minor,2238,00d00h37m18,0
DELTASPIKE-173,FALSE,FALSE,Minor,774,00d00h12m54,0
DELTASPIKE-684,FALSE,FALSE,Major,92860,01d01h47m40,0
DELTASPIKE-530,TRUE,FALSE,Major,178,00d00h02m58,0
DELTASPIKE-507,FALSE,FALSE,Minor,95936,01d02h38m56,0
DELTASPIKE-312,FALSE,FALSE,Major,629,00d00h10m29,0
DELTASPIKE-742,TRUE,FALSE,Major,885,00d00h14m45,0
DELTASPIKE-978,TRUE,FALSE,Minor,6994905,80d23h01m45,1
DELTASPIKE-746,FALSE,FALSE,Minor,9865167,114d04h19m27,0
DELTASPIKE-744,FALSE,FALSE,Minor,122,00d00h02m02,0
DELTASPIKE-745,TRUE,FALSE,Major,2422912,28d01h01m52,1
DELTASPIKE-971,FALSE,FALSE,Major,65709,00d18h15m09,0
DELTASPIKE-535,FALSE,FALSE,Major,21490,00d05h58m10,0
DELTASPIKE-748,FALSE,FALSE,Minor,63407,00d17h36m47,0
DELTASPIKE-240,FALSE,FALSE,Major,180,00d00h03m00,0
DELTASPIKE-732,FALSE,FALSE,Major,2750999,31d20h09m59,0
TOMEE-840,FALSE,FALSE,Major,2594252,30d00h37m32,1
DELTASPIKE-997,TRUE,FALSE,Minor,688,00d00h11m28,0
DELTASPIKE-1097,TRUE,FALSE,Major,90,00d00h01m30,0
DELTASPIKE-1139,TRUE,FALSE,Major,6547,00d01h49m07,0
DELTASPIKE-1138,FALSE,FALSE,Major,70343,00d19h32m23,0
DELTASPIKE-63,FALSE,FALSE,Major,515789,05d23h16m29,0
DELTASPIKE-839,TRUE,FALSE,Minor,22913079,265d04h44m39,0
DELTASPIKE-893,FALSE,FALSE,Major,509,00d00h08m29,0
DELTASPIKE-458,FALSE,FALSE,Major,9201,00d02h33m21,0
DELTASPIKE-590,TRUE,FALSE,Major,159651,01d20h20m51,0
DELTASPIKE-1034,FALSE,FALSE,Minor,1240,00d00h20m40,0
DELTASPIKE-595,FALSE,FALSE,Major,1011870,11d17h04m30,1
DELTASPIKE-637,TRUE,FALSE,Minor,5619091,65d00h51m31,0
DELTASPIKE-1336,FALSE,FALSE,Minor,12332753,142d17h45m53,0
DELTASPIKE-899,FALSE,FALSE,Major,99310,01d03h35m10,1
DELTASPIKE-513,TRUE,FALSE,Minor,790,00d00h13m10,0
DELTASPIKE-808,FALSE,FALSE,Major,361401,04d04h23m21,0
DELTASPIKE-212,TRUE,FALSE,Major,541,00d00h09m01,0
DELTASPIKE-354,FALSE,FALSE,Major,1092173,12d15h22m53,0
DELTASPIKE-624,TRUE,FALSE,Major,1675,00d00h27m55,0
DELTASPIKE-518,TRUE,FALSE,Major,11768,00d03h16m08,0
DELTASPIKE-299,TRUE,FALSE,Major,1850537,21d10h02m17,0
DELTASPIKE-696,FALSE,FALSE,Major,1437986,16d15h26m26,0
DELTASPIKE-294,TRUE,FALSE,Major,4487070,51d22h24m30,0
DELTASPIKE-295,FALSE,FALSE,Major,8544610,98d21h30m10,1
DELTASPIKE-199,TRUE,FALSE,Major,30022,00d08h20m22,0
DELTASPIKE-297,TRUE,FALSE,Major,630812,07d07h13m32,0
DELTASPIKE-516,FALSE,FALSE,Major,4103,00d01h08m23,0
TOMEE-1101,TRUE,FALSE,Major,16644,00d04h37m24,1
DELTASPIKE-618,TRUE,FALSE,Major,113033,01d07h23m53,0
DELTASPIKE-750,FALSE,FALSE,Major,2230683,25d19h38m03,0
DELTASPIKE-753,FALSE,FALSE,Major,27130,00d07h32m10,0
DELTASPIKE-752,TRUE,FALSE,Critical,143988,01d15h59m48,1
DELTASPIKE-941,FALSE,FALSE,Minor,629,00d00h10m29,0
DELTASPIKE-869,FALSE,FALSE,Major,185,00d00h03m05,0
DELTASPIKE-867,FALSE,FALSE,Minor,336326,03d21h25m26,0
DELTASPIKE-993,FALSE,FALSE,Major,125075,01d10h44m35,0
DELTASPIKE-738,FALSE,FALSE,Major,2729,00d00h45m29,0
DELTASPIKE-863,FALSE,FALSE,Major,158903,01d20h08m23,0
DELTASPIKE-860,FALSE,FALSE,Minor,308724,03d13h45m24,0
DELTASPIKE-1009,FALSE,FALSE,Major,1115886,12d21h58m06,0
DELTASPIKE-1230,FALSE,FALSE,Major,128832,01d11h47m12,0
DELTASPIKE-714,FALSE,FALSE,Major,11690991,135d07h29m51,0
DELTASPIKE-213,FALSE,FALSE,Major,578473,06d16h41m13,0
DELTASPIKE-1002,FALSE,FALSE,Major,23414,00d06h30m14,1
DELTASPIKE-1242,FALSE,FALSE,Major,67939,00d18h52m19,1
DELTASPIKE-200,FALSE,FALSE,Major,7491,00d02h04m51,0
DELTASPIKE-207,TRUE,FALSE,Major,10338960,119d15h56m00,0
DELTASPIKE-206,FALSE,FALSE,Major,5071459,58d16h44m19,1
DELTASPIKE-205,TRUE,FALSE,Major,1601956,18d12h59m16,0
DELTASPIKE-1039,TRUE,FALSE,Major,357457,04d03h17m37,0
DELTASPIKE-1324,TRUE,FALSE,Major,1301220,15d01h27m00,0
DELTASPIKE-209,FALSE,FALSE,Major,11868,00d03h17m48,0
DELTASPIKE-208,FALSE,FALSE,Major,29209638,338d01h47m18,0
DELTASPIKE-681,FALSE,FALSE,Minor,23815,00d06h36m55,0
DELTASPIKE-446,FALSE,FALSE,Major,5066201,58d15h16m41,0
DELTASPIKE-363,FALSE,FALSE,Minor,601,00d00h10m01,0
DELTASPIKE-367,FALSE,FALSE,Major,598183,06d22h09m43,0
DELTASPIKE-764,FALSE,FALSE,Major,2264,00d00h37m44,0
DELTASPIKE-490,TRUE,FALSE,Major,5931,00d01h38m51,0
DELTASPIKE-280,FALSE,FALSE,Major,118,00d00h01m58,0
DELTASPIKE-286,FALSE,FALSE,Major,381,00d00h06m21,0
DELTASPIKE-828,TRUE,FALSE,Major,14819,00d04h06m59,0
DELTASPIKE-818,FALSE,FALSE,Major,2337463,27d01h17m43,1
DELTASPIKE-317,FALSE,FALSE,Minor,1062,00d00h17m42,0
DELTASPIKE-568,FALSE,FALSE,Major,87069,01d00h11m09,0
DELTASPIKE-954,FALSE,FALSE,Major,604,00d00h10m04,0
DELTASPIKE-812,FALSE,FALSE,Major,995,00d00h16m35,0
DELTASPIKE-959,TRUE,FALSE,Major,2451,00d00h40m51,0
DELTASPIKE-958,FALSE,FALSE,Minor,1342,00d00h22m22,0
DELTASPIKE-1249,TRUE,FALSE,Major,690926,07d23h55m26,0
DELTASPIKE-814,FALSE,FALSE,Major,14072,00d03h54m32,0
DELTASPIKE-416,FALSE,FALSE,Minor,2775308,32d02h55m08,0
DELTASPIKE-661,FALSE,FALSE,Minor,117400,01d08h36m40,0
DELTASPIKE-931,FALSE,FALSE,Major,70805,00d19h40m05,0
DELTASPIKE-930,FALSE,FALSE,Major,98661,01d03h24m21,0
DELTASPIKE-397,FALSE,FALSE,Major,3397,00d00h56m37,0
DELTASPIKE-145,FALSE,FALSE,Major,6180366,71d12h46m06,0
DELTASPIKE-524,TRUE,FALSE,Major,162318,01d21h05m18,0
DELTASPIKE-1016,FALSE,FALSE,Major,165,00d00h02m45,0
DELTASPIKE-1014,FALSE,FALSE,Minor,22859,00d06h20m59,0
DELTASPIKE-990,FALSE,FALSE,Minor,558,00d00h09m18,0
DELTASPIKE-566,FALSE,FALSE,Major,110,00d00h01m50,0
DELTASPIKE-1252,FALSE,FALSE,Minor,4035837,46d17h03m57,1
DELTASPIKE-356,TRUE,FALSE,Major,787058,09d02h37m38,0
DELTASPIKE-471,FALSE,FALSE,Minor,1619,00d00h26m59,0
DELTASPIKE-1256,TRUE,FALSE,Major,575429,06d15h50m29,0
DELTASPIKE-917,TRUE,FALSE,Minor,1346,00d00h22m26,0
DELTASPIKE-1310,FALSE,FALSE,Major,4807994,55d15h33m14,0
DELTASPIKE-1313,FALSE,FALSE,Major,87545,01d00h19m05,0
DELTASPIKE-1078,FALSE,FALSE,Major,127,00d00h02m07,0
DELTASPIKE-372,FALSE,FALSE,Major,31820051,368d06h54m11,0
DELTASPIKE-1317,FALSE,FALSE,Major,498132,05d18h22m12,0
DELTASPIKE-1316,TRUE,FALSE,Major,1696356,19d15h12m36,0
DELTASPIKE-463,TRUE,FALSE,Major,1005,00d00h16m45,0
DELTASPIKE-275,TRUE,FALSE,Major,335237,03d21h07m17,0
DELTASPIKE-484,FALSE,FALSE,Major,363,00d00h06m03,0
DELTASPIKE-384,TRUE,FALSE,Major,949488,10d23h44m48,0
DELTASPIKE-771,FALSE,FALSE,Major,1716,00d00h28m36,0
DELTASPIKE-411,FALSE,FALSE,Major,1363647,15d18h47m27,0
DELTASPIKE-166,TRUE,FALSE,Major,6478639,74d23h37m19,0
DELTASPIKE-1087,FALSE,FALSE,Trivial,40812,00d11h20m12,1
DELTASPIKE-309,TRUE,FALSE,Major,9150,00d02h32m30,0
DELTASPIKE-609,FALSE,FALSE,Major,9203,00d02h33m23,0
DELTASPIKE-512,FALSE,FALSE,Major,186464,02d03h47m44,0
DELTASPIKE-801,TRUE,FALSE,Minor,1171,00d00h19m31,0
DELTASPIKE-679,FALSE,FALSE,Major,55959,00d15h32m39,0
DELTASPIKE-1089,FALSE,FALSE,Major,7483294,86d14h41m34,0
DELTASPIKE-573,TRUE,FALSE,Minor,69979,00d19h26m19,0
DELTASPIKE-581,TRUE,FALSE,Major,571344,06d14h42m24,0
DELTASPIKE-900,TRUE,FALSE,Major,104552146,1210d02h15m46,0
DELTASPIKE-901,TRUE,FALSE,Major,783470,09d01h37m50,0
DELTASPIKE-884,FALSE,FALSE,Minor,528000,06d02h40m00,0
DELTASPIKE-905,TRUE,FALSE,Major,1382703,16d00h05m03,1
DELTASPIKE-859,TRUE,FALSE,Major,286657,03d07h37m37,0
DELTASPIKE-908,TRUE,FALSE,Minor,105990,01d05h26m30,0
DELTASPIKE-650,TRUE,FALSE,Minor,246628,02d20h30m28,0
DELTASPIKE-583,FALSE,FALSE,Major,856,00d00h14m16,0
DELTASPIKE-939,FALSE,FALSE,Major,1715628,19d20h33m48,0
DELTASPIKE-1306,FALSE,FALSE,Major,12,00d00h00m12,0
DELTASPIKE-1307,TRUE,FALSE,Blocker,864020,10d00h00m20,0
DELTASPIKE-370,TRUE,FALSE,Major,32428301,375d07h51m41,1
DELTASPIKE-1305,FALSE,FALSE,Major,101,00d00h01m41,0
DELTASPIKE-1302,TRUE,FALSE,Minor,3205212,37d02h20m12,0
DELTASPIKE-1303,TRUE,FALSE,Major,1145,00d00h19m05,0
DELTASPIKE-1327,FALSE,FALSE,Minor,2320528,26d20h35m28,0
OWB-805,FALSE,FALSE,Major,3457747,40d00h29m07,0
DELTASPIKE-300,TRUE,FALSE,Major,5917125,68d11h38m45,0
DELTASPIKE-947,TRUE,FALSE,Major,153924,01d18h45m24,0
DELTASPIKE-1063,FALSE,FALSE,Major,506,00d00h08m26,0
DELTASPIKE-529,FALSE,FALSE,Major,32167,00d08h56m07,0
DELTASPIKE-1061,TRUE,FALSE,Major,21202,00d05h53m22,0
DELTASPIKE-787,TRUE,FALSE,Minor,4860239,56d06h03m59,0
DELTASPIKE-424,FALSE,FALSE,Major,835,00d00h13m55,0
DELTASPIKE-782,FALSE,FALSE,Major,76838,00d21h20m38,0
DELTASPIKE-260,FALSE,FALSE,Major,12515353,144d20h29m13,0
DELTASPIKE-781,TRUE,FALSE,Major,1012,00d00h16m52,0
DELTASPIKE-135,FALSE,FALSE,Major,2576,00d00h42m56,0
DELTASPIKE-984,TRUE,FALSE,Major,190658,02d04h57m38,0
DELTASPIKE-136,FALSE,FALSE,Major,204,00d00h03m24,0
DELTASPIKE-268,FALSE,FALSE,Major,14992,00d04h09m52,0
DELTASPIKE-548,TRUE,FALSE,Minor,76514,00d21h15m14,0
DELTASPIKE-380,TRUE,FALSE,Major,8373362,96d21h56m02,1
DELTASPIKE-1158,TRUE,FALSE,Major,180473,02d02h07m53,0
DELTASPIKE-830,FALSE,FALSE,Major,13881321,160d15h55m21,1
DELTASPIKE-664,TRUE,FALSE,Major,91279,01d01h21m19,1
DELTASPIKE-832,FALSE,FALSE,Major,6820003,78d22h26m43,0
DELTASPIKE-833,FALSE,FALSE,Major,4064324,47d00h58m44,0
DELTASPIKE-303,FALSE,FALSE,Minor,1425409,16d11h56m49,0
DELTASPIKE-541,TRUE,FALSE,Blocker,1491,00d00h24m51,0
DELTASPIKE-1151,FALSE,FALSE,Trivial,7409,00d02h03m29,0
DELTASPIKE-543,FALSE,FALSE,Major,3572042,41d08h14m02,0
DELTASPIKE-838,FALSE,FALSE,Major,45739,00d12h42m19,0
DELTASPIKE-545,FALSE,FALSE,Major,16254,00d04h30m54,0
DELTASPIKE-546,FALSE,FALSE,Major,25587,00d07h06m27,0
DELTASPIKE-754,FALSE,FALSE,Major,23244,00d06h27m24,0
DELTASPIKE-1278,FALSE,FALSE,Major,3577994,41d09h53m14,0
DELTASPIKE-528,TRUE,FALSE,Major,162526,01d21h08m46,0
DELTASPIKE-757,TRUE,FALSE,Major,181756,02d02h29m16,0
DELTASPIKE-264,FALSE,TRUE,Minor,872148,10d02h15m48,0
DELTASPIKE-1272,FALSE,FALSE,Major,14337382,165d22h36m22,0
DELTASPIKE-542,FALSE,FALSE,Minor,227393,02d15h09m53,0
DELTASPIKE-442,TRUE,FALSE,Major,6036,00d01h40m36,0
DELTASPIKE-1275,TRUE,FALSE,Major,441,00d00h07m21,0
DELTASPIKE-1373,FALSE,FALSE,Critical,85763,00d23h49m23,0
DELTASPIKE-1372,FALSE,FALSE,Major,1018168,11d18h49m28,0
DELTASPIKE-1371,FALSE,FALSE,Critical,1410,00d00h23m30,0
DELTASPIKE-994,FALSE,FALSE,Minor,44124,00d12h15m24,0
DELTASPIKE-1377,FALSE,FALSE,Major,8691590,100d14h19m50,0
DELTASPIKE-385,FALSE,FALSE,Major,4311376,49d21h36m16,0
DELTASPIKE-1374,FALSE,FALSE,Major,449374,05d04h49m34,0
DELTASPIKE-1074,FALSE,FALSE,Major,831278,09d14h54m38,0
DELTASPIKE-189,FALSE,FALSE,Major,2630931,30d10h48m51,0
DELTASPIKE-1378,FALSE,FALSE,Major,49152,00d13h39m12,0
DELTASPIKE-1071,FALSE,FALSE,Major,175121,02d00h38m41,1
DELTASPIKE-999,FALSE,FALSE,Major,9466,00d02h37m46,0
DELTASPIKE-627,FALSE,FALSE,Major,546634,06d07h50m34,0
DELTASPIKE-795,FALSE,FALSE,Major,13785,00d03h49m45,0
DELTASPIKE-417,TRUE,FALSE,Major,15577,00d04h19m37,0
DELTASPIKE-414,TRUE,FALSE,Major,13912460,161d00h34m20,0
DELTASPIKE-185,TRUE,FALSE,Major,222815,02d13h53m35,0
DELTASPIKE-412,FALSE,FALSE,Major,1363395,15d18h43m15,0
DELTASPIKE-792,FALSE,FALSE,Minor,11052,00d03h04m12,0
DELTASPIKE-1382,FALSE,FALSE,Major,522448,06d01h07m28,0
DELTASPIKE-656,TRUE,FALSE,Major,5472,00d01h31m12,0
DELTASPIKE-262,TRUE,FALSE,Major,25180224,291d10h30m24,0
DELTASPIKE-799,FALSE,FALSE,Major,4438,00d01h13m58,0
DELTASPIKE-710,FALSE,FALSE,Major,463712,05d08h48m32,0
DELTASPIKE-391,TRUE,FALSE,Critical,7440228,86d02h43m48,0
DELTASPIKE-822,FALSE,FALSE,Major,8897945,102d23h39m05,0
DELTASPIKE-392,FALSE,FALSE,Minor,44390,00d12h19m50,0
DELTASPIKE-719,TRUE,FALSE,Major,531014,06d03h30m14,0
DELTASPIKE-394,FALSE,FALSE,Blocker,73376,00d20h22m56,0
DELTASPIKE-825,FALSE,FALSE,Minor,3554249,41d03h17m29,0
DELTASPIKE-1141,TRUE,FALSE,Major,533802,06d04h16m42,0
DELTASPIKE-1142,FALSE,FALSE,Trivial,1160665,13d10h24m25,0
DELTASPIKE-706,FALSE,FALSE,Major,58356,00d16h12m36,0
DELTASPIKE-1144,FALSE,FALSE,Major,262261,03d00h51m01,0
DELTASPIKE-1383,FALSE,FALSE,Major,644368,07d10h59m28,0
DELTASPIKE-559,TRUE,FALSE,Critical,1214794,14d01h26m34,1
DELTASPIKE-1147,FALSE,FALSE,Major,4569,00d01h16m09,0
