BugID, #isArch, #isInduce, #Priority, #TimeSec, #Time, #Reopen
DIRSERVER-904,TRUE,FALSE,Major,11299133,130d18h38m53,0
DIRSERVER-901,FALSE,FALSE,Major,8432,00d02h20m32,0
DIRSERVER-1013,FALSE,FALSE,Minor,603075,06d23h31m15,0
DIRSERVER-1011,TRUE,FALSE,Major,673164,07d18h59m24,0
DIRSERVER-1157,TRUE,FALSE,Blocker,34520605,399d13h03m25,1
DIRSERVER-1019,TRUE,FALSE,Blocker,45525,00d12h38m45,0
DIRSERVER-1018,FALSE,FALSE,Major,1331115,15d09h45m15,0
DIRSERVER-2139,FALSE,FALSE,Major,588356,06d19h25m56,0
DIRSERVER-1621,FALSE,FALSE,Blocker,5326050,61d15h27m30,0
DIRSERVER-81,FALSE,FALSE,Major,2381866,27d13h37m46,0
DIRSERVER-1625,FALSE,FALSE,Major,90275,01d01h04m35,1
DIRSERVER-1626,FALSE,FALSE,Major,2578,00d00h42m58,0
DIRSERVER-1627,FALSE,FALSE,Major,21156,00d05h52m36,0
DIRSERVER-1971,FALSE,FALSE,Major,265,00d00h04m25,0
DIRSERVER-1972,FALSE,FALSE,Major,3755,00d01h02m35,0
DIRSERVER-1974,TRUE,FALSE,Blocker,163145940,1888d06h19m00,1
DIRSERVER-1976,FALSE,FALSE,Major,8929,00d02h28m49,0
DIRSERVER-1978,FALSE,FALSE,Critical,14082602,162d23h50m02,0
DIRSERVER-1979,TRUE,FALSE,Major,1717696,19d21h08m16,0
DIRSERVER-1231,FALSE,FALSE,Major,8964626,103d18h10m26,0
DIRSERVER-1235,FALSE,FALSE,Major,757,00d00h12m37,0
DIRSERVER-1234,TRUE,FALSE,Critical,364971,04d05h22m51,0
DIRSERVER-1333,FALSE,FALSE,Critical,3714220,42d23h43m40,0
DIRSERVER-1330,FALSE,FALSE,Major,39727971,459d19h32m51,0
DIRSERVER-998,TRUE,FALSE,Minor,1473551,17d01h19m11,0
DIRSERVER-628,TRUE,FALSE,Major,5355808,61d23h43m28,0
DIRSERVER-990,FALSE,FALSE,Critical,22821747,264d03h22m27,0
DIRSERVER-624,FALSE,FALSE,Blocker,8152212,94d08h30m12,0
DIRSERVER-2220,FALSE,FALSE,Major,431249,04d23h47m29,0
DIRSERVER-1487,FALSE,FALSE,Minor,5511910,63d19h05m10,0
DIRSERVER-1529,TRUE,FALSE,Minor,496,00d00h08m16,0
DIRSERVER-1524,TRUE,FALSE,Critical,17360653,200d22h24m13,0
DIRSERVER-1488,FALSE,FALSE,Critical,37392,00d10h23m12,0
DIRSERVER-756,FALSE,FALSE,Major,8013711,92d18h01m51,2
DIRSERVER-757,TRUE,FALSE,Minor,27917730,323d02h55m30,0
DIRSERVER-755,FALSE,FALSE,Major,11060637,128d00h23m57,0
DIRSERVER-752,FALSE,FALSE,Major,201378,02d07h56m18,0
DIRSERVER-699,TRUE,FALSE,Major,83644,00d23h14m04,0
DIRSERVER-698,FALSE,FALSE,Trivial,1691231,19d13h47m11,0
DIRSERVER-1871,TRUE,FALSE,Critical,259364,03d00h02m44,0
DIRSERVER-1873,TRUE,FALSE,Major,18453767,213d14h02m47,0
DIRSERVER-1872,FALSE,FALSE,Major,1965059,22d17h50m59,1
DIRSERVER-693,FALSE,FALSE,Major,1248430,14d10h47m10,0
DIRSERVER-1874,FALSE,FALSE,Major,183,00d00h03m03,0
DIRSERVER-758,TRUE,FALSE,Blocker,9478283,109d16h51m23,0
DIRSERVER-1876,FALSE,FALSE,Major,332494,03d20h21m34,0
DIRSERVER-2049,TRUE,FALSE,Major,136608585,1581d02h49m45,0
DIRSERVER-2048,TRUE,FALSE,Major,518,00d00h08m38,0
DIRSERVER-884,FALSE,FALSE,Critical,2070357,23d23h05m57,0
DIRSERVER-889,FALSE,FALSE,Major,122235,01d09h57m15,0
DIRSERVER-1419,FALSE,FALSE,Major,39156030,453d04h40m30,0
DIRSERVER-1793,FALSE,FALSE,Major,2793613,32d08h00m13,0
DIRSERVER-1799,TRUE,FALSE,Critical,580410,06d17h13m30,0
DIRSERVER-1410,FALSE,FALSE,Major,64707,00d17h58m27,0
DIRSERVER-1417,FALSE,FALSE,Critical,19973597,231d04h13m17,0
DIRSERVER-1416,FALSE,FALSE,Major,20147772,233d04h36m12,0
DIRSERVER-1414,FALSE,FALSE,Minor,306871976,3551d18h12m56,0
DIRMINA-41,FALSE,FALSE,Major,318141,03d16h22m21,1
DIRSERVER-1151,TRUE,FALSE,Major,9883095,114d09h18m15,0
DIRSERVER-1055,TRUE,FALSE,Major,86248,00d23h57m28,0
DIRSERVER-1113,FALSE,FALSE,Major,340718,03d22h38m38,0
DIRSERVER-1664,TRUE,FALSE,Major,51673,00d14h21m13,0
DIRSERVER-832,TRUE,FALSE,Blocker,49725889,575d12h44m49,0
DIRSERVER-1118,TRUE,FALSE,Critical,14818264,171d12h11m04,0
DIRSERVER-830,FALSE,FALSE,Major,2367403,27d09h36m43,0
DIRSERVER-836,FALSE,FALSE,Blocker,1903236,22d00h40m36,1
DIRSERVER-835,TRUE,FALSE,Major,622744,07d04h59m04,0
DIRSERVER-1702,FALSE,FALSE,Critical,6381,00d01h46m21,0
DIRSERVER-1700,FALSE,FALSE,Critical,198,00d00h03m18,0
DIRSERVER-1465,FALSE,FALSE,Major,2855369,33d01h09m29,0
DIRSERVER-951,TRUE,FALSE,Blocker,6843758,79d05h02m38,1
DIRSERVER-1814,FALSE,FALSE,Minor,2769812,32d01h23m32,0
DIRSERVER-1024,FALSE,FALSE,Major,26939,00d07h28m59,0
DIRSERVER-1020,FALSE,FALSE,Major,3746381,43d08h39m41,0
DIRSERVER-1802,FALSE,FALSE,Critical,8142,00d02h15m42,1
DIRSERVER-1804,TRUE,FALSE,Major,5427,00d01h30m27,0
DIRSERVER-1805,FALSE,FALSE,Major,78032,00d21h40m32,0
DIRSERVER-1560,FALSE,FALSE,Major,8918,00d02h28m38,0
DIRSERVER-1567,FALSE,FALSE,Major,10754,00d02h59m14,0
DIRSERVER-1564,FALSE,FALSE,Major,5341437,61d19h43m57,1
DIRSERVER-1200,FALSE,FALSE,Major,4054890,46d22h21m30,0
DIRSERVER-1568,FALSE,FALSE,Minor,816465,09d10h47m45,0
DIRSERVER-1367,FALSE,FALSE,Major,127836,01d11h30m36,0
DIRSERVER-1201,FALSE,FALSE,Major,11161973,129d04h32m53,0
DIRSERVER-1369,FALSE,FALSE,Blocker,5013012,58d00h30m12,2
DIRSERVER-717,FALSE,FALSE,Major,239423,02d18h30m23,0
DIRSERVER-715,TRUE,FALSE,Major,338136,03d21h55m36,0
DIRSERVER-1934,TRUE,FALSE,Major,43004580,497d17h43m00,0
DIRSERVER-657,FALSE,FALSE,Blocker,3881,00d01h04m41,0
DIRSERVER-1932,FALSE,FALSE,Major,122040,01d09h54m00,0
DIRSERVER-764,FALSE,FALSE,Minor,6622573,76d15h36m13,0
DIRSERVER-2014,FALSE,FALSE,Major,342735,03d23h12m15,0
DIRSERVER-2015,FALSE,FALSE,Major,15006,00d04h10m06,0
DIRSERVER-1516,FALSE,FALSE,Major,31829678,368d09h34m38,0
DIRSERVER-1518,TRUE,FALSE,Blocker,670010,07d18h06m50,0
DIRSERVER-1096,FALSE,FALSE,Major,2756089,31d21h34m49,0
DIRSERVER-1093,FALSE,FALSE,Major,136572472,1580d16h47m52,0
DIRSERVER-1368,TRUE,FALSE,Major,519357,06d00h15m57,0
DIRSERVER-1239,TRUE,FALSE,Critical,482326,05d13h58m46,0
DIRSERVER-2034,FALSE,FALSE,Major,62422,00d17h20m22,0
DIRSERVER-2035,FALSE,FALSE,Minor,257873,02d23h37m53,0
DIRSERVER-1420,FALSE,FALSE,Major,129040074,1493d12h27m54,1
DIRSERVER-1585,FALSE,FALSE,Blocker,46523,00d12h55m23,0
DIRSERVER-1581,FALSE,FALSE,Major,52468,00d14h34m28,0
DIRSERVER-1580,FALSE,FALSE,Minor,271940861,3147d11h07m41,0
DIRSERVER-1062,FALSE,FALSE,Major,2342997,27d02h49m57,0
DIRSERVER-1149,FALSE,FALSE,Blocker,1476066,17d02h01m06,0
DIRSERVER-2109,FALSE,TRUE,Major,62499609,723d09h00m09,0
DIRSERVER-2100,FALSE,FALSE,Minor,16947,00d04h42m27,0
DIRSERVER-1636,FALSE,FALSE,Critical,18420,00d05h07m00,0
DIRSERVER-1635,TRUE,FALSE,Major,459285,05d07h34m45,0
DIRSERVER-1633,TRUE,FALSE,Blocker,244686,02d19h58m06,1
DIRSERVER-1738,TRUE,FALSE,Blocker,5563615,64d09h26m55,0
DIRSERVER-1735,FALSE,FALSE,Major,513737,05d22h42m17,0
DIRSERVER-1730,TRUE,FALSE,Trivial,29119999,337d00h53m19,0
DIRSERVER-1324,FALSE,FALSE,Major,105347,01d05h15m47,0
DIRSERVER-1327,FALSE,FALSE,Critical,38860804,449d18h40m04,0
DIRSERVER-614,FALSE,FALSE,Major,9418640,109d00h17m20,0
DIRSERVER-961,FALSE,FALSE,Blocker,19638,00d05h27m18,0
DIRSERVER-612,FALSE,FALSE,Critical,9430969,109d03h42m49,1
DIRSERVER-962,FALSE,FALSE,Major,1601,00d00h26m41,0
DIRSERVER-619,FALSE,FALSE,Major,9217858,106d16h30m58,0
DIRSERVER-1992,TRUE,FALSE,Blocker,176247,02d00h57m27,0
DIRSERVER-1558,FALSE,FALSE,Major,100928,01d04h02m08,0
DIRSERVER-1559,FALSE,FALSE,Trivial,2762642,31d23h24m02,0
DIRSERVER-1553,FALSE,FALSE,Major,88770,01d00h39m30,0
DIRSERVER-1499,FALSE,FALSE,Blocker,3369824,39d00h03m44,0
DIRSERVER-1551,FALSE,FALSE,Major,394734,04d13h38m54,0
DIRSERVER-1255,FALSE,FALSE,Blocker,1998815,23d03h13m35,1
DIRSERVER-1253,FALSE,FALSE,Major,892069,10d07h47m49,0
DIRSERVER-1391,FALSE,FALSE,Major,38168,00d10h36m08,0
DIRSERVER-1845,FALSE,FALSE,Critical,23757065,274d23h11m05,0
DIRSERVER-1894,FALSE,FALSE,Blocker,239675,02d18h34m35,0
DIRSERVER-1840,FALSE,FALSE,Minor,4226951,48d22h09m11,1
DIRSERVER-766,FALSE,FALSE,Major,26296636,304d08h37m16,0
DIRSERVER-1843,FALSE,FALSE,Blocker,86461944,1000d17h12m24,1
DIRSERVER-768,TRUE,FALSE,Major,48862256,565d12h50m56,0
DIRSERVER-1963,FALSE,FALSE,Blocker,800,00d00h13m20,0
DIRSERVER-1962,FALSE,FALSE,Major,24234,00d06h43m54,0
DIRSERVER-1961,TRUE,FALSE,Blocker,22388,00d06h13m08,0
DIRSERVER-1198,FALSE,FALSE,Major,143898928,1665d11h55m28,2
DIRSERVER-1192,FALSE,FALSE,Major,343254129,3972d20h22m09,1
DIRSERVER-1196,FALSE,FALSE,Major,58100,00d16h08m20,1
DIRSERVER-2074,FALSE,FALSE,Major,125378529,1451d03h22m09,1
DIRSERVER-2075,FALSE,FALSE,Major,887,00d00h14m47,0
DIRSERVER-2070,FALSE,FALSE,Major,126550856,1464d17h00m56,0
DIRSERVER-2071,TRUE,FALSE,Major,126005655,1458d09h34m15,1
DIRSERVER-1788,FALSE,FALSE,Critical,277,00d00h04m37,0
DIRSERVER-1784,TRUE,FALSE,Minor,289137,03d08h18m57,0
DIRSERVER-1783,FALSE,FALSE,Minor,5183,00d01h26m23,0
DIRSERVER-1782,TRUE,FALSE,Critical,225694,02d14h41m34,0
DIRSERVER-1100,TRUE,FALSE,Major,779814,09d00h36m54,0
DIRSERVER-826,TRUE,FALSE,Major,1040067,12d00h54m27,1
DIRSERVER-820,FALSE,FALSE,Major,2987616,34d13h53m36,0
DIRSERVER-821,TRUE,FALSE,Major,2258725,26d03h25m25,0
DIRSERVER-822,TRUE,FALSE,Major,2256231,26d02h43m51,0
DIRSERVER-1106,TRUE,FALSE,Major,31160685,360d15h44m45,0
DIRSERVER-829,FALSE,FALSE,Minor,622054,07d04h47m34,1
DIRSERVER-1777,TRUE,FALSE,Major,162576,01d21h09m36,0
DIRSERVER-1475,FALSE,FALSE,Major,6468,00d01h47m48,0
DIRSERVER-1474,FALSE,FALSE,Major,2007,00d00h33m27,0
DIRSERVER-1473,FALSE,FALSE,Major,5118,00d01h25m18,0
DIRSERVER-929,TRUE,FALSE,Major,4251750,49d05h02m30,0
DIRSERVER-925,TRUE,FALSE,Major,9362908,108d08h48m28,1
DIRSERVER-1039,FALSE,FALSE,Major,4682,00d01h18m02,0
DIRSERVER-1034,FALSE,FALSE,Major,245,00d00h04m05,0
DIRSERVER-1033,FALSE,FALSE,Major,15509,00d04h18m29,0
DIRSERVER-2099,FALSE,FALSE,Critical,117734728,1362d16h05m28,0
DIRSERVER-1605,TRUE,FALSE,Minor,7931,00d02h12m11,0
DIRSERVER-1600,FALSE,FALSE,Major,2689,00d00h44m49,0
DIRSERVER-1953,FALSE,FALSE,Blocker,15515,00d04h18m35,0
DIRSERVER-1950,FALSE,FALSE,Major,362071,04d04h34m31,0
DIRSERVER-1959,TRUE,FALSE,Critical,14827,00d04h07m07,0
DIRSERVER-1211,FALSE,FALSE,Major,59597466,689d18h51m06,1
DIRSERVER-1213,TRUE,FALSE,Major,1398069,16d04h21m09,0
DIRSERVER-1214,TRUE,FALSE,Major,49951289,578d03h21m29,0
DIRSERVER-1216,TRUE,FALSE,Major,778756,09d00h19m16,0
DIRSERVER-725,FALSE,FALSE,Major,39020,00d10h50m20,0
DIRSERVER-724,FALSE,FALSE,Major,45439,00d12h37m19,0
DIRSERVER-1354,FALSE,FALSE,Major,39353179,455d11h26m19,0
DIRSERVER-721,FALSE,FALSE,Major,53096,00d14h44m56,0
DIRSERVER-1357,TRUE,FALSE,Major,66111899,765d04h24m59,0
DIRSERVER-645,FALSE,FALSE,Minor,4680436,54d04h07m16,0
DIRSERVER-646,TRUE,FALSE,Critical,56742702,656d17h51m42,1
DIRSERVER-728,FALSE,FALSE,Critical,226140,02d14h49m00,0
DIRSERVER-1922,TRUE,FALSE,Major,8730,00d02h25m30,0
DIRSERVER-1929,FALSE,FALSE,Major,8119399,93d23h23m19,0
DIRSERVER-1928,FALSE,FALSE,Critical,4238244,49d01h17m24,0
DIRSERVER-582,FALSE,FALSE,Major,15252533,176d12h48m53,0
DIRSERVER-1503,TRUE,FALSE,Minor,3276,00d00h54m36,0
DIRSERVER-1502,FALSE,FALSE,Major,185899,02d03h38m19,0
DIRSERVER-589,FALSE,FALSE,Major,15405860,178d07h24m20,1
DIRSERVER-588,FALSE,FALSE,Minor,15406200,178d07h30m00,0
DIRSTUDIO-1129,TRUE,FALSE,Minor,8640284,100d00h04m44,0
DIRSERVER-1812,TRUE,FALSE,Blocker,1312652,15d04h37m32,0
DIRSERVER-1810,FALSE,FALSE,Blocker,30735925,355d17h45m25,1
DIRSERVER-1376,FALSE,FALSE,Blocker,137,00d00h02m17,0
DIRSERVER-1377,TRUE,FALSE,Blocker,2557945,29d14h32m25,0
DIRSERVER-868,FALSE,FALSE,Major,226392,02d14h53m12,0
DIRSERVER-2026,FALSE,FALSE,Major,5713,00d01h35m13,0
DIRSERVER-2025,TRUE,FALSE,Major,454921,05d06h22m01,0
DIRSERVER-1875,TRUE,FALSE,Major,63320,00d17h35m20,0
DIRSERVER-1437,TRUE,FALSE,Blocker,115967,01d08h12m47,0
DIRSERVER-2082,FALSE,FALSE,Blocker,4722,00d01h18m42,0
DIRSERVER-643,FALSE,FALSE,Minor,4716165,54d14h02m45,1
DIRSERVER-1171,FALSE,FALSE,Major,11471,00d03h11m11,0
DIRSERVER-816,FALSE,FALSE,Major,2466566,28d13h09m26,0
DIRSERVER-1642,FALSE,FALSE,Major,1718566,19d21h22m46,0
DIRSERVER-1726,FALSE,FALSE,Major,12060926,139d14h15m26,0
DIRSERVER-1314,FALSE,FALSE,Major,29138155,337d05h55m55,0
DIRSERVER-1311,TRUE,FALSE,Minor,7336940,84d22h02m20,0
DIRSERVER-1313,FALSE,FALSE,Major,6480,00d01h48m00,0
DIRSERVER-1319,FALSE,FALSE,Major,70694871,818d05h27m51,1
DIRSERVER-606,TRUE,FALSE,Critical,1821657,21d02h00m57,0
DIRSERVER-609,FALSE,FALSE,Blocker,10031042,116d02h24m02,0
DIRSERVER-979,FALSE,FALSE,Major,148700,01d17h18m20,0
DIRSERVER-631,TRUE,FALSE,Major,6827930,79d00h38m50,0
DIRSERVER-1826,FALSE,FALSE,Minor,1849,00d00h30m49,0
DIRSERVER-783,TRUE,FALSE,Blocker,4387628,50d18h47m08,0
DIRSERVER-784,TRUE,FALSE,Major,7339317,84d22h41m57,0
DIRSERVER-789,FALSE,FALSE,Blocker,2793933,32d08h05m33,1
DIRSERVER-788,FALSE,FALSE,Major,2842119,32d21h28m39,0
DIRSERVER-1980,FALSE,FALSE,Minor,978824,11d07h53m44,0
DIRSERVER-1541,FALSE,FALSE,Minor,3202936,37d01h42m16,0
DIRSERVER-1540,FALSE,FALSE,Major,225247,02d14h34m07,0
DIRSERVER-778,TRUE,FALSE,Blocker,23400549,270d20h09m09,0
DIRSERVER-779,FALSE,FALSE,Major,3783,00d01h03m03,0
DIRSERVER-1267,FALSE,FALSE,Blocker,4932,00d01h22m12,0
DIRSERVER-774,TRUE,FALSE,Blocker,75946,00d21h05m46,0
DIRSERVER-1269,FALSE,FALSE,Major,118711,01d08h58m31,0
DIRSERVER-1381,FALSE,FALSE,Blocker,866459,10d00h40m59,0
DIRSERVER-1380,TRUE,FALSE,Major,19557780,226d08h43m00,0
DIRSERVER-1384,FALSE,FALSE,Critical,182397,02d02h39m57,0
DIRSERVER-673,FALSE,FALSE,Critical,2063600,23d21h13m20,0
DIRSERVER-1854,FALSE,FALSE,Major,649534,07d12h25m34,0
DIRSERVER-1911,FALSE,FALSE,Trivial,3246283,37d13h44m43,0
DIRSERVER-1914,FALSE,FALSE,Major,1007184,11d15h46m24,0
DIRSERVER-1181,FALSE,FALSE,Major,14344713,166d00h38m33,0
DIRSERVER-1180,FALSE,FALSE,Blocker,3605354,41d17h29m14,0
DIRSERVER-2060,TRUE,TRUE,Blocker,359222,04d03h47m02,0
DIRSERVER-2066,FALSE,FALSE,Blocker,128777630,1490d11h33m50,0
DIRSERVER-2065,FALSE,FALSE,Major,2997,00d00h49m57,0
DIRSERVER-851,TRUE,FALSE,Major,48069686,556d08h41m26,0
DIRSERVER-853,FALSE,FALSE,Minor,16772271,194d02h57m51,0
DIRSERVER-852,TRUE,FALSE,Major,2740174,31d17h09m34,0
DIRSERVER-2012,FALSE,FALSE,Critical,7640,00d02h07m20,0
DIRSERVER-2010,FALSE,FALSE,Major,75773,00d21h02m53,0
DIRSERVER-1681,FALSE,FALSE,Major,5273883,61d00h58m03,0
DIRSERVER-859,FALSE,FALSE,Blocker,2201,00d00h36m41,1
DIRSERVER-1688,FALSE,FALSE,Major,23807,00d06h36m47,0
DIRSERVER-1448,FALSE,FALSE,Blocker,12874483,149d00h14m43,0
DIRSERVER-1440,FALSE,FALSE,Major,46923790,543d02h23m10,0
DIRSERVER-936,FALSE,TRUE,Critical,347007,04d00h23m27,0
DIRSERVER-1308,FALSE,FALSE,Major,9890,00d02h44m50,0
DIRSERVER-1001,TRUE,FALSE,Major,9418,00d02h36m58,0
DIRSERVER-1002,FALSE,FALSE,Major,2869703,33d05h08m23,0
DIRSERVER-1003,FALSE,FALSE,Major,2170,00d00h36m10,0
DIRSERVER-2247,FALSE,TRUE,Major,4868254,56d08h17m34,0
DIRSERVER-1006,FALSE,FALSE,Major,65184,00d18h06m24,1
DIRSERVER-2120,FALSE,FALSE,Major,246219,02d20h23m39,0
DIRSERVER-2125,FALSE,FALSE,Major,72634,00d20h10m34,0
DIRSERVER-2085,FALSE,FALSE,Major,178930,02d01h42m10,0
DIRSERVER-2087,FALSE,FALSE,Critical,6391,00d01h46m31,0
DIRSERVER-1610,TRUE,FALSE,Blocker,7408369,85d17h52m49,0
DIRSERVER-1612,FALSE,FALSE,Major,1273,00d00h21m13,0
DIRSERVER-1948,FALSE,FALSE,Critical,1305019,15d02h30m19,0
DIRSERVER-1224,TRUE,FALSE,Critical,1202256,13d21h57m36,0
DIRSERVER-1348,TRUE,FALSE,Blocker,1671578,19d08h19m38,0
DIRSERVER-1347,FALSE,FALSE,Major,386094,04d11h14m54,0
DIRSERVER-1344,FALSE,FALSE,Major,4810705,55d16h18m25,0
DIRSERVER-1343,FALSE,FALSE,Major,64168,00d17h49m28,0
DIRSERVER-1229,FALSE,FALSE,Minor,472836,05d11h20m36,0
DIRSERVER-638,FALSE,FALSE,Major,5074796,58d17h39m56,0
DIRSERVER-734,FALSE,FALSE,Minor,49988,00d13h53m08,0
DIRSERVER-989,TRUE,FALSE,Major,155631,01d19h13m51,0
DIRSERVER-988,FALSE,FALSE,Critical,340976,03d22h42m56,0
DIRSERVER-987,FALSE,FALSE,Critical,3911805,45d06h36m45,0
DIRSERVER-630,TRUE,FALSE,Major,6955207,80d12h00m07,1
DIRSERVER-632,TRUE,FALSE,Minor,5055580,58d12h19m40,0
DIRSERVER-634,TRUE,FALSE,Major,6739100,77d23h58m20,1
DIRSERVER-637,TRUE,FALSE,Major,5116207,59d05h10m07,0
DIRSERVER-2231,FALSE,FALSE,Major,9170,00d02h32m50,0
DIRSERVER-1530,FALSE,FALSE,Major,552,00d00h09m12,0
DIRSERVER-1532,TRUE,FALSE,Minor,21902,00d06h05m02,0
DIRSERVER-1548,FALSE,FALSE,Major,2968246,34d08h30m46,0
DIRSERVER-1862,TRUE,FALSE,Blocker,33413,00d09h16m53,0
DIRSERVER-895,FALSE,FALSE,Major,9796230,113d09h10m30,0
DIRSERVER-1989,FALSE,FALSE,Major,688911,07d23h21m51,0
DIRSERVER-2197,FALSE,FALSE,Minor,64536569,746d22h49m29,0
DIRSERVER-893,TRUE,FALSE,Blocker,5071,00d01h24m31,0
DIRSERVER-2057,FALSE,FALSE,Major,2273384,26d07h29m44,0
DIRSERVER-2055,FALSE,FALSE,Critical,3132486,36d06h08m06,1
DIRSERVER-1404,FALSE,FALSE,Minor,17034974,197d03h56m14,0
DIRSERVER-1401,FALSE,FALSE,Critical,16682320,193d01h58m40,0
DIRSERVER-1631,FALSE,FALSE,Major,914,00d00h15m14,0
DIRSERVER-1046,FALSE,FALSE,Major,210094,02d10h21m34,0
DIRSERVER-1047,FALSE,FALSE,Critical,18676610,216d03h56m50,1
DIRSERVER-1041,FALSE,FALSE,Minor,35814,00d09h56m54,0
DIRSERVER-1042,FALSE,FALSE,Minor,35274,00d09h47m54,0
DIRSERVER-1162,TRUE,FALSE,Major,5082605,58d19h50m05,0
DIRSERVER-804,FALSE,FALSE,Minor,20989,00d05h49m49,0
DIRSERVER-1718,TRUE,FALSE,Blocker,13479680,156d00h21m20,0
DIRSERVER-1383,TRUE,FALSE,Critical,86122,00d23h55m22,0
DIRSERVER-1653,FALSE,FALSE,Major,2461,00d00h41m01,0
DIRSERVER-1652,FALSE,FALSE,Minor,86082,00d23h54m42,0
DIRSERVER-1665,FALSE,FALSE,Blocker,15524,00d04h18m44,0
DIRSERVER-1712,TRUE,FALSE,Blocker,413,00d00h06m53,0
DIRSERVER-1666,TRUE,FALSE,Blocker,168,00d00h02m48,0
DIRSERVER-1300,FALSE,FALSE,Major,1966968,22d18h22m48,0
DIRSERVER-1309,TRUE,FALSE,Minor,41304323,478d01h25m23,0
DIRSERVER-773,FALSE,FALSE,Blocker,120,00d00h02m00,0
DIRSERVER-941,FALSE,FALSE,Major,195,00d00h03m15,0
DIRSERVER-940,TRUE,FALSE,Major,3485100,40d08h05m00,0
DIRSERVER-2173,FALSE,FALSE,Major,350934,04d01h28m54,0
DIRSERVER-790,FALSE,FALSE,Blocker,12388,00d03h26m28,0
DIRSERVER-791,TRUE,FALSE,Major,2835370,32d19h36m10,0
DIRSERVER-796,FALSE,FALSE,Major,51288,00d14h14m48,0
DIRSERVER-1352,TRUE,FALSE,Critical,284370,03d06h59m30,0
DIRSERVER-1276,TRUE,FALSE,Major,25326387,293d03h06m27,0
DIRSERVER-1579,TRUE,FALSE,Major,41048125,475d02h15m25,0
DIRSERVER-709,FALSE,FALSE,Minor,217509,02d12h25m09,0
DIRSERVER-708,TRUE,FALSE,Critical,540269,06d06h04m29,0
DIRSERVER-1356,FALSE,FALSE,Minor,1193068,13d19h24m28,0
DIRSERVER-701,FALSE,FALSE,Major,32379,00d08h59m39,0
DIRSERVER-700,FALSE,FALSE,Minor,34480,00d09h34m40,0
DIRSERVER-702,FALSE,FALSE,Major,123407,01d10h16m47,0
DIRSERVER-705,FALSE,FALSE,Major,83646,00d23h14m06,0
DIRSERVER-704,TRUE,FALSE,Minor,545532,06d07h32m12,0
DIRSERVER-1909,FALSE,FALSE,Major,1532,00d00h25m32,0
DIRSERVER-667,FALSE,FALSE,Critical,3190040,36d22h07m20,0
DIRSERVER-663,FALSE,FALSE,Major,4593187,53d03h53m07,0
DIRSERVER-1900,FALSE,FALSE,Major,13963,00d03h52m43,0
DIRSERVER-1902,FALSE,FALSE,Blocker,382891,04d10h21m31,0
DIRSERVER-1905,FALSE,FALSE,Minor,6532,00d01h48m52,0
DIRSERVER-1906,FALSE,FALSE,Critical,148,00d00h02m28,0
DIRSERVER-1880,FALSE,FALSE,Major,660280,07d15h24m40,0
DIRSERVER-1882,TRUE,TRUE,Major,171605,01d23h40m05,0
DIRSERVER-1883,FALSE,FALSE,Blocker,6008,00d01h40m08,0
DIRSERVER-1287,FALSE,FALSE,Major,9516,00d02h38m36,0
DIRSERVER-1285,FALSE,FALSE,Major,51276597,593d11h29m57,0
DIRSERVER-331,TRUE,FALSE,Major,17951236,207d18h27m16,0
DIRSERVER-1080,TRUE,FALSE,Major,148490,01d17h14m50,0
DIRSERVER-1085,TRUE,TRUE,Minor,21336107,246d22h41m47,0
DIRSERVER-1086,FALSE,FALSE,Major,5098131,59d00h08m51,0
DIRSERVER-613,FALSE,FALSE,Minor,9710810,112d09h26m50,0
DIRSERVER-1121,FALSE,FALSE,Minor,74178950,858d13h15m50,0
DIRSERVER-1696,TRUE,FALSE,Minor,111393,01d06h56m33,0
DIRSERVER-2001,FALSE,FALSE,Major,2336,00d00h38m56,0
DIRSERVER-844,FALSE,FALSE,Major,84263,00d23h24m23,0
DIRSERVER-2002,FALSE,FALSE,Major,624,00d00h10m24,0
DIRSERVER-848,TRUE,TRUE,Major,401577,04d15h32m57,0
DIRSERVER-1751,FALSE,FALSE,Critical,6487,00d01h48m07,0
DIRSERVER-1752,TRUE,FALSE,Major,1837,00d00h30m37,0
DIRSERVER-1457,TRUE,FALSE,Major,44026866,509d13h41m06,0
DIRSERVER-249,TRUE,FALSE,Critical,25544401,295d15h40m01,0
DIRSERVER-1758,FALSE,FALSE,Major,269297,03d02h48m17,0
DIRSERVER-1459,TRUE,TRUE,Blocker,3242541,37d12h42m21,0
