BugID, #isArch, #isInduce, #Priority, #TimeSec, #Time, #Reopen
EAGLE-673,TRUE,FALSE,Major,1913,00d00h31m53,0
EAGLE-675,TRUE,FALSE,Major,1307542,15d03h12m22,0
EAGLE-674,TRUE,FALSE,Major,128,00d00h02m08,0
EAGLE-466,FALSE,FALSE,Major,5851,00d01h37m31,0
EAGLE-679,FALSE,FALSE,Major,23302,00d06h28m22,0
EAGLE-148,FALSE,FALSE,Major,8128,00d02h15m28,0
EAGLE-273,FALSE,FALSE,Major,4171374,48d06h42m54,0
EAGLE-173,FALSE,FALSE,Minor,9572154,110d18h55m54,1
EAGLE-279,FALSE,FALSE,Minor,71994083,833d06h21m23,0
EAGLE-869,TRUE,FALSE,Major,9811547,113d13h25m47,0
EAGLE-30,FALSE,FALSE,Major,8530035,98d17h27m15,1
EAGLE-865,FALSE,FALSE,Minor,33348606,385d23h30m06,0
EAGLE-860,TRUE,FALSE,Minor,513100,05d22h31m40,0
EAGLE-289,FALSE,FALSE,Major,65120,00d18h05m20,0
EAGLE-297,FALSE,FALSE,Major,2949910,34d03h25m10,1
EAGLE-971,TRUE,FALSE,Major,4114511,47d14h55m11,0
EAGLE-977,TRUE,FALSE,Major,3683705,42d15h15m05,0
EAGLE-602,FALSE,FALSE,Major,1365892,15d19h24m52,0
EAGLE-978,FALSE,FALSE,Major,3673926,42d12h32m06,0
EAGLE-608,FALSE,FALSE,Major,20261,00d05h37m41,0
EAGLE-609,FALSE,FALSE,Major,75011,00d20h50m11,0
EAGLE-662,FALSE,FALSE,Major,8726,00d02h25m26,0
EAGLE-660,FALSE,FALSE,Major,12136,00d03h22m16,0
EAGLE-661,FALSE,FALSE,Major,418557,04d20h15m57,0
EAGLE-418,FALSE,FALSE,Major,5861504,67d20h11m44,0
EAGLE-785,FALSE,FALSE,Major,14992977,173d12h42m57,0
EAGLE-554,TRUE,FALSE,Major,1545453,17d21h17m33,0
EAGLE-28,FALSE,FALSE,Minor,8797932,101d19h52m12,1
EAGLE-781,TRUE,FALSE,Minor,164545,01d21h42m25,0
EAGLE-782,FALSE,FALSE,Major,5093618,58d22h53m38,0
EAGLE-300,FALSE,FALSE,Major,12608764,145d22h26m04,1
EAGLE-304,TRUE,FALSE,Critical,601754,06d23h09m14,0
EAGLE-141,FALSE,FALSE,Minor,1854628,21d11h10m28,0
EAGLE-892,FALSE,FALSE,Minor,283997,03d06h53m17,0
EAGLE-1082,FALSE,FALSE,Major,136965,01d14h02m45,0
EAGLE-897,FALSE,FALSE,Major,1641687,19d00h01m27,0
EAGLE-819,TRUE,FALSE,Major,578451,06d16h40m51,0
EAGLE-1008,FALSE,FALSE,Major,1867195,21d14h39m55,0
EAGLE-1009,FALSE,FALSE,Major,699178,08d02h12m58,0
EAGLE-941,FALSE,FALSE,Major,7576,00d02h06m16,0
EAGLE-543,TRUE,FALSE,Major,499993,05d18h53m13,0
EAGLE-773,TRUE,TRUE,Major,580400,06d17h13m20,0
EAGLE-547,TRUE,FALSE,Major,10919,00d03h01m59,0
EAGLE-814,FALSE,FALSE,Major,9241,00d02h34m01,0
EAGLE-1002,FALSE,FALSE,Major,71685,00d19h54m45,0
EAGLE-816,FALSE,FALSE,Major,13972,00d03h52m52,0
EAGLE-393,FALSE,FALSE,Major,9404456,108d20h20m56,0
EAGLE-655,FALSE,FALSE,Major,51886,00d14h24m46,0
EAGLE-258,FALSE,FALSE,Major,17760,00d04h56m00,0
EAGLE-400,FALSE,FALSE,Major,1204,00d00h20m04,0
EAGLE-401,TRUE,FALSE,Major,11038,00d03h03m58,0
EAGLE-294,TRUE,FALSE,Critical,1574410,18d05h20m10,0
EAGLE-254,FALSE,FALSE,Major,15364421,177d19h53m41,1
EAGLE-94,FALSE,FALSE,Major,25699647,297d10h47m27,1
EAGLE-575,TRUE,FALSE,Major,1205086,13d22h44m46,0
EAGLE-157,FALSE,FALSE,Minor,10447062,120d21h57m42,1
EAGLE-313,TRUE,FALSE,Major,343947,03d23h32m27,0
EAGLE-883,FALSE,FALSE,Major,9211721,106d14h48m41,0
EAGLE-499,FALSE,FALSE,Major,66242,00d18h24m02,0
EAGLE-176,FALSE,FALSE,Trivial,9235596,106d21h26m36,1
EAGLE-491,FALSE,FALSE,Trivial,28522,00d07h55m22,0
EAGLE-736,FALSE,FALSE,Major,176054,02d00h54m14,0
EAGLE-10,TRUE,FALSE,Major,8879511,102d18h31m51,1
EAGLE-492,TRUE,FALSE,Major,285134,03d07h12m14,0
EAGLE-6,TRUE,FALSE,Minor,962239,11d03h17m19,0
EAGLE-988,FALSE,FALSE,Major,1396603,16d03h56m43,0
EAGLE-559,TRUE,FALSE,Major,1795137,20d18h38m57,0
EAGLE-1014,FALSE,FALSE,Major,1070110,12d09h15m10,0
EAGLE-705,TRUE,FALSE,Major,64367,00d17h52m47,0
EAGLE-806,TRUE,FALSE,Major,14037644,162d11h20m44,0
EAGLE-700,FALSE,FALSE,Major,676,00d00h11m16,0
EAGLE-805,TRUE,FALSE,Minor,4730554,54d18h02m34,0
EAGLE-359,FALSE,FALSE,Major,936,00d00h15m36,0
EAGLE-560,FALSE,FALSE,Major,4920,00d01h22m00,0
EAGLE-85,TRUE,FALSE,Major,6357488,73d13h58m08,1
EAGLE-530,TRUE,FALSE,Major,2943908,34d01h45m08,0
EAGLE-580,FALSE,FALSE,Major,832869,09d15h21m09,0
EAGLE-240,FALSE,FALSE,Major,8554,00d02h22m34,0
EAGLE-242,FALSE,FALSE,Major,28255,00d07h50m55,0
EAGLE-535,FALSE,FALSE,Major,2829274,32d17h54m34,0
EAGLE-125,FALSE,FALSE,Major,3501567,40d12h39m27,1
EAGLE-770,TRUE,FALSE,Major,5589,00d01h33m09,0
EAGLE-471,TRUE,FALSE,Blocker,4607975,53d07h59m35,1
EAGLE-329,TRUE,FALSE,Major,12739,00d03h32m19,0
EAGLE-128,FALSE,FALSE,Major,1132062,13d02h27m42,0
EAGLE-924,FALSE,FALSE,Major,508239,05d21h10m39,0
EAGLE-484,TRUE,FALSE,Major,264188,03d01h23m08,0
EAGLE-926,FALSE,FALSE,Major,6547941,75d18h52m21,0
EAGLE-482,TRUE,FALSE,Major,269743,03d02h55m43,0
EAGLE-1001,FALSE,TRUE,Major,333796,03d20h43m16,0
EAGLE-837,TRUE,FALSE,Major,571649,06d14h47m29,0
EAGLE-715,FALSE,FALSE,Major,21617,00d06h00m17,0
EAGLE-713,FALSE,FALSE,Major,1749727,20d06h02m07,0
EAGLE-565,FALSE,FALSE,Critical,10474393,121d05h33m13,0
EAGLE-504,TRUE,FALSE,Major,194335,02d05h58m55,0
EAGLE-500,FALSE,FALSE,Major,4057953,46d23h12m33,0
EAGLE-239,TRUE,FALSE,Major,283864,03d06h51m04,0
EAGLE-331,TRUE,FALSE,Trivial,52213065,604d07h37m45,0
EAGLE-566,TRUE,FALSE,Major,81488,00d22h38m08,0
EAGLE-338,TRUE,FALSE,Trivial,206016,02d09h13m36,1
EAGLE-230,FALSE,FALSE,Major,244212,02d19h50m12,0
EAGLE-235,FALSE,FALSE,Major,87156,01d00h12m36,0
EAGLE-119,FALSE,FALSE,Major,67130,00d18h38m50,0
EAGLE-74,FALSE,FALSE,Major,6986819,80d20h46m59,1
EAGLE-76,FALSE,FALSE,Minor,1015211,11d18h00m11,0
EAGLE-70,FALSE,FALSE,Major,26809552,310d07h05m52,1
EAGLE-394,TRUE,FALSE,Major,52439,00d14h33m59,0
EAGLE-934,FALSE,TRUE,Minor,3429332,39d16h35m32,0
EAGLE-648,TRUE,FALSE,Major,111337,01d06h55m37,0
EAGLE-821,TRUE,FALSE,Major,877255,10d03h40m55,0
EAGLE-1071,FALSE,FALSE,Minor,6417,00d01h46m57,0
EAGLE-827,FALSE,FALSE,Major,1033515,11d23h05m15,0
EAGLE-641,FALSE,FALSE,Major,287,00d00h04m47,0
EAGLE-728,TRUE,FALSE,Major,528241,06d02h44m01,0
EAGLE-646,TRUE,FALSE,Major,2328861,26d22h54m21,0
EAGLE-434,FALSE,FALSE,Major,165000,01d21h50m00,0
EAGLE-511,FALSE,FALSE,Major,273270,03d03h54m30,0
EAGLE-743,TRUE,FALSE,Major,588544,06d19h29m04,0
EAGLE-742,TRUE,FALSE,Major,537366,06d05h16m06,0
EAGLE-746,TRUE,FALSE,Major,39592,00d10h59m52,0
EAGLE-724,FALSE,FALSE,Major,360735,04d04h12m15,0
EAGLE-104,FALSE,FALSE,Major,1518978,17d13h56m18,0
EAGLE-228,FALSE,FALSE,Major,247195,02d20h39m55,0
EAGLE-229,FALSE,FALSE,Major,246697,02d20h31m37,0
EAGLE-224,TRUE,FALSE,Major,487,00d00h08m07,0
EAGLE-586,TRUE,FALSE,Major,472904,05d11h21m44,0
EAGLE-585,TRUE,FALSE,Major,931,00d00h15m31,0
EAGLE-737,FALSE,FALSE,Major,256512,02d23h15m12,0
EAGLE-851,TRUE,FALSE,Minor,775140,08d23h19m00,0
EAGLE-852,FALSE,FALSE,Minor,1117563,12d22h26m03,0
EAGLE-982,FALSE,FALSE,Major,1709177,19d18h46m17,0
EAGLE-738,TRUE,FALSE,Major,256403,02d23h13m23,0
EAGLE-421,TRUE,FALSE,Major,875432,10d03h10m32,0
EAGLE-589,TRUE,FALSE,Major,762,00d00h12m42,0
EAGLE-588,FALSE,FALSE,Major,1818,00d00h30m18,0
EAGLE-752,FALSE,FALSE,Major,74482,00d20h41m22,0
EAGLE-415,FALSE,FALSE,Major,2234,00d00h37m14,0
EAGLE-750,TRUE,FALSE,Major,1130760,13d02h06m00,0
EAGLE-751,TRUE,FALSE,Major,505855,05d20h30m55,0
EAGLE-757,TRUE,FALSE,Major,444947,05d03h35m47,0
EAGLE-291,FALSE,FALSE,Major,3808892,44d02h01m32,0
EAGLE-755,FALSE,FALSE,Major,1071271,12d09h34m31,0
EAGLE-693,FALSE,FALSE,Major,190582,02d04h56m22,0
EAGLE-569,FALSE,FALSE,Critical,6784,00d01h53m04,0
EAGLE-989,TRUE,FALSE,Major,3330611,38d13h10m11,0
EAGLE-694,FALSE,FALSE,Major,72814,00d20h13m34,0
EAGLE-739,FALSE,FALSE,Major,256255,02d23h10m55,0
EAGLE-620,FALSE,FALSE,Blocker,324,00d00h05m24,0
EAGLE-947,TRUE,FALSE,Major,6024,00d01h40m24,0
EAGLE-214,FALSE,FALSE,Major,1120228,12d23h10m28,0
EAGLE-213,FALSE,FALSE,Major,103253,01d04h40m53,0
EAGLE-212,TRUE,FALSE,Major,1799686,20d19h54m46,0
EAGLE-210,FALSE,FALSE,Critical,6737596,77d23h33m16,1
EAGLE-1056,FALSE,FALSE,Minor,3289065,38d01h37m45,0
EAGLE-417,FALSE,FALSE,Major,5866343,67d21h32m23,0
EAGLE-590,TRUE,FALSE,Major,13318,00d03h41m58,0
EAGLE-591,FALSE,FALSE,Major,350183,04d01h16m23,0
EAGLE-1054,FALSE,FALSE,Major,68,00d00h01m08,0
EAGLE-919,FALSE,FALSE,Major,6632918,76d18h28m38,0
EAGLE-597,FALSE,FALSE,Major,6426,00d01h47m06,0
EAGLE-844,TRUE,FALSE,Minor,878622,10d04h03m42,0
EAGLE-610,FALSE,FALSE,Major,1322,00d00h22m02,0
EAGLE-999,TRUE,FALSE,Major,2485410,28d18h23m30,0
EAGLE-628,TRUE,FALSE,Major,88700,01d00h38m20,0
EAGLE-627,TRUE,FALSE,Major,55669,00d15h27m49,0
EAGLE-624,TRUE,FALSE,Major,292677,03d09h17m57,0
EAGLE-625,FALSE,FALSE,Major,116463,01d08h21m03,0
EAGLE-622,TRUE,FALSE,Blocker,3972,00d01h06m12,0
EAGLE-992,TRUE,FALSE,Minor,1125792,13d00h43m12,1
EAGLE-191,FALSE,FALSE,Major,18789552,217d11h19m12,0
EAGLE-764,TRUE,FALSE,Major,72182,00d20h03m02,0
EAGLE-761,TRUE,FALSE,Major,338440,03d22h00m40,0
EAGLE-684,FALSE,FALSE,Critical,227,00d00h03m47,0
EAGLE-476,FALSE,FALSE,Major,45966338,532d00h25m38,0
EAGLE-475,TRUE,FALSE,Major,77064,00d21h24m24,0
EAGLE-687,FALSE,FALSE,Minor,6023146,69d17h05m46,0
EAGLE-473,TRUE,FALSE,Major,149924,01d17h38m44,0
EAGLE-553,FALSE,FALSE,Major,1896516,21d22h48m36,0
EAGLE-682,FALSE,FALSE,Major,2809,00d00h46m49,0
EAGLE-579,FALSE,FALSE,Major,820524,09d11h55m24,0
EAGLE-168,TRUE,FALSE,Major,64967,00d18h02m47,0
EAGLE-202,FALSE,FALSE,Major,650,00d00h10m50,0
EAGLE-163,TRUE,FALSE,Major,564455,06d12h47m35,1
YARN-4785,FALSE,FALSE,Major,669626,07d18h00m26,0
EAGLE-308,TRUE,FALSE,Major,431485,04d23h51m25,0
EAGLE-870,FALSE,FALSE,Critical,3556050,41d03h47m30,0
EAGLE-876,FALSE,FALSE,Major,251909,02d21h58m29,0
EAGLE-961,FALSE,FALSE,Major,327956,03d19h05m56,0
EAGLE-960,TRUE,FALSE,Major,2781947,32d04h45m47,0
EAGLE-963,FALSE,FALSE,Major,290156,03d08h35m56,0
EAGLE-1029,TRUE,FALSE,Critical,6038478,69d21h21m18,0
EAGLE-617,FALSE,FALSE,Major,58648,00d16h17m28,0
EAGLE-616,FALSE,FALSE,Major,85053,00d23h37m33,0
EAGLE-615,FALSE,FALSE,Minor,1214232,14d01h17m12,0
EAGLE-614,FALSE,FALSE,Major,22439,00d06h13m59,0
EAGLE-1022,FALSE,FALSE,Major,622299,07d04h51m39,0
EAGLE-968,FALSE,FALSE,Major,27601364,319d11h02m44,0
EAGLE-1020,FALSE,FALSE,Major,4129,00d01h08m49,0
EAGLE-1021,FALSE,FALSE,Major,13161,00d03h39m21,0
EAGLE-198,FALSE,FALSE,Major,2778505,32d03h48m25,0
