BugID, #isArch, #isInduce, #Priority, #TimeSec, #Time, #Reopen
FALCON-871,FALSE,FALSE,Major,3534,00d00h58m54,0
FALCON-976,FALSE,FALSE,Major,70270,00d19h31m10,0
FALCON-1819,FALSE,FALSE,Major,668972,07d17h49m32,0
FALCON-944,TRUE,FALSE,Major,5807744,67d05h15m44,0
FALCON-943,TRUE,FALSE,Major,952122,11d00h28m42,0
FALCON-940,FALSE,FALSE,Major,90678,01d01h11m18,0
FALCON-2324,TRUE,FALSE,Major,433763,05d00h29m23,0
FALCON-2325,FALSE,FALSE,Major,425847,04d22h17m27,0
FALCON-1811,FALSE,FALSE,Major,1893090,21d21h51m30,0
FALCON-2327,FALSE,FALSE,Major,857670,09d22h14m30,0
FALCON-1816,FALSE,FALSE,Major,64754,00d17h59m14,0
FALCON-948,TRUE,FALSE,Major,578670,06d16h44m30,0
FALCON-1462,TRUE,FALSE,Minor,734205,08d11h56m45,0
FALCON-1461,FALSE,FALSE,Major,80630,00d22h23m50,0
FALCON-1465,FALSE,FALSE,Major,48051,00d13h20m51,0
FALCON-1218,FALSE,FALSE,Major,410484,04d18h01m24,0
FALCON-1216,TRUE,FALSE,Major,601299,06d23h01m39,0
FALCON-1359,FALSE,FALSE,Major,628960,07d06h42m40,0
FALCON-79,FALSE,FALSE,Trivial,1032288,11d22h44m48,0
FALCON-71,FALSE,FALSE,Major,1558410,18d00h53m30,0
FALCON-72,TRUE,FALSE,Major,974389,11d06h39m49,0
FALCON-1606,FALSE,FALSE,Minor,321151,03d17h12m31,0
FALCON-839,FALSE,FALSE,Critical,88495,01d00h34m55,0
FALCON-1605,FALSE,FALSE,Major,316975,03d16h02m55,0
FALCON-1603,FALSE,FALSE,Critical,66159,00d18h22m39,0
FALCON-833,FALSE,FALSE,Major,204819,02d08h53m39,0
FALCON-832,FALSE,FALSE,Major,60291,00d16h44m51,0
FALCON-831,TRUE,FALSE,Major,376309,04d08h31m49,0
FALCON-835,FALSE,FALSE,Major,64398,00d17h53m18,0
FALCON-933,FALSE,FALSE,Major,9514501,110d02h55m01,0
FALCON-423,FALSE,FALSE,Major,18629551,215d14h52m31,0
FALCON-937,FALSE,FALSE,Major,317846,03d16h17m26,0
FALCON-426,FALSE,FALSE,Major,7452,00d02h04m12,0
FALCON-935,FALSE,FALSE,Major,1799947,20d19h59m07,0
FALCON-2259,TRUE,FALSE,Major,150362,01d17h46m02,0
FALCON-939,FALSE,FALSE,Major,8515,00d02h21m55,0
FALCON-945,FALSE,FALSE,Critical,1662288,19d05h44m48,0
FALCON-1928,FALSE,FALSE,Major,267229,03d02h13m49,0
FALCON-1925,FALSE,FALSE,Major,51445,00d14h17m25,0
FALCON-1924,FALSE,FALSE,Major,120684,01d09h31m24,0
FALCON-1541,FALSE,FALSE,Major,491397,05d16h29m57,0
FALCON-1072,FALSE,FALSE,Major,348439,04d00h47m19,0
FALCON-1074,FALSE,FALSE,Major,112876,01d07h21m16,1
FALCON-2326,FALSE,FALSE,Major,245041,02d20h04m01,0
FALCON-1677,FALSE,TRUE,Major,2093266,24d05h27m46,0
FALCON-681,TRUE,FALSE,Major,7499,00d02h04m59,0
FALCON-1675,FALSE,FALSE,Major,2302091,26d15h28m11,0
FALCON-1674,TRUE,FALSE,Blocker,1556443,18d00h20m43,0
FALCON-727,FALSE,FALSE,Major,6968,00d01h56m08,0
FALCON-726,FALSE,FALSE,Critical,43510,00d12h05m10,0
FALCON-1678,TRUE,FALSE,Major,1828441,21d03h54m01,0
FALCON-723,FALSE,FALSE,Major,100932,01d04h02m12,0
FALCON-2321,TRUE,FALSE,Major,431508,04d23h51m48,0
FALCON-336,FALSE,FALSE,Critical,9689,00d02h41m29,0
FALCON-330,FALSE,FALSE,Major,3468,00d00h57m48,0
FALCON-331,FALSE,FALSE,Major,76128,00d21h08m48,0
FALCON-332,FALSE,FALSE,Critical,1894049,21d22h07m29,0
FALCON-333,FALSE,FALSE,Minor,11586,00d03h13m06,0
FALCON-338,TRUE,FALSE,Major,15703881,181d18h11m21,2
FALCON-2104,TRUE,FALSE,Critical,348390,04d00h46m30,0
FALCON-2107,FALSE,FALSE,Blocker,4487,00d01h14m47,0
FALCON-2100,FALSE,FALSE,Major,2821,00d00h47m01,0
FALCON-2101,FALSE,FALSE,Major,3697,00d01h01m37,0
FALCON-1438,TRUE,FALSE,Major,56286,00d15h38m06,0
FALCON-2108,FALSE,FALSE,Blocker,46310,00d12h51m50,0
FALCON-1787,FALSE,FALSE,Major,661517,07d15h45m17,0
FALCON-611,FALSE,FALSE,Blocker,233733,02d16h55m33,0
FALCON-1784,TRUE,FALSE,Major,1708987,19d18h43m07,0
FALCON-1783,TRUE,FALSE,Major,1118923,12d22h48m43,0
FALCON-1782,FALSE,FALSE,Major,404040,04d16h14m00,0
FALCON-201,FALSE,FALSE,Major,88749,01d00h39m09,0
FALCON-750,FALSE,FALSE,Major,359480,04d03h51m20,0
FALCON-1470,TRUE,FALSE,Major,529658,06d03h07m38,0
FALCON-206,TRUE,FALSE,Major,4228017,48d22h26m57,0
FALCON-1585,FALSE,FALSE,Major,227454,02d15h10m54,0
FALCON-1584,TRUE,FALSE,Major,9243045,106d23h30m45,0
FALCON-1855,FALSE,FALSE,Major,2330971,26d23h29m31,0
FALCON-1854,FALSE,FALSE,Major,7231550,83d16h45m50,0
FALCON-1852,TRUE,FALSE,Major,936782,10d20h13m02,0
FALCON-1429,FALSE,FALSE,Major,225451,02d14h37m31,0
FALCON-1589,FALSE,TRUE,Major,1750689,20d06h18m09,0
FALCON-1423,FALSE,FALSE,Major,76072,00d21h07m52,0
FALCON-1859,FALSE,FALSE,Major,6884864,79d16h27m44,0
FALCON-1421,FALSE,FALSE,Major,554466,06d10h01m06,0
FALCON-2038,FALSE,FALSE,Major,72894,00d20h14m54,0
FALCON-1258,TRUE,FALSE,Major,21010,00d05h50m10,0
FALCON-1398,FALSE,FALSE,Major,42157,00d11h42m37,0
FALCON-1399,TRUE,FALSE,Major,331817,03d20h10m17,0
FALCON-2032,FALSE,FALSE,Major,72624,00d20h10m24,0
FALCON-1252,FALSE,FALSE,Major,2987,00d00h49m47,0
FALCON-2034,FALSE,FALSE,Critical,346541,04d00h15m41,0
FALCON-2035,FALSE,FALSE,Major,312344,03d14h45m44,0
FALCON-1257,FALSE,FALSE,Major,629,00d00h10m29,0
FALCON-1256,TRUE,FALSE,Major,322485,03d17h34m45,0
FALCON-1153,FALSE,FALSE,Critical,779699,09d00h34m59,0
FALCON-1099,FALSE,FALSE,Major,747250,08d15h34m10,0
FALCON-1151,TRUE,FALSE,Major,364351,04d05h12m31,0
FALCON-1157,FALSE,FALSE,Major,15569191,180d04h46m31,1
FALCON-1154,FALSE,FALSE,Blocker,140314,01d14h58m34,0
FALCON-1155,FALSE,FALSE,Major,8772,00d02h26m12,0
FALCON-1093,FALSE,FALSE,Major,81634,00d22h40m34,0
FALCON-1159,FALSE,FALSE,Blocker,16134,00d04h28m54,0
FALCON-1097,FALSE,FALSE,Major,1426937,16d12h22m17,0
FALCON-280,TRUE,TRUE,Major,12028672,139d05h17m52,0
FALCON-876,FALSE,FALSE,Major,71781,00d19h56m21,0
FALCON-875,FALSE,FALSE,Major,24152,00d06h42m32,0
FALCON-874,FALSE,FALSE,Major,24522,00d06h48m42,0
FALCON-873,FALSE,FALSE,Major,7178,00d01h59m38,0
FALCON-2219,FALSE,FALSE,Major,54952,00d15h15m52,0
FALCON-978,FALSE,FALSE,Major,276977,03d04h56m17,0
FALCON-979,FALSE,FALSE,Major,245922,02d20h18m42,0
FALCON-2214,TRUE,FALSE,Major,1107812,12d19h43m32,0
FALCON-973,TRUE,FALSE,Major,4243574,49d02h46m14,0
FALCON-879,FALSE,FALSE,Major,7975,00d02h12m55,0
FALCON-2280,TRUE,FALSE,Major,1656372,19d04h06m12,0
FALCON-1514,FALSE,FALSE,Major,86766,01d00h06m06,0
FALCON-1518,FALSE,FALSE,Major,41088,00d11h24m48,0
FALCON-1329,FALSE,FALSE,Critical,253106,02d22h18m26,0
FALCON-1328,FALSE,FALSE,Minor,338810,03d22h06m50,0
FALCON-1325,TRUE,FALSE,Major,3108739,35d23h32m19,1
FALCON-1327,TRUE,FALSE,Major,434536,05d00h42m16,0
FALCON-1323,FALSE,FALSE,Major,443469,05d03h11m09,0
FALCON-320,FALSE,FALSE,Minor,23317158,269d20h59m18,0
FALCON-482,FALSE,FALSE,Major,10269943,118d20h45m43,0
FALCON-483,FALSE,FALSE,Major,891895,10d07h44m55,0
FALCON-1735,FALSE,FALSE,Major,365707,04d05h35m07,0
FALCON-1732,FALSE,FALSE,Major,1008013,11d16h00m13,0
FALCON-1730,FALSE,TRUE,Minor,476826,05d12h27m06,0
FALCON-49,FALSE,FALSE,Minor,218699,02d12h44m59,0
FALCON-802,FALSE,FALSE,Major,117319,01d08h35m19,0
FALCON-803,FALSE,FALSE,Major,257612,02d23h33m32,0
FALCON-800,FALSE,FALSE,Blocker,243634,02d19h40m34,0
FALCON-801,FALSE,FALSE,Major,312723,03d14h52m03,0
FALCON-374,FALSE,FALSE,Major,8004,00d02h13m24,0
FALCON-1886,TRUE,FALSE,Major,82068,00d22h47m48,0
FALCON-377,FALSE,FALSE,Major,86402,01d00h00m02,0
FALCON-378,FALSE,FALSE,Major,27093,00d07h31m33,0
FALCON-379,FALSE,FALSE,Major,3585046,41d11h50m46,0
FALCON-570,FALSE,TRUE,Blocker,43501966,503d11h52m46,0
FALCON-571,TRUE,FALSE,Blocker,158198,01d19h56m38,0
FALCON-577,FALSE,FALSE,Major,247713,02d20h48m33,0
FALCON-446,TRUE,FALSE,Major,622950,07d05h02m30,0
FALCON-578,FALSE,FALSE,Major,241778,02d19h09m38,0
FALCON-398,TRUE,FALSE,Major,1924057,22d06h27m37,0
FALCON-257,TRUE,FALSE,Critical,5083227,58d20h00m27,0
FALCON-390,TRUE,FALSE,Major,2050558,23d17h35m58,0
FALCON-1263,FALSE,FALSE,Major,1027,00d00h17m07,0
FALCON-396,FALSE,FALSE,Major,644278,07d10h57m58,0
FALCON-397,FALSE,FALSE,Major,1286304,14d21h18m24,0
FALCON-395,TRUE,FALSE,Major,1364243,15d18h57m23,1
FALCON-1972,TRUE,FALSE,Major,167987,01d22h39m47,0
FALCON-1973,FALSE,FALSE,Major,2265,00d00h37m45,0
FALCON-1974,FALSE,FALSE,Major,68852,00d19h07m32,0
FALCON-1975,FALSE,FALSE,Major,61610,00d17h06m50,0
FALCON-1976,TRUE,TRUE,Major,180055,02d02h00m55,0
FALCON-1978,FALSE,FALSE,Major,75896,00d21h04m56,0
FALCON-1020,TRUE,FALSE,Major,2255591,26d02h33m11,0
FALCON-1024,FALSE,FALSE,Minor,1747513,20d05h25m13,0
FALCON-1025,TRUE,FALSE,Major,2155121,24d22h38m41,0
FALCON-1743,TRUE,FALSE,Major,5432114,62d20h55m14,0
FALCON-1742,TRUE,FALSE,Major,712548,08d05h55m48,0
FALCON-1747,FALSE,FALSE,Major,1282441,14d20h14m01,0
FALCON-1141,FALSE,FALSE,Major,161669,01d20h54m29,0
FALCON-1748,TRUE,FALSE,Blocker,604728,06d23h58m48,0
FALCON-1604,FALSE,FALSE,Major,887787,10d06h36m27,0
FALCON-650,FALSE,FALSE,Major,422618,04d21h23m38,0
FALCON-716,FALSE,FALSE,Major,160301,01d20h31m41,0
FALCON-717,TRUE,FALSE,Major,5386997,62d08h23m17,0
FALCON-715,FALSE,FALSE,Major,161664,01d20h54m24,0
FALCON-713,FALSE,FALSE,Major,7288,00d02h01m28,0
FALCON-710,FALSE,FALSE,Major,3956306,45d18h58m26,0
FALCON-711,FALSE,FALSE,Major,48866,00d13h34m26,0
FALCON-891,FALSE,FALSE,Major,3324,00d00h55m24,0
FALCON-890,TRUE,FALSE,Blocker,1752,00d00h29m12,0
FALCON-893,TRUE,FALSE,Major,2089,00d00h34m49,0
FALCON-892,TRUE,FALSE,Critical,92520,01d01h42m00,0
FALCON-894,TRUE,FALSE,Blocker,9406,00d02h36m46,0
FALCON-896,TRUE,TRUE,Major,4910563,56d20h02m43,0
FALCON-1896,FALSE,FALSE,Major,3494,00d00h58m14,0
FALCON-1898,FALSE,FALSE,Major,6875,00d01h54m35,0
FALCON-101,FALSE,FALSE,Major,151615,01d18h06m55,0
FALCON-1282,FALSE,FALSE,Critical,2430747,28d03h12m27,0
FALCON-100,FALSE,FALSE,Major,7169,00d01h59m29,0
FALCON-2074,FALSE,FALSE,Major,69683,00d19h21m23,0
FALCON-2075,FALSE,FALSE,Critical,606399,07d00h26m39,0
FALCON-2076,FALSE,FALSE,Major,105534,01d05h18m54,0
FALCON-1290,FALSE,FALSE,Major,1039319,12d00h41m59,0
FALCON-2072,TRUE,FALSE,Major,1982487,22d22h41m27,0
FALCON-2073,TRUE,FALSE,Major,314976,03d15h29m36,0
FALCON-2175,FALSE,FALSE,Major,1716897,19d20h54m57,0
FALCON-2177,FALSE,FALSE,Minor,1663750,19d06h09m10,0
FALCON-1112,TRUE,FALSE,Major,433253,05d00h20m53,0
FALCON-1113,FALSE,FALSE,Major,338257,03d21h57m37,0
FALCON-158,FALSE,TRUE,Major,3155382,36d12h29m42,1
FALCON-159,FALSE,TRUE,Major,1285731,14d21h08m51,0
FALCON-1284,TRUE,FALSE,Major,340786,03d22h39m46,0
FALCON-622,TRUE,FALSE,Major,8863,00d02h27m43,0
FALCON-152,FALSE,TRUE,Major,891749,10d07h42m29,0
FALCON-1285,FALSE,FALSE,Blocker,161187,01d20h46m27,0
FALCON-260,FALSE,FALSE,Critical,611889,07d01h58m09,0
FALCON-1265,FALSE,FALSE,Major,226226,02d14h50m26,0
FALCON-2314,FALSE,FALSE,Major,7164085,82d22h01m25,0
FALCON-2317,FALSE,FALSE,Major,2042086,23d15h14m46,0
FALCON-2319,TRUE,FALSE,Major,232939,02d16h42m19,0
FALCON-2318,FALSE,FALSE,Minor,5855939,67d18h38m59,0
FALCON-1554,FALSE,FALSE,Major,168459,01d22h47m39,0
FALCON-1555,FALSE,FALSE,Major,46419,00d12h53m39,1
FALCON-1804,FALSE,FALSE,Major,348761,04d00h52m41,0
FALCON-425,FALSE,FALSE,Major,80143,00d22h15m43,0
FALCON-1369,TRUE,FALSE,Major,69089,00d19h11m29,0
FALCON-1416,FALSE,FALSE,Major,801597,09d06h39m57,0
FALCON-1415,FALSE,FALSE,Major,1443067,16d16h51m07,0
FALCON-1412,FALSE,FALSE,Major,70596,00d19h36m36,0
FALCON-1410,FALSE,FALSE,Major,1641117,18d23h51m57,0
FALCON-1363,FALSE,FALSE,Major,297410,03d10h36m50,0
FALCON-427,FALSE,FALSE,Major,34969,00d09h42m49,0
FALCON-1365,TRUE,FALSE,Major,3166568,36d15h36m08,0
FALCON-1202,TRUE,FALSE,Major,927320,10d17h35m20,0
FALCON-1203,TRUE,FALSE,Minor,10221063,118d07h11m03,0
FALCON-1204,FALSE,FALSE,Major,5964911,69d00h55m11,0
FALCON-429,TRUE,FALSE,Major,117652,01d08h40m52,0
FALCON-1162,FALSE,FALSE,Blocker,1115284,12d21h48m04,0
FALCON-1161,FALSE,FALSE,Major,1085318,12d13h28m38,0
FALCON-1165,FALSE,FALSE,Major,2154200,24d22h23m20,0
FALCON-865,FALSE,FALSE,Major,70826,00d19h40m26,0
FALCON-848,FALSE,FALSE,Major,639,00d00h10m39,0
FALCON-849,FALSE,FALSE,Major,258421,02d23h47m01,0
FALCON-847,TRUE,FALSE,Major,9375,00d02h36m15,0
FALCON-844,TRUE,FALSE,Major,87655,01d00h20m55,0
FALCON-2133,TRUE,FALSE,Major,217113,02d12h18m33,0
FALCON-840,FALSE,FALSE,Major,31435,00d08h43m55,0
FALCON-841,TRUE,FALSE,Major,69367,00d19h16m07,0
FALCON-921,FALSE,FALSE,Major,2509190,29d00h59m50,0
FALCON-2264,FALSE,FALSE,Major,65182,00d18h06m22,0
FALCON-2267,TRUE,TRUE,Major,189993,02d04h46m33,0
FALCON-2266,FALSE,TRUE,Major,94461,01d02h14m21,0
FALCON-2261,TRUE,FALSE,Major,323059,03d17h44m19,0
FALCON-2263,TRUE,FALSE,Major,56734,00d15h45m34,0
FALCON-430,TRUE,TRUE,Major,3624474,41d22h47m54,1
FALCON-2268,FALSE,TRUE,Major,157894,01d19h51m34,0
FALCON-1939,FALSE,FALSE,Major,3728,00d01h02m08,0
FALCON-1934,FALSE,FALSE,Major,869128,10d01h25m28,0
FALCON-1935,FALSE,FALSE,Blocker,1869078,21d15h11m18,0
FALCON-1936,FALSE,FALSE,Critical,115430,01d08h03m50,0
FALCON-1931,FALSE,FALSE,Major,4439231,51d09h07m11,0
FALCON-1932,FALSE,FALSE,Major,181168,02d02h19m28,0
FALCON-1064,FALSE,FALSE,Major,1350033,15d15h00m33,1
FALCON-1063,TRUE,TRUE,Major,490593,05d16h16m33,0
FALCON-1709,TRUE,FALSE,Major,429021,04d23h10m21,0
FALCON-1708,TRUE,FALSE,Major,702001,08d03h00m01,0
FALCON-693,FALSE,FALSE,Major,284848,03d07h07m28,0
FALCON-514,FALSE,FALSE,Major,1555855,18d00h10m55,0
FALCON-1703,FALSE,FALSE,Blocker,29612,00d08h13m32,0
FALCON-1702,TRUE,FALSE,Minor,54324,00d15h05m24,0
FALCON-695,FALSE,FALSE,Major,76064,00d21h07m44,0
FALCON-694,TRUE,TRUE,Critical,83714,00d23h15m14,0
FALCON-1660,FALSE,FALSE,Major,139894,01d14h51m34,0
FALCON-329,TRUE,FALSE,Major,24539783,284d00h36m23,0
FALCON-284,TRUE,FALSE,Major,7163548,82d21h52m28,0
FALCON-323,TRUE,FALSE,Major,459731,05d07h42m11,0
FALCON-321,FALSE,FALSE,Blocker,562622,06d12h17m02,0
FALCON-1014,FALSE,FALSE,Major,1534996,17d18h23m16,0
FALCON-1183,FALSE,FALSE,Major,1978,00d00h32m58,0
FALCON-443,TRUE,FALSE,Major,84867,00d23h34m27,0
FALCON-441,FALSE,FALSE,Major,519822,06d00h23m42,0
FALCON-998,FALSE,FALSE,Minor,84765,00d23h32m45,0
FALCON-999,FALSE,FALSE,Major,158506,01d20h01m46,0
FALCON-444,FALSE,TRUE,Major,153055,01d18h30m55,0
FALCON-445,FALSE,FALSE,Major,87455,01d00h17m35,0
FALCON-995,FALSE,FALSE,Major,390228,04d12h23m48,0
FALCON-990,FALSE,FALSE,Major,78780,00d21h53m00,0
FALCON-993,FALSE,FALSE,Major,1204259,13d22h30m59,0
FALCON-268,FALSE,FALSE,Major,331600,03d20h06m40,0
FALCON-269,FALSE,FALSE,Major,5412174,62d15h22m54,0
FALCON-106,FALSE,FALSE,Major,8670244,100d08h24m04,0
FALCON-610,TRUE,FALSE,Major,221877,02d13h37m57,0
FALCON-262,FALSE,FALSE,Major,65279,00d18h07m59,0
FALCON-109,TRUE,FALSE,Major,42863199,496d02h26m39,0
FALCON-264,TRUE,FALSE,Major,1469844,17d00h17m24,0
FALCON-1983,FALSE,FALSE,Major,155436,01d19h10m36,0
FALCON-1982,FALSE,FALSE,Major,1031738,11d22h35m38,0
FALCON-1985,FALSE,FALSE,Major,6627,00d01h50m27,0
FALCON-1984,TRUE,FALSE,Major,735220,08d12h13m40,0
FALCON-1986,FALSE,FALSE,Major,1127037,13d01h03m57,0
FALCON-1011,FALSE,FALSE,Major,3433105,39d17h38m25,0
FALCON-748,FALSE,FALSE,Critical,1065937,12d08h05m37,0
FALCON-1018,FALSE,FALSE,Major,243892,02d19h44m52,0
FALCON-1795,FALSE,FALSE,Major,614219,07d02h36m59,0
FALCON-1796,FALSE,FALSE,Major,187031,02d03h57m11,0
FALCON-1792,FALSE,FALSE,Major,419453,04d20h30m53,0
FALCON-1793,FALSE,FALSE,Major,410598,04d18h03m18,0
FALCON-740,FALSE,FALSE,Major,579053,06d16h50m53,0
FALCON-215,FALSE,TRUE,Major,3574070,41d08h47m50,0
FALCON-2239,FALSE,FALSE,Major,68093,00d18h54m53,0
FALCON-213,FALSE,TRUE,Critical,3019665,34d22h47m45,0
FALCON-747,FALSE,FALSE,Minor,260333,03d00h18m53,0
FALCON-746,TRUE,FALSE,Major,1773919,20d12h45m19,0
FALCON-2339,FALSE,FALSE,Major,6560786,75d22h26m26,0
FALCON-1593,FALSE,FALSE,Major,18043,00d05h00m43,0
FALCON-1594,FALSE,FALSE,Major,427209,04d22h40m09,0
FALCON-1595,FALSE,FALSE,Major,1985815,22d23h36m55,0
FALCON-1844,FALSE,FALSE,Major,93930,01d02h05m30,0
FALCON-1845,FALSE,FALSE,Major,2860678,33d02h37m58,0
FALCON-1846,FALSE,FALSE,Major,8154422,94d09h07m02,0
FALCON-1847,TRUE,TRUE,Major,612539,07d02h08m59,0
FALCON-1840,FALSE,FALSE,Major,2360121,27d07h35m21,0
FALCON-1842,FALSE,FALSE,Major,35835,00d09h57m15,0
OOZIE-674,FALSE,FALSE,Major,41092710,475d14h38m30,0
FALCON-1848,FALSE,FALSE,Major,599563,06d22h32m43,0
FALCON-1249,TRUE,FALSE,Major,184950,02d03h22m30,0
FALCON-1246,TRUE,FALSE,Major,134394,01d13h19m54,0
FALCON-2007,FALSE,FALSE,Critical,164295,01d21h38m15,0
FALCON-1242,TRUE,FALSE,Major,85531,00d23h45m31,0
FALCON-1243,FALSE,FALSE,Major,254650,02d22h44m10,0
FALCON-1241,FALSE,FALSE,Major,12196,00d03h23m16,0
FALCON-1127,FALSE,FALSE,Minor,1892648,21d21h44m08,0
FALCON-1089,FALSE,FALSE,Major,72912,00d20h15m12,0
FALCON-1125,TRUE,FALSE,Major,287095,03d07h44m55,0
FALCON-1779,FALSE,FALSE,Major,30578,00d08h29m38,0
FALCON-669,FALSE,FALSE,Major,84592,00d23h29m52,1
FALCON-1129,TRUE,FALSE,Critical,1087083,12d13h58m03,0
FALCON-1838,FALSE,FALSE,Major,2049150,23d17h12m30,0
FALCON-652,FALSE,FALSE,Major,411250,04d18h14m10,0
FALCON-2221,TRUE,FALSE,Minor,1567351,18d03h22m31,0
FALCON-2224,TRUE,TRUE,Major,1014509,11d17h48m29,0
FALCON-2229,TRUE,FALSE,Major,674100,07d19h15m00,0
FALCON-2341,FALSE,FALSE,Major,1128224,13d01h23m44,0
FALCON-962,TRUE,FALSE,Major,181021,02d02h17m01,0
FALCON-1565,TRUE,FALSE,Major,5385124,62d07h52m04,0
FALCON-1564,TRUE,FALSE,Blocker,273649,03d04h00m49,0
FALCON-1563,FALSE,FALSE,Blocker,533438,06d04h10m38,0
FALCON-1560,TRUE,FALSE,Major,141782,01d15h23m02,0
FALCON-1442,FALSE,FALSE,Major,612374,07d02h06m14,0
FALCON-1443,FALSE,FALSE,Minor,258284,02d23h44m44,0
FALCON-1445,FALSE,FALSE,Major,183233,02d02h53m53,0
FALCON-1569,TRUE,FALSE,Major,1020700,11d19h31m40,0
FALCON-1777,TRUE,TRUE,Major,188157,02d04h15m57,0
FALCON-1332,FALSE,FALSE,Major,205703,02d09h08m23,0
FALCON-1330,FALSE,FALSE,Major,1898532,21d23h22m12,0
FALCON-1331,FALSE,FALSE,Major,4519746,52d07h29m06,0
FALCON-1338,FALSE,FALSE,Major,25842,00d07h10m42,0
FALCON-1339,FALSE,FALSE,Critical,5880031,68d01h20m31,0
FALCON-495,FALSE,FALSE,Major,1127412,13d01h10m12,0
FALCON-494,FALSE,FALSE,Blocker,1127352,13d01h09m12,0
FALCON-497,TRUE,FALSE,Major,1186125,13d17h28m45,0
FALCON-496,FALSE,FALSE,Major,1043990,12d01h59m50,0
FALCON-56,FALSE,FALSE,Major,48185,00d13h23m05,0
FALCON-57,FALSE,FALSE,Trivial,40537,00d11h15m37,0
FALCON-1543,FALSE,FALSE,Major,63931,00d17h45m31,0
FALCON-55,TRUE,FALSE,Major,64619,00d17h56m59,0
FALCON-52,FALSE,FALSE,Major,2512,00d00h41m52,0
FALCON-53,FALSE,FALSE,Trivial,127144,01d11h19m04,0
FALCON-798,FALSE,FALSE,Major,21224,00d05h53m44,0
FALCON-797,FALSE,FALSE,Major,1163,00d00h19m23,0
FALCON-792,FALSE,FALSE,Major,408575,04d17h29m35,0
FALCON-1621,FALSE,FALSE,Major,7864646,91d00h37m26,0
FALCON-58,FALSE,FALSE,Trivial,121741,01d09h49m01,0
FALCON-811,FALSE,FALSE,Major,402025,04d15h40m25,0
FALCON-365,FALSE,FALSE,Major,423836,04d21h43m56,0
FALCON-812,TRUE,FALSE,Major,159056,01d20h10m56,0
FALCON-815,FALSE,FALSE,Major,1932639,22d08h50m39,0
FALCON-729,FALSE,FALSE,Critical,8669,00d02h24m29,0
FALCON-409,FALSE,FALSE,Major,4748,00d01h19m08,0
FALCON-819,TRUE,FALSE,Major,234150,02d17h02m30,0
FALCON-728,FALSE,FALSE,Major,18960,00d05h16m00,0
FALCON-401,FALSE,FALSE,Major,1736512,20d02h21m52,0
FALCON-561,FALSE,FALSE,Major,4490,00d01h14m50,0
FALCON-563,TRUE,FALSE,Major,16949,00d04h42m29,0
FALCON-567,FALSE,FALSE,Major,80912,00d22h28m32,0
FALCON-566,FALSE,TRUE,Major,237388,02d17h56m28,0
FALCON-1724,FALSE,FALSE,Major,4489489,51d23h04m49,0
FALCON-226,TRUE,FALSE,Major,1473252,17d01h14m12,0
FALCON-724,TRUE,FALSE,Major,268033,03d02h27m13,0
FALCON-223,FALSE,TRUE,Blocker,2012991,23d07h09m51,0
FALCON-2230,FALSE,FALSE,Major,69137,00d19h12m17,0
FALCON-382,FALSE,FALSE,Minor,4765286,55d03h41m26,0
FALCON-228,FALSE,FALSE,Major,192278,02d05h24m38,2
FALCON-1409,TRUE,FALSE,Major,151696,01d18h08m16,0
FALCON-1946,FALSE,FALSE,Major,15797,00d04h23m17,0
FALCON-1941,TRUE,FALSE,Critical,7670,00d02h07m50,0
FALCON-1940,FALSE,FALSE,Major,75103,00d20h51m43,0
FALCON-1943,FALSE,FALSE,Major,601592,06d23h06m32,0
FALCON-720,FALSE,FALSE,Major,8127,00d02h15m27,0
FALCON-1052,FALSE,FALSE,Major,512951,05d22h29m11,0
FALCON-1051,FALSE,FALSE,Major,6804513,78d18h08m33,0
FALCON-1050,FALSE,FALSE,Major,500208,05d18h56m48,0
FALCON-1750,TRUE,FALSE,Major,1290724,14d22h32m04,0
FALCON-1754,TRUE,FALSE,Minor,349166,04d00h59m26,0
FALCON-1757,TRUE,FALSE,Major,253762,02d22h29m22,0
FALCON-1758,TRUE,FALSE,Major,487617,05d15h26m57,0
FALCON-1694,FALSE,FALSE,Major,421884,04d21h11m24,0
FALCON-1696,FALSE,FALSE,Blocker,74049,00d20h34m09,0
FALCON-312,FALSE,FALSE,Blocker,7401662,85d16h01m02,0
FALCON-707,FALSE,FALSE,Major,30003,00d08h20m03,0
FALCON-311,FALSE,FALSE,Minor,951704,11d00h21m44,0
FALCON-702,FALSE,FALSE,Major,48074,00d13h21m14,0
FALCON-319,TRUE,FALSE,Major,974583,11d06h43m03,0
FALCON-760,TRUE,FALSE,Major,155114,01d19h05m14,0
FALCON-1880,FALSE,FALSE,Major,518057,05d23h54m17,0
FALCON-1881,FALSE,FALSE,Major,504751,05d20h12m31,0
FALCON-1882,TRUE,FALSE,Major,697875,08d01h51m15,0
FALCON-1883,FALSE,FALSE,Major,564763,06d12h52m43,0
FALCON-1885,TRUE,FALSE,Major,626857,07d06h07m37,0
FALCON-1499,FALSE,FALSE,Major,138269,01d14h24m29,0
FALCON-132,FALSE,FALSE,Minor,551158,06d09h05m58,0
FALCON-1491,FALSE,FALSE,Major,955797,11d01h29m57,0
FALCON-2049,TRUE,FALSE,Blocker,644084,07d10h54m44,0
FALCON-2048,FALSE,FALSE,Critical,754510,08d17h35m10,0
FALCON-1288,FALSE,FALSE,Major,232220,02d16h30m20,0
FALCON-1289,FALSE,FALSE,Major,1042162,12d01h29m22,0
FALCON-2041,FALSE,FALSE,Major,510170,05d21h42m50,0
FALCON-1281,FALSE,FALSE,Major,401453,04d15h30m53,0
FALCON-2045,FALSE,FALSE,Major,194976,02d06h09m36,0
FALCON-2047,FALSE,FALSE,Critical,3708769,42d22h12m49,0
FALCON-2046,FALSE,FALSE,Critical,752100,08d16h55m00,0
FALCON-630,TRUE,TRUE,Blocker,342122,03d23h02m02,0
FALCON-632,TRUE,FALSE,Major,488302,05d15h38m22,0
FALCON-142,FALSE,FALSE,Major,572330,06d14h58m50,0
FALCON-788,TRUE,FALSE,Major,80754,00d22h25m54,0
FALCON-2305,FALSE,FALSE,Major,354945,04d02h35m45,0
FALCON-2303,TRUE,FALSE,Major,1202509,13d22h01m49,0
FALCON-1401,TRUE,FALSE,Minor,3369366,38d23h56m06,0
FALCON-1402,FALSE,FALSE,Major,2002806,23d04h20m06,0
FALCON-1379,FALSE,FALSE,Major,250968,02d21h42m48,0
FALCON-1376,FALSE,FALSE,Minor,94991,01d02h23m11,0
FALCON-1372,FALSE,FALSE,Major,8801889,101d20h58m09,1
FALCON-1373,FALSE,FALSE,Major,4119865,47d16h24m25,0
FALCON-1371,FALSE,FALSE,Major,3018351,34d22h25m51,0
FALCON-1277,FALSE,FALSE,Major,2776,00d00h46m16,0
FALCON-1275,FALSE,FALSE,Major,129540,01d11h59m00,0
FALCON-1274,FALSE,FALSE,Major,129630,01d12h00m30,0
FALCON-1273,FALSE,FALSE,Major,139966,01d14h52m46,0
FALCON-1272,FALSE,FALSE,Major,141437,01d15h17m17,0
FALCON-1270,FALSE,FALSE,Major,36985,00d10h16m25,0
FALCON-1171,TRUE,FALSE,Major,181160,02d02h19m20,0
FALCON-1278,TRUE,FALSE,Major,2593883,30d00h31m23,0
FALCON-98,FALSE,FALSE,Major,17789587,205d21h33m07,0
FALCON-99,FALSE,FALSE,Major,57014707,659d21h25m07,0
FALCON-2279,FALSE,FALSE,Major,139755,01d14h49m15,0
FALCON-859,TRUE,FALSE,Major,8370,00d02h19m30,0
FALCON-858,FALSE,FALSE,Major,8675,00d02h24m35,0
FALCON-1720,FALSE,FALSE,Major,160344,01d20h32m24,0
FALCON-2272,FALSE,TRUE,Major,88920,01d00h42m00,0
FALCON-2273,TRUE,FALSE,Major,555927,06d10h25m27,0
FALCON-857,TRUE,FALSE,Critical,14188,00d03h56m28,0
FALCON-2271,FALSE,TRUE,Major,89598,01d00h53m18,0
FALCON-851,TRUE,FALSE,Blocker,171543,01d23h39m03,0
FALCON-850,FALSE,FALSE,Major,258024,02d23h40m24,0
FALCON-2274,FALSE,TRUE,Major,176557,02d01h02m37,0
FALCON-2071,TRUE,FALSE,Critical,709246,08d05h00m46,0
FALCON-1538,FALSE,FALSE,Major,8470181,98d00h49m41,0
FALCON-915,FALSE,FALSE,Major,10471635,121d04h47m15,0
FALCON-916,FALSE,FALSE,Major,453877,05d06h04m37,0
FALCON-917,FALSE,FALSE,Minor,86625,01d00h03m45,0
FALCON-1530,FALSE,FALSE,Major,57233,00d15h53m53,0
FALCON-583,TRUE,FALSE,Blocker,678763,07d20h32m43,0
FALCON-1532,FALSE,FALSE,Major,717,00d00h11m57,0
FALCON-1292,FALSE,FALSE,Major,727567,08d10h06m07,0
FALCON-1116,FALSE,FALSE,Major,7591358,87d20h42m38,0
FALCON-2270,FALSE,TRUE,Major,92836,01d01h47m16,0
FALCON-1300,FALSE,FALSE,Major,500198,05d18h56m38,0
FALCON-1901,TRUE,FALSE,Blocker,22196,00d06h09m56,0
FALCON-1907,FALSE,FALSE,Major,214072,02d11h27m52,0
FALCON-1909,TRUE,FALSE,Major,859222,09d22h40m22,0
FALCON-2171,FALSE,FALSE,Major,85422,00d23h43m42,0
FALCON-855,FALSE,FALSE,Major,167127,01d22h25m27,0
FALCON-1719,TRUE,FALSE,Major,163840,01d21h30m40,0
FALCON-28,FALSE,FALSE,Major,28787679,333d04h34m39,1
FALCON-1714,FALSE,FALSE,Major,436465,05d01h14m25,0
FALCON-1715,FALSE,FALSE,Major,1537796,17d19h09m56,0
FALCON-1716,FALSE,FALSE,Major,1902911,22d00h35m11,0
FALCON-24,FALSE,FALSE,Major,11330875,131d03h27m55,0
FALCON-1710,FALSE,FALSE,Minor,538540,06d05h35m40,0
FALCON-22,FALSE,FALSE,Trivial,61983,00d17h13m03,0
FALCON-297,FALSE,FALSE,Major,1406956,16d06h49m16,0
FALCON-1651,TRUE,FALSE,Blocker,6702,00d01h51m42,0
FALCON-2276,TRUE,TRUE,Major,157171,01d19h39m31,0
FALCON-240,TRUE,FALSE,Major,12260497,141d21h41m37,1
FALCON-355,TRUE,TRUE,Major,10298,00d02h51m38,0
FALCON-352,FALSE,FALSE,Major,2965217,34d07h40m17,2
FALCON-2277,FALSE,TRUE,Major,156915,01d19h35m15,0
FALCON-2287,FALSE,TRUE,Major,946452,10d22h54m12,0
FALCON-2286,FALSE,TRUE,Major,1955750,22d15h15m50,0
FALCON-2284,FALSE,TRUE,Major,1200140,13d21h22m20,0
FALCON-2283,FALSE,TRUE,Major,837717,09d16h41m57,0
FALCON-2281,FALSE,FALSE,Major,560949,06d11h49m09,0
FALCON-984,FALSE,TRUE,Major,14579,00d04h02m59,0
FALCON-590,FALSE,FALSE,Major,2425108,28d01h38m28,0
FALCON-2275,FALSE,TRUE,Major,79152,00d21h59m12,0
FALCON-595,FALSE,FALSE,Minor,7538996,87d06h09m56,0
FALCON-597,FALSE,FALSE,Major,8484,00d02h21m24,0
FALCON-278,TRUE,FALSE,Major,2049869,23d17h24m29,0
FALCON-270,FALSE,FALSE,Major,1021294,11d19h41m34,0
FALCON-852,FALSE,FALSE,Major,147214,01d16h53m34,0
FALCON-241,FALSE,FALSE,Major,578015,06d16h33m35,0
FALCON-2084,TRUE,FALSE,Critical,284696,03d07h04m56,0
FALCON-2081,TRUE,FALSE,Blocker,512574,05d22h22m54,0
FALCON-2080,TRUE,FALSE,Major,3950574,45d17h22m54,0
FALCON-2128,FALSE,FALSE,Major,959281,11d02h28m01,0
FALCON-2127,TRUE,FALSE,Critical,560495,06d11h41m35,0
FALCON-2125,FALSE,FALSE,Major,138250,01d14h24m10,0
FALCON-2089,FALSE,FALSE,Major,79522,00d22h05m22,0
FALCON-2088,TRUE,FALSE,Blocker,40110,00d11h08m30,0
FALCON-2120,FALSE,FALSE,Major,561928,06d12h05m28,0
FALCON-2121,FALSE,FALSE,Major,699656,08d02h20m56,0
FALCON-1000,FALSE,FALSE,Major,4404,00d01h13m24,0
FALCON-1002,TRUE,FALSE,Major,17481335,202d07h55m35,0
FALCON-188,FALSE,FALSE,Major,22047,00d06h07m27,0
FALCON-1005,TRUE,FALSE,Major,82290,00d22h51m30,0
FALCON-1007,FALSE,FALSE,Minor,690839,07d23h53m59,0
FALCON-1009,TRUE,FALSE,Major,414493,04d19h08m13,0
FALCON-186,FALSE,FALSE,Major,148634,01d17h17m14,0
FALCON-185,TRUE,FALSE,Major,171742,01d23h42m22,0
FALCON-677,TRUE,FALSE,Major,472501,05d11h15m01,0
FALCON-779,FALSE,FALSE,Major,77392,00d21h29m52,0
FALCON-774,FALSE,FALSE,Critical,11961229,138d10h33m49,0
FALCON-776,FALSE,FALSE,Major,21568,00d05h59m28,0
FALCON-777,FALSE,FALSE,Major,516431,05d23h27m11,0
FALCON-678,FALSE,FALSE,Major,3635657,42d01h54m17,0
FALCON-773,TRUE,FALSE,Major,369534,04d06h38m54,0
FALCON-1874,FALSE,FALSE,Major,346569,04d00h16m09,0
FALCON-2010,FALSE,TRUE,Major,258596,02d23h49m56,0
FALCON-298,TRUE,TRUE,Major,77838582,900d21h49m42,2
FALCON-2016,FALSE,FALSE,Major,154831,01d19h00m31,0
FALCON-2017,FALSE,FALSE,Major,8372,00d02h19m32,0
FALCON-2018,FALSE,FALSE,Major,40448,00d11h14m08,0
FALCON-1135,TRUE,FALSE,Major,510972,05d21h56m12,0
FALCON-759,FALSE,FALSE,Major,185931,02d03h38m51,0
FALCON-1132,FALSE,FALSE,Blocker,3807,00d01h03m27,0
FALCON-1138,FALSE,FALSE,Blocker,247606,02d20h46m46,0
FALCON-1139,FALSE,FALSE,Minor,8733931,101d02h05m31,0
FALCON-616,FALSE,FALSE,Major,85469,00d23h44m29,0
FALCON-950,FALSE,TRUE,Major,6726033,77d20h20m33,0
FALCON-952,FALSE,FALSE,Major,1070440,12d09h20m40,0
FALCON-954,TRUE,FALSE,Critical,11053352,127d22h22m32,0
FALCON-955,FALSE,FALSE,Major,577697,06d16h28m17,0
FALCON-956,FALSE,FALSE,Major,48256,00d13h24m16,0
FALCON-2338,TRUE,FALSE,Major,8141754,94d05h35m54,0
FALCON-2334,FALSE,FALSE,Major,508097,05d21h08m17,0
FALCON-2333,FALSE,FALSE,Major,1706497,19d18h01m37,0
FALCON-619,FALSE,FALSE,Major,136210,01d13h50m10,0
FALCON-2238,FALSE,FALSE,Major,68905,00d19h08m25,0
FALCON-2330,FALSE,FALSE,Major,613,00d00h10m13,0
FALCON-1572,FALSE,FALSE,Blocker,3989938,46d04h18m58,0
FALCON-1578,FALSE,FALSE,Major,196836,02d06h40m36,0
FALCON-1579,FALSE,FALSE,Major,94615,01d02h16m55,0
FALCON-1344,FALSE,FALSE,Major,1632418,18d21h26m58,0
FALCON-1220,FALSE,FALSE,Major,1697695,19d15h34m55,0
FALCON-1224,FALSE,FALSE,Critical,505754,05d20h29m14,0
FALCON-1225,FALSE,FALSE,Major,1463,00d00h24m23,0
FALCON-69,TRUE,FALSE,Major,4595612,53d04h33m32,0
FALCON-1558,FALSE,FALSE,Major,28870,00d08h01m10,0
FALCON-60,FALSE,FALSE,Major,16363881,189d09h31m21,0
FALCON-65,TRUE,FALSE,Major,192830,02d05h33m50,0
FALCON-1556,FALSE,FALSE,Blocker,278773,03d05h26m13,0
FALCON-789,FALSE,FALSE,Blocker,70957,00d19h42m37,0
FALCON-1446,FALSE,FALSE,Major,102517,01d04h28m37,0
FALCON-787,FALSE,FALSE,Major,502392,05d19h33m12,0
FALCON-1568,FALSE,FALSE,Blocker,3428987,39d16h29m47,0
FALCON-824,FALSE,FALSE,Critical,2206435,25d12h53m55,1
FALCON-2242,FALSE,FALSE,Major,161750,01d20h55m50,0
FALCON-826,FALSE,FALSE,Major,121389,01d09h43m09,0
FALCON-2240,FALSE,FALSE,Major,61634,00d17h07m14,0
FALCON-820,FALSE,FALSE,Major,1821030,21d01h50m30,0
FALCON-418,FALSE,FALSE,Blocker,37853,00d10h30m53,0
FALCON-417,FALSE,TRUE,Blocker,27302910,316d00h08m30,1
FALCON-829,TRUE,FALSE,Major,2086161,24d03h29m21,0
FALCON-554,FALSE,FALSE,Major,178145,02d01h29m05,0
FALCON-555,FALSE,FALSE,Major,19381739,224d07h48m59,0
FALCON-556,FALSE,FALSE,Major,77663,00d21h34m23,0
FALCON-1238,FALSE,FALSE,Major,2541427,29d09h57m07,0
FALCON-1908,TRUE,FALSE,Major,2298218,26d14h23m38,0
FALCON-237,TRUE,FALSE,Major,33071525,382d18h32m05,0
FALCON-236,FALSE,FALSE,Minor,312675,03d14h51m15,0
FALCON-232,FALSE,FALSE,Major,6289,00d01h44m49,0
FALCON-1070,FALSE,FALSE,Major,943922,10d22h12m02,0
FALCON-1953,FALSE,FALSE,Major,6088,00d01h41m28,0
FALCON-239,FALSE,FALSE,Blocker,3210870,37d03h54m30,1
FALCON-1957,FALSE,TRUE,Major,358332,04d03h32m12,0
FALCON-1045,FALSE,TRUE,Blocker,77201,00d21h26m41,0
FALCON-1047,FALSE,TRUE,Major,526986,06d02h23m06,0
FALCON-739,FALSE,FALSE,Major,4011,00d01h06m51,0
FALCON-1766,TRUE,FALSE,Major,958866,11d02h21m06,0
FALCON-731,TRUE,FALSE,Blocker,100676,01d03h57m56,0
FALCON-732,TRUE,TRUE,Blocker,100204,01d03h50m04,0
FALCON-733,FALSE,FALSE,Major,50169,00d13h56m09,0
FALCON-1680,FALSE,FALSE,Major,148755,01d17h19m15,0
FALCON-1681,FALSE,FALSE,Major,148305,01d17h11m45,0
FALCON-302,FALSE,FALSE,Major,2400527,27d18h48m47,0
FALCON-459,FALSE,FALSE,Minor,545512,06d07h31m52,0
FALCON-304,FALSE,FALSE,Major,12183,00d03h23m03,0
FALCON-128,FALSE,FALSE,Major,5868,00d01h37m48,0
FALCON-1489,FALSE,FALSE,Major,45346,00d12h35m46,0
FALCON-1484,FALSE,FALSE,Major,11875,00d03h17m55,0
FALCON-123,TRUE,TRUE,Major,11198568,129d14h42m48,0
FALCON-1487,TRUE,FALSE,Major,1046722,12d02h45m22,0
FALCON-124,FALSE,FALSE,Major,26088518,301d22h48m38,1
FALCON-1119,FALSE,FALSE,Major,435234,05d00h53m54,0
FALCON-736,FALSE,FALSE,Major,69239,00d19h13m59,0
FALCON-2058,FALSE,FALSE,Major,57084,00d15h51m24,0
FALCON-2056,FALSE,FALSE,Major,80762,00d22h26m02,0
FALCON-2057,FALSE,FALSE,Major,17979,00d04h59m39,0
FALCON-737,FALSE,FALSE,Major,67050,00d18h37m30,0
FALCON-2050,FALSE,FALSE,Major,587810,06d19h16m50,0
FALCON-1177,FALSE,FALSE,Major,70123,00d19h28m43,0
FALCON-2116,FALSE,FALSE,Major,130619,01d12h16m59,0
FALCON-2115,FALSE,FALSE,Major,3859,00d01h04m19,0
FALCON-2113,FALSE,FALSE,Major,1116013,12d22h00m13,0
FALCON-2111,FALSE,FALSE,Major,48190,00d13h23m10,0
FALCON-1711,FALSE,FALSE,Minor,59119,00d16h25m19,0
FALCON-609,FALSE,FALSE,Major,848435,09d19h40m35,1
FALCON-1259,FALSE,FALSE,Major,321795,03d17h23m15,0
FALCON-987,FALSE,FALSE,Major,4406469,51d00h01m09,0
FALCON-1823,FALSE,FALSE,Major,589387,06d19h43m07,0
FALCON-1826,TRUE,FALSE,Major,1979503,22d21h51m43,0
FALCON-1825,FALSE,FALSE,Major,2007089,23d05h31m29,0
FALCON-2031,FALSE,FALSE,Blocker,93674,01d02h01m14,0
FALCON-1383,FALSE,FALSE,Major,40356,00d11h12m36,0
FALCON-1382,FALSE,FALSE,Major,954927,11d01h15m27,0
FALCON-2028,FALSE,FALSE,Major,5101741,59d01h09m01,0
FALCON-1384,TRUE,FALSE,Major,89760,01d00h56m00,0
FALCON-2023,FALSE,FALSE,Blocker,279533,03d05h38m53,0
FALCON-1388,FALSE,FALSE,Blocker,2863,00d00h47m43,0
FALCON-2027,FALSE,FALSE,Major,256372,02d23h12m52,0
FALCON-2026,FALSE,FALSE,Major,182506,02d02h41m46,0
FALCON-2025,FALSE,FALSE,Major,78409,00d21h46m49,0
FALCON-1264,FALSE,FALSE,Major,83742,00d23h15m42,0
FALCON-1251,FALSE,FALSE,Major,5974062,69d03h27m42,0
FALCON-1266,FALSE,FALSE,Major,223027,02d13h57m07,0
FALCON-1267,FALSE,FALSE,Major,793,00d00h13m13,0
FALCON-1260,FALSE,FALSE,Major,1822151,21d02h09m11,0
FALCON-1261,TRUE,FALSE,Major,1700,00d00h28m20,0
FALCON-357,FALSE,FALSE,Major,9731132,112d15h05m32,0
FALCON-1144,FALSE,FALSE,Critical,82383,00d22h53m03,0
FALCON-1146,FALSE,FALSE,Critical,445383,05d03h43m03,0
FALCON-1268,TRUE,FALSE,Major,1556999,18d00h29m59,0
FALCON-1269,TRUE,FALSE,Major,80518,00d22h21m58,0
FALCON-1143,TRUE,FALSE,Major,93432,01d01h57m12,0
FALCON-1142,FALSE,FALSE,Minor,98986,01d03h29m46,0
FALCON-2148,FALSE,FALSE,Major,2477288,28d16h08m08,0
FALCON-1255,FALSE,FALSE,Major,4219,00d01h10m19,0
FALCON-1254,TRUE,FALSE,Major,444260,05d03h24m20,0
FALCON-860,FALSE,FALSE,Major,38772,00d10h46m12,0
FALCON-861,TRUE,FALSE,Major,147620,01d17h00m20,0
FALCON-862,FALSE,FALSE,Major,258373,02d23h46m13,0
FALCON-863,FALSE,FALSE,Major,58443,00d16h14m03,0
FALCON-864,TRUE,FALSE,Blocker,219498,02d12h58m18,0
FALCON-2036,FALSE,FALSE,Major,306776,03d13h12m56,0
FALCON-866,FALSE,FALSE,Major,1462,00d00h24m22,0
FALCON-867,FALSE,FALSE,Major,1589,00d00h26m29,0
FALCON-868,FALSE,FALSE,Minor,122990,01d10h09m50,0
FALCON-2037,FALSE,FALSE,Critical,1183636,13d16h47m16,0
FALCON-2203,FALSE,FALSE,Major,153291,01d18h34m51,0
FALCON-598,TRUE,FALSE,Major,515977,05d23h19m37,0
FALCON-1509,FALSE,FALSE,Major,50113,00d13h55m13,0
FALCON-1318,TRUE,FALSE,Major,80964,00d22h29m24,0
FALCON-1319,TRUE,TRUE,Major,751376,08d16h42m56,0
FALCON-1310,FALSE,TRUE,Major,2358051,27d07h00m51,0
FALCON-1311,TRUE,FALSE,Major,214982,02d11h43m02,0
FALCON-1312,TRUE,FALSE,Major,3773794,43d16h16m34,0
FALCON-1314,TRUE,FALSE,Major,5748,00d01h35m48,0
FALCON-1917,FALSE,FALSE,Major,88770,01d00h39m30,0
FALCON-1914,TRUE,FALSE,Major,6716089,77d17h34m49,0
FALCON-456,FALSE,FALSE,Major,12232,00d03h23m52,0
FALCON-1721,FALSE,FALSE,Major,2415659,27d23h00m59,1
FALCON-31,FALSE,FALSE,Trivial,32072,00d08h54m32,0
FALCON-1723,FALSE,FALSE,Major,1237339,14d07h42m19,0
FALCON-364,FALSE,FALSE,Trivial,3761056,43d12h44m16,0
FALCON-1725,FALSE,FALSE,Major,162470,01d21h07m50,0
FALCON-127,FALSE,FALSE,Blocker,2391,00d00h39m51,0
FALCON-1727,TRUE,FALSE,Major,1883523,21d19h12m03,0
FALCON-38,TRUE,FALSE,Major,16883590,195d09h53m10,0
FALCON-363,FALSE,FALSE,Minor,103818,01d04h50m18,0
FALCON-1641,FALSE,FALSE,Major,1680844,19d10h54m04,0
FALCON-1647,TRUE,FALSE,Major,590141,06d19h55m41,0
FALCON-1644,TRUE,FALSE,Major,1291018,14d22h36m58,0
FALCON-814,TRUE,FALSE,Major,1029629,11d22h00m29,0
FALCON-706,FALSE,FALSE,Major,2815599,32d14h06m39,0
FALCON-344,FALSE,FALSE,Minor,93652,01d02h00m52,1
FALCON-2290,FALSE,FALSE,Major,428073,04d22h54m33,0
FALCON-2291,FALSE,FALSE,Major,20329,00d05h38m49,0
FALCON-2292,FALSE,TRUE,Major,494851,05d17h27m31,0
FALCON-2293,TRUE,FALSE,Major,58131,00d16h08m51,0
FALCON-587,TRUE,FALSE,Minor,1707972,19d18h26m12,0
FALCON-2298,FALSE,FALSE,Major,868020,10d01h07m00,0
FALCON-582,FALSE,FALSE,Major,258382,02d23h46m22,0
FALCON-581,TRUE,FALSE,Major,489692,05d16h01m32,0
FALCON-249,FALSE,FALSE,Major,68242,00d18h57m22,0
FALCON-2090,TRUE,FALSE,Critical,132849,01d12h54m09,0
FALCON-2096,TRUE,FALSE,Major,1975222,22d20h40m22,0
FALCON-2097,TRUE,FALSE,Major,1215832,14d01h43m52,0
FALCON-242,TRUE,TRUE,Major,4470079,51d17h41m19,0
FALCON-2095,TRUE,FALSE,Major,480247,05d13h24m07,0
FALCON-1962,FALSE,FALSE,Major,340411,03d22h33m31,0
FALCON-1961,FALSE,FALSE,Major,179419,02d01h50m19,0
FALCON-1965,FALSE,FALSE,Major,1795797,20d18h49m57,0
FALCON-1964,FALSE,TRUE,Major,164453,01d21h40m53,0
FALCON-1969,FALSE,FALSE,Major,497077,05d18h04m37,0
FALCON-649,FALSE,FALSE,Major,423539,04d21h38m59,0
FALCON-642,FALSE,FALSE,Major,1794,00d00h29m54,0
FALCON-643,TRUE,FALSE,Major,686109,07d22h35m09,0
FALCON-644,TRUE,FALSE,Blocker,704202,08d03h36m42,0
FALCON-1038,FALSE,TRUE,Major,16243770,188d00h09m30,0
FALCON-646,FALSE,FALSE,Major,79513,00d22h05m13,0
FALCON-888,FALSE,FALSE,Major,8694,00d02h24m54,0
FALCON-889,FALSE,FALSE,Blocker,115665,01d08h07m45,1
FALCON-767,FALSE,FALSE,Major,101381,01d04h09m41,0
FALCON-766,FALSE,FALSE,Major,3848409,44d13h00m09,0
FALCON-764,FALSE,FALSE,Critical,1288095,14d21h48m15,0
FALCON-883,FALSE,FALSE,Major,92563,01d01h42m43,0
FALCON-880,TRUE,FALSE,Critical,418832,04d20h20m32,0
FALCON-768,FALSE,FALSE,Major,94898,01d02h21m38,0
FALCON-886,FALSE,FALSE,Major,932,00d00h15m32,0
FALCON-885,TRUE,FALSE,Major,245995,02d20h19m55,0
FALCON-437,FALSE,TRUE,Blocker,271230,03d03h20m30,0
FALCON-460,FALSE,FALSE,Major,369732,04d06h42m12,0
FALCON-1866,FALSE,FALSE,Major,1365732,15d19h22m12,0
FALCON-1867,TRUE,FALSE,Major,696538,08d01h28m58,0
FALCON-1864,FALSE,FALSE,Major,598758,06d22h19m18,0
FALCON-1244,TRUE,FALSE,Critical,262507,03d00h55m07,0
FALCON-2067,FALSE,FALSE,Blocker,266428,03d02h00m28,0
FALCON-2065,FALSE,FALSE,Blocker,527784,06d02h36m24,0
FALCON-2062,TRUE,FALSE,Major,122589,01d10h03m09,0
FALCON-2061,FALSE,FALSE,Major,67527,00d18h45m27,0
FALCON-2060,FALSE,FALSE,Major,758538,08d18h42m18,0
FALCON-1101,FALSE,FALSE,Major,8486824,98d05h27m04,1
FALCON-1100,FALSE,FALSE,Major,870123,10d01h42m03,0
FALCON-1103,FALSE,FALSE,Major,431714,04d23h55m14,0
FALCON-1104,FALSE,FALSE,Minor,6620802,76d15h06m42,0
FALCON-2146,TRUE,FALSE,Major,2853826,33d00h43m46,0
FALCON-2147,FALSE,FALSE,Major,2493162,28d20h32m42,0
