BugID, #isArch, #isInduce, #Priority, #TimeSec, #Time, #Reopen
FLUME-759,FALSE,FALSE,Major,683244,07d21h47m24,0
FLUME-758,FALSE,FALSE,Major,187977,02d04h12m57,0
FLUME-697,FALSE,TRUE,Critical,155715,01d19h15m15,0
FLUME-1671,FALSE,FALSE,Major,70249,00d19h30m49,0
FLUME-1673,FALSE,FALSE,Major,97748,01d03h09m08,0
FLUME-1676,FALSE,FALSE,Major,3630853,42d00h34m13,0
FLUME-2786,FALSE,FALSE,Blocker,78870531,912d20h28m51,0
FLUME-1679,FALSE,FALSE,Major,35005750,405d03h49m10,0
FLUME-593,TRUE,FALSE,Major,1543637,17d20h47m17,0
FLUME-2023,FALSE,FALSE,Major,37048,00d10h17m28,0
FLUME-2024,FALSE,FALSE,Major,35799991,414d08h26m31,0
FLUME-2025,FALSE,FALSE,Major,4215757,48d19h02m37,0
FLUME-1175,FALSE,FALSE,Critical,18858808,218d06h33m28,0
FLUME-2027,FALSE,FALSE,Major,895591,10d08h46m31,0
FLUME-2142,FALSE,FALSE,Major,329326,03d19h28m46,0
FLUME-1070,FALSE,FALSE,Major,438660,05d01h51m00,0
FLUME-1620,FALSE,FALSE,Major,1122245,12d23h44m05,0
FLUME-1074,TRUE,FALSE,Major,338694,03d22h04m54,0
FLUME-1075,FALSE,FALSE,Major,329898,03d19h38m18,0
FLUME-2148,FALSE,TRUE,Major,53222431,616d00h00m31,0
FLUME-94,FALSE,FALSE,Minor,784521,09d01h55m21,0
FLUME-1374,TRUE,FALSE,Major,9886,00d02h44m46,0
FLUME-224,FALSE,FALSE,Major,1148934,13d07h08m54,0
FLUME-99,FALSE,FALSE,Trivial,13147058,152d03h57m38,0
FLUME-53,TRUE,FALSE,Blocker,1904713,22d01h05m13,0
FLUME-1824,FALSE,FALSE,Major,43116,00d11h58m36,0
FLUME-1820,FALSE,FALSE,Major,34882,00d09h41m22,0
FLUME-1823,FALSE,FALSE,Major,10440078,120d20h01m18,0
FLUME-1822,FALSE,FALSE,Major,5727013,66d06h50m13,0
FLUME-55,FALSE,FALSE,Critical,695405,08d01h10m05,0
FLUME-624,FALSE,TRUE,Major,152713,01d18h25m13,0
FLUME-623,FALSE,FALSE,Major,153568,01d18h39m28,0
FLUME-1828,TRUE,FALSE,Major,295375,03d10h02m55,0
FLUME-620,TRUE,FALSE,Major,5052483,58d11h28m03,0
FLUME-2738,FALSE,FALSE,Major,147990,01d17h06m30,0
FLUME-2734,TRUE,FALSE,Major,7603422,88d00h03m42,0
FLUME-883,TRUE,FALSE,Major,23761,00d06h36m01,0
FLUME-2732,FALSE,FALSE,Major,444765,05d03h32m45,0
FLUME-1184,FALSE,FALSE,Major,100341,01d03h52m21,0
FLUME-1182,FALSE,FALSE,Major,402,00d00h06m42,0
FLUME-1180,FALSE,FALSE,Major,62673,00d17h24m33,0
FLUME-1181,TRUE,FALSE,Major,132444,01d12h47m24,0
FLUME-302,TRUE,TRUE,Major,142479,01d15h34m39,0
FLUME-347,FALSE,FALSE,Major,8501,00d02h21m41,0
FLUME-1188,FALSE,FALSE,Major,39628,00d11h00m28,0
FLUME-2325,FALSE,FALSE,Minor,49072,00d13h37m52,0
FLUME-2324,FALSE,FALSE,Major,964907,11d04h01m47,0
FLUME-2323,FALSE,FALSE,Major,1295457,14d23h50m57,0
FLUME-2320,FALSE,FALSE,Major,1355278,15d16h27m58,0
FLUME-1128,FALSE,FALSE,Minor,1204000,13d22h26m40,0
FLUME-2329,FALSE,FALSE,Major,695137,08d01h05m37,0
FLUME-2328,FALSE,FALSE,Major,722064,08d08h34m24,0
FLUME-3131,FALSE,FALSE,Critical,3119413,36d02h30m13,0
FLUME-1958,FALSE,FALSE,Major,269963,03d02h59m23,0
FLUME-3133,TRUE,FALSE,Major,41658192,482d03h43m12,0
FLUME-3132,FALSE,FALSE,Critical,3118880,36d02h21m20,0
FLUME-3135,FALSE,FALSE,Minor,20995,00d05h49m55,0
FLUME-2556,FALSE,FALSE,Major,2576473,29d19h41m13,0
FLUME-2557,TRUE,FALSE,Major,121641,01d09h47m21,0
FLUME-2652,FALSE,FALSE,Minor,1812372,20d23h26m12,0
FLUME-2657,FALSE,FALSE,Major,7929,00d02h12m09,0
FLUME-1389,FALSE,FALSE,Major,776144,08d23h35m44,0
FLUME-1221,FALSE,FALSE,Minor,666964,07d17h16m04,0
FLUME-2654,FALSE,FALSE,Minor,513162,05d22h32m42,0
FLUME-807,TRUE,FALSE,Major,3382,00d00h56m22,0
FLUME-806,FALSE,FALSE,Blocker,3784,00d01h03m04,0
FLUME-805,FALSE,FALSE,Major,2129551,24d15h32m31,0
FLUME-1595,FALSE,FALSE,Major,3525,00d00h58m45,0
FLUME-1428,FALSE,FALSE,Major,1729449,20d00h24m09,0
FLUME-1177,FALSE,FALSE,Minor,442938,05d03h02m18,0
FLUME-311,FALSE,FALSE,Major,86021,00d23h53m41,0
FLUME-809,FALSE,FALSE,Major,79,00d00h01m19,0
FLUME-1751,FALSE,FALSE,Major,1385,00d00h23m05,0
FLUME-1750,FALSE,FALSE,Major,2221,00d00h37m01,0
FLUME-2026,FALSE,FALSE,Major,4986531,57d17h08m51,0
FLUME-1755,FALSE,FALSE,Major,649013,07d12h16m53,0
FLUME-222,FALSE,FALSE,Major,1182946,13d16h35m46,0
FLUME-1690,TRUE,FALSE,Major,141741,01d15h22m21,0
FLUME-2191,FALSE,FALSE,Blocker,1750898,20d06h21m38,0
FLUME-2192,FALSE,FALSE,Major,3567886,41d07h04m46,0
FLUME-152,FALSE,FALSE,Major,1146940,13d06h35m40,0
FLUME-1204,FALSE,FALSE,Blocker,3572668,41d08h24m28,0
FLUME-2198,FALSE,FALSE,Major,690872,07d23h54m32,0
FLUME-248,FALSE,FALSE,Critical,3220037,37d06h27m17,0
FLUME-2210,FALSE,FALSE,Major,1240177,14d08h29m37,0
FLUME-2673,FALSE,FALSE,Major,370,00d00h06m10,0
FLUME-2215,TRUE,FALSE,Critical,50835213,588d08h53m33,0
FLUME-2214,FALSE,FALSE,Major,42515976,492d01h59m36,0
FLUME-2350,FALSE,FALSE,Major,92133,01d01h35m33,0
FLUME-822,FALSE,FALSE,Blocker,2662494,30d19h34m54,0
FLUME-2357,TRUE,FALSE,Major,1650662,19d02h31m02,0
FLUME-827,FALSE,FALSE,Blocker,2754403,31d21h06m43,0
FLUME-2425,FALSE,FALSE,Major,3199113,37d00h38m33,0
FLUME-1310,FALSE,FALSE,Major,1563909,18d02h25m09,0
FLUME-2420,FALSE,FALSE,Major,5496002,63d14h40m02,0
FLUME-1316,TRUE,FALSE,Major,904549,10d11h15m49,0
FLUME-1315,TRUE,FALSE,Major,240874,02d18h54m34,0
FLUME-3222,FALSE,FALSE,Major,7783046,90d01h57m26,0
FLUME-1253,TRUE,FALSE,Major,875914,10d03h18m34,0
FLUME-1319,FALSE,FALSE,Major,20723,00d05h45m23,0
FLUME-70,FALSE,FALSE,Trivial,1509562,17d11h19m22,0
FLUME-1254,TRUE,FALSE,Major,67993,00d18h53m13,0
FLUME-2812,TRUE,FALSE,Critical,33469231,387d09h00m31,0
FLUME-234,FALSE,FALSE,Blocker,630203,07d07h03m23,0
FLUME-891,FALSE,FALSE,Blocker,360167,04d04h02m47,0
FLUME-2950,FALSE,FALSE,Major,20233,00d05h37m13,0
FLUME-2952,FALSE,FALSE,Major,166986,01d22h23m06,0
FLUME-1524,FALSE,FALSE,Major,963,00d00h16m03,0
FLUME-1525,FALSE,FALSE,Minor,1565,00d00h26m05,0
FLUME-337,FALSE,FALSE,Major,398220,04d14h37m00,0
FLUME-336,TRUE,FALSE,Major,667551,07d17h25m51,0
FLUME-333,FALSE,FALSE,Major,233277,02d16h47m57,0
FLUME-3101,FALSE,FALSE,Major,46608368,539d10h46m08,0
FLUME-1079,FALSE,FALSE,Minor,101321,01d04h08m41,0
FLUME-416,TRUE,FALSE,Blocker,708089,08d04h41m29,0
FLUME-411,TRUE,FALSE,Major,160223,01d20h30m23,0
FLUME-2626,FALSE,FALSE,Major,2063430,23d21h10m30,0
FLUME-1135,FALSE,FALSE,Major,398328,04d14h38m48,0
FLUME-2109,TRUE,FALSE,Major,3308425,38d07h00m25,0
FLUME-1965,FALSE,FALSE,Major,12533,00d03h28m53,0
FLUME-1036,TRUE,FALSE,Major,393454,04d13h17m34,1
FLUME-1037,TRUE,FALSE,Major,832816,09d15h20m16,0
FLUME-600,TRUE,FALSE,Minor,2383369,27d14h02m49,0
FLUME-1031,FALSE,FALSE,Major,311413,03d14h30m13,0
FLUME-483,FALSE,FALSE,Major,1271418,14d17h10m18,0
FLUME-482,FALSE,FALSE,Critical,3066207,35d11h43m27,0
FLUME-2620,FALSE,FALSE,Major,77328744,895d00h12m24,0
FLUME-523,FALSE,FALSE,Trivial,2391099,27d16h11m39,0
FLUME-669,FALSE,TRUE,Minor,95491,01d02h31m31,0
FLUME-662,FALSE,FALSE,Major,209624,02d10h13m44,0
FLUME-661,FALSE,FALSE,Major,229501,02d15h45m01,0
FLUME-667,FALSE,TRUE,Blocker,176181,02d00h56m21,0
FLUME-666,TRUE,FALSE,Major,998524,11d13h22m04,0
FLUME-1784,FALSE,FALSE,Minor,340034,03d22h27m14,0
FLUME-1785,FALSE,FALSE,Trivial,5955068,68d22h11m08,0
FLUME-706,TRUE,FALSE,Critical,3251112,37d15h05m12,0
FLUME-1787,FALSE,FALSE,Major,8166380,94d12h26m20,0
FLUME-1788,FALSE,FALSE,Minor,61792,00d17h09m52,0
FLUME-1789,FALSE,FALSE,Minor,140822,01d15h07m02,0
FLUME-2773,FALSE,FALSE,Major,2465460,28d12h51m00,0
FLUME-466,FALSE,FALSE,Minor,1593036,18d10h30m36,0
FLUME-1142,TRUE,FALSE,Minor,65504,00d18h11m44,0
FLUME-2072,TRUE,FALSE,Major,156757,01d19h32m37,0
FLUME-2172,FALSE,FALSE,Major,1997504,23d02h51m44,0
FLUME-1148,TRUE,FALSE,Major,27759,00d07h42m39,0
FLUME-1149,FALSE,FALSE,Major,7559,00d02h05m59,0
FLUME-2174,FALSE,FALSE,Major,24425,00d06h47m05,0
FLUME-3175,FALSE,FALSE,Major,141269,01d15h14m29,0
FLUME-3173,FALSE,FALSE,Major,104826,01d05h07m06,0
FLUME-960,FALSE,FALSE,Major,210202,02d10h23m22,0
FLUME-1916,TRUE,FALSE,Major,1411992,16d08h13m12,0
FLUME-1911,FALSE,FALSE,Major,2677028,30d23h37m08,0
FLUME-1854,TRUE,FALSE,Major,764580,08d20h23m00,0
FLUME-963,FALSE,FALSE,Major,168942,01d22h55m42,0
FLUME-1918,FALSE,FALSE,Major,2759,00d00h45m59,0
FLUME-1852,FALSE,FALSE,Major,700897,08d02h41m37,0
FLUME-848,FALSE,FALSE,Trivial,77,00d00h01m17,0
FLUME-1719,FALSE,FALSE,Trivial,90626,01d01h10m26,0
FLUME-1498,FALSE,FALSE,Major,68962,00d19h09m22,0
FLUME-1712,FALSE,FALSE,Minor,5763,00d01h36m03,0
FLUME-1711,FALSE,FALSE,Blocker,78650,00d21h50m50,0
FLUME-2619,TRUE,FALSE,Major,47053536,544d14h25m36,0
FLUME-1986,TRUE,FALSE,Major,358128,04d03h28m48,0
FLUME-1980,TRUE,FALSE,Major,2764527,31d23h55m27,0
FLUME-1981,FALSE,FALSE,Major,2527690,29d06h08m10,0
FLUME-362,FALSE,FALSE,Major,172421,01d23h53m41,0
FLUME-2255,TRUE,FALSE,Major,689240,07d23h27m20,0
FLUME-2252,FALSE,FALSE,Minor,9135259,105d17h34m19,0
FLUME-2318,TRUE,FALSE,Minor,79497161,920d02h32m41,0
FLUME-365,FALSE,FALSE,Critical,3358175,38d20h49m35,0
FLUME-2314,FALSE,FALSE,Major,150137,01d17h42m17,0
FLUME-2312,TRUE,FALSE,Major,1896952,21d22h55m52,0
FLUME-2259,TRUE,FALSE,Major,3537220,40d22h33m40,0
FLUME-2311,TRUE,FALSE,Major,257403,02d23h30m03,0
FLUME-2464,FALSE,FALSE,Major,132238589,1530d12h56m29,0
FLUME-2466,FALSE,FALSE,Major,2091965,24d05h06m05,0
FLUME-1356,FALSE,FALSE,Major,39934,00d11h05m34,0
FLUME-1355,FALSE,FALSE,Major,44607,00d12h23m27,0
FLUME-2500,TRUE,FALSE,Major,1353448,15d15h57m28,0
FLUME-1352,FALSE,FALSE,Major,2587,00d00h43m07,0
FLUME-2505,FALSE,FALSE,Major,2037488,23d13h58m08,0
FLUME-1216,FALSE,FALSE,Major,2172025,25d03h20m25,0
FLUME-1217,FALSE,FALSE,Minor,1038234,12d00h23m54,0
FLUME-2660,FALSE,FALSE,Major,9764548,113d00h22m28,1
FLUME-2913,FALSE,FALSE,Major,98025,01d03h13m45,0
FLUME-2915,FALSE,FALSE,Major,1241127,14d08h45m27,0
FLUME-2664,FALSE,FALSE,Major,3754,00d01h02m34,0
FLUME-2665,FALSE,FALSE,Major,305869,03d12h57m49,0
FLUME-1562,FALSE,FALSE,Major,11618,00d03h13m38,0
FLUME-1565,TRUE,FALSE,Major,78003,00d21h40m03,0
FLUME-1567,FALSE,FALSE,Major,1252893,14d12h01m33,0
FLUME-1401,TRUE,FALSE,Major,239469,02d18h31m09,0
FLUME-1763,FALSE,FALSE,Major,810089,09d09h01m29,0
FLUME-1761,FALSE,FALSE,Critical,1520551,17d14h22m31,0
FLUME-1766,TRUE,FALSE,Minor,320644,03d17h04m04,0
FLUME-936,TRUE,FALSE,Major,3094137,35d19h28m57,0
FLUME-513,FALSE,FALSE,Minor,559355,06d11h22m35,0
FLUME-512,FALSE,FALSE,Critical,12248754,141d18h25m54,0
FLUME-515,FALSE,TRUE,Minor,213039,02d11h10m39,0
FLUME-516,FALSE,FALSE,Major,124676,01d10h37m56,0
FLUME-2229,FALSE,FALSE,Major,2933258,33d22h47m38,0
FLUME-3314,TRUE,FALSE,Minor,865649,10d00h27m29,0
FLUME-3316,FALSE,FALSE,Major,14789,00d04h06m29,0
FLUME-3311,FALSE,FALSE,Major,2984853,34d13h07m33,0
FLUME-198,FALSE,FALSE,Critical,5176852,59d22h00m52,0
FLUME-1322,TRUE,FALSE,Major,4784,00d01h19m44,0
FLUME-1323,FALSE,FALSE,Major,61177,00d16h59m37,0
FLUME-1320,FALSE,FALSE,Major,6895,00d01h54m55,0
FLUME-2389,FALSE,FALSE,Major,1726439,19d23h33m59,0
FLUME-1327,FALSE,FALSE,Major,81354,00d22h35m54,0
FLUME-1324,FALSE,FALSE,Major,3702,00d01h01m42,0
FLUME-192,TRUE,FALSE,Major,5280845,61d02h54m05,0
FLUME-564,FALSE,FALSE,Minor,16789,00d04h39m49,0
FLUME-2841,FALSE,FALSE,Major,23103,00d06h25m03,0
FLUME-2989,TRUE,FALSE,Minor,69730878,807d01h41m18,0
FLUME-2988,FALSE,FALSE,Minor,69631919,805d22h11m59,0
FLUME-205,FALSE,FALSE,Critical,5109537,59d03h18m57,0
FLUME-207,FALSE,FALSE,Major,511941,05d22h12m21,0
FLUME-2983,TRUE,TRUE,Major,122483,01d10h01m23,0
FLUME-200,FALSE,FALSE,Major,19879,00d05h31m19,0
FLUME-548,FALSE,FALSE,Major,36574,00d10h09m34,0
FLUME-745,TRUE,FALSE,Major,183516,02d02h58m36,0
FLUME-746,TRUE,TRUE,Major,120371,01d09h26m11,0
FLUME-742,FALSE,TRUE,Major,379370,04d09h22m50,0
FLUME-1666,TRUE,FALSE,Major,30299431,350d16h30m31,0
FLUME-1664,FALSE,FALSE,Minor,365937,04d05h38m57,0
FLUME-1662,FALSE,FALSE,Major,511771,05d22h09m31,0
FLUME-1108,FALSE,FALSE,Major,219218,02d12h53m38,0
FLUME-1109,TRUE,FALSE,Major,21778,00d06h02m58,0
FLUME-2036,FALSE,FALSE,Major,95575,01d02h32m55,0
FLUME-580,FALSE,FALSE,Major,15618655,180d18h30m55,0
FLUME-1102,TRUE,FALSE,Major,18831,00d05h13m51,0
FLUME-2032,FALSE,FALSE,Trivial,3691271,42d17h21m11,0
FLUME-658,FALSE,TRUE,Major,1232435,14d06h20m35,0
FLUME-25,FALSE,FALSE,Minor,2470206,28d14h10m06,0
FLUME-2134,FALSE,FALSE,Major,1123337,13d00h02m17,0
FLUME-2488,FALSE,FALSE,Major,4379003,50d16h23m23,0
FLUME-2489,FALSE,TRUE,Minor,678254,07d20h24m14,0
FLUME-540,TRUE,FALSE,Major,1739270,20d03h07m50,0
FLUME-2482,FALSE,FALSE,Major,1154755,13d08h45m55,0
FLUME-2480,FALSE,FALSE,Trivial,4299417,49d18h16m57,0
FLUME-2481,FALSE,FALSE,Minor,68097,00d18h54m57,0
FLUME-2486,FALSE,FALSE,Major,1201866,13d21h51m06,0
FLUME-2487,FALSE,FALSE,Major,4215906,48d19h05m06,0
FLUME-2485,FALSE,FALSE,Major,26585796,307d16h56m36,0
FLUME-1818,FALSE,FALSE,Major,942612,10d21h50m12,0
FLUME-1819,TRUE,FALSE,Major,9639123,111d13h32m03,0
FLUME-439,FALSE,FALSE,Major,673405,07d19h03m25,0
FLUME-630,FALSE,TRUE,Major,1310251,15d03h57m31,0
FLUME-927,FALSE,FALSE,Major,591944,06d20h25m44,0
FLUME-920,FALSE,FALSE,Blocker,963102,11d03h31m42,0
FLUME-734,FALSE,FALSE,Critical,4456012,51d13h46m52,0
FLUME-1613,FALSE,FALSE,Minor,675,00d00h11m15,0
FLUME-1610,TRUE,FALSE,Major,6930,00d01h55m30,0
FLUME-1611,FALSE,FALSE,Major,4666,00d01h17m46,0
FLUME-1616,FALSE,FALSE,Major,15289,00d04h14m49,0
FLUME-2725,TRUE,FALSE,Minor,33443869,387d01h57m49,0
FLUME-2042,TRUE,FALSE,Major,165497,01d21h58m17,0
FLUME-2043,FALSE,FALSE,Major,7466,00d02h04m26,0
FLUME-2044,FALSE,FALSE,Major,15745,00d04h22m25,0
FLUME-1194,FALSE,FALSE,Major,1197433,13d20h37m13,0
FLUME-1190,FALSE,FALSE,Major,38295,00d10h38m15,0
FLUME-1280,TRUE,FALSE,Major,433964,05d00h32m44,0
FLUME-1398,TRUE,FALSE,Major,45496,00d12h38m16,0
FLUME-218,FALSE,TRUE,Blocker,2016191,23d08h03m11,0
FLUME-1248,FALSE,FALSE,Major,1561841,18d01h50m41,0
FLUME-1392,FALSE,FALSE,Major,345593,03d23h59m53,0
FLUME-1391,FALSE,TRUE,Major,719357,08d07h49m17,0
FLUME-1364,FALSE,FALSE,Minor,91089,01d01h18m09,0
FLUME-818,FALSE,FALSE,Trivial,248,00d00h04m08,0
FLUME-1969,FALSE,FALSE,Major,5514,00d01h31m54,0
FLUME-1964,FALSE,FALSE,Major,7748,00d02h09m08,0
FLUME-811,FALSE,FALSE,Major,451,00d00h07m31,0
FLUME-2624,FALSE,FALSE,Major,4067239,47d01h47m19,0
FLUME-815,FALSE,FALSE,Major,92,00d00h01m32,0
FLUME-816,FALSE,FALSE,Major,3277599,37d22h26m39,0
FLUME-817,TRUE,FALSE,Blocker,438039,05d01h40m39,0
FLUME-955,FALSE,FALSE,Major,2526,00d00h42m06,0
FLUME-957,FALSE,FALSE,Major,98950,01d03h29m10,0
FLUME-1688,FALSE,FALSE,Major,15744408,182d05h26m48,0
FLUME-1723,FALSE,FALSE,Blocker,6020,00d01h40m20,0
FLUME-1720,FALSE,FALSE,Trivial,47958,00d13h19m18,0
FLUME-47,FALSE,FALSE,Major,1284289,14d20h44m49,0
FLUME-1683,FALSE,FALSE,Major,2240,00d00h37m20,0
FLUME-44,FALSE,FALSE,Major,794285,09d04h38m05,0
FLUME-2184,FALSE,FALSE,Minor,333255,03d20h34m15,0
FLUME-2182,TRUE,FALSE,Critical,1937862,22d10h17m42,0
FLUME-254,TRUE,TRUE,Critical,3544433,41d00h33m53,0
FLUME-2266,FALSE,FALSE,Major,172385,01d23h53m05,0
FLUME-2060,FALSE,FALSE,Major,1662856,19d05h54m16,0
FLUME-2264,FALSE,FALSE,Major,285951,03d07h25m51,0
FLUME-2265,TRUE,FALSE,Major,1098345,12d17h05m45,0
FLUME-2262,FALSE,FALSE,Major,3729,00d01h02m09,0
FLUME-2263,FALSE,FALSE,Major,8094097,93d16h21m37,0
FLUME-395,FALSE,FALSE,Critical,1297850,15d00h30m50,0
FLUME-43,FALSE,FALSE,Major,272290,03d03h38m10,0
FLUME-3218,FALSE,FALSE,Major,1564,00d00h26m04,0
FLUME-2438,TRUE,FALSE,Major,1106289,12d19h18m09,0
FLUME-2345,FALSE,FALSE,Major,184419,02d03h13m39,0
FLUME-2347,FALSE,FALSE,Major,329307,03d19h28m27,0
FLUME-2346,FALSE,FALSE,Major,18331682,212d04h08m02,0
FLUME-2432,FALSE,FALSE,Major,332560,03d20h22m40,0
FLUME-1369,FALSE,FALSE,Major,375951,04d08h25m51,0
FLUME-2533,FALSE,FALSE,Major,177026,02d01h10m26,0
FLUME-2949,FALSE,FALSE,Major,26385,00d07h19m45,0
FLUME-2948,FALSE,FALSE,Trivial,52908,00d14h41m48,0
FLUME-1362,FALSE,FALSE,Major,175715,02d00h48m35,0
FLUME-1363,FALSE,FALSE,Minor,74772,00d20h46m12,0
FLUME-1241,FALSE,FALSE,Major,382791,04d10h19m51,0
FLUME-1240,TRUE,FALSE,Major,2542408,29d10h13m28,0
FLUME-2538,FALSE,FALSE,Major,717655,08d07h20m55,0
FLUME-45,FALSE,FALSE,Major,3364011,38d22h26m51,0
FLUME-1245,FALSE,FALSE,Major,51756,00d14h22m36,0
FLUME-1244,TRUE,FALSE,Major,684042,07d22h00m42,0
FLUME-1368,FALSE,FALSE,Trivial,349956,04d01h12m36,0
FLUME-1246,FALSE,TRUE,Blocker,1633871,18d21h51m11,0
FLUME-1532,FALSE,FALSE,Major,6697,00d01h51m37,0
FLUME-1534,FALSE,FALSE,Major,68277,00d18h57m57,0
FLUME-1432,TRUE,FALSE,Major,619543,07d04h05m43,0
FLUME-322,FALSE,FALSE,Major,126233335,1461d00h48m55,0
FLUME-1437,FALSE,FALSE,Major,1066129,12d08h08m49,0
FLUME-320,FALSE,FALSE,Major,7550128,87d09h15m28,0
FLUME-36,TRUE,FALSE,Critical,1621675,18d18h27m55,0
FLUME-176,FALSE,FALSE,Blocker,81685,00d22h41m25,0
FLUME-1583,TRUE,FALSE,Major,16885,00d04h41m25,0
FLUME-1027,FALSE,FALSE,Critical,81084,00d22h31m24,0
FLUME-1026,TRUE,FALSE,Major,1091626,12d15h13m46,0
FLUME-1213,TRUE,FALSE,Major,157270,01d19h41m10,0
FLUME-1638,FALSE,FALSE,Minor,429499,04d23h18m19,0
FLUME-1088,FALSE,FALSE,Minor,2860979,33d02h42m59,1
FLUME-496,FALSE,FALSE,Blocker,648773,07d12h12m53,0
FLUME-2658,FALSE,FALSE,Major,780327,09d00h45m27,0
FLUME-1380,FALSE,FALSE,Major,9494,00d02h38m14,0
FLUME-67,FALSE,FALSE,Minor,207159,02d09h32m39,0
FLUME-1229,FALSE,FALSE,Major,336118,03d21h21m58,0
FLUME-1797,TRUE,FALSE,Major,3346,00d00h55m46,0
FLUME-1795,FALSE,FALSE,Minor,6330,00d01h45m30,0
FLUME-1793,FALSE,FALSE,Minor,49797516,576d08h38m36,0
FLUME-770,FALSE,FALSE,Minor,154745,01d18h59m05,0
FLUME-1791,FALSE,FALSE,Trivial,8564,00d02h22m44,0
FLUME-1226,FALSE,FALSE,Major,851319,09d20h28m39,0
FLUME-1656,FALSE,FALSE,Major,1909797,22d02h29m57,0
FLUME-1655,FALSE,FALSE,Major,1925847,22d06h57m27,0
FLUME-2763,FALSE,FALSE,Major,764725,08d20h25m25,0
FLUME-1653,FALSE,FALSE,Major,1040950,12d01h09m10,0
FLUME-1799,FALSE,FALSE,Major,45500,00d12h38m20,0
FLUME-1651,FALSE,FALSE,Blocker,3385,00d00h56m25,0
FLUME-1098,FALSE,FALSE,Major,1121222,12d23h27m02,0
FLUME-2007,TRUE,TRUE,Major,7687445,88d23h24m05,0
FLUME-1153,FALSE,FALSE,Major,16759570,193d23h26m10,0
FLUME-2002,FALSE,FALSE,Major,1380170,15d23h22m50,0
FLUME-1154,FALSE,FALSE,Major,5105944,59d02h19m04,0
FLUME-1156,FALSE,FALSE,Major,78679,00d21h51m19,0
FLUME-2161,FALSE,FALSE,Major,2399,00d00h39m59,0
FLUME-1955,TRUE,FALSE,Major,6380,00d01h46m20,0
FLUME-1094,FALSE,FALSE,Major,1559,00d00h25m59,0
FLUME-1096,FALSE,FALSE,Minor,1816681,21d00h38m01,0
FLUME-788,TRUE,FALSE,Major,91689,01d01h28m09,0
FLUME-1220,FALSE,FALSE,Major,1197,00d00h19m57,0
FLUME-784,FALSE,FALSE,Major,80,00d00h01m20,0
FLUME-1929,FALSE,FALSE,Minor,1284716,14d20h51m56,0
FLUME-1354,FALSE,FALSE,Major,1859882,21d12h38m02,0
FLUME-1296,FALSE,FALSE,Major,14939430,172d21h50m30,0
FLUME-1297,FALSE,FALSE,Major,1611663,18d15h41m03,0
FLUME-1922,TRUE,FALSE,Major,604372,06d23h52m52,0
FLUME-1924,FALSE,FALSE,Major,10339996,119d16h13m16,0
FLUME-1925,TRUE,FALSE,Major,514814,05d23h00m14,0
FLUME-1290,FALSE,FALSE,Minor,110310,01d06h38m30,0
FLUME-609,FALSE,FALSE,Blocker,4583230,53d01h07m10,0
FLUME-1842,FALSE,FALSE,Major,165456,01d21h57m36,0
FLUME-1489,FALSE,FALSE,Major,620720,07d04h25m20,0
FLUME-857,FALSE,FALSE,Major,507957,05d21h05m57,0
FLUME-1845,FALSE,FALSE,Minor,901349,10d10h22m29,0
FLUME-1844,TRUE,FALSE,Minor,60134,00d16h42m14,0
FLUME-915,FALSE,FALSE,Blocker,1087,00d00h18m07,0
FLUME-803,TRUE,FALSE,Major,104130,01d04h55m30,0
FLUME-1849,TRUE,FALSE,Major,9252,00d02h34m12,0
FLUME-916,FALSE,FALSE,Major,991,00d00h16m31,0
FLUME-911,FALSE,FALSE,Major,1370,00d00h22m50,0
FLUME-910,FALSE,FALSE,Blocker,1794,00d00h29m54,0
FLUME-607,FALSE,FALSE,Blocker,165942,01d22h05m42,0
FLUME-912,FALSE,FALSE,Major,5734,00d01h35m34,0
FLUME-2712,TRUE,FALSE,Major,13396507,155d01h15m07,0
FLUME-1993,FALSE,FALSE,Major,512207,05d22h16m47,0
FLUME-82,FALSE,FALSE,Minor,680046,07d20h54m06,0
FLUME-350,FALSE,FALSE,Trivial,2189304,25d08h08m24,0
FLUME-2305,FALSE,FALSE,Major,2418,00d00h40m18,0
FLUME-2304,FALSE,FALSE,Major,841,00d00h14m01,0
FLUME-2307,TRUE,FALSE,Major,873301,10d02h35m01,0
FLUME-2301,FALSE,FALSE,Major,3256,00d00h54m16,0
FLUME-2303,FALSE,FALSE,Major,42473,00d11h47m53,0
FLUME-2302,FALSE,FALSE,Major,189480,02d04h38m00,0
FLUME-2475,FALSE,FALSE,Minor,1402012,16d05h26m52,0
FLUME-2472,FALSE,FALSE,Minor,1518509,17d13h48m29,0
FLUME-2578,FALSE,FALSE,Major,847171,09d19h19m31,0
FLUME-2470,TRUE,FALSE,Major,610895,07d01h41m35,0
FLUME-2479,TRUE,FALSE,Major,597096,06d21h51m36,0
FLUME-1288,FALSE,FALSE,Minor,550482,06d08h54m42,0
FLUME-1205,FALSE,FALSE,Critical,778796,09d00h19m56,0
FLUME-2670,FALSE,FALSE,Major,74385,00d20h39m45,0
FLUME-823,TRUE,FALSE,Major,2585754,29d22h15m54,0
FLUME-2672,TRUE,FALSE,Trivial,13259816,153d11h16m56,0
FLUME-825,TRUE,FALSE,Major,72830,00d20h13m50,0
FLUME-1200,FALSE,FALSE,Major,3564978,41d06h16m18,0
FLUME-2901,FALSE,FALSE,Major,9751511,112d20h45m11,0
FLUME-1578,TRUE,FALSE,Major,2229,00d00h37m09,0
FLUME-2679,FALSE,FALSE,Major,77561,00d21h32m41,0
FLUME-2678,FALSE,FALSE,Major,74676,00d20h44m36,0
FLUME-1572,FALSE,FALSE,Major,15949,00d04h25m49,0
FLUME-2908,FALSE,FALSE,Major,3896,00d01h04m56,0
FLUME-1778,FALSE,FALSE,Major,152959,01d18h29m19,0
FLUME-870,FALSE,FALSE,Major,10965,00d03h02m45,0
FLUME-1470,FALSE,FALSE,Major,2938092,34d00h08m12,0
FLUME-1773,FALSE,FALSE,Major,184780,02d03h19m40,0
FLUME-1772,TRUE,FALSE,Major,1076434,12d11h00m34,0
FLUME-1775,FALSE,FALSE,Major,59420,00d16h30m20,0
FLUME-1774,FALSE,FALSE,Trivial,2630,00d00h43m50,0
FLUME-1776,FALSE,FALSE,Major,2355,00d00h39m15,0
FLUME-2886,TRUE,FALSE,Major,32888,00d09h08m08,0
FLUME-38,FALSE,FALSE,Major,611110,07d01h45m10,0
FLUME-2881,FALSE,FALSE,Major,629319,07d06h48m39,0
FLUME-508,TRUE,FALSE,Major,39556,00d10h59m16,0
FLUME-2889,FALSE,FALSE,Major,5266601,60d22h56m41,1
FLUME-3328,FALSE,FALSE,Major,2546266,29d11h17m46,0
FLUME-2233,FALSE,FALSE,Major,252742,02d22h12m22,0
FLUME-2235,FALSE,FALSE,Major,101463,01d04h11m03,0
FLUME-2239,FALSE,FALSE,Major,2052839,23d18h13m59,0
FLUME-2238,FALSE,FALSE,Major,2032514,23d12h35m14,0
FLUME-2400,FALSE,FALSE,Major,732389,08d11h26m29,0
FLUME-2404,FALSE,FALSE,Major,1605533,18d13h58m53,0
FLUME-1331,FALSE,FALSE,Major,684887,07d22h14m47,0
FLUME-1333,FALSE,FALSE,Major,15674,00d04h21m14,0
FLUME-183,FALSE,FALSE,Trivial,490541,05d16h15m41,1
FLUME-2972,TRUE,TRUE,Major,871737,10d02h08m57,0
FLUME-2973,TRUE,FALSE,Critical,67905371,785d22h36m11,0
FLUME-2976,FALSE,FALSE,Major,55742875,645d04h07m55,0
FLUME-2974,FALSE,FALSE,Major,407098,04d17h04m58,0
FLUME-1500,FALSE,FALSE,Major,242232,02d19h17m12,0
FLUME-1506,FALSE,FALSE,Major,46381,00d12h53m01,0
FLUME-1504,FALSE,FALSE,Major,64401,00d17h53m21,0
FLUME-435,FALSE,FALSE,Major,696280,08d01h24m40,0
FLUME-1119,TRUE,FALSE,Major,44914,00d12h28m34,0
FLUME-433,TRUE,FALSE,Blocker,3344929,38d17h08m49,0
FLUME-430,FALSE,FALSE,Blocker,811412,09d09h23m32,0
FLUME-1219,TRUE,FALSE,Major,33689,00d09h21m29,0
FLUME-1114,TRUE,FALSE,Major,18521,00d05h08m41,0
FLUME-1116,FALSE,FALSE,Major,135860,01d13h44m20,0
FLUME-1112,FALSE,FALSE,Major,1399259,16d04h40m59,0
FLUME-2124,FALSE,FALSE,Major,5950,00d01h39m10,0
FLUME-2126,FALSE,FALSE,Major,52475222,607d08h27m02,1
FLUME-2121,FALSE,FALSE,Major,517482,05d23h44m42,0
FLUME-2289,FALSE,FALSE,Major,38770,00d10h46m10,0
FLUME-3253,FALSE,FALSE,Critical,11575854,133d23h30m54,0
FLUME-2283,FALSE,TRUE,Major,5804312,67d04h18m32,0
FLUME-2492,FALSE,FALSE,Major,12088,00d03h21m28,0
FLUME-2495,TRUE,FALSE,Major,85333,00d23h42m13,0
FLUME-2497,FALSE,FALSE,Major,2946537,34d02h28m57,0
FLUME-3027,FALSE,FALSE,Major,1489347,17d05h42m27,0
FLUME-1805,FALSE,FALSE,Major,2272,00d00h37m52,0
FLUME-1804,FALSE,FALSE,Major,2543,00d00h42m23,0
FLUME-1803,FALSE,FALSE,Major,7742,00d02h09m02,0
FLUME-1802,FALSE,FALSE,Minor,9724,00d02h42m04,0
FLUME-1329,FALSE,FALSE,Major,53532,00d14h52m12,0
FLUME-642,FALSE,FALSE,Major,58026,00d16h07m06,0
FLUME-722,TRUE,FALSE,Minor,540162,06d06h02m42,0
FLUME-2381,FALSE,FALSE,Major,1088,00d00h18m08,0
FLUME-720,TRUE,FALSE,Major,1899344,21d23h35m44,0
FLUME-721,TRUE,FALSE,Critical,1869919,21d15h25m19,1
FLUME-1314,TRUE,FALSE,Major,158901,01d20h08m21,0
FLUME-2754,FALSE,FALSE,Major,1892554,21d21h42m34,0
FLUME-2752,FALSE,FALSE,Major,60599756,701d09h15m56,0
FLUME-2753,FALSE,FALSE,Major,256785,02d23h19m45,0
FLUME-2751,FALSE,FALSE,Major,5512379,63d19h12m59,0
FLUME-2051,FALSE,FALSE,Major,2480741,28d17h05m41,0
FLUME-2054,FALSE,FALSE,Major,36845,00d10h14m05,0
FLUME-2057,FALSE,FALSE,Major,1721793,19d22h16m33,0
FLUME-1890,FALSE,FALSE,Major,9116,00d02h31m56,0
FLUME-1891,FALSE,FALSE,Major,45434,00d12h37m14,0
FLUME-1892,TRUE,FALSE,Minor,31139550,360d09h52m30,0
FLUME-646,FALSE,FALSE,Minor,494830,05d17h27m10,0
FLUME-3294,TRUE,FALSE,Major,30391,00d08h26m31,0
FLUME-3298,FALSE,FALSE,Major,3474477,40d05h07m57,0
FLUME-3299,FALSE,FALSE,Major,159410,01d20h16m50,0
FLUME-3117,FALSE,FALSE,Major,21173788,245d01h36m28,0
FLUME-1879,FALSE,FALSE,Major,7449,00d02h04m09,0
FLUME-869,FALSE,FALSE,Trivial,885340,10d05h55m40,0
FLUME-2408,FALSE,FALSE,Major,298,00d00h04m58,0
FLUME-1975,FALSE,FALSE,Major,6462837,74d19h13m57,0
FLUME-1974,TRUE,FALSE,Major,95377,01d02h29m37,0
FLUME-1872,TRUE,FALSE,Major,155404,01d19h10m04,0
FLUME-1870,FALSE,FALSE,Major,85925,00d23h52m05,0
FLUME-1325,FALSE,FALSE,Major,137159,01d14h05m59,0
FLUME-2633,FALSE,FALSE,Major,67130,00d18h38m50,0
FLUME-2632,FALSE,FALSE,Major,20730553,239d22h29m13,0
FLUME-1482,TRUE,FALSE,Major,92815,01d01h46m55,0
FLUME-1231,FALSE,FALSE,Major,248934,02d21h08m54,0
FLUME-1732,TRUE,FALSE,Major,145844885,1688d00h28m05,0
FLUME-1606,TRUE,FALSE,Major,9366,00d02h36m06,0
FLUME-267,FALSE,FALSE,Major,15809,00d04h23m29,0
FLUME-264,FALSE,FALSE,Critical,1669463,19d07h44m23,0
FLUME-263,FALSE,FALSE,Major,970527,11d05h35m27,0
FLUME-1312,FALSE,FALSE,Major,19988,00d05h33m08,0
FLUME-2270,FALSE,FALSE,Trivial,420091,04d20h41m31,0
FLUME-382,FALSE,FALSE,Critical,2380387,27d13h13m07,0
FLUME-268,FALSE,FALSE,Major,9317,00d02h35m17,0
FLUME-1317,FALSE,FALSE,Major,193500,02d05h45m00,0
FLUME-3201,FALSE,FALSE,Major,69221,00d19h13m41,0
FLUME-2441,FALSE,FALSE,Minor,131451,01d12h30m51,0
FLUME-2520,FALSE,FALSE,Major,256346,02d23h12m26,0
FLUME-1377,TRUE,FALSE,Major,3184,00d00h53m04,0
FLUME-1376,FALSE,FALSE,Minor,13836,00d03h50m36,0
FLUME-2525,FALSE,FALSE,Major,763295,08d20h01m35,0
FLUME-54,FALSE,FALSE,Major,1808889,20d22h28m09,0
FLUME-1373,FALSE,FALSE,Trivial,267595,03d02h19m55,0
FLUME-2939,FALSE,FALSE,Minor,814967,09d10h22m47,0
FLUME-2936,FALSE,FALSE,Major,1342051,15d12h47m31,0
FLUME-1276,TRUE,FALSE,Major,2370531,27d10h28m51,0
FLUME-1277,FALSE,FALSE,Minor,13026755,150d18h32m35,0
FLUME-1270,FALSE,FALSE,Minor,191787,02d05h16m27,1
FLUME-1271,FALSE,FALSE,Trivial,55769,00d15h29m29,0
FLUME-1547,FALSE,FALSE,Major,3497548,40d11h32m28,0
FLUME-1544,FALSE,FALSE,Major,50992,00d14h09m52,0
FLUME-1545,FALSE,FALSE,Minor,9131,00d02h32m11,0
FLUME-1541,TRUE,FALSE,Major,17452,00d04h50m52,0
FLUME-1421,FALSE,FALSE,Trivial,1866,00d00h31m06,0
FLUME-1422,FALSE,FALSE,Major,90397,01d01h06m37,0
FLUME-71,FALSE,FALSE,Major,191985,02d05h19m45,0
FLUME-160,FALSE,FALSE,Minor,107646,01d05h54m06,0
FLUME-163,FALSE,FALSE,Major,133442,01d13h04m02,0
FLUME-773,TRUE,FALSE,Critical,1912976,22d03h22m56,0
FLUME-2088,FALSE,FALSE,Minor,1210470,14d00h14m30,0
FLUME-1659,TRUE,FALSE,Major,937466,10d20h24m26,0
FLUME-2082,TRUE,FALSE,Major,821376,09d12h09m36,0
FLUME-2083,FALSE,FALSE,Major,494547,05d17h22m27,0
FLUME-2081,TRUE,FALSE,Major,822877,09d12h34m37,0
FLUME-75,FALSE,FALSE,Minor,6447225,74d14h53m45,0
FLUME-1017,FALSE,FALSE,Blocker,2911037,33d16h37m17,0
FLUME-1018,FALSE,FALSE,Minor,663516,07d16h18m36,0
FLUME-3278,TRUE,FALSE,Major,552926,06d09h35m26,0
FLUME-1104,FALSE,FALSE,Major,11274,00d03h07m54,0
FLUME-3270,FALSE,FALSE,Major,745665,08d15h07m45,0
FLUME-1893,FALSE,FALSE,Major,8283816,95d21h03m36,0
FLUME-1650,FALSE,FALSE,Blocker,4136,00d01h08m56,0
FLUME-2844,FALSE,FALSE,Major,23121736,267d14h42m16,0
FLUME-549,FALSE,FALSE,Major,35229,00d09h47m09,0
FLUME-2594,FALSE,FALSE,Major,3058,00d00h50m58,0
FLUME-2595,FALSE,FALSE,Major,7071920,81d20h25m20,0
FLUME-2592,FALSE,FALSE,Minor,2066441,23d22h00m41,0
FLUME-2593,FALSE,FALSE,Minor,23734832,274d17h00m32,0
FLUME-681,FALSE,TRUE,Critical,587674,06d19h14m34,0
FLUME-682,TRUE,FALSE,Major,360200,04d04h03m20,0
FLUME-232,FALSE,FALSE,Major,4058775,46d23h26m15,0
FLUME-1099,FALSE,FALSE,Major,16927,00d04h42m07,0
FLUME-766,FALSE,FALSE,Minor,157440,01d19h44m00,0
FLUME-898,FALSE,FALSE,Blocker,3231,00d00h53m51,0
FLUME-765,FALSE,FALSE,Minor,157705,01d19h48m25,0
FLUME-2797,TRUE,FALSE,Minor,30693092,355d05h51m32,0
FLUME-833,FALSE,FALSE,Major,4810280,55d16h11m20,0
FLUME-2798,FALSE,FALSE,Critical,1046620,12d02h43m40,0
FLUME-768,FALSE,FALSE,Major,248654,02d21h04m14,0
FLUME-769,FALSE,FALSE,Minor,352398,04d01h53m18,0
FLUME-1164,FALSE,FALSE,Major,861447,09d23h17m27,0
FLUME-2014,TRUE,FALSE,Major,52918,00d14h41m58,0
FLUME-2011,FALSE,FALSE,Major,567151,06d13h32m31,0
FLUME-2159,FALSE,FALSE,Major,5437819,62d22h30m19,0
FLUME-2012,FALSE,FALSE,Major,567459,06d13h37m39,0
FLUME-1087,FALSE,FALSE,Major,34734,00d09h38m54,0
FLUME-2156,FALSE,FALSE,Major,110783,01d06h46m23,0
FLUME-2157,TRUE,FALSE,Major,8575,00d02h22m55,0
FLUME-1083,FALSE,FALSE,Major,26780,00d07h26m20,0
FLUME-2151,FALSE,FALSE,Major,18805059,217d15h37m39,0
FLUME-1080,FALSE,FALSE,Major,80829,00d22h27m09,0
FLUME-2568,FALSE,FALSE,Major,3803559,44d00h32m39,0
FLUME-3157,FALSE,FALSE,Major,235271,02d17h21m11,0
FLUME-3155,FALSE,FALSE,Major,6611,00d01h50m11,0
FLUME-3152,TRUE,FALSE,Major,187535,02d04h05m35,0
FLUME-1939,FALSE,FALSE,Major,232570,02d16h36m10,0
FLUME-1285,TRUE,FALSE,Critical,32100130,371d12h42m10,0
FLUME-1934,FALSE,FALSE,Major,65654325,759d21h18m45,1
FLUME-1932,FALSE,FALSE,Minor,697803,08d01h50m03,0
FLUME-1931,FALSE,FALSE,Major,3890,00d01h04m50,0
FLUME-1930,FALSE,FALSE,Minor,1253545,14d12h12m25,0
FLUME-2905,FALSE,FALSE,Major,36679082,424d12h38m02,0
FLUME-1834,FALSE,FALSE,Major,1210040,14d00h07m20,0
FLUME-1835,FALSE,FALSE,Major,1203681,13d22h21m21,0
FLUME-908,FALSE,FALSE,Major,13073,00d03h37m53,0
FLUME-909,FALSE,FALSE,Major,2296,00d00h38m16,0
FLUME-906,FALSE,FALSE,Major,78885,00d21h54m45,0
FLUME-907,FALSE,FALSE,Major,76944,00d21h22m24,0
FLUME-905,TRUE,FALSE,Major,5830,00d01h37m10,0
FLUME-902,FALSE,FALSE,Major,331544,03d20h05m44,0
FLUME-903,FALSE,FALSE,Major,331909,03d20h11m49,0
FLUME-614,TRUE,TRUE,Blocker,80736,00d22h25m36,0
FLUME-304,FALSE,TRUE,Major,128767,01d11h46m07,0
FLUME-1937,FALSE,FALSE,Major,2985,00d00h49m45,0
FLUME-586,FALSE,TRUE,Major,1601187,18d12h46m27,0
FLUME-1,FALSE,FALSE,Trivial,3449107,39d22h05m07,0
FLUME-2,FALSE,FALSE,Major,4552039,52d16h27m19,0
FLUME-4,FALSE,FALSE,Major,768591,08d21h29m51,0
FLUME-7,TRUE,FALSE,Major,968326,11d04h58m46,0
FLUME-3112,FALSE,FALSE,Critical,4354505,50d09h35m05,0
FLUME-9,TRUE,FALSE,Blocker,1170089,13d13h01m29,0
FLUME-8,FALSE,FALSE,Major,612834,07d02h13m54,0
FLUME-1582,FALSE,FALSE,Major,267595,03d02h19m55,0
FLUME-2334,FALSE,FALSE,Major,10686,00d02h58m06,0
FLUME-2335,FALSE,FALSE,Major,50014,00d13h53m34,0
FLUME-2336,FALSE,FALSE,Major,15093,00d04h11m33,0
FLUME-2337,FALSE,FALSE,Major,16844152,194d22h55m52,0
FLUME-2338,TRUE,FALSE,Major,105364,01d05h16m04,0
FLUME-1232,TRUE,FALSE,Blocker,2010739,23d06h32m19,0
FLUME-303,FALSE,TRUE,Major,130372,01d12h12m52,0
FLUME-1948,FALSE,FALSE,Major,2783087,32d05h04m47,0
FLUME-1949,FALSE,FALSE,Trivial,69488,00d19h18m08,0
FLUME-3127,FALSE,FALSE,Critical,4660333,53d22h32m13,0
FLUME-1230,TRUE,FALSE,Major,293620,03d09h33m40,0
FLUME-1943,FALSE,FALSE,Major,239139,02d18h25m39,0
FLUME-2567,FALSE,TRUE,Minor,49435882,572d04h11m22,0
FLUME-1234,FALSE,FALSE,Major,1244640,14d09h44m00,0
FLUME-2560,FALSE,FALSE,Major,2995,00d00h49m55,0
FLUME-1236,TRUE,FALSE,Major,13495,00d03h44m55,0
FLUME-3085,TRUE,FALSE,Critical,2159875,24d23h57m55,0
FLUME-2645,FALSE,FALSE,Major,2458442,28d10h54m02,0
FLUME-831,FALSE,FALSE,Major,1434995,16d14h36m35,0
FLUME-1136,FALSE,FALSE,Minor,49366,00d13h42m46,0
FLUME-2649,FALSE,FALSE,Major,2745302,31d18h35m02,1
FLUME-1748,FALSE,FALSE,Major,274021,03d04h07m01,0
FLUME-2639,FALSE,FALSE,Major,89007,01d00h43m27,0
FLUME-1741,FALSE,FALSE,Blocker,17942228,207d15h57m08,0
FLUME-868,FALSE,FALSE,Major,1241,00d00h20m41,0
FLUME-2894,FALSE,FALSE,Major,66792644,773d01h30m44,0
FLUME-2897,FALSE,FALSE,Major,60924,00d16h55m24,0
FLUME-2891,TRUE,FALSE,Major,77400,00d21h30m00,0
FLUME-3141,FALSE,FALSE,Trivial,79751,00d22h09m11,0
FLUME-3056,FALSE,TRUE,Minor,32996529,381d21h42m09,0
FLUME-1130,FALSE,FALSE,Major,350590,04d01h23m10,1
FLUME-2200,FALSE,FALSE,Major,829206,09d14h20m06,0
FLUME-2208,FALSE,FALSE,Major,8751,00d02h25m51,0
FLUME-2209,FALSE,FALSE,Critical,5333021,61d17h23m41,0
FLUME-68,TRUE,FALSE,Minor,210100,02d10h21m40,0
FLUME-3237,FALSE,FALSE,Major,3465061,40d02h31m01,0
FLUME-1035,TRUE,FALSE,Major,252542,02d22h09m02,0
FLUME-894,FALSE,FALSE,Minor,507412,05d20h56m52,0
FLUME-2416,FALSE,FALSE,Major,17735,00d04h55m35,0
FLUME-2806,FALSE,FALSE,Major,7607962,88d01h19m22,0
FLUME-61,FALSE,FALSE,Major,1944670,22d12h11m10,0
FLUME-2804,FALSE,FALSE,Major,263879,03d01h17m59,0
FLUME-275,FALSE,FALSE,Major,398619,04d14h43m39,0
FLUME-1301,TRUE,FALSE,Blocker,66134,00d18h22m14,0
FLUME-1303,FALSE,FALSE,Blocker,22760,00d06h19m20,0
FLUME-348,TRUE,FALSE,Blocker,70468,00d19h34m28,0
FLUME-349,FALSE,FALSE,Major,72484,00d20h08m04,0
FLUME-863,FALSE,FALSE,Minor,2100914,24d07h35m14,0
FLUME-2966,FALSE,FALSE,Major,4644500,53d18h08m20,0
FLUME-887,FALSE,FALSE,Blocker,372571,04d07h29m31,0
FLUME-229,TRUE,FALSE,Blocker,1023818,11d20h23m38,0
FLUME-1512,FALSE,FALSE,Major,38725,00d10h45m25,0
FLUME-1515,FALSE,FALSE,Minor,4557131,52d17h52m11,0
FLUME-345,FALSE,FALSE,Blocker,96018,01d02h40m18,0
FLUME-1622,FALSE,FALSE,Major,1084324,12d13h12m04,0
FLUME-880,FALSE,TRUE,Minor,907549,10d12h05m49,0
FLUME-159,TRUE,FALSE,Critical,6161565,71d07h32m45,0
FLUME-158,TRUE,FALSE,Critical,281271,03d06h07m51,0
FLUME-151,FALSE,FALSE,Blocker,3102759,35d21h52m39,0
FLUME-153,TRUE,FALSE,Blocker,622884,07d05h01m24,0
FLUME-474,FALSE,FALSE,Major,3184393,36d20h33m13,0
FLUME-154,FALSE,FALSE,Blocker,418067,04d20h07m47,0
FLUME-1121,TRUE,TRUE,Major,1656345,19d04h05m45,0
FLUME-1124,FALSE,FALSE,Major,152539,01d18h22m19,0
FLUME-1125,FALSE,TRUE,Major,133936,01d13h12m16,0
FLUME-2110,FALSE,FALSE,Major,336794,03d21h33m14,0
FLUME-1129,FALSE,FALSE,Major,76024,00d21h07m04,0
FLUME-1041,FALSE,FALSE,Major,155010,01d19h03m30,0
FLUME-1040,FALSE,FALSE,Trivial,722648,08d08h44m08,0
FLUME-1047,TRUE,FALSE,Major,365201,04d05h26m41,0
FLUME-1046,FALSE,FALSE,Major,2473,00d00h41m13,0
FLUME-608,FALSE,FALSE,Blocker,4742029,54d21h13m49,0
ZOOKEEPER-499,FALSE,FALSE,Blocker,438816,05d01h53m36,0
FLUME-2835,FALSE,FALSE,Major,339966,03d22h26m06,0
FLUME-1743,FALSE,FALSE,Blocker,75490,00d20h58m10,0
FLUME-280,FALSE,FALSE,Major,3922932,45d09h42m12,0
FLUME-3031,TRUE,FALSE,Major,1208864,13d23h47m44,0
FLUME-1511,FALSE,FALSE,Minor,17527109,202d20h38m29,0
FLUME-656,FALSE,TRUE,Major,1322683,15d07h24m43,0
FLUME-719,TRUE,FALSE,Critical,599922,06d22h38m42,0
FLUME-718,FALSE,FALSE,Major,601065,06d22h57m45,0
FLUME-3057,FALSE,FALSE,Major,15841956,183d08h32m36,0
FLUME-602,FALSE,FALSE,Major,449371,05d04h49m31,0
FLUME-339,FALSE,FALSE,Major,656193,07d14h16m33,0
FLUME-2761,FALSE,FALSE,Major,29799439,344d21h37m19,0
FLUME-858,FALSE,FALSE,Minor,1146985,13d06h36m25,0
FLUME-2749,TRUE,FALSE,Major,17578,00d04h52m58,0
FLUME-622,TRUE,FALSE,Major,72750,00d20h12m30,0
FLUME-1882,FALSE,FALSE,Major,3902519,45d04h01m59,0
FLUME-1880,FALSE,FALSE,Trivial,8642,00d02h24m02,0
FLUME-606,FALSE,FALSE,Major,148,00d00h02m28,0
FLUME-1513,FALSE,FALSE,Major,245427,02d20h10m27,0
FLUME-1869,FALSE,FALSE,Major,66654,00d18h30m54,0
FLUME-1868,FALSE,FALSE,Major,70033,00d19h27m13,0
FLUME-3046,FALSE,FALSE,Major,20334060,235d08h21m00,0
FLUME-3049,FALSE,FALSE,Major,618732,07d03h52m12,0
FLUME-1863,FALSE,FALSE,Major,75049,00d20h50m49,0
FLUME-1862,FALSE,FALSE,Major,31585,00d08h46m25,0
FLUME-1865,TRUE,FALSE,Major,114362,01d07h46m02,0
FLUME-1867,FALSE,FALSE,Critical,9049429,104d17h43m49,0
FLUME-1866,FALSE,FALSE,Minor,6204312,71d19h25m12,0
FLUME-1709,TRUE,FALSE,Minor,1372756,15d21h19m16,0
FLUME-913,FALSE,FALSE,Blocker,6230,00d01h43m50,0
FLUME-1570,FALSE,FALSE,Major,519892,06d00h24m52,0
FLUME-1705,FALSE,FALSE,Blocker,94321,01d02h12m01,0
FLUME-1707,FALSE,FALSE,Blocker,112459,01d07h14m19,0
FLUME-2245,FALSE,FALSE,Major,15013395,173d18h23m15,0
FLUME-376,TRUE,FALSE,Critical,1876788,21d17h19m48,0
FLUME-2366,FALSE,TRUE,Major,3022506,34d23h35m06,0
FLUME-595,TRUE,TRUE,Major,1528782,17d16h39m42,0
FLUME-1348,FALSE,FALSE,Major,76256,00d21h10m56,0
FLUME-1349,FALSE,FALSE,Major,67500,00d18h45m00,0
FLUME-1341,FALSE,FALSE,Major,47878,00d13h17m58,0
FLUME-1344,FALSE,FALSE,Major,14221,00d03h57m01,0
FLUME-2450,FALSE,FALSE,Major,326195,03d18h36m35,0
FLUME-1346,FALSE,FALSE,Minor,19204,00d05h20m04,0
FLUME-1347,FALSE,FALSE,Major,89993,01d00h59m53,0
FLUME-2514,FALSE,FALSE,Major,55186951,638d17h42m31,0
FLUME-1262,FALSE,FALSE,Major,27057325,313d03h55m25,0
FLUME-2517,FALSE,FALSE,Major,431566,04d23h52m46,0
FLUME-260,FALSE,FALSE,Critical,172360,01d23h52m40,0
FLUME-2920,TRUE,FALSE,Critical,90977,01d01h16m17,0
FLUME-2923,FALSE,FALSE,Minor,225917,02d14h45m17,0
FLUME-2922,FALSE,FALSE,Critical,3488550,40d09h02m30,0
FLUME-1555,FALSE,FALSE,Trivial,7008,00d01h56m48,0
FLUME-305,FALSE,TRUE,Critical,15728375,182d00h59m35,0
FLUME-1557,TRUE,FALSE,Minor,181300,02d02h21m40,0
FLUME-1553,TRUE,FALSE,Minor,31257,00d08h40m57,0
FLUME-1552,FALSE,FALSE,Critical,11323,00d03h08m43,0
FLUME-1414,FALSE,FALSE,Major,4601,00d01h16m41,0
FLUME-1416,FALSE,FALSE,Major,43613,00d12h06m53,0
FLUME-1417,FALSE,FALSE,Major,328336,03d19h12m16,0
FLUME-1412,FALSE,FALSE,Major,1508,00d00h25m08,0
FLUME-117,FALSE,FALSE,Blocker,30694,00d08h31m34,0
FLUME-116,FALSE,FALSE,Critical,288892,03d08h14m52,0
FLUME-111,FALSE,FALSE,Major,272281,03d03h38m01,0
FLUME-2098,FALSE,FALSE,Blocker,180296,02d02h04m56,0
FLUME-113,FALSE,FALSE,Critical,359085,04d03h44m45,0
FLUME-597,FALSE,TRUE,Major,1527905,17d16h25m05,0
FLUME-119,FALSE,FALSE,Major,392938,04d13h08m58,0
FLUME-284,FALSE,FALSE,Major,271943,03d03h32m23,0
FLUME-1005,FALSE,FALSE,Major,5755,00d01h35m55,0
FLUME-286,TRUE,FALSE,Critical,1360128,15d17h48m48,0
FLUME-1002,FALSE,FALSE,Major,2014286,23d07h31m26,0
FLUME-1009,TRUE,FALSE,Blocker,1039901,12d00h51m41,0
FLUME-1309,FALSE,FALSE,Major,2771,00d00h46m11,0
FLUME-2397,FALSE,FALSE,Blocker,73062,00d20h17m42,0
FLUME-14,FALSE,FALSE,Trivial,790870,09d03h41m10,0
FLUME-2399,FALSE,FALSE,Major,66883052,774d02h37m32,0
FLUME-1304,FALSE,FALSE,Major,401090,04d15h24m50,0
FLUME-571,FALSE,TRUE,Major,17666,00d04h54m26,0
FLUME-2586,FALSE,FALSE,Major,1719304,19d21h35m04,0
FLUME-2857,TRUE,FALSE,Major,27390103,317d00h21m43,0
FLUME-270,FALSE,FALSE,Major,18034,00d05h00m34,0
FLUME-272,FALSE,FALSE,Minor,832136,09d15h08m56,0
FLUME-1306,FALSE,FALSE,Major,430437,04d23h33m57,0
FLUME-276,FALSE,FALSE,Major,262404,03d00h53m24,0
