BugID, #isArch, #isInduce, #Priority, #TimeSec, #Time, #Reopen
GEODE-6630,TRUE,FALSE,Major,702709,08d03h11m49,0
GEODE-1101,TRUE,FALSE,Major,86898,01d00h08m18,0
GEODE-1653,TRUE,FALSE,Major,12377912,143d06h18m32,0
GEODE-1657,FALSE,FALSE,Minor,15367916,177d20h51m56,0
GEODE-1656,FALSE,FALSE,Major,2760440,31d22h47m20,0
GEODE-1655,FALSE,FALSE,Major,774974,08d23h16m14,1
GEODE-1654,FALSE,FALSE,Trivial,2761494,31d23h04m54,0
GEODE-1385,TRUE,FALSE,Major,43375166,502d00h39m26,0
GEODE-1384,TRUE,FALSE,Major,12527966,144d23h59m26,0
GEODE-1387,FALSE,FALSE,Major,600474,06d22h47m54,0
GEODE-1389,FALSE,FALSE,Major,1047849,12d03h04m09,0
GEODE-5501,TRUE,FALSE,Major,7233848,83d17h24m08,1
GEODE-2432,FALSE,FALSE,Major,22417,00d06h13m37,0
GEODE-3841,TRUE,FALSE,Major,177774,02d01h22m54,0
GEODE-6701,FALSE,FALSE,Trivial,1998471,23d03h07m51,0
GEODE-1039,FALSE,FALSE,Major,773657,08d22h54m17,0
GEODE-1038,FALSE,FALSE,Major,538937,06d05h42m17,0
GEODE-1037,TRUE,FALSE,Major,625652,07d05h47m32,0
GEODE-1036,TRUE,FALSE,Major,51840399,600d00h06m39,0
GEODE-1035,FALSE,FALSE,Major,2259925,26d03h45m25,0
GEODE-1034,TRUE,FALSE,Major,49507833,573d00h10m33,0
GEODE-6708,FALSE,FALSE,Major,435519,05d00h58m39,0
GEODE-1032,FALSE,FALSE,Major,12892414,149d05h13m34,0
GEODE-1031,FALSE,FALSE,Major,2514177,29d02h22m57,0
GEODE-1030,FALSE,FALSE,Major,690092,07d23h41m32,0
GEODE-1819,FALSE,FALSE,Major,1707585,19d18h19m45,0
GEODE-1818,FALSE,FALSE,Major,1655911,19d03h58m31,0
GEODE-1814,FALSE,FALSE,Major,13546,00d03h45m46,0
GEODE-5508,FALSE,FALSE,Major,212830,02d11h07m10,0
GEODE-1811,FALSE,FALSE,Major,59445,00d16h30m45,0
GEODE-1810,FALSE,FALSE,Major,64849,00d18h00m49,0
GEODE-1813,FALSE,FALSE,Major,86266,00d23h57m46,0
GEODE-1812,FALSE,FALSE,Major,2425827,28d01h50m27,0
GEODE-6094,FALSE,FALSE,Major,25631894,296d15h58m14,0
GEODE-6090,FALSE,FALSE,Major,30357,00d08h25m57,0
GEODE-6091,FALSE,FALSE,Major,87609,01d00h20m09,0
GEODE-2136,FALSE,FALSE,Major,4365,00d01h12m45,0
GEODE-2135,FALSE,FALSE,Major,21439,00d05h57m19,0
GEODE-2133,TRUE,FALSE,Major,305373,03d12h49m33,0
GEODE-6144,FALSE,FALSE,Major,787,00d00h13m07,0
GEODE-5711,TRUE,FALSE,Major,14796493,171d06h08m13,1
GEODE-6416,TRUE,FALSE,Major,13234,00d03h40m34,0
GEODE-2138,FALSE,FALSE,Minor,13203909,152d19h45m09,0
GEODE-1723,TRUE,FALSE,Major,13735,00d03h48m55,0
GEODE-6389,TRUE,FALSE,Major,940686,10d21h18m06,1
GEODE-1727,FALSE,FALSE,Major,5115,00d01h25m15,0
GEODE-1726,TRUE,FALSE,Major,97876,01d03h11m16,0
GEODE-1724,FALSE,FALSE,Major,244,00d00h04m04,0
GEODE-1728,TRUE,FALSE,Major,23959213,277d07h20m13,0
GEODE-6386,FALSE,FALSE,Major,868225,10d01h10m25,0
GEODE-6387,TRUE,FALSE,Major,11227948,129d22h52m28,0
GEODE-1550,TRUE,FALSE,Major,51395726,594d20h35m26,0
GEODE-6891,FALSE,FALSE,Major,2487775,28d19h02m55,0
GEODE-6893,FALSE,FALSE,Major,1113173,12d21h12m53,0
GEODE-2398,TRUE,FALSE,Major,7272073,84d04h01m13,1
GEODE-3712,TRUE,FALSE,Major,584529,06d18h22m09,0
GEODE-3861,TRUE,FALSE,Major,6739191,77d23h59m51,0
GEODE-3867,TRUE,FALSE,Major,79921,00d22h12m01,0
GEODE-3717,FALSE,FALSE,Major,3628,00d01h00m28,0
GEODE-3718,TRUE,FALSE,Major,56579686,654d20h34m46,0
GEODE-2620,TRUE,FALSE,Major,255596,02d22h59m56,0
GEODE-1558,TRUE,FALSE,Major,1790337,20d17h18m57,0
GEODE-6569,FALSE,FALSE,Major,13473,00d03h44m33,0
GEODE-6565,TRUE,FALSE,Major,149685,01d17h34m45,0
GEODE-2403,FALSE,FALSE,Major,603293,06d23h34m53,0
GEODE-2402,TRUE,FALSE,Major,1404395,16d06h06m35,0
GEODE-906,FALSE,FALSE,Major,1745027,20d04h43m47,0
GEODE-901,FALSE,FALSE,Major,1146832,13d06h33m52,0
GEODE-903,FALSE,FALSE,Major,2331361,26d23h36m01,0
GEODE-902,FALSE,FALSE,Major,5447957,63d01h19m17,0
GEODE-7169,FALSE,FALSE,Major,4518,00d01h15m18,0
GEODE-7168,TRUE,FALSE,Major,445920,05d03h52m00,0
GEODE-909,FALSE,FALSE,Major,497111,05d18h05m11,0
GEODE-165,TRUE,FALSE,Major,44367850,513d12h24m10,0
GEODE-164,FALSE,FALSE,Minor,7264808,84d02h00m08,0
GEODE-162,FALSE,FALSE,Minor,605859,07d00h17m39,0
GEODE-2748,FALSE,FALSE,Major,88379,01d00h32m59,0
GEODE-169,FALSE,FALSE,Minor,781,00d00h13m01,0
GEODE-168,FALSE,FALSE,Minor,843,00d00h14m03,0
GEODE-4942,TRUE,FALSE,Major,1304348,15d02h19m08,0
GEODE-849,FALSE,FALSE,Major,4630046,53d14h07m26,1
GEODE-2241,FALSE,FALSE,Major,1218142,14d02h22m22,0
GEODE-2240,FALSE,FALSE,Major,2605355,30d03h42m35,2
GEODE-52,FALSE,FALSE,Major,25734890,297d20h34m50,0
GEODE-2242,TRUE,FALSE,Major,81811,00d22h43m31,0
GEODE-2247,TRUE,FALSE,Minor,3719031,43d01h03m51,1
GEODE-349,FALSE,FALSE,Major,2438156,28d05h15m56,0
GEODE-4011,FALSE,FALSE,Major,1099981,12d17h33m01,0
GEODE-4015,FALSE,FALSE,Major,4833189,55d22h33m09,1
GEODE-343,FALSE,FALSE,Major,432749,05d00h12m29,0
GEODE-3047,TRUE,FALSE,Major,6649630,76d23h07m10,0
GEODE-347,FALSE,FALSE,Major,99027,01d03h30m27,0
GEODE-3041,FALSE,FALSE,Major,195095,02d06h11m35,0
GEODE-345,FALSE,FALSE,Major,5526657,63d23h10m57,1
GEODE-3043,TRUE,FALSE,Major,193809,02d05h50m09,0
GEODE-3449,TRUE,FALSE,Major,2210134,25d13h55m34,0
GEODE-5945,FALSE,FALSE,Major,344517,03d23h41m57,0
GEODE-3441,TRUE,FALSE,Major,4225304,48d21h41m44,0
GEODE-3444,FALSE,FALSE,Major,89287,01d00h48m07,0
GEODE-5948,FALSE,FALSE,Major,13037012,150d21h23m32,0
GEODE-4127,FALSE,FALSE,Major,20298,00d05h38m18,0
GEODE-4124,FALSE,FALSE,Major,247308,02d20h41m48,0
GEODE-587,FALSE,FALSE,Major,17708,00d04h55m08,1
GEODE-589,TRUE,FALSE,Major,3721283,43d01h41m23,2
GEODE-588,FALSE,FALSE,Major,2183917,25d06h38m37,1
GEODE-745,FALSE,FALSE,Major,13825501,160d00h25m01,0
GEODE-5830,TRUE,FALSE,Major,648148,07d12h02m28,0
GEODE-5549,FALSE,FALSE,Major,108386,01d06h06m26,0
GEODE-3286,TRUE,FALSE,Major,1183105,13d16h38m25,2
GEODE-4835,FALSE,FALSE,Major,3272220,37d20h57m00,0
GEODE-4836,TRUE,FALSE,Major,676090,07d19h48m10,0
GEODE-5547,TRUE,FALSE,Minor,1297588,15d00h26m28,1
GEODE-5546,TRUE,FALSE,Major,165323,01d21h55m23,0
GEODE-4832,TRUE,FALSE,Minor,603034,06d23h30m34,0
GEODE-5617,FALSE,FALSE,Major,178610,02d01h36m50,0
GEODE-5615,FALSE,FALSE,Major,93693,01d02h01m33,0
GEODE-5618,TRUE,FALSE,Major,596823,06d21h47m03,0
GEODE-4232,FALSE,FALSE,Major,512077,05d22h14m37,0
GEODE-4230,FALSE,FALSE,Minor,262475,03d00h54m35,0
GEODE-4231,FALSE,FALSE,Major,266368,03d01h59m28,0
GEODE-4237,FALSE,FALSE,Major,343986,03d23h33m06,0
GEODE-5728,FALSE,FALSE,Major,1804069,20d21h07m49,0
GEODE-5727,TRUE,FALSE,Major,166992,01d22h23m12,0
GEODE-5724,FALSE,FALSE,Minor,18413442,213d02h50m42,0
GEODE-5056,TRUE,FALSE,Major,83341,00d23h09m01,0
GEODE-1136,FALSE,FALSE,Major,618693,07d03h51m33,0
GEODE-1820,FALSE,FALSE,Major,2496292,28d21h24m52,0
GEODE-1821,FALSE,FALSE,Major,1813295,20d23h41m35,1
GEODE-1530,FALSE,FALSE,Major,13198709,152d18h18m29,0
GEODE-1531,FALSE,FALSE,Major,13198213,152d18h10m13,0
GEODE-1288,FALSE,FALSE,Major,1044628,12d02h10m28,0
GEODE-1289,FALSE,FALSE,Major,1622920,18d18h48m40,0
GEODE-1282,FALSE,FALSE,Major,1636378,18d22h32m58,0
GEODE-1422,FALSE,FALSE,Major,2070527,23d23h08m47,0
GEODE-7035,TRUE,FALSE,Major,3711282,42d22h54m42,0
GEODE-3029,FALSE,FALSE,Major,270803,03d03h13m23,0
GEODE-6409,TRUE,FALSE,Major,424458,04d21h54m18,0
GEODE-3913,FALSE,FALSE,Major,84109,00d23h21m49,0
GEODE-3910,TRUE,FALSE,Major,48570,00d13h29m30,0
GEODE-3707,TRUE,FALSE,Major,82089,00d22h48m09,0
GEODE-3873,TRUE,FALSE,Major,13587,00d03h46m27,0
GEODE-3704,TRUE,FALSE,Major,13233,00d03h40m33,0
GEODE-2655,TRUE,FALSE,Major,224653,02d14h24m13,0
GEODE-2653,TRUE,FALSE,Major,3261465,37d17h57m45,0
GEODE-3708,TRUE,FALSE,Major,1987292,23d00h01m32,0
GEODE-2099,TRUE,FALSE,Major,3539932,40d23h18m52,0
GEODE-6570,FALSE,FALSE,Major,91983,01d01h33m03,0
GEODE-2090,FALSE,FALSE,Major,66135,00d18h22m15,0
GEODE-2091,TRUE,FALSE,Major,81368,00d22h36m08,0
GEODE-2092,TRUE,FALSE,Major,2998534,34d16h55m34,0
GEODE-2094,FALSE,FALSE,Major,101709,01d04h15m09,0
GEODE-2095,FALSE,FALSE,Major,2136983,24d17h36m23,0
GEODE-2097,TRUE,FALSE,Major,14162367,163d21h59m27,1
GEODE-179,FALSE,FALSE,Minor,963248,11d03h34m08,0
GEODE-2474,TRUE,FALSE,Major,251615,02d21h53m35,0
GEODE-912,FALSE,FALSE,Major,4294338,49d16h52m18,1
GEODE-6979,TRUE,FALSE,Major,16177,00d04h29m37,0
GEODE-2471,FALSE,FALSE,Major,175621,02d00h47m01,0
GEODE-6976,FALSE,FALSE,Major,1286937,14d21h28m57,0
GEODE-6973,TRUE,FALSE,Major,4844939,56d01h48m59,1
GEODE-175,FALSE,FALSE,Minor,499730,05d18h48m50,0
GEODE-7118,TRUE,FALSE,Major,2348731,27d04h25m31,0
GEODE-2479,FALSE,FALSE,Major,68287,00d18h58m07,0
GEODE-3679,TRUE,FALSE,Major,1220237,14d02h57m17,0
GEODE-3678,TRUE,FALSE,Major,344562,03d23h42m42,0
GEODE-3673,TRUE,FALSE,Major,1124560,13d00h22m40,0
GEODE-3672,TRUE,FALSE,Major,500945,05d19h09m05,0
GEODE-2278,FALSE,FALSE,Major,345030,03d23h50m30,0
GEODE-2279,TRUE,FALSE,Major,424227,04d21h50m27,0
GEODE-2274,FALSE,FALSE,Major,410445,04d18h00m45,0
GEODE-2275,TRUE,FALSE,Minor,75524349,874d02h59m09,1
GEODE-2277,TRUE,FALSE,Major,1037035,12d00h03m55,1
GEODE-2271,TRUE,FALSE,Major,334349,03d20h52m29,0
GEODE-2272,TRUE,FALSE,Major,1275414,14d18h16m54,0
GEODE-2273,TRUE,FALSE,Major,1112062,12d20h54m22,0
GEODE-4000,FALSE,FALSE,Major,725131,08d09h25m31,0
GEODE-3050,FALSE,FALSE,Major,104327,01d04h58m47,0
GEODE-3056,TRUE,FALSE,Major,1111280,12d20h41m20,0
GEODE-4007,TRUE,FALSE,Major,1285714,14d21h08m34,0
GEODE-3054,TRUE,FALSE,Major,91428,01d01h23m48,0
GEODE-354,FALSE,FALSE,Minor,94599,01d02h16m39,0
GEODE-355,FALSE,FALSE,Minor,7946860,91d23h27m40,1
GEODE-3059,TRUE,FALSE,Major,7249716,83d21h48m36,0
GEODE-357,FALSE,FALSE,Minor,9256220,107d03h10m20,1
GEODE-350,FALSE,FALSE,Minor,688790,07d23h19m50,0
GEODE-352,FALSE,FALSE,Major,686073,07d22h34m33,0
GEODE-3451,TRUE,TRUE,Major,32754692,379d02h31m32,0
GEODE-3500,FALSE,FALSE,Major,4580323,53d00h18m43,0
GEODE-5992,FALSE,FALSE,Major,537,00d00h08m57,0
GEODE-5993,TRUE,FALSE,Major,663939,07d16h25m39,0
GEODE-592,FALSE,FALSE,Major,3713979,42d23h39m39,0
GEODE-295,FALSE,FALSE,Major,332788,03d20h26m28,0
GEODE-590,FALSE,FALSE,Major,1471843,17d00h50m43,1
GEODE-596,FALSE,FALSE,Major,14516767,168d00h26m07,0
GEODE-594,FALSE,FALSE,Major,9456,00d02h37m36,0
GEODE-598,FALSE,FALSE,Major,5385,00d01h29m45,0
GEODE-599,TRUE,FALSE,Major,26162945,302d19h29m05,0
GEODE-296,FALSE,FALSE,Major,5783006,66d22h23m26,0
GEODE-5844,FALSE,FALSE,Major,1207773,13d23h29m33,0
GEODE-3291,FALSE,FALSE,Major,115714,01d08h08m34,0
GEODE-4821,TRUE,FALSE,Trivial,599364,06d22h29m24,0
GEODE-4820,TRUE,FALSE,Trivial,599429,06d22h30m29,0
GEODE-3299,TRUE,FALSE,Major,11072608,128d03h43m28,1
GEODE-5531,TRUE,FALSE,Major,1278600,14d19h10m00,0
GEODE-2890,FALSE,FALSE,Major,1609083,18d14h58m03,0
GEODE-5662,FALSE,FALSE,Major,92662,01d01h44m22,0
GEODE-2895,FALSE,FALSE,Major,81152,00d22h32m32,0
GEODE-2898,TRUE,FALSE,Major,108422,01d06h07m02,0
GEODE-5199,FALSE,FALSE,Major,2995442,34d16h04m02,0
GEODE-4229,FALSE,FALSE,Major,601,00d00h10m01,0
GEODE-4221,TRUE,FALSE,Major,324232,03d18h03m52,0
GEODE-5984,TRUE,FALSE,Major,84507,00d23h28m27,0
GEODE-5280,FALSE,FALSE,Major,8013025,92d17h50m25,0
GEODE-5281,TRUE,FALSE,Major,2762732,31d23h25m32,0
GEODE-4101,TRUE,FALSE,Major,6532384,75d14h33m04,1
GEODE-5288,TRUE,FALSE,Major,25719542,297d16h19m02,0
GEODE-1272,TRUE,FALSE,Major,20908034,241d23h47m14,0
GEODE-5064,FALSE,FALSE,Major,82215,00d22h50m15,0
GEODE-1377,TRUE,FALSE,Major,2591805,29d23h56m45,0
GEODE-2847,TRUE,FALSE,Major,422315,04d21h18m35,0
GEODE-5265,TRUE,FALSE,Major,168694,01d22h51m34,0
GEODE-445,FALSE,FALSE,Major,9141132,105d19h12m12,2
GEODE-2878,TRUE,FALSE,Major,66947403,774d20h30m03,0
GEODE-2879,FALSE,FALSE,Major,349611,04d01h06m51,1
GEODE-1639,TRUE,FALSE,Major,595472,06d21h24m32,0
GEODE-336,FALSE,FALSE,Critical,18229581,210d23h46m21,0
GEODE-2870,FALSE,FALSE,Major,98732,01d03h25m32,0
GEODE-1631,FALSE,FALSE,Major,73920,00d20h32m00,0
GEODE-2874,TRUE,FALSE,Major,1276410,14d18h33m30,0
GEODE-2875,TRUE,FALSE,Major,778627,09d00h17m07,1
GEODE-361,FALSE,FALSE,Minor,2869364,33d05h02m44,0
GEODE-6763,TRUE,FALSE,Major,6069737,70d06h02m17,0
GEODE-798,TRUE,FALSE,Major,65945,00d18h19m05,0
GEODE-1521,FALSE,FALSE,Major,533557,06d04h12m37,2
GEODE-1292,TRUE,FALSE,Major,2234308,25d20h38m28,0
GEODE-1835,TRUE,FALSE,Major,8772742,101d12h52m22,0
GEODE-1834,FALSE,FALSE,Major,428677,04d23h04m37,0
GEODE-1525,FALSE,FALSE,Major,43795590,506d21h26m30,0
GEODE-1296,TRUE,FALSE,Major,2608429,30d04h33m49,0
GEODE-1527,FALSE,FALSE,Major,1372,00d00h22m52,0
GEODE-1830,FALSE,FALSE,Major,90164,01d01h02m44,0
GEODE-1528,FALSE,FALSE,Major,897,00d00h14m57,0
GEODE-3909,FALSE,FALSE,Major,58256,00d16h10m56,0
GEODE-3908,FALSE,FALSE,Major,152986,01d18h29m46,0
GEODE-1744,TRUE,FALSE,Major,49074961,567d23h56m01,0
GEODE-6366,FALSE,FALSE,Major,1466,00d00h24m26,0
GEODE-1740,TRUE,FALSE,Major,15108470,174d20h47m50,0
GEODE-6364,TRUE,FALSE,Major,80455,00d22h20m55,0
GEODE-1742,TRUE,FALSE,Major,99129,01d03h32m09,0
GEODE-6369,TRUE,FALSE,Major,1134490,13d03h08m10,0
GEODE-6182,TRUE,FALSE,Major,9939104,115d00h51m44,1
GEODE-3713,TRUE,FALSE,Major,411856,04d18h24m16,0
GEODE-2649,FALSE,FALSE,Major,346762,04d00h19m22,0
GEODE-2648,TRUE,FALSE,Major,365882,04d05h38m02,0
GEODE-3843,FALSE,FALSE,Minor,8645172,100d01h26m12,0
GEODE-2647,TRUE,FALSE,Major,2760649,31d22h50m49,0
GEODE-2640,FALSE,FALSE,Major,2183339,25d06h28m59,0
GEODE-2643,TRUE,FALSE,Major,668043,07d17h34m03,0
GEODE-2642,TRUE,FALSE,Major,4226698,48d22h04m58,0
GEODE-6503,TRUE,FALSE,Major,500596,05d19h03m16,0
GEODE-2089,TRUE,FALSE,Major,93914,01d02h05m14,0
GEODE-2088,FALSE,FALSE,Major,677480,07d20h11m20,0
GEODE-2084,FALSE,FALSE,Major,252203,02d22h03m23,1
GEODE-2082,FALSE,FALSE,Major,191312,02d05h08m32,0
GEODE-2080,TRUE,FALSE,Major,276799,03d04h53m19,0
GEODE-7105,FALSE,FALSE,Major,1772554,20d12h22m34,0
GEODE-109,TRUE,FALSE,Major,3275854,37d21h57m34,0
GEODE-108,TRUE,FALSE,Major,9958874,115d06h21m14,1
GEODE-7103,TRUE,FALSE,Major,13458,00d03h44m18,0
GEODE-105,FALSE,FALSE,Major,2515873,29d02h51m13,0
GEODE-106,TRUE,FALSE,Major,20066211,232d05h56m51,2
GEODE-100,FALSE,FALSE,Major,1203867,13d22h24m27,0
GEODE-103,FALSE,FALSE,Minor,23234248,268d21h57m28,2
GEODE-3590,FALSE,FALSE,Major,4832127,55d22h15m27,0
GEODE-4929,TRUE,FALSE,Minor,593500,06d20h51m40,0
GEODE-77,TRUE,FALSE,Blocker,12190326,141d02h12m06,0
GEODE-6216,FALSE,FALSE,Major,163331,01d21h22m11,0
GEODE-71,FALSE,FALSE,Trivial,855509,09d21h38m29,0
GEODE-3026,TRUE,FALSE,Major,11940310,138d04h45m10,0
GEODE-7038,TRUE,FALSE,Major,163787,01d21h29m47,0
GEODE-3024,TRUE,FALSE,Major,371326,04d07h08m46,0
GEODE-3025,TRUE,FALSE,Major,622892,07d05h01m32,1
GEODE-4030,FALSE,FALSE,Major,2414508,27d22h41m48,0
GEODE-3023,TRUE,FALSE,Major,633349,07d07h55m49,0
GEODE-3021,TRUE,FALSE,Major,692960,08d00h29m20,0
GEODE-7033,FALSE,FALSE,Minor,208660,02d09h57m40,0
GEODE-2515,TRUE,FALSE,Major,501301,05d19h15m01,0
GEODE-7036,TRUE,FALSE,Major,1169222,13d12h47m02,0
GEODE-613,TRUE,FALSE,Major,13888559,160d17h55m59,1
GEODE-614,FALSE,FALSE,Major,2405771,27d20h16m11,0
GEODE-617,FALSE,FALSE,Major,521691,06d00h54m51,0
GEODE-616,TRUE,FALSE,Major,399,00d00h06m39,0
GEODE-216,FALSE,FALSE,Major,24724,00d06h52m04,0
GEODE-3112,TRUE,FALSE,Major,9517336,110d03h42m16,1
GEODE-3113,FALSE,FALSE,Major,2431290,28d03h21m30,0
GEODE-929,FALSE,FALSE,Major,1216971,14d02h02m51,0
GEODE-3111,FALSE,FALSE,Major,37572733,434d20h52m13,0
GEODE-299,FALSE,FALSE,Major,9918335,114d19h05m35,2
GEODE-4725,TRUE,FALSE,Major,530105,06d03h15m05,0
GEODE-3115,TRUE,FALSE,Major,3097366,35d20h22m46,0
GEODE-923,FALSE,FALSE,Major,7058573,81d16h42m53,1
GEODE-922,FALSE,FALSE,Major,9829,00d02h43m49,0
GEODE-920,TRUE,FALSE,Major,5182072,59d23h27m52,0
GEODE-291,TRUE,FALSE,Major,9501618,109d23h20m18,2
GEODE-925,TRUE,FALSE,Major,69891202,808d22h13m22,0
GEODE-924,TRUE,FALSE,Major,70577414,816d20h50m14,0
GEODE-5450,TRUE,FALSE,Major,1021450,11d19h44m10,0
GEODE-5986,TRUE,FALSE,Major,257857,02d23h37m37,0
GEODE-5985,FALSE,FALSE,Major,88962,01d00h42m42,0
GEODE-904,FALSE,FALSE,Major,5620288,65d01h11m28,0
GEODE-3333,FALSE,FALSE,Major,487856,05d15h30m56,0
GEODE-3331,FALSE,FALSE,Major,3555959,41d03h45m59,0
GEODE-3335,FALSE,FALSE,Minor,33542945,388d05h29m05,0
GEODE-725,FALSE,FALSE,Major,331021,03d19h57m01,0
GEODE-1907,TRUE,FALSE,Minor,1457053,16d20h44m13,0
GEODE-722,FALSE,FALSE,Major,6740549,78d00h22m29,0
GEODE-5853,FALSE,FALSE,Major,27897540,322d21h19m00,0
GEODE-862,FALSE,FALSE,Major,174668,02d00h31m08,0
GEODE-5528,TRUE,FALSE,Major,239374,02d18h29m34,0
GEODE-863,FALSE,FALSE,Major,76930,00d21h22m10,0
GEODE-5520,TRUE,FALSE,Major,320444,03d17h00m44,0
GEODE-2884,FALSE,FALSE,Major,260187,03d00h16m27,0
GEODE-2883,TRUE,FALSE,Major,503651,05d19h54m11,0
GEODE-2882,FALSE,FALSE,Major,258082,02d23h41m22,0
GEODE-2881,TRUE,FALSE,Major,262299,03d00h51m39,0
GEODE-2880,TRUE,FALSE,Major,1632503,18d21h28m23,0
GEODE-642,FALSE,FALSE,Major,5305,00d01h28m25,0
GEODE-5679,FALSE,FALSE,Major,1724501,19d23h01m41,0
GEODE-2889,FALSE,FALSE,Major,332265,03d20h17m45,0
GEODE-640,FALSE,FALSE,Major,8549677,98d22h54m37,0
GEODE-865,FALSE,FALSE,Major,504664,05d20h11m04,0
GEODE-430,TRUE,FALSE,Major,6756063,78d04h41m03,2
GEODE-432,FALSE,FALSE,Major,688770,07d23h19m30,0
GEODE-5292,TRUE,FALSE,Major,3525080,40d19h11m20,1
GEODE-5290,TRUE,FALSE,Major,13806,00d03h50m06,0
GEODE-5278,FALSE,FALSE,Major,261708,03d00h41m48,0
GEODE-5277,TRUE,FALSE,Major,592661,06d20h37m41,0
GEODE-5187,TRUE,FALSE,Major,762025,08d19h40m25,0
GEODE-5186,TRUE,FALSE,Major,1462471,16d22h14m31,0
GEODE-5185,FALSE,FALSE,Major,695735,08d01h15m35,0
GEODE-1190,FALSE,FALSE,Major,33883414,392d04h03m34,0
GEODE-1195,FALSE,FALSE,Major,29125124,337d02h18m44,0
GEODE-1196,FALSE,FALSE,Major,90174,01d01h02m54,0
GEODE-1197,FALSE,FALSE,Major,1287469,14d21h37m49,0
GEODE-1198,TRUE,FALSE,Major,70060258,810d21h10m58,3
GEODE-1199,TRUE,FALSE,Major,498064,05d18h21m04,0
GEODE-1352,FALSE,FALSE,Major,1232437,14d06h20m37,0
GEODE-1353,TRUE,FALSE,Major,14378039,166d09h53m59,0
GEODE-1350,TRUE,FALSE,Major,1699464,19d16h04m24,0
GEODE-1351,TRUE,FALSE,Major,999602,11d13h40m02,0
GEODE-1356,FALSE,FALSE,Trivial,498764,05d18h32m44,0
GEODE-1605,TRUE,FALSE,Major,39378584,455d18h29m44,0
GEODE-1607,FALSE,FALSE,Major,177823,02d01h23m43,0
GEODE-1609,TRUE,FALSE,Major,756248,08d18h04m08,0
GEODE-2863,FALSE,FALSE,Major,67822941,784d23h42m21,0
GEODE-2865,TRUE,FALSE,Major,1115579,12d21h52m59,0
GEODE-2864,FALSE,FALSE,Trivial,91118,01d01h18m38,0
GEODE-1999,FALSE,FALSE,Major,67863,00d18h51m03,0
GEODE-1991,TRUE,FALSE,Major,165090,01d21h51m30,0
GEODE-1996,FALSE,FALSE,Major,17714898,205d00h48m18,0
GEODE-1514,FALSE,FALSE,Major,502838,05d19h40m38,0
GEODE-1517,TRUE,FALSE,Major,344753,03d23h45m53,0
GEODE-1513,FALSE,FALSE,Major,9066582,104d22h29m42,0
GEODE-51,FALSE,TRUE,Major,1817501,21d00h51m41,0
GEODE-6177,TRUE,FALSE,Major,694841,08d01h00m41,0
GEODE-3935,TRUE,FALSE,Major,1370961,15d20h49m21,0
GEODE-1772,TRUE,FALSE,Major,37487885,433d21h18m05,0
GEODE-1774,FALSE,FALSE,Major,2158904,24d23h41m44,0
GEODE-1775,TRUE,FALSE,Major,23499813,271d23h43m33,0
GEODE-1776,FALSE,FALSE,Major,429377,04d23h16m17,0
GEODE-1777,FALSE,FALSE,Major,2326452,26d22h14m12,0
GEODE-6370,FALSE,FALSE,Major,108360,01d06h06m00,0
GEODE-1178,TRUE,FALSE,Major,515530,05d23h12m10,0
GEODE-56,TRUE,FALSE,Major,3012644,34d20h50m44,0
GEODE-6377,FALSE,FALSE,Major,670537,07d18h15m37,0
GEODE-1172,FALSE,FALSE,Major,144063,01d16h01m03,0
GEODE-1173,FALSE,FALSE,Major,21791165,252d05h06m05,0
GEODE-1170,FALSE,FALSE,Major,147290,01d16h54m50,0
GEODE-1171,FALSE,FALSE,Blocker,86091,00d23h54m51,0
GEODE-1176,TRUE,FALSE,Major,47870981,554d01h29m41,1
GEODE-1174,FALSE,FALSE,Major,1217060,14d02h04m20,0
GEODE-2186,TRUE,FALSE,Major,241565,02d19h06m05,0
GEODE-2187,FALSE,FALSE,Minor,401,00d00h06m41,0
GEODE-2185,TRUE,FALSE,Major,101852,01d04h17m32,0
GEODE-2182,FALSE,FALSE,Major,2664703,30d20h11m43,0
GEODE-2183,TRUE,FALSE,Major,1216157,14d01h49m17,0
GEODE-6195,TRUE,FALSE,Major,10715809,124d00h36m49,1
GEODE-2188,TRUE,FALSE,Minor,1123159,12d23h59m19,0
GEODE-2189,FALSE,FALSE,Minor,19165108,221d19h38m28,0
GEODE-348,TRUE,FALSE,Major,2775008,32d02h50m08,0
GEODE-3857,TRUE,FALSE,Major,866391,10d00h39m51,0
GEODE-2670,TRUE,FALSE,Major,171358,01d23h35m58,0
GEODE-2671,FALSE,FALSE,Major,598666,06d22h17m46,0
GEODE-2672,FALSE,FALSE,Major,103667,01d04h47m47,0
GEODE-2674,TRUE,FALSE,Major,8901,00d02h28m21,0
GEODE-2676,TRUE,FALSE,Minor,27834715,322d03h51m55,0
GEODE-2679,FALSE,FALSE,Major,334822,03d21h00m22,0
GEODE-2073,TRUE,FALSE,Major,1037343,12d00h09m03,0
GEODE-2077,TRUE,FALSE,Major,262430,03d00h53m50,0
GEODE-2074,TRUE,FALSE,Major,861852,09d23h24m12,0
GEODE-2078,FALSE,FALSE,Major,499224,05d18h40m24,0
GEODE-2692,FALSE,FALSE,Major,195434,02d06h17m14,0
GEODE-117,FALSE,FALSE,Major,29264819,338d17h06m59,0
GEODE-2690,TRUE,FALSE,Major,774948,08d23h15m48,0
GEODE-113,FALSE,FALSE,Minor,183203,02d02h53m23,0
GEODE-110,FALSE,FALSE,Major,1778367,20d13h59m27,0
GEODE-346,TRUE,FALSE,Major,2528059,29d06h14m19,1
GEODE-3588,TRUE,FALSE,Major,10381473,120d03h44m33,0
GEODE-3586,FALSE,FALSE,Major,2420929,28d00h28m49,0
GEODE-3580,TRUE,FALSE,Major,1296893,15d00h14m53,0
GEODE-3619,TRUE,FALSE,Major,363632,04d05h00m32,0
GEODE-3615,TRUE,FALSE,Major,412861,04d18h41m01,0
GEODE-3614,TRUE,FALSE,Major,3022841,34d23h40m41,0
GEODE-3612,TRUE,FALSE,Major,1997856,23d02h57m36,1
GEODE-2216,TRUE,FALSE,Major,433609,05d00h26m49,0
GEODE-2217,FALSE,FALSE,Major,10297587,119d04h26m27,0
GEODE-2215,TRUE,FALSE,Major,419248,04d20h27m28,0
GEODE-2212,TRUE,FALSE,Major,1147738,13d06h48m58,0
GEODE-2213,FALSE,FALSE,Major,441335,05d02h35m35,0
GEODE-67,FALSE,FALSE,Major,36191251,418d21h07m31,1
GEODE-68,FALSE,FALSE,Minor,30805010,356d12h56m50,1
GEODE-3034,FALSE,FALSE,Major,90432,01d01h07m12,0
GEODE-3030,TRUE,FALSE,Major,4587976,53d02h26m16,0
GEODE-3033,FALSE,FALSE,Major,8962,00d02h29m22,0
GEODE-3032,TRUE,FALSE,Major,243121,02d19h32m01,0
GEODE-3038,TRUE,FALSE,Minor,14541709,168d07h21m49,0
GEODE-7003,FALSE,FALSE,Major,775581,08d23h26m21,0
GEODE-602,FALSE,FALSE,Minor,6766477,78d07h34m37,0
GEODE-601,FALSE,FALSE,Major,4922712,56d23h25m12,0
GEODE-605,FALSE,FALSE,Major,3928,00d01h05m28,0
GEODE-3101,TRUE,FALSE,Major,197298,02d06h48m18,0
GEODE-2459,FALSE,FALSE,Major,21928,00d06h05m28,0
GEODE-3104,FALSE,FALSE,Major,22039910,255d02h11m50,0
GEODE-934,FALSE,FALSE,Major,3388040,39d05h07m20,0
GEODE-935,FALSE,FALSE,Major,6997410,80d23h43m30,0
GEODE-936,FALSE,FALSE,Major,3390844,39d05h54m04,0
GEODE-930,FALSE,FALSE,Major,1322538,15d07h22m18,0
GEODE-2455,FALSE,FALSE,Major,2184,00d00h36m24,0
GEODE-7136,TRUE,FALSE,Major,621455,07d04h37m35,0
GEODE-2325,TRUE,FALSE,Major,1624242,18d19h10m42,0
GEODE-3328,TRUE,FALSE,Major,1661938,19d05h38m58,2
GEODE-5460,TRUE,FALSE,Major,2949789,34d03h23m09,0
GEODE-5946,FALSE,FALSE,Major,205,00d00h03m25,0
GEODE-4116,TRUE,FALSE,Major,1284632,14d20h50m32,0
GEODE-4112,TRUE,FALSE,Major,188396,02d04h19m56,2
GEODE-732,FALSE,FALSE,Major,11058338,127d23h45m38,0
GEODE-730,TRUE,FALSE,Major,3037091,35d03h38m11,0
GEODE-731,FALSE,FALSE,Major,87778,01d00h22m58,1
GEODE-739,FALSE,FALSE,Major,459,00d00h07m39,0
GEODE-5510,FALSE,FALSE,Major,774619,08d23h10m19,0
GEODE-5512,FALSE,FALSE,Major,200684,02d07h44m44,0
GEODE-4846,FALSE,FALSE,Trivial,175593,02d00h46m33,0
GEODE-4497,FALSE,FALSE,Major,4727399,54d17h09m59,0
GEODE-5884,TRUE,FALSE,Major,6732419,77d22h06m59,0
GEODE-94,FALSE,FALSE,Major,327537,03d18h58m57,0
GEODE-96,TRUE,FALSE,Minor,9071505,104d23h51m45,2
GEODE-3563,FALSE,FALSE,Critical,17727425,205d04h17m05,1
GEODE-423,FALSE,FALSE,Major,695430,08d01h10m30,0
GEODE-426,FALSE,FALSE,Major,13144,00d03h39m04,0
GEODE-427,FALSE,FALSE,Major,71119268,823d03h21m08,2
GEODE-91,FALSE,FALSE,Major,1289526,14d22h12m06,0
GEODE-2282,TRUE,FALSE,Major,1487862,17d05h17m42,0
GEODE-5081,FALSE,FALSE,Minor,271346,03d03h22m26,0
GEODE-5085,TRUE,FALSE,Major,185749,02d03h35m49,0
GEODE-2986,FALSE,FALSE,Minor,5347756,61d21h29m16,0
GEODE-2983,TRUE,FALSE,Major,690288,07d23h44m48,0
GEODE-5248,TRUE,FALSE,Major,7297160,84d10h59m20,0
GEODE-5243,FALSE,FALSE,Major,2412,00d00h40m12,0
GEODE-3568,TRUE,FALSE,Major,2692,00d00h44m52,0
GEODE-5649,TRUE,FALSE,Major,596647,06d21h44m07,0
GEODE-5645,TRUE,FALSE,Major,236367,02d17h39m27,0
GEODE-5646,TRUE,FALSE,Major,3374,00d00h56m14,0
GEODE-905,FALSE,FALSE,Major,1324403,15d07h53m23,0
GEODE-1187,FALSE,FALSE,Major,64800,00d18h00m00,0
GEODE-1185,FALSE,FALSE,Major,4908981,56d19h36m21,0
GEODE-1183,TRUE,FALSE,Major,2279961,26d09h19m21,0
GEODE-1180,FALSE,FALSE,Major,15629961,180d21h39m21,0
GEODE-1188,FALSE,FALSE,Major,1950220,22d13h43m40,0
GEODE-1617,TRUE,FALSE,Major,886484,10d06h14m44,0
GEODE-1340,FALSE,FALSE,Major,528209,06d02h43m29,0
GEODE-1615,FALSE,FALSE,Major,121146,01d09h39m06,0
GEODE-1614,TRUE,FALSE,Major,2242384,25d22h53m04,0
GEODE-1613,FALSE,FALSE,Major,669132,07d17h52m12,0
GEODE-1612,FALSE,FALSE,Major,1620635,18d18h10m35,0
GEODE-1347,TRUE,FALSE,Major,78122,00d21h42m02,0
GEODE-1610,TRUE,FALSE,Major,664811,07d16h40m11,0
GEODE-1349,FALSE,FALSE,Major,3800813,43d23h46m53,0
GEODE-2852,TRUE,FALSE,Major,510382,05d21h46m22,0
GEODE-1600,TRUE,FALSE,Major,1485941,17d04h45m41,0
GEODE-1986,TRUE,FALSE,Critical,4979231,57d15h07m11,2
GEODE-1985,TRUE,FALSE,Major,2396525,27d17h42m05,0
GEODE-1983,TRUE,FALSE,Major,670217,07d18h10m17,0
GEODE-1981,TRUE,FALSE,Major,502546,05d19h35m46,0
GEODE-6742,TRUE,FALSE,Major,80427,00d22h20m27,0
GEODE-4241,FALSE,FALSE,Major,422683,04d21h24m43,0
GEODE-6747,FALSE,FALSE,Major,7861260,90d23h41m00,0
GEODE-6748,TRUE,FALSE,Major,8017221,92d19h00m21,0
GEODE-1508,TRUE,FALSE,Major,626459,07d06h00m59,0
GEODE-1551,FALSE,FALSE,Major,1109084,12d20h04m44,0
GEODE-1355,TRUE,FALSE,Major,47009501,544d02h11m41,0
GEODE-3922,FALSE,FALSE,Major,12393997,143d10h46m37,0
GEODE-1769,TRUE,FALSE,Major,3975471,46d00h17m51,0
GEODE-1761,TRUE,FALSE,Major,632099,07d07h34m59,0
GEODE-1760,TRUE,FALSE,Major,448770,05d04h39m30,0
GEODE-6344,TRUE,FALSE,Major,66642,00d18h30m42,0
GEODE-6342,TRUE,FALSE,Major,67640,00d18h47m20,0
GEODE-1160,TRUE,FALSE,Major,247043,02d20h37m23,0
GEODE-1163,TRUE,FALSE,Major,817934,09d11h12m14,0
GEODE-6348,TRUE,FALSE,Major,3103583,35d22h06m23,0
GEODE-1167,FALSE,FALSE,Major,80138,00d22h15m38,0
GEODE-2194,FALSE,FALSE,Major,3350687,38d18h44m47,0
GEODE-2193,TRUE,FALSE,Major,85481,00d23h44m41,2
GEODE-2192,FALSE,FALSE,Major,1649867,19d02h17m47,0
GEODE-3826,FALSE,FALSE,Major,89288,01d00h48m08,0
GEODE-3827,FALSE,FALSE,Major,414178,04d19h02m58,0
GEODE-3820,TRUE,FALSE,Major,15479351,179d03h49m11,0
GEODE-2662,TRUE,FALSE,Major,20448747,236d16h12m27,0
GEODE-2661,TRUE,FALSE,Major,6810504,78d19h48m24,0
GEODE-6522,TRUE,FALSE,Major,445155,05d03h39m15,0
GEODE-6527,TRUE,FALSE,Major,2918676,33d18h44m36,0
GEODE-2063,FALSE,FALSE,Major,435727,05d01h02m07,0
GEODE-2064,TRUE,FALSE,Major,422162,04d21h16m02,0
GEODE-2689,TRUE,FALSE,Major,3429546,39d16h39m06,0
GEODE-744,FALSE,FALSE,Major,13920672,161d02h51m12,1
GEODE-127,TRUE,FALSE,Major,1206845,13d23h14m05,0
GEODE-2681,TRUE,FALSE,Major,11471309,132d18h28m29,0
GEODE-2683,FALSE,FALSE,Major,76504,00d21h15m04,0
GEODE-128,FALSE,FALSE,Minor,70242,00d19h30m42,0
GEODE-3620,FALSE,FALSE,Major,32564259,376d21h37m39,0
GEODE-3621,FALSE,FALSE,Major,1973260,22d20h07m40,0
GEODE-3626,FALSE,FALSE,Major,346098,04d00h08m18,0
GEODE-3628,TRUE,FALSE,Major,1469291,17d00h08m11,0
GEODE-3629,FALSE,FALSE,Major,504809,05d20h13m29,0
GEODE-2207,TRUE,FALSE,Major,668390,07d17h39m50,0
GEODE-6235,FALSE,FALSE,Major,890667,10d07h24m27,0
GEODE-19,FALSE,FALSE,Major,6670016,77d04h46m56,0
GEODE-6232,TRUE,FALSE,Major,2505346,28d23h55m46,0
GEODE-4698,TRUE,FALSE,Major,587906,06d19h18m26,0
GEODE-7012,TRUE,FALSE,Major,1017936,11d18h45m36,0
GEODE-385,FALSE,FALSE,Major,1234,00d00h20m34,0
GEODE-2530,TRUE,FALSE,Major,80535,00d22h22m15,0
GEODE-2535,TRUE,FALSE,Major,2315239,26d19h07m19,0
GEODE-2534,TRUE,FALSE,Major,89115,01d00h45m15,0
GEODE-2539,FALSE,FALSE,Major,1525686,17d15h48m06,1
GEODE-4695,TRUE,FALSE,Major,1106562,12d19h22m42,0
GEODE-634,TRUE,FALSE,Major,3978585,46d01h09m45,0
GEODE-631,FALSE,FALSE,Major,4918487,56d22h14m47,0
GEODE-639,FALSE,FALSE,Major,8549763,98d22h56m03,0
GEODE-3736,TRUE,FALSE,Major,259668,03d00h07m48,0
GEODE-3131,FALSE,FALSE,Major,5124867,59d07h34m27,1
GEODE-3132,FALSE,FALSE,Major,161835,01d20h57m15,0
GEODE-2333,FALSE,FALSE,Major,17441,00d04h50m41,0
GEODE-3139,TRUE,FALSE,Major,838284,09d16h51m24,1
GEODE-3314,TRUE,FALSE,Major,672544,07d18h49m04,0
GEODE-3315,TRUE,FALSE,Major,605317,07d00h08m37,0
GEODE-3316,TRUE,FALSE,Major,3806487,44d01h21m27,0
GEODE-3317,TRUE,FALSE,Major,515852,05d23h17m32,1
GEODE-3310,TRUE,FALSE,Major,183180,02d02h53m00,0
GEODE-3733,TRUE,FALSE,Major,20311409,235d02h03m29,0
GEODE-709,TRUE,FALSE,Major,65838,00d18h17m18,0
GEODE-703,FALSE,FALSE,Major,182005,02d02h33m25,0
GEODE-702,FALSE,FALSE,Major,182165,02d02h36m05,0
GEODE-701,FALSE,FALSE,Major,2839661,32d20h47m41,1
GEODE-700,FALSE,FALSE,Major,245799,02d20h16m39,0
GEODE-707,FALSE,FALSE,Major,687669,07d23h01m09,0
GEODE-706,TRUE,FALSE,Major,26399117,305d13h05m17,0
GEODE-704,FALSE,FALSE,Major,9687891,112d03h04m51,0
GEODE-4872,TRUE,FALSE,Major,1557407,18d00h36m47,0
GEODE-1393,TRUE,FALSE,Major,239161,02d18h26m01,0
GEODE-4874,FALSE,FALSE,Minor,2428136,28d02h28m56,0
GEODE-5878,FALSE,FALSE,Major,345936,04d00h05m36,0
GEODE-5505,TRUE,FALSE,Major,1900618,21d23h56m58,0
GEODE-4058,TRUE,FALSE,Major,67564,00d18h46m04,0
GEODE-3553,FALSE,FALSE,Major,1472239,17d00h57m19,0
GEODE-3002,FALSE,FALSE,Minor,415709,04d19h28m29,0
GEODE-3006,FALSE,FALSE,Major,169231,01d23h00m31,0
GEODE-3555,TRUE,FALSE,Major,506316,05d20h38m36,0
GEODE-4275,FALSE,FALSE,Major,954816,11d01h13m36,0
GEODE-1109,FALSE,FALSE,Major,424349,04d21h52m29,0
GEODE-419,FALSE,FALSE,Minor,37843295,438d00h01m35,0
GEODE-417,FALSE,FALSE,Minor,12504561,144d17h29m21,0
GEODE-416,FALSE,FALSE,Major,2990491,34d14h41m31,1
GEODE-414,FALSE,FALSE,Major,522033,06d01h00m33,0
GEODE-412,FALSE,FALSE,Major,587319,06d19h08m39,1
GEODE-411,FALSE,FALSE,Major,1018621,11d18h57m01,0
GEODE-5477,FALSE,FALSE,Major,1292235,14d22h57m15,0
GEODE-5094,TRUE,FALSE,Major,12867002,148d22h10m02,0
GEODE-2991,FALSE,FALSE,Minor,3528215,40d20h03m35,0
GEODE-2993,TRUE,FALSE,Major,1688,00d00h28m08,0
GEODE-5250,FALSE,FALSE,Major,174975,02d00h36m15,0
GEODE-5256,TRUE,FALSE,Major,5248870,60d18h01m10,0
GEODE-4300,TRUE,FALSE,Major,1104087,12d18h41m27,0
GEODE-621,FALSE,FALSE,Major,66738,00d18h32m18,0
GEODE-5653,TRUE,FALSE,Major,183598,02d02h59m58,0
GEODE-965,TRUE,FALSE,Major,83518,00d23h11m58,0
GEODE-964,FALSE,FALSE,Major,1401386,16d05h16m26,0
GEODE-2843,FALSE,FALSE,Major,364868,04d05h21m08,0
GEODE-1375,FALSE,FALSE,Major,524537,06d01h42m17,0
GEODE-1376,FALSE,FALSE,Major,260450,03d00h20m50,0
GEODE-2840,TRUE,FALSE,Major,1823,00d00h30m23,0
GEODE-1370,FALSE,FALSE,Major,158175,01d19h56m15,0
GEODE-1373,TRUE,FALSE,Major,73482,00d20h24m42,0
GEODE-1378,FALSE,FALSE,Major,681044,07d21h10m44,0
GEODE-1920,TRUE,FALSE,Major,36373356,420d23h42m36,0
GEODE-1973,TRUE,FALSE,Major,11972,00d03h19m32,0
GEODE-1971,TRUE,FALSE,Major,2696716,31d05h05m16,0
GEODE-1978,TRUE,FALSE,Major,423546,04d21h39m06,1
GEODE-6754,TRUE,FALSE,Major,2595373,30d00h56m13,0
GEODE-1084,FALSE,FALSE,Major,237805,02d18h03m25,0
GEODE-1085,FALSE,FALSE,Major,4498892,52d01h41m32,0
GEODE-1577,FALSE,FALSE,Major,25600675,296d07h17m55,0
GEODE-1574,TRUE,FALSE,Major,587227,06d19h07m07,0
GEODE-1575,FALSE,FALSE,Major,2340,00d00h39m00,1
GEODE-1886,FALSE,FALSE,Major,668685,07d17h44m45,0
GEODE-1885,TRUE,FALSE,Major,259617,03d00h06m57,1
GEODE-1880,FALSE,FALSE,Trivial,9596,00d02h39m56,0
GEODE-1881,FALSE,FALSE,Major,256077,02d23h07m57,0
GEODE-3954,FALSE,FALSE,Trivial,342270,03d23h04m30,0
GEODE-1791,FALSE,FALSE,Major,3120676,36d02h51m16,0
GEODE-3953,FALSE,FALSE,Trivial,342510,03d23h08m30,0
GEODE-3951,TRUE,FALSE,Trivial,954762,11d01h12m42,0
GEODE-1799,FALSE,FALSE,Trivial,11405332,132d00h08m52,0
GEODE-6356,TRUE,FALSE,Major,1283852,14d20h37m32,0
GEODE-1402,FALSE,FALSE,Major,60515,00d16h48m35,0
GEODE-1400,TRUE,FALSE,Major,1291285,14d22h41m25,0
GEODE-1401,FALSE,FALSE,Major,62730,00d17h25m30,0
GEODE-1407,TRUE,FALSE,Major,21772696,251d23h58m16,0
GEODE-6683,TRUE,FALSE,Major,2085339,24d03h15m39,0
GEODE-1405,FALSE,FALSE,Major,4085,00d01h08m05,0
GEODE-1408,TRUE,FALSE,Major,2685951,31d02h05m51,0
GEODE-1150,FALSE,FALSE,Major,1974380,22d20h26m20,1
GEODE-1153,TRUE,FALSE,Major,497258,05d18h07m38,0
GEODE-6539,TRUE,FALSE,Major,85511,00d23h45m11,0
GEODE-6535,FALSE,FALSE,Major,7537881,87d05h51m21,0
GEODE-2059,TRUE,FALSE,Major,9627,00d02h40m27,0
GEODE-4615,TRUE,FALSE,Major,259376,03d00h02m56,0
GEODE-134,FALSE,FALSE,Major,1054743,12d04h59m03,0
GEODE-135,FALSE,FALSE,Blocker,1033488,11d23h04m48,0
GEODE-136,TRUE,FALSE,Major,38457553,445d02h39m13,0
GEODE-133,TRUE,FALSE,Minor,338076,03d21h54m36,0
GEODE-138,FALSE,FALSE,Minor,2075536,24d00h32m16,0
GEODE-139,FALSE,FALSE,Minor,3430280,39d16h51m20,1
GEODE-2238,FALSE,FALSE,Major,32826370,379d22h26m10,0
GEODE-2239,TRUE,FALSE,Major,1647139,19d01h32m19,0
GEODE-2233,FALSE,FALSE,Major,778149,09d00h09m09,0
GEODE-2234,TRUE,FALSE,Major,176871,02d01h07m51,0
GEODE-2236,FALSE,FALSE,Major,2498612,28d22h03m32,0
GEODE-3638,TRUE,FALSE,Major,353332,04d02h08m52,0
GEODE-6227,FALSE,FALSE,Major,4010,00d01h06m50,0
GEODE-2547,TRUE,FALSE,Major,349436,04d01h03m56,0
GEODE-2545,TRUE,FALSE,Major,250125,02d21h28m45,0
GEODE-2542,TRUE,FALSE,Major,37431201,433d05h33m21,2
GEODE-2541,TRUE,FALSE,Major,521880,06d00h58m00,0
GEODE-620,FALSE,FALSE,Major,20221170,234d00h59m30,1
GEODE-4686,TRUE,FALSE,Major,447610,05d04h20m10,0
GEODE-4685,TRUE,FALSE,Major,2246296,25d23h58m16,0
GEODE-1304,FALSE,FALSE,Major,81973,00d22h46m13,0
GEODE-6823,FALSE,FALSE,Major,245365,02d20h09m25,0
GEODE-6822,FALSE,FALSE,Major,1567276,18d03h21m16,0
GEODE-3637,TRUE,FALSE,Critical,18431569,213d07h52m49,1
GEODE-3304,FALSE,FALSE,Major,1468326,16d23h52m06,0
GEODE-2815,FALSE,FALSE,Minor,1290350,14d22h25m50,0
GEODE-3301,TRUE,FALSE,Major,260377,03d00h19m37,0
GEODE-3307,FALSE,FALSE,Major,848492,09d19h41m32,0
GEODE-3306,TRUE,FALSE,Minor,18933901,219d03h25m01,0
GEODE-3305,TRUE,FALSE,Major,705628,08d04h00m28,0
GEODE-3636,TRUE,FALSE,Major,857402,09d22h10m02,0
GEODE-249,TRUE,FALSE,Major,18166698,210d06h18m18,0
GEODE-716,TRUE,FALSE,Major,2054686,23d18h44m46,0
GEODE-710,FALSE,FALSE,Major,11199242,129d14h54m02,0
GEODE-247,TRUE,FALSE,Minor,19632195,227d05h23m15,0
GEODE-712,FALSE,FALSE,Major,1302978,15d01h56m18,2
GEODE-245,FALSE,FALSE,Major,15040770,174d01h59m30,0
GEODE-367,FALSE,FALSE,Major,2862521,33d03h08m41,0
GEODE-398,FALSE,FALSE,Major,590898,06d20h08m18,1
GEODE-399,FALSE,FALSE,Major,583530,06d18h05m30,0
GEODE-3017,TRUE,FALSE,Major,2769147,32d01h12m27,0
GEODE-391,FALSE,FALSE,Major,356665,04d03h04m25,0
GEODE-3015,FALSE,FALSE,Major,3442973,39d20h22m53,0
GEODE-3542,TRUE,FALSE,Major,3017061,34d22h04m21,0
GEODE-3544,TRUE,FALSE,Major,1169936,13d12h58m56,0
GEODE-3011,FALSE,FALSE,Major,85094,00d23h38m14,0
GEODE-4042,FALSE,FALSE,Major,1470186,17d00h23m06,1
GEODE-5314,TRUE,FALSE,Major,9019364,104d09h22m44,0
GEODE-4267,TRUE,FALSE,Minor,38891313,450d03h08m33,2
GEODE-400,FALSE,FALSE,Major,870184,10d01h43m04,0
GEODE-402,FALSE,FALSE,Major,9944436,115d02h20m36,0
GEODE-405,FALSE,FALSE,Minor,165651,01d22h00m51,0
GEODE-406,FALSE,FALSE,Major,8274199,95d18h23m19,0
GEODE-407,FALSE,FALSE,Major,274882,03d04h21m22,0
GEODE-408,TRUE,FALSE,Major,497151,05d18h05m51,0
GEODE-246,FALSE,FALSE,Major,351098,04d01h31m38,0
GEODE-244,FALSE,FALSE,Major,5765973,66d17h39m33,2
GEODE-5220,TRUE,FALSE,Major,770858,08d22h07m38,0
GEODE-4315,FALSE,FALSE,Major,369210,04d06h33m30,0
GEODE-4317,FALSE,FALSE,Major,360505,04d04h08m25,0
GEODE-1360,FALSE,FALSE,Major,334186,03d20h49m46,0
GEODE-1367,FALSE,FALSE,Major,1210449,14d00h14m09,2
GEODE-1364,FALSE,FALSE,Major,12790956,148d01h02m36,0
GEODE-2837,FALSE,FALSE,Major,519366,06d00h16m06,0
GEODE-2830,FALSE,FALSE,Major,534308,06d04h25m08,0
GEODE-1248,FALSE,FALSE,Major,174944,02d00h35m44,0
GEODE-1962,TRUE,FALSE,Major,3984622,46d02h50m22,0
GEODE-1967,FALSE,FALSE,Major,370146,04d06h49m06,0
GEODE-1966,TRUE,FALSE,Major,536869,06d05h07m49,0
GEODE-1969,FALSE,FALSE,Major,13379749,154d20h35m49,0
GEODE-1099,FALSE,FALSE,Major,66572,00d18h29m32,0
GEODE-1098,FALSE,FALSE,Major,19702575,228d00h56m15,0
GEODE-1096,FALSE,FALSE,Major,174470,02d00h27m50,0
GEODE-392,FALSE,FALSE,Major,1201487,13d21h44m47,1
GEODE-3014,FALSE,FALSE,Major,78085,00d21h41m25,0
GEODE-1565,TRUE,FALSE,Major,312449,03d14h47m29,0
GEODE-2943,TRUE,FALSE,Major,417059,04d19h50m59,0
GEODE-1567,FALSE,FALSE,Major,864750,10d00h12m30,0
GEODE-2941,FALSE,FALSE,Major,598089,06d22h08m09,0
GEODE-1560,FALSE,FALSE,Major,434569,05d00h42m49,0
GEODE-2944,FALSE,FALSE,Major,596629,06d21h43m49,0
GEODE-396,FALSE,FALSE,Major,333752,03d20h42m32,0
GEODE-397,TRUE,FALSE,Major,333654,03d20h40m54,0
GEODE-1898,FALSE,FALSE,Trivial,2766753,32d00h32m33,0
GEODE-1782,TRUE,FALSE,Major,259284,03d00h01m24,0
GEODE-1785,FALSE,FALSE,Major,7503261,86d20h14m21,0
GEODE-3940,TRUE,FALSE,Major,1311640,15d04h20m40,0
GEODE-6323,FALSE,FALSE,Major,5951554,68d21h12m34,0
GEODE-1142,FALSE,FALSE,Major,609014,07d01h10m14,0
GEODE-1413,FALSE,FALSE,Major,2218806,25d16h20m06,0
GEODE-1412,FALSE,FALSE,Major,89904,01d00h58m24,0
GEODE-1415,FALSE,FALSE,Major,106847,01d05h40m47,0
GEODE-1146,FALSE,FALSE,Major,4668257,54d00h44m17,1
GEODE-1145,FALSE,FALSE,Major,293578,03d09h32m58,0
GEODE-1418,TRUE,FALSE,Major,45714447,529d02h27m27,0
GEODE-1148,TRUE,FALSE,Major,16244003,188d00h13m23,0
GEODE-1546,TRUE,FALSE,Major,871172,10d01h59m32,0
GEODE-3803,FALSE,FALSE,Major,100030,01d03h47m10,0
GEODE-3805,FALSE,FALSE,Major,111370,01d06h56m10,0
GEODE-3808,FALSE,FALSE,Major,95501,01d02h31m41,0
GEODE-1234,FALSE,FALSE,Major,2097637,24d06h40m37,0
GEODE-2049,FALSE,FALSE,Minor,6167761,71d09h16m01,0
GEODE-2043,TRUE,FALSE,Major,87976,01d00h26m16,0
GEODE-2046,TRUE,FALSE,Major,30238105,349d23h28m25,0
GEODE-2045,FALSE,FALSE,Major,332182,03d20h16m22,0
GEODE-6789,FALSE,FALSE,Major,69380,00d19h16m20,0
GEODE-1949,TRUE,FALSE,Major,83615,00d23h13m35,0
GEODE-6784,FALSE,FALSE,Major,2995606,34d16h06m46,0
GEODE-2751,TRUE,FALSE,Major,92810,01d01h46m50,0
GEODE-836,FALSE,FALSE,Major,433818,05d00h30m18,0
GEODE-893,FALSE,FALSE,Major,3753,00d01h02m33,0
GEODE-892,TRUE,FALSE,Major,76854,00d21h20m54,0
GEODE-38,TRUE,FALSE,Trivial,1943836,22d11h57m16,0
GEODE-890,TRUE,FALSE,Major,1563781,18d02h23m01,0
GEODE-896,FALSE,FALSE,Major,17424,00d04h50m24,0
GEODE-895,FALSE,FALSE,Major,17511,00d04h51m51,0
GEODE-2228,TRUE,FALSE,Major,253270,02d22h21m10,0
GEODE-2227,FALSE,FALSE,Major,4153623,48d01h47m03,0
GEODE-899,FALSE,FALSE,Major,1191523,13d18h58m43,0
GEODE-2224,TRUE,FALSE,Major,250080,02d21h28m00,0
GEODE-116,FALSE,FALSE,Major,8552125,98d23h35m25,1
GEODE-6253,FALSE,FALSE,Major,338739,03d22h05m39,0
GEODE-6998,TRUE,FALSE,Major,834489,09d15h48m09,0
GEODE-2555,FALSE,FALSE,Minor,8622026,99d19h00m26,0
GEODE-2556,FALSE,FALSE,Major,27796576,321d17h16m16,0
GEODE-2551,TRUE,FALSE,Major,260908,03d00h28m28,0
GEODE-2553,TRUE,FALSE,Major,5676392,65d16h46m32,0
GEODE-871,FALSE,FALSE,Major,59963,00d16h39m23,0
GEODE-870,TRUE,FALSE,Major,2786908,32d06h08m28,0
GEODE-657,TRUE,FALSE,Major,5445715,63d00h41m55,0
GEODE-656,TRUE,FALSE,Major,12613565,145d23h46m05,0
GEODE-7079,TRUE,FALSE,Major,317820,03d16h17m00,0
GEODE-874,FALSE,FALSE,Major,4937002,57d03h23m22,0
GEODE-877,FALSE,FALSE,Major,408495,04d17h28m15,0
GEODE-876,FALSE,FALSE,Major,2332767,26d23h59m27,0
GEODE-6811,TRUE,FALSE,Major,9014880,104d08h08m00,0
GEODE-3157,FALSE,FALSE,Major,27477309,318d00h35m09,0
GEODE-3154,FALSE,FALSE,Major,74663,00d20h44m23,0
GEODE-3152,TRUE,FALSE,Major,84166,00d23h22m46,0
GEODE-3153,TRUE,FALSE,Major,1039950,12d00h52m30,0
GEODE-3150,FALSE,FALSE,Major,2492470,28d20h21m10,0
GEODE-2313,TRUE,FALSE,Major,4753580,55d00h26m20,0
GEODE-2314,TRUE,FALSE,Major,1804982,20d21h23m02,0
GEODE-3796,TRUE,FALSE,Major,160099,01d20h28m19,0
GEODE-2568,TRUE,FALSE,Major,180314,02d02h05m14,0
GEODE-4418,TRUE,FALSE,Major,11680757,135d04h39m17,0
GEODE-3379,TRUE,FALSE,Major,248406,02d21h00m06,0
GEODE-4787,TRUE,FALSE,Blocker,3199179,37d00h39m39,0
GEODE-279,FALSE,FALSE,Minor,15711,00d04h21m51,0
GEODE-4781,FALSE,FALSE,Major,62410,00d17h20m10,0
GEODE-275,FALSE,FALSE,Minor,62469,00d17h21m09,0
GEODE-270,FALSE,FALSE,Major,6654948,77d00h35m48,1
GEODE-4893,TRUE,FALSE,Major,1288891,14d22h01m31,0
GEODE-4891,FALSE,FALSE,Major,2768225,32d00h57m05,0
GEODE-4070,TRUE,FALSE,Major,450062,05d05h01m02,0
GEODE-4072,FALSE,FALSE,Major,409931,04d17h52m11,0
GEODE-3578,TRUE,FALSE,Major,1627269,18d20h01m09,1
GEODE-4077,TRUE,FALSE,Major,845404,09d18h50m04,0
GEODE-3575,FALSE,FALSE,Minor,1280,00d00h21m20,0
GEODE-3576,TRUE,FALSE,Major,1191085,13d18h51m25,0
GEODE-5301,FALSE,FALSE,Major,14251090,164d22h38m10,0
GEODE-3208,FALSE,FALSE,Major,527901,06d02h38m21,0
GEODE-5307,TRUE,FALSE,Major,248672,02d21h04m32,0
GEODE-3203,FALSE,FALSE,Major,436018,05d01h06m58,0
GEODE-3206,FALSE,FALSE,Major,938816,10d20h46m56,0
GEODE-4255,FALSE,FALSE,Major,249734,02d21h22m14,0
GEODE-3204,TRUE,FALSE,Major,329541,03d19h32m21,0
GEODE-3205,TRUE,FALSE,Major,45962102,531d23h15m02,2
GEODE-4099,FALSE,FALSE,Major,83414,00d23h10m14,0
GEODE-4093,TRUE,FALSE,Major,431651,04d23h54m11,0
GEODE-4091,TRUE,FALSE,Major,84875,00d23h34m35,0
GEODE-4096,TRUE,FALSE,Major,1891508,21d21h25m08,0
GEODE-4097,FALSE,FALSE,Major,1831709,21d04h48m29,0
GEODE-477,FALSE,FALSE,Major,680980,07d21h09m40,0
GEODE-476,FALSE,FALSE,Major,71092,00d19h44m52,0
GEODE-5789,TRUE,FALSE,Major,4149066,48d00h31m06,0
GEODE-470,FALSE,FALSE,Major,88440,01d00h34m00,0
GEODE-473,TRUE,FALSE,Major,5281274,61d03h01m14,1
GEODE-472,FALSE,FALSE,Major,88159,01d00h29m19,0
GEODE-478,TRUE,FALSE,Major,13629023,157d17h50m23,1
GEODE-5231,TRUE,FALSE,Major,28690774,332d01h39m34,1
GEODE-501,FALSE,FALSE,Major,6287721,72d18h35m21,0
GEODE-503,TRUE,FALSE,Major,3819638,44d05h00m38,0
GEODE-502,FALSE,FALSE,Major,31714987,367d01h43m07,1
GEODE-507,FALSE,FALSE,Major,266364,03d01h59m24,0
GEODE-6303,TRUE,FALSE,Major,604620,06d23h57m00,0
GEODE-5637,TRUE,FALSE,Major,6827698,79d00h34m58,1
GEODE-1319,TRUE,FALSE,Major,46916894,543d00h28m14,0
GEODE-1317,FALSE,FALSE,Major,8538634,98d19h50m34,0
GEODE-1311,FALSE,FALSE,Major,77400,00d21h30m00,0
GEODE-2825,TRUE,FALSE,Major,709725,08d05h08m45,0
GEODE-2824,FALSE,FALSE,Major,1125520,13d00h38m40,0
GEODE-2823,TRUE,FALSE,Major,540942,06d06h15m42,0
GEODE-2828,TRUE,FALSE,Major,617058,07d03h24m18,0
GEODE-1955,TRUE,FALSE,Major,6584300,76d04h58m20,2
GEODE-1956,FALSE,FALSE,Major,869635,10d01h33m55,0
GEODE-1958,TRUE,FALSE,Minor,24971710,289d00h35m10,0
GEODE-4800,TRUE,FALSE,Major,67721,00d18h48m41,0
GEODE-2959,TRUE,FALSE,Major,246750,02d20h32m30,0
GEODE-2958,TRUE,FALSE,Major,421391,04d21h03m11,0
GEODE-1221,TRUE,FALSE,Major,61903,00d17h11m43,0
GEODE-1227,FALSE,FALSE,Major,603404,06d23h36m44,0
GEODE-1224,FALSE,FALSE,Major,2432460,28d03h41m00,0
GEODE-1557,TRUE,FALSE,Major,964985,11d04h03m05,0
GEODE-2951,FALSE,FALSE,Major,949805,10d23h50m05,1
GEODE-2950,TRUE,FALSE,Major,524694,06d01h44m54,0
GEODE-1228,FALSE,FALSE,Major,603799,06d23h43m19,1
GEODE-2952,FALSE,FALSE,Major,965129,11d04h05m29,1
GEODE-2955,TRUE,FALSE,Major,514553,05d22h55m53,0
GEODE-2954,TRUE,FALSE,Major,514259,05d22h50m59,0
GEODE-2957,FALSE,FALSE,Major,966450,11d04h27m30,1
GEODE-2956,TRUE,FALSE,Major,341121,03d22h45m21,0
GEODE-3978,FALSE,FALSE,Major,82896,00d23h01m36,0
GEODE-3979,FALSE,FALSE,Major,79012,00d21h56m52,0
GEODE-6339,TRUE,FALSE,Major,173101,02d00h05m01,0
GEODE-6330,TRUE,FALSE,Major,167778,01d22h36m18,0
GEODE-1424,TRUE,FALSE,Major,336912,03d21h35m12,0
GEODE-1425,FALSE,FALSE,Major,409706,04d17h48m26,0
GEODE-1134,TRUE,FALSE,Major,267830,03d02h23m50,0
GEODE-1427,FALSE,FALSE,Major,234296,02d17h04m56,0
GEODE-1420,TRUE,FALSE,Major,5353461,61d23h04m21,1
GEODE-1130,FALSE,FALSE,Major,35695732,413d03h28m52,0
GEODE-1131,FALSE,FALSE,Major,400512,04d15h15m12,0
GEODE-1428,FALSE,FALSE,Major,406056,04d16h47m36,0
GEODE-1139,TRUE,FALSE,Major,66104021,765d02h13m41,0
GEODE-3815,TRUE,FALSE,Major,1113911,12d21h25m11,0
GEODE-3813,TRUE,FALSE,Major,11054481,127d22h41m21,0
GEODE-3810,FALSE,FALSE,Major,774176,08d23h02m56,0
GEODE-2036,FALSE,FALSE,Major,62244,00d17h17m24,0
GEODE-2037,FALSE,FALSE,Major,16380,00d04h33m00,0
GEODE-6791,FALSE,FALSE,Trivial,218378,02d12h39m38,0
GEODE-1049,FALSE,FALSE,Major,2259562,26d03h39m22,1
GEODE-6026,FALSE,FALSE,Major,9009271,104d06h34m31,0
GEODE-1042,TRUE,FALSE,Major,60935,00d16h55m35,0
GEODE-6799,FALSE,FALSE,Major,5788654,66d23h57m34,0
GEODE-6798,TRUE,FALSE,Major,9432848,109d04h14m08,0
GEODE-1047,TRUE,FALSE,Major,71821734,831d06h28m54,0
GEODE-1044,TRUE,FALSE,Major,1807485,20d22h04m45,0
GEODE-886,TRUE,FALSE,Major,864072,10d00h01m12,0
GEODE-887,FALSE,FALSE,Major,797780,09d05h36m20,0
GEODE-2785,FALSE,FALSE,Major,874122,10d02h48m42,0
GEODE-882,FALSE,FALSE,Major,349,00d00h05m49,0
GEODE-2787,TRUE,FALSE,Major,751,00d00h12m31,0
GEODE-2789,TRUE,FALSE,Major,43852296,507d13h11m36,0
GEODE-27,FALSE,FALSE,Critical,26171583,302d21h53m03,0
GEODE-26,FALSE,FALSE,Critical,23087568,267d05h12m48,0
GEODE-20,TRUE,FALSE,Major,3716111,43d00h15m11,0
GEODE-23,FALSE,FALSE,Major,1387722,16d01h28m42,0
GEODE-2142,TRUE,TRUE,Blocker,8124548,94d00h49m08,0
GEODE-2147,FALSE,FALSE,Minor,13407,00d03h43m27,0
GEODE-2768,TRUE,FALSE,Major,584660,06d18h24m20,0
GEODE-2762,FALSE,FALSE,Major,593255,06d20h47m35,0
GEODE-647,FALSE,FALSE,Major,186124,02d03h42m04,0
GEODE-866,TRUE,FALSE,Major,2054053,23d18h34m13,0
GEODE-867,FALSE,FALSE,Major,627489,07d06h18m09,0
GEODE-2764,TRUE,FALSE,Major,604871,07d00h01m11,0
GEODE-2765,FALSE,FALSE,Major,251715,02d21h55m15,0
GEODE-2458,FALSE,FALSE,Major,76111,00d21h08m31,0
GEODE-2590,TRUE,FALSE,Major,11520,00d03h12m00,0
GEODE-3147,TRUE,FALSE,Major,106629,01d05h37m09,0
GEODE-3146,FALSE,FALSE,Major,20315,00d05h38m35,0
GEODE-3140,TRUE,FALSE,Major,170822,01d23h27m02,0
GEODE-2367,TRUE,FALSE,Major,510742,05d21h52m22,0
GEODE-2497,TRUE,FALSE,Major,624176,07d05h22m56,1
GEODE-2490,TRUE,FALSE,Major,1162452,13d10h54m12,0
GEODE-2491,TRUE,FALSE,Major,80130,00d22h15m30,0
GEODE-3787,TRUE,FALSE,Major,316458,03d15h54m18,0
GEODE-3786,FALSE,FALSE,Major,942597,10d21h49m57,0
GEODE-3785,TRUE,FALSE,Major,321750,03d17h22m30,0
GEODE-3784,TRUE,FALSE,Major,957225,11d01h53m45,0
GEODE-2498,FALSE,FALSE,Major,68634,00d19h03m54,0
GEODE-2368,TRUE,FALSE,Major,429726,04d23h22m06,0
GEODE-2369,FALSE,FALSE,Major,8270295,95d17h18m15,0
GEODE-4639,TRUE,FALSE,Major,79055,00d21h57m35,0
GEODE-2599,FALSE,FALSE,Minor,687284,07d22h54m44,0
GEODE-264,FALSE,FALSE,Trivial,133723,01d13h08m43,0
GEODE-5033,TRUE,FALSE,Major,1207443,13d23h24m03,0
GEODE-4882,TRUE,FALSE,Major,576034,06d16h00m34,0
GEODE-4885,TRUE,FALSE,Major,164377,01d21h39m37,0
GEODE-2454,FALSE,FALSE,Major,129240,01d11h54m00,1
GEODE-7048,TRUE,FALSE,Trivial,295963,03d10h12m43,0
GEODE-3562,FALSE,FALSE,Major,695024,08d01h03m44,0
GEODE-3567,FALSE,FALSE,Major,2439342,28d05h35m42,0
GEODE-3566,TRUE,FALSE,Major,159105,01d20h11m45,0
GEODE-4061,TRUE,FALSE,Major,3767697,43d14h34m57,1
GEODE-2560,FALSE,FALSE,Major,598,00d00h09m58,0
GEODE-2561,FALSE,FALSE,Major,11394,00d03h09m54,0
GEODE-2562,FALSE,FALSE,Major,15967,00d04h26m07,0
GEODE-933,FALSE,FALSE,Major,20653363,239d01h02m43,0
GEODE-6405,FALSE,FALSE,Minor,73768,00d20h29m28,0
GEODE-4068,FALSE,FALSE,Major,2464,00d00h41m04,0
GEODE-2939,TRUE,FALSE,Major,615334,07d02h55m34,0
GEODE-4247,FALSE,FALSE,Major,8761144,101d09h39m04,0
GEODE-4246,FALSE,FALSE,Major,278209,03d05h16m49,0
GEODE-2938,FALSE,FALSE,Major,726,00d00h12m06,0
GEODE-3214,TRUE,FALSE,Major,620277,07d04h17m57,0
GEODE-3217,TRUE,TRUE,Major,785658,09d02h14m18,0
GEODE-4088,FALSE,FALSE,Major,582172,06d17h42m52,0
GEODE-4085,TRUE,FALSE,Major,530628,06d03h23m48,0
GEODE-4087,TRUE,FALSE,Major,1190143,13d18h35m43,0
GEODE-467,FALSE,FALSE,Major,513533,05d22h38m53,1
GEODE-464,TRUE,FALSE,Major,452352,05d05h39m12,1
GEODE-465,FALSE,FALSE,Major,444774,05d03h32m54,0
GEODE-5463,FALSE,FALSE,Major,1165466,13d11h44m26,0
GEODE-468,FALSE,FALSE,Major,4748906,54d23h08m26,1
GEODE-469,FALSE,FALSE,Major,460043,05d07h47m23,0
GEODE-5420,TRUE,FALSE,Major,1816990,21d00h43m10,0
GEODE-5933,FALSE,FALSE,Major,703,00d00h11m43,0
GEODE-518,FALSE,FALSE,Major,418984,04d20h23m04,0
GEODE-519,FALSE,FALSE,Major,12159491,140d17h38m11,0
GEODE-512,FALSE,FALSE,Major,107768,01d05h56m08,0
GEODE-513,FALSE,FALSE,Major,42559,00d11h49m19,0
GEODE-510,TRUE,FALSE,Major,15990022,185d01h40m22,2
GEODE-516,TRUE,FALSE,Major,46651499,539d22h44m59,2
GEODE-514,FALSE,FALSE,Major,12179278,140d23h07m58,0
GEODE-515,FALSE,FALSE,Major,12178981,140d23h03m01,0
GEODE-5682,FALSE,FALSE,Major,180335,02d02h05m35,0
GEODE-2819,FALSE,FALSE,Major,5435816,62d21h56m56,0
GEODE-1309,TRUE,FALSE,Major,41196739,476d19h32m19,0
GEODE-1308,TRUE,FALSE,Major,41197019,476d19h36m59,0
GEODE-2811,TRUE,FALSE,Major,498091,05d18h21m31,0
GEODE-1307,TRUE,FALSE,Trivial,950059,10d23h54m19,0
GEODE-5111,TRUE,FALSE,Major,1210624,14d00h17m04,0
GEODE-2816,FALSE,FALSE,Major,692327,08d00h18m47,0
GEODE-1230,FALSE,FALSE,Major,825,00d00h13m45,0
GEODE-1544,FALSE,FALSE,Major,235434,02d17h23m54,0
GEODE-1543,FALSE,FALSE,Major,270358,03d03h05m58,0
GEODE-1542,FALSE,FALSE,Major,82902,00d23h01m42,0
GEODE-1237,TRUE,FALSE,Major,1210039,14d00h07m19,0
GEODE-1236,FALSE,FALSE,Major,443889,05d03h18m09,0
GEODE-2964,FALSE,FALSE,Major,170298,01d23h18m18,0
GEODE-1238,TRUE,FALSE,Major,965064,11d04h04m24,1
GEODE-2967,TRUE,FALSE,Major,1214443,14d01h20m43,0
GEODE-2960,FALSE,FALSE,Major,51223674,592d20h47m54,0
GEODE-2961,FALSE,FALSE,Major,422842,04d21h27m22,0
GEODE-1549,FALSE,FALSE,Minor,676121,07d19h48m41,0
GEODE-1548,TRUE,FALSE,Major,10117789,117d02h29m49,1
GEODE-3969,FALSE,FALSE,Major,1481640,17d03h34m00,0
GEODE-3967,TRUE,FALSE,Major,8331694,96d10h21m34,2
GEODE-6652,FALSE,FALSE,Major,6257489,72d10h11m29,0
GEODE-6653,FALSE,FALSE,Major,2271294,26d06h54m54,0
GEODE-6651,TRUE,FALSE,Major,128070,01d11h34m30,0
GEODE-6654,FALSE,FALSE,Minor,5467421,63d06h43m41,0
GEODE-6308,TRUE,FALSE,Major,256317,02d23h11m57,0
GEODE-6309,TRUE,FALSE,Major,263134,03d01h05m34,0
GEODE-1431,FALSE,FALSE,Major,229170,02d15h39m30,0
GEODE-1125,FALSE,FALSE,Major,35115236,406d10h13m56,0
GEODE-1127,FALSE,FALSE,Major,359606,04d03h53m26,0
GEODE-1126,FALSE,FALSE,Major,622,00d00h10m22,0
GEODE-1121,FALSE,FALSE,Major,11158913,129d03h41m53,0
GEODE-1123,FALSE,FALSE,Major,1400930,16d05h08m50,1
GEODE-1943,FALSE,FALSE,Major,7347956,85d01h05m56,0
GEODE-3408,FALSE,FALSE,Major,1403163,16d05h46m03,0
GEODE-1940,FALSE,FALSE,Major,5094,00d01h24m54,0
GEODE-1129,FALSE,FALSE,Major,342179,03d23h02m59,0
GEODE-1128,TRUE,FALSE,Major,15722335,181d23h18m55,0
GEODE-1944,TRUE,FALSE,Major,679492,07d20h44m52,0
GEODE-3871,TRUE,FALSE,Major,105255,01d05h14m15,0
GEODE-780,FALSE,FALSE,Major,423482,04d21h38m02,0
GEODE-2028,FALSE,FALSE,Major,937449,10d20h24m09,0
GEODE-2025,TRUE,FALSE,Major,270260,03d03h04m20,0
GEODE-2024,TRUE,FALSE,Major,5122193,59d06h49m53,1
HADOOP-4346,TRUE,FALSE,Major,2068135,23d22h28m55,0
GEODE-2026,FALSE,FALSE,Major,346181,04d00h09m41,0
GEODE-2021,TRUE,FALSE,Major,367668,04d06h07m48,0
GEODE-6011,FALSE,FALSE,Major,5055638,58d12h20m38,0
GEODE-6013,TRUE,FALSE,Major,1915741,22d04h09m01,1
GEODE-6018,FALSE,FALSE,Major,414,00d00h06m54,0
GEODE-1056,FALSE,FALSE,Major,1288904,14d22h01m44,0
GEODE-2799,TRUE,FALSE,Major,253527,02d22h25m27,0
GEODE-2796,FALSE,FALSE,Major,1115323,12d21h48m43,0
GEODE-2795,TRUE,FALSE,Major,867632,10d01h00m32,0
GEODE-2791,TRUE,FALSE,Major,10363138,119d22h38m58,0
GEODE-6276,FALSE,FALSE,Major,1204167,13d22h29m27,0
GEODE-864,FALSE,FALSE,Major,19989,00d05h33m09,0
GEODE-2155,TRUE,FALSE,Major,3169557,36d16h25m57,0
GEODE-2157,FALSE,FALSE,Major,11414,00d03h10m14,0
GEODE-2159,FALSE,FALSE,Major,69660,00d19h21m00,0
GEODE-2158,FALSE,FALSE,Major,7280,00d02h01m20,0
GEODE-6477,TRUE,FALSE,Major,244415,02d19h53m35,0
GEODE-3686,TRUE,FALSE,Major,449195,05d04h46m35,0
GEODE-3687,TRUE,FALSE,Major,1111101,12d20h38m21,0
GEODE-3684,FALSE,FALSE,Trivial,508282,05d21h11m22,0
GEODE-670,FALSE,FALSE,Major,97542832,1128d23h13m52,0
GEODE-3683,TRUE,FALSE,Major,6474788,74d22h33m08,1
GEODE-3680,TRUE,FALSE,Major,327048,03d18h50m48,0
GEODE-858,FALSE,FALSE,Major,88912,01d00h41m52,0
GEODE-857,TRUE,FALSE,Major,4482403,51d21h06m43,1
GEODE-2773,FALSE,FALSE,Major,497496,05d18h11m36,0
GEODE-678,FALSE,FALSE,Major,170736,01d23h25m36,0
GEODE-2775,TRUE,FALSE,Major,3178919,36d19h01m59,0
GEODE-2776,TRUE,FALSE,Major,2258489,26d03h21m29,0
GEODE-6472,TRUE,FALSE,Major,7949849,92d00h17m29,1
GEODE-6870,FALSE,FALSE,Major,785499,09d02h11m39,0
GEODE-3170,TRUE,FALSE,Major,706362,08d04h12m42,0
GEODE-2489,TRUE,FALSE,Major,1166007,13d11h53m27,0
GEODE-2488,TRUE,FALSE,Major,32650741,377d21h39m01,0
GEODE-988,FALSE,FALSE,Major,8102993,93d18h49m53,0
GEODE-3177,FALSE,FALSE,Major,234,00d00h03m54,0
GEODE-985,TRUE,FALSE,Major,10298989,119d04h49m49,0
GEODE-3179,FALSE,FALSE,Major,162701,01d21h11m41,0
GEODE-986,TRUE,FALSE,Major,2059788,23d20h09m48,0
GEODE-981,TRUE,FALSE,Major,82934,00d23h02m14,0
GEODE-980,FALSE,FALSE,Critical,3083517,35d16h31m57,0
GEODE-2485,TRUE,FALSE,Major,4835270,55d23h07m50,1
GEODE-3773,FALSE,TRUE,Minor,315139,03d15h32m19,0
GEODE-3777,TRUE,FALSE,Major,243,00d00h04m03,0
GEODE-3774,TRUE,FALSE,Major,1002002,11d14h20m02,0
GEODE-2372,FALSE,FALSE,Major,627090,07d06h11m30,0
GEODE-3778,TRUE,FALSE,Major,28964810,335d05h46m50,1
GEODE-3193,TRUE,FALSE,Major,3004272,34d18h31m12,0
GEODE-3190,FALSE,FALSE,Major,9338617,108d02h03m37,0
GEODE-2324,TRUE,FALSE,Major,1903779,22d00h49m39,0
GEODE-914,FALSE,FALSE,Major,5535159,64d01h32m39,0
GEODE-3194,TRUE,FALSE,Major,3915,00d01h05m15,0
GEODE-2947,TRUE,FALSE,Major,1292445,14d23h00m45,1
GEODE-3685,TRUE,FALSE,Major,1054689,12d04h58m09,0
GEODE-211,FALSE,FALSE,Minor,3890,00d01h04m50,0
GEODE-213,TRUE,FALSE,Major,680356,07d20h59m16,0
GEODE-212,FALSE,FALSE,Major,100182,01d03h49m42,0
GEODE-185,FALSE,FALSE,Minor,170122,01d23h15m22,0
GEODE-184,TRUE,FALSE,Minor,10732789,124d05h19m49,0
GEODE-187,FALSE,FALSE,Major,15381,00d04h16m21,0
GEODE-186,FALSE,FALSE,Minor,100319,01d03h51m59,0
GEODE-181,TRUE,FALSE,Major,440184,05d02h16m24,0
GEODE-1645,FALSE,FALSE,Major,2164257,25d01h10m57,0
GEODE-911,TRUE,FALSE,Major,5261436,60d21h30m36,1
GEODE-189,TRUE,FALSE,Major,7095001,82d02h50m01,1
GEODE-188,FALSE,FALSE,Major,1384957,16d00h42m37,0
GEODE-3516,FALSE,FALSE,Major,1135000,13d03h16m40,0
GEODE-3515,FALSE,FALSE,Minor,431897,04d23h58m17,0
GEODE-3513,TRUE,FALSE,Major,345528,03d23h58m48,0
GEODE-2579,TRUE,FALSE,Major,496128,05d17h48m48,0
GEODE-7055,TRUE,FALSE,Major,155172,01d19h06m12,0
GEODE-4051,TRUE,FALSE,Major,2949631,34d03h20m31,0
GEODE-2571,TRUE,FALSE,Major,420714,04d20h51m54,0
GEODE-7050,TRUE,FALSE,Major,204625,02d08h50m25,0
GEODE-854,FALSE,FALSE,Major,78660,00d21h51m00,0
GEODE-3229,TRUE,FALSE,Major,868607,10d01h16m47,0
GEODE-329,FALSE,FALSE,Major,1313049,15d04h44m09,0
GEODE-458,FALSE,FALSE,Major,94640,01d02h17m20,0
GEODE-176,FALSE,FALSE,Trivial,427017,04d22h36m57,0
GEODE-453,FALSE,FALSE,Major,99941,01d03h45m41,0
GEODE-452,FALSE,FALSE,Major,6850118,79d06h48m38,1
GEODE-323,FALSE,FALSE,Major,14008275,162d03h11m15,0
GEODE-322,FALSE,FALSE,Major,2517,00d00h41m57,0
GEODE-457,FALSE,FALSE,Major,260821,03d00h27m01,0
GEODE-324,TRUE,FALSE,Minor,1727249,19d23h47m29,0
GEODE-455,FALSE,FALSE,Major,261205,03d00h33m25,0
GEODE-326,FALSE,FALSE,Major,1569671,18d04h01m11,0
GEODE-699,FALSE,FALSE,Major,12810684,148d06h31m24,0
GEODE-691,FALSE,FALSE,Major,527541,06d02h32m21,0
GEODE-693,TRUE,FALSE,Major,9010590,104d06h56m30,1
GEODE-695,FALSE,FALSE,Major,13660656,158d02h37m36,0
GEODE-4438,FALSE,FALSE,Major,100,00d00h01m40,0
GEODE-5926,FALSE,FALSE,Major,6241,00d01h44m01,0
GEODE-5929,FALSE,FALSE,Major,3889,00d01h04m49,0
GEODE-3427,TRUE,FALSE,Major,455175,05d06h26m15,0
GEODE-529,FALSE,FALSE,Major,2924163,33d20h16m03,0
GEODE-528,FALSE,FALSE,Major,5542160,64d03h29m20,0
GEODE-526,FALSE,FALSE,Major,104813,01d05h06m53,0
GEODE-525,FALSE,FALSE,Major,427337,04d22h42m17,0
GEODE-524,FALSE,FALSE,Major,1640552,18d23h42m32,0
GEODE-522,FALSE,FALSE,Major,364094,04d05h08m14,0
GEODE-520,TRUE,FALSE,Major,345442,03d23h57m22,0
GEODE-5327,FALSE,FALSE,Major,281131,03d06h05m31,0
GEODE-5325,TRUE,TRUE,Minor,3977358,46d00h49m18,0
GEODE-3172,TRUE,FALSE,Major,349893,04d01h11m33,0
GEODE-1330,TRUE,FALSE,Major,1016484,11d18h21m24,0
GEODE-1333,FALSE,FALSE,Major,46245247,535d05h54m07,0
GEODE-1334,FALSE,FALSE,Major,46245179,535d05h52m59,0
GEODE-2808,FALSE,FALSE,Major,22457,00d06h14m17,0
GEODE-2806,FALSE,FALSE,Major,76544,00d21h15m44,0
GEODE-2802,TRUE,FALSE,Major,1616946,18d17h09m06,0
GEODE-2801,TRUE,FALSE,Major,601510,06d23h05m10,0
GEODE-3175,TRUE,FALSE,Major,1378653,15d22h57m33,0
GEODE-3178,TRUE,FALSE,Major,159249,01d20h14m09,0
GEODE-983,FALSE,FALSE,Major,577245,06d16h20m45,0
GEODE-1204,FALSE,FALSE,Minor,414759,04d19h12m39,0
GEODE-2971,TRUE,FALSE,Major,23148851,267d22h14m11,0
GEODE-1207,TRUE,FALSE,Major,13570941,157d01h42m21,0
GEODE-2977,TRUE,FALSE,Major,612515,07d02h08m35,0
GEODE-2975,TRUE,FALSE,Major,752216,08d16h56m56,0
GEODE-1203,FALSE,FALSE,Major,2847186,32d22h53m06,0
GEODE-1208,TRUE,FALSE,Major,68547151,793d08h52m31,0
GEODE-1209,TRUE,FALSE,Major,23604693,273d04h51m33,0
GEODE-1842,FALSE,FALSE,Critical,71803486,831d01h24m46,1
GEODE-1840,FALSE,FALSE,Major,1471539,17d00h45m39,0
GEODE-1599,FALSE,FALSE,Major,273618,03d04h00m18,0
GEODE-1594,TRUE,FALSE,Major,14929986,172d19h13m06,0
GEODE-1596,TRUE,FALSE,Major,1325228,15d08h07m08,0
GEODE-1597,TRUE,TRUE,Major,57126754,661d04h32m34,0
GEODE-1590,FALSE,FALSE,Major,2140829,24d18h40m29,0
GEODE-1593,FALSE,FALSE,Major,1019646,11d19h14m06,0
GEODE-6481,TRUE,FALSE,Major,168198,01d22h43m18,0
GEODE-42,FALSE,FALSE,Minor,2493009,28d20h30m09,0
GEODE-6488,FALSE,FALSE,Major,1298916,15d00h48m36,0
GEODE-1118,FALSE,FALSE,Major,1784,00d00h29m44,0
GEODE-6643,FALSE,FALSE,Major,6045837,69d23h23m57,0
GEODE-6313,TRUE,FALSE,Major,166949,01d22h22m29,0
GEODE-1448,TRUE,FALSE,Major,11482645,132d21h37m25,0
GEODE-6646,TRUE,FALSE,Major,419842,04d20h37m22,0
GEODE-1111,TRUE,FALSE,Major,328,00d00h05m28,0
GEODE-1112,TRUE,TRUE,Major,250,00d00h04m10,0
GEODE-1443,FALSE,FALSE,Major,1888390,21d20h33m10,0
GEODE-1938,TRUE,FALSE,Major,783660,09d01h41m00,0
GEODE-1939,TRUE,FALSE,Major,6561,00d01h49m21,0
GEODE-1937,FALSE,FALSE,Major,92722,01d01h45m22,0
GEODE-1934,TRUE,FALSE,Major,231215,02d16h13m35,0
GEODE-1932,TRUE,FALSE,Major,3968070,45d22h14m30,0
GEODE-1685,FALSE,FALSE,Major,201,00d00h03m21,0
GEODE-1687,FALSE,FALSE,Major,610278,07d01h31m18,0
GEODE-3052,TRUE,FALSE,Major,3132711,36d06h11m51,2
GEODE-2011,TRUE,FALSE,Major,3798163,43d23h02m43,0
GEODE-2012,TRUE,FALSE,Major,1228246,14d05h10m46,0
GEODE-2013,TRUE,FALSE,Major,1737054,20d02h30m54,0
GEODE-3055,TRUE,FALSE,Major,4750190,54d23h29m50,0
GEODE-2016,FALSE,FALSE,Major,6746650,78d02h04m10,0
GEODE-1410,TRUE,FALSE,Major,541517,06d06h25m17,0
GEODE-1141,FALSE,FALSE,Major,247942,02d20h52m22,0
GEODE-4008,TRUE,FALSE,Major,3818365,44d04h39m25,1
GEODE-1064,FALSE,FALSE,Major,86057,00d23h54m17,0
GEODE-1147,TRUE,FALSE,Major,16244076,188d00h14m36,0
GEODE-1066,FALSE,FALSE,Major,18052071,208d22h27m51,0
GEODE-1067,FALSE,FALSE,Major,1029918,11d22h05m18,0
GEODE-1061,FALSE,FALSE,Major,2682927,31d01h15m27,0
GEODE-1062,FALSE,FALSE,Major,12352632,142d23h17m12,0
GEODE-1414,FALSE,FALSE,Major,159197,01d20h13m17,0
GEODE-2164,FALSE,FALSE,Major,5271068,61d00h11m08,0
GEODE-2167,FALSE,FALSE,Major,1625198,18d19h26m38,0
GEODE-2161,TRUE,FALSE,Major,80650,00d22h24m10,0
GEODE-2163,TRUE,FALSE,Major,360043,04d04h00m43,0
GEODE-841,TRUE,FALSE,Major,4204720,48d15h58m40,1
GEODE-660,TRUE,FALSE,Major,2245722,25d23h48m42,0
GEODE-845,TRUE,FALSE,Major,71696237,829d19h37m17,0
GEODE-2745,FALSE,FALSE,Major,780142,09d00h42m22,0
GEODE-669,TRUE,FALSE,Major,88735,01d00h38m55,0
GEODE-3167,FALSE,FALSE,Major,21507,00d05h58m27,0
GEODE-3166,FALSE,FALSE,Major,19201757,222d05h49m17,0
GEODE-3164,FALSE,FALSE,Major,4493226,52d00h07m06,2
GEODE-998,FALSE,FALSE,Major,92904,01d01h48m24,0
GEODE-996,TRUE,FALSE,Major,690656,07d23h50m56,0
GEODE-990,FALSE,FALSE,Major,1738910,20d03h01m50,0
GEODE-991,FALSE,FALSE,Major,1033211,11d23h00m11,0
GEODE-3761,FALSE,FALSE,Major,355234,04d02h40m34,0
GEODE-3760,FALSE,FALSE,Minor,2468,00d00h41m08,0
GEODE-3180,FALSE,FALSE,Major,5981395,69d05h29m55,0
GEODE-3185,FALSE,FALSE,Major,5601330,64d19h55m30,0
GEODE-3187,TRUE,FALSE,Major,6570968,76d01h16m08,0
GEODE-196,FALSE,FALSE,Minor,260322,03d00h18m42,0
GEODE-195,FALSE,FALSE,Minor,260335,03d00h18m55,0
GEODE-192,TRUE,FALSE,Minor,8907395,103d02h16m35,0
GEODE-190,TRUE,FALSE,Minor,421264,04d21h01m04,0
GEODE-191,FALSE,FALSE,Major,412775,04d18h39m35,0
GEODE-3505,TRUE,FALSE,Major,30410089,351d23h14m49,1
GEODE-3507,FALSE,FALSE,Major,71570,00d19h52m50,0
GEODE-3506,FALSE,FALSE,Major,40009328,463d01h42m08,0
GEODE-2587,TRUE,FALSE,Major,6556249,75d21h10m49,0
GEODE-3502,FALSE,FALSE,Major,624351,07d05h25m51,0
GEODE-2589,TRUE,FALSE,Major,11750,00d03h15m50,0
GEODE-4647,TRUE,FALSE,Major,6402230,74d02h23m50,1
GEODE-3232,TRUE,FALSE,Major,84481,00d23h28m01,0
GEODE-3231,TRUE,TRUE,Major,1972216,22d19h50m16,0
GEODE-3235,TRUE,FALSE,Major,2944293,34d01h51m33,0
GEODE-5590,FALSE,FALSE,Major,8961650,103d17h20m50,1
GEODE-5591,TRUE,FALSE,Major,1902858,22d00h34m18,0
GEODE-338,FALSE,FALSE,Major,7697928,89d02h18m48,1
GEODE-449,FALSE,FALSE,Major,103446,01d04h44m06,0
GEODE-444,FALSE,FALSE,Major,1996,00d00h33m16,0
GEODE-333,TRUE,FALSE,Major,25478595,294d21h23m15,0
GEODE-331,FALSE,FALSE,Critical,5536446,64d01h54m06,0
GEODE-440,TRUE,FALSE,Major,180656,02d02h10m56,0
GEODE-337,TRUE,FALSE,Major,37940262,439d02h57m42,2
GEODE-334,FALSE,FALSE,Major,3538495,40d22h54m55,1
GEODE-335,FALSE,FALSE,Minor,12265844,141d23h10m44,0
GEODE-688,TRUE,FALSE,Major,39679832,459d06h10m32,0
GEODE-689,FALSE,FALSE,Major,527959,06d02h39m19,1
GEODE-682,FALSE,FALSE,Major,529727,06d03h08m47,0
GEODE-683,FALSE,FALSE,Major,529481,06d03h04m41,0
GEODE-681,TRUE,FALSE,Major,3078576,35d15h09m36,0
GEODE-687,FALSE,FALSE,Major,528343,06d02h45m43,0
GEODE-684,FALSE,FALSE,Major,529081,06d02h58m01,0
GEODE-685,FALSE,FALSE,Major,528791,06d02h53m11,0
GEODE-5910,FALSE,FALSE,Major,91070,01d01h17m50,0
GEODE-5911,FALSE,FALSE,Major,336250,03d21h24m10,0
GEODE-5912,FALSE,FALSE,Major,9914,00d02h45m14,0
GEODE-3430,FALSE,FALSE,Major,874563,10d02h56m03,0
GEODE-3435,FALSE,FALSE,Major,507085,05d20h51m25,0
GEODE-3434,TRUE,FALSE,Major,582380,06d17h46m20,0
GEODE-3437,TRUE,FALSE,Major,277270,03d05h01m10,0
GEODE-3436,TRUE,FALSE,Major,4650676,53d19h51m16,0
GEODE-3510,TRUE,FALSE,Major,419681,04d20h34m41,0
GEODE-5776,TRUE,FALSE,Minor,355566,04d02h46m06,0
GEODE-5771,TRUE,FALSE,Major,569449,06d14h10m49,0
GEODE-532,FALSE,FALSE,Minor,58826,00d16h20m26,0
GEODE-533,FALSE,FALSE,Major,1332,00d00h22m12,0
GEODE-534,FALSE,FALSE,Major,12514,00d03h28m34,1
GEODE-535,FALSE,FALSE,Major,315,00d00h05m15,1
GEODE-537,TRUE,FALSE,Major,8217886,95d02h44m46,0
GEODE-538,TRUE,FALSE,Major,29795640,344d20h34m00,0
GEODE-2572,TRUE,FALSE,Major,16429,00d04h33m49,0
GEODE-5359,FALSE,FALSE,Major,592894,06d20h41m34,0
GEODE-3519,TRUE,FALSE,Major,32035851,370d18h50m51,0
GEODE-4135,FALSE,FALSE,Major,1377657,15d22h40m57,0
GEODE-1327,FALSE,TRUE,Major,1134152,13d03h02m32,1
GEODE-5177,TRUE,FALSE,Major,516879,05d23h34m39,0
GEODE-5173,TRUE,FALSE,Major,788218,09d02h56m58,2
GEODE-1321,FALSE,FALSE,Major,69931,00d19h25m31,0
GEODE-1329,TRUE,FALSE,Major,269584,03d02h53m04,0
GEODE-1738,TRUE,FALSE,Major,58494805,677d00h33m25,0
GEODE-1218,FALSE,FALSE,Major,1208909,13d23h48m29,0
GEODE-1213,FALSE,FALSE,Major,37250,00d10h20m50,0
GEODE-1212,FALSE,FALSE,Major,61014,00d16h56m54,0
GEODE-1217,FALSE,FALSE,Major,1209229,13d23h53m49,0
GEODE-1215,FALSE,FALSE,Major,708066,08d04h41m06,0
GEODE-1344,FALSE,FALSE,Major,1207783,13d23h29m43,0
GEODE-2907,TRUE,FALSE,Major,225501,02d14h38m21,0
GEODE-2902,FALSE,FALSE,Major,95280,01d02h28m00,0
GEODE-2900,TRUE,FALSE,Major,539851,06d05h57m31,0
GEODE-1346,TRUE,FALSE,Major,489105,05d15h51m45,0
GEODE-2908,TRUE,FALSE,Major,2463098,28d12h11m38,1
GEODE-2909,FALSE,FALSE,Major,62137,00d17h15m37,0
GEODE-4131,TRUE,FALSE,Major,1652724,19d03h05m24,0
GEODE-2027,TRUE,FALSE,Major,1474472,17d01h34m32,0
GEODE-1583,FALSE,FALSE,Major,4334958,50d04h09m18,0
GEODE-1582,TRUE,FALSE,Major,62320186,721d07h09m46,0
GEODE-1580,TRUE,FALSE,Major,16868869,195d05h47m49,0
GEODE-1587,FALSE,FALSE,Major,1744568,20d04h36m08,0
GEODE-1586,TRUE,FALSE,Major,1224543,14d04h09m03,1
GEODE-1588,FALSE,FALSE,Major,2768694,32d01h04m54,1
GEODE-1619,FALSE,FALSE,Major,2322425,26d21h07m05,0
GEODE-3987,TRUE,FALSE,Major,1106749,12d19h25m49,0
GEODE-320,FALSE,FALSE,Major,437883,05d01h38m03,0
GEODE-6677,TRUE,FALSE,Major,5181140,59d23h12m20,0
GEODE-1458,TRUE,FALSE,Major,483,00d00h08m03,0
GEODE-6672,FALSE,FALSE,Major,3439114,39d19h18m34,0
GEODE-1108,TRUE,FALSE,Major,515119,05d23h05m19,0
GEODE-1107,FALSE,FALSE,Major,680920,07d21h08m40,0
GEODE-1106,FALSE,FALSE,Major,77843,00d21h37m23,0
GEODE-1456,FALSE,FALSE,Major,103333,01d04h42m13,0
GEODE-1103,FALSE,FALSE,Major,24207,00d06h43m27,0
GEODE-1453,FALSE,FALSE,Major,142149,01d15h29m09,0
GEODE-1100,TRUE,FALSE,Major,256421,02d23h13m41,0
GEODE-1699,FALSE,FALSE,Major,2509491,29d01h04m51,0
GEODE-1925,FALSE,FALSE,Major,75827,00d21h03m47,0
GEODE-1927,TRUE,FALSE,Major,531736,06d03h42m16,0
GEODE-1926,TRUE,FALSE,Major,19308737,223d11h32m17,0
GEODE-1921,TRUE,FALSE,Major,692668,08d00h24m28,0
GEODE-1692,FALSE,FALSE,Major,342198,03d23h03m18,0
GEODE-1691,TRUE,FALSE,Major,2223441,25d17h37m21,0
GEODE-6585,FALSE,FALSE,Major,13920758,161d02h52m38,0
GEODE-2007,TRUE,FALSE,Trivial,19664,00d05h27m44,0
GEODE-2005,FALSE,FALSE,Major,22678,00d06h17m58,0
GEODE-2004,FALSE,FALSE,Major,8446,00d02h20m46,0
GEODE-2003,TRUE,FALSE,Major,8209945,95d00h32m25,0
GEODE-2000,TRUE,FALSE,Major,1208912,13d23h48m32,1
GEODE-6077,FALSE,FALSE,Major,679605,07d20h46m45,0
GEODE-6074,FALSE,FALSE,Major,685309,07d22h21m49,0
GEODE-1076,FALSE,FALSE,Major,2801,00d00h46m41,0
GEODE-1079,FALSE,FALSE,Major,1658180,19d04h36m20,0
GEODE-1078,FALSE,FALSE,Major,256036,02d23h07m16,0
GEODE-5437,TRUE,FALSE,Major,1204000,13d22h26m40,0
GEODE-2179,FALSE,FALSE,Major,430876,04d23h41m16,0
GEODE-6297,TRUE,FALSE,Major,6036326,69d20h45m26,0
GEODE-2172,FALSE,FALSE,Major,5445493,63d00h38m13,0
GEODE-6298,FALSE,FALSE,Major,16776537,194d04h08m57,0
GEODE-2177,FALSE,FALSE,Major,1458416,16d21h06m56,0
GEODE-2175,TRUE,FALSE,Major,546139,06d07h42m19,0
GEODE-3292,TRUE,FALSE,Minor,8110134,93d20h48m54,0
GEODE-6456,TRUE,FALSE,Major,168248,01d22h44m08,0
GEODE-6109,FALSE,FALSE,Major,530099,06d03h14m59,0
GEODE-6451,FALSE,FALSE,Major,177453,02d01h17m33,0
GEODE-835,TRUE,FALSE,Major,12597188,145d19h13m08,0
GEODE-2752,TRUE,FALSE,Major,1798262,20d19h31m02,0
GEODE-837,TRUE,FALSE,Major,12497123,144d15h25m23,0
GEODE-2750,TRUE,FALSE,Major,106756,01d05h39m16,0
GEODE-2757,TRUE,FALSE,Major,160483,01d20h34m43,0
GEODE-833,FALSE,FALSE,Major,260064,03d00h14m24,0
GEODE-2754,FALSE,FALSE,Major,2883770,33d09h02m50,0
GEODE-838,FALSE,FALSE,Major,80246381,928d18h39m41,1
GEODE-2354,TRUE,FALSE,Major,4139165,47d21h46m05,0
GEODE-3755,TRUE,FALSE,Major,84428,00d23h27m08,0
GEODE-3750,FALSE,FALSE,Major,110,00d00h01m50,0
GEODE-7218,FALSE,FALSE,Major,36633,00d10h10m33,0
GEODE-949,TRUE,TRUE,Major,3204696,37d02h11m36,0
GEODE-948,FALSE,FALSE,Major,643663,07d10h47m43,0
GEODE-4740,FALSE,FALSE,Major,444392,05d03h26m32,0
GEODE-898,FALSE,FALSE,Major,91396,01d01h23m16,0
GEODE-4745,FALSE,FALSE,Major,199514,02d07h25m14,0
GEODE-233,FALSE,FALSE,Major,609706,07d01h21m46,0
GEODE-232,TRUE,FALSE,Critical,102429,01d04h27m09,0
GEODE-945,FALSE,FALSE,Major,707064,08d04h24m24,0
GEODE-944,FALSE,FALSE,Major,1378907,15d23h01m47,1
GEODE-947,FALSE,FALSE,Major,3284354,38d00h19m14,0
GEODE-946,FALSE,FALSE,Major,697284,08d01h41m24,0
GEODE-6928,TRUE,FALSE,Major,263027,03d01h03m47,0
GEODE-6925,TRUE,FALSE,Major,138,00d00h02m18,0
GEODE-3530,TRUE,TRUE,Major,29791282,344d19h21m22,0
GEODE-4989,TRUE,FALSE,Major,153395,01d18h36m35,0
GEODE-2593,TRUE,FALSE,Major,339131,03d22h12m11,0
GEODE-2596,TRUE,FALSE,Major,18743,00d05h12m23,0
GEODE-4980,TRUE,FALSE,Major,436,00d00h07m16,0
GEODE-4981,TRUE,FALSE,Major,85654,00d23h47m34,0
GEODE-4983,FALSE,FALSE,Major,84794,00d23h33m14,0
GEODE-4631,FALSE,FALSE,Major,54420,00d15h07m00,0
GEODE-3247,TRUE,FALSE,Major,7264185,84d01h49m45,1
GEODE-4296,FALSE,FALSE,Major,109586,01d06h26m26,0
GEODE-4290,TRUE,FALSE,Major,368559,04d06h22m39,0
GEODE-4293,TRUE,FALSE,Major,415847,04d19h30m47,0
GEODE-3248,TRUE,FALSE,Major,6588527,76d06h08m47,0
GEODE-3249,TRUE,FALSE,Major,5031457,58d05h37m37,1
GEODE-309,FALSE,FALSE,Major,348572,04d00h49m32,0
GEODE-308,TRUE,FALSE,Major,77937652,902d01h20m52,0
GEODE-307,FALSE,FALSE,Major,70038,00d19h27m18,0
GEODE-306,FALSE,FALSE,Minor,66482,00d18h28m02,0
GEODE-5908,TRUE,FALSE,Major,232806,02d16h40m06,0
GEODE-4184,TRUE,FALSE,Major,112094,01d07h08m14,0
GEODE-3409,TRUE,FALSE,Major,1396084,16d03h48m04,0
GEODE-3407,TRUE,FALSE,Major,153083,01d18h31m23,0
GEODE-5764,FALSE,FALSE,Major,3003051,34d18h10m51,0
GEODE-4360,FALSE,FALSE,Minor,10182,00d02h49m42,0
GEODE-4362,FALSE,FALSE,Major,3111609,36d00h20m09,0
GEODE-4168,TRUE,FALSE,Major,599598,06d22h33m18,0
GEODE-4163,TRUE,FALSE,Major,439782,05d02h09m42,0
GEODE-4160,TRUE,FALSE,Major,1212753,14d00h52m33,0
GEODE-4161,FALSE,FALSE,Major,1143309,13d05h35m09,0
GEODE-4165,FALSE,FALSE,Major,2148822,24d20h53m42,0
GEODE-545,FALSE,FALSE,Major,10332,00d02h52m12,0
GEODE-544,TRUE,FALSE,Major,42308,00d11h45m08,0
GEODE-546,FALSE,FALSE,Major,70864,00d19h41m04,0
GEODE-541,FALSE,FALSE,Major,2028,00d00h33m48,0
GEODE-540,FALSE,FALSE,Major,85303,00d23h41m43,0
GEODE-543,TRUE,FALSE,Major,13986936,161d21h15m36,0
GEODE-542,FALSE,FALSE,Major,250940,02d21h42m20,0
GEODE-793,FALSE,FALSE,Major,84079,00d23h21m19,0
GEODE-655,FALSE,FALSE,Major,3954981,45d18h36m21,0
GEODE-5349,TRUE,FALSE,Major,282603,03d06h30m03,0
GEODE-654,FALSE,FALSE,Major,39384886,455d20h14m46,0
GEODE-873,FALSE,FALSE,Major,58451,00d16h14m11,0
GEODE-872,TRUE,FALSE,Major,62489,00d17h21m29,0
GEODE-875,TRUE,FALSE,Major,336396,03d21h26m36,0
GEODE-650,FALSE,FALSE,Major,421437,04d21h03m57,0
GEODE-5166,TRUE,FALSE,Major,754371,08d17h32m51,0
GEODE-653,FALSE,FALSE,Major,440123,05d02h15m23,0
GEODE-652,FALSE,FALSE,Major,225909,02d14h45m09,0
GEODE-1266,FALSE,FALSE,Minor,593002,06d20h43m22,0
GEODE-1267,FALSE,FALSE,Minor,3353397,38d19h29m57,0
GEODE-1264,FALSE,FALSE,Minor,80633,00d22h23m53,0
GEODE-1265,FALSE,FALSE,Minor,80450,00d22h20m50,0
GEODE-441,FALSE,FALSE,Major,9801,00d02h43m21,0
GEODE-1263,FALSE,FALSE,Minor,80858,00d22h27m38,0
GEODE-1260,FALSE,FALSE,Major,1216435,14d01h53m55,0
GEODE-2915,TRUE,FALSE,Major,352232,04d01h50m32,0
GEODE-2914,FALSE,FALSE,Major,16998,00d04h43m18,0
GEODE-2916,FALSE,FALSE,Major,870638,10d01h50m38,0
GEODE-2913,FALSE,FALSE,Major,1194800,13d19h53m20,0
GEODE-2912,FALSE,FALSE,Major,358958,04d03h42m38,0
GEODE-2918,TRUE,FALSE,Major,951065,11d00h11m05,0
GEODE-6113,FALSE,FALSE,Major,5408656,62d14h24m16,0
GEODE-1864,TRUE,FALSE,Major,2518601,29d03h36m41,0
GEODE-1860,FALSE,FALSE,Major,1281873,14d20h04m33,0
GEODE-1862,TRUE,FALSE,Major,7891890,91d08h11m30,0
GEODE-1863,FALSE,FALSE,Major,16005,00d04h26m45,0
GEODE-6662,FALSE,FALSE,Major,157981,01d19h53m01,0
GEODE-6667,TRUE,FALSE,Major,1143118,13d05h31m58,0
GEODE-6664,FALSE,FALSE,Major,91918,01d01h31m58,0
GEODE-1460,FALSE,FALSE,Major,85027,00d23h37m07,0
GEODE-1468,FALSE,FALSE,Major,255757,02d23h02m37,0
GEODE-1469,TRUE,FALSE,Major,188335,02d04h18m55,0
GEODE-1662,TRUE,FALSE,Major,20125198,232d22h19m58,0
GEODE-1914,TRUE,FALSE,Major,1706994,19d18h09m54,0
GEODE-1915,TRUE,FALSE,Major,158156,01d19h55m56,0
GEODE-1664,FALSE,FALSE,Major,13842,00d03h50m42,0
GEODE-1665,FALSE,FALSE,Major,12866,00d03h34m26,0
GEODE-1668,FALSE,FALSE,Major,3507,00d00h58m27,0
GEODE-1669,FALSE,FALSE,Major,522211,06d01h03m31,0
GEODE-6592,TRUE,FALSE,Major,474569,05d11h49m29,0
GEODE-6065,TRUE,FALSE,Major,497731,05d18h15m31,0
GEODE-6066,FALSE,FALSE,Major,2147373,24d20h29m33,1
GEODE-6063,FALSE,FALSE,Major,341460,03d22h51m00,0
GEODE-1006,TRUE,FALSE,Major,284,00d00h04m44,0
GEODE-1007,FALSE,FALSE,Major,1559275,18d01h07m55,0
GEODE-1005,FALSE,FALSE,Major,1124454,13d00h20m54,0
GEODE-1532,FALSE,FALSE,Major,10709155,123d22h45m55,0
GEODE-2298,TRUE,FALSE,Major,599913,06d22h38m33,0
GEODE-805,FALSE,TRUE,Trivial,1043764,12d01h56m04,0
GEODE-2296,FALSE,FALSE,Major,431994,04d23h59m54,0
GEODE-2297,TRUE,FALSE,Major,866066,10d00h34m26,0
GEODE-2294,TRUE,FALSE,Major,1389959,16d02h05m59,0
GEODE-2295,TRUE,FALSE,Minor,2504857,28d23h47m37,0
GEODE-2293,FALSE,FALSE,Major,700863,08d02h41m03,0
GEODE-6285,TRUE,FALSE,Major,90466,01d01h07m46,0
GEODE-6287,FALSE,FALSE,Major,1124019,13d00h13m39,0
GEODE-2109,TRUE,FALSE,Major,3254385,37d15h59m45,0
GEODE-2107,FALSE,FALSE,Major,182966,02d02h49m26,0
GEODE-2104,FALSE,FALSE,Major,601075,06d22h57m55,0
GEODE-2100,TRUE,FALSE,Major,499231,05d18h40m31,0
GEODE-2705,TRUE,FALSE,Major,2233028,25d20h17m08,0
GEODE-6442,TRUE,FALSE,Major,961591,11d03h06m31,1
GEODE-6441,FALSE,FALSE,Major,4377,00d01h12m57,0
GEODE-6112,FALSE,FALSE,Major,933327,10d19h15m27,0
GEODE-6115,FALSE,FALSE,Major,21592,00d05h59m52,0
GEODE-6444,FALSE,FALSE,Major,8194572,94d20h16m12,0
GEODE-1711,FALSE,FALSE,Major,2190606,25d08h30m06,0
GEODE-1714,FALSE,FALSE,Major,1572598,18d04h49m58,0
GEODE-1715,FALSE,FALSE,Major,11856002,137d05h20m02,0
GEODE-826,FALSE,FALSE,Major,6382828,73d21h00m28,0
GEODE-827,FALSE,FALSE,Major,74843,00d20h47m23,0
GEODE-824,FALSE,FALSE,Major,81468,00d22h37m48,0
GEODE-825,FALSE,FALSE,Major,27224347,315d02h19m07,0
GEODE-822,FALSE,FALSE,Trivial,4901,00d01h21m41,0
GEODE-6849,TRUE,FALSE,Major,2138051,24d17h54m11,0
GEODE-800,FALSE,FALSE,Major,65239838,755d02h10m38,0
GEODE-1169,FALSE,FALSE,Major,156225,01d19h23m45,0
GEODE-3743,FALSE,TRUE,Major,516844,05d23h34m04,0
GEODE-3745,FALSE,FALSE,Minor,9090611,105d05h10m11,0
GEODE-3744,TRUE,FALSE,Major,81345,00d22h35m45,0
GEODE-7221,TRUE,FALSE,Minor,75716,00d21h01m56,0
GEODE-2616,TRUE,FALSE,Major,93961,01d02h06m01,0
GEODE-2617,TRUE,FALSE,Major,1733,00d00h28m53,0
GEODE-2614,FALSE,FALSE,Major,83762,00d23h16m02,0
GEODE-481,FALSE,FALSE,Major,10137138,117d07h52m18,0
GEODE-2618,TRUE,FALSE,Major,256643,02d23h17m23,0
GEODE-2619,TRUE,FALSE,Major,2338214,27d01h30m14,0
GEODE-958,FALSE,FALSE,Major,38338141,443d17h29m01,1
GEODE-483,FALSE,FALSE,Major,13835475,160d03h11m15,0
GEODE-228,TRUE,FALSE,Minor,89095,01d00h44m55,0
GEODE-229,FALSE,FALSE,Major,81508,00d22h38m28,0
GEODE-952,FALSE,FALSE,Major,7158734,82d20h32m14,0
GEODE-2433,TRUE,FALSE,Major,8498,00d02h21m38,0
GEODE-951,TRUE,FALSE,Major,7935847,91d20h24m07,0
GEODE-956,FALSE,FALSE,Major,3284812,38d00h26m52,0
GEODE-2434,FALSE,FALSE,Major,64571,00d17h56m11,0
GEODE-223,FALSE,FALSE,Major,98942,01d03h29m02,0
GEODE-6933,TRUE,FALSE,Major,1249380,14d11h03m00,0
GEODE-6932,TRUE,FALSE,Major,69089,00d19h11m29,0
GEODE-6930,TRUE,FALSE,Major,255193,02d22h53m13,0
GEODE-3527,FALSE,FALSE,Major,1087,00d00h18m07,0
GEODE-3525,FALSE,FALSE,Major,256257,02d23h10m57,0
GEODE-3523,TRUE,FALSE,Major,20817926,240d22h45m26,2
GEODE-3522,TRUE,FALSE,Major,16536,00d04h35m36,0
GEODE-3520,TRUE,FALSE,Major,2937989,34d00h06m29,0
GEODE-7085,FALSE,FALSE,Major,149256,01d17h27m36,0
GEODE-7087,TRUE,FALSE,Major,2376729,27d12h12m09,1
GEODE-7081,TRUE,FALSE,Major,262135,03d00h48m55,0
GEODE-4999,FALSE,FALSE,Major,24788374,286d21h39m34,0
GEODE-7088,FALSE,FALSE,Major,1115571,12d21h52m51,0
GEODE-4991,TRUE,FALSE,Major,600622,06d22h50m22,0
GEODE-4990,TRUE,FALSE,Major,1104784,12d18h53m04,0
GEODE-278,FALSE,FALSE,Major,2135613,24d17h13m33,1
GEODE-312,FALSE,FALSE,Major,22629883,261d22h04m43,0
GEODE-313,FALSE,FALSE,Major,12980175,150d05h36m15,0
GEODE-3416,TRUE,FALSE,Major,1288010,14d21h46m50,0
GEODE-5714,FALSE,FALSE,Major,613894,07d02h31m34,0
GEODE-4379,TRUE,FALSE,Major,84505,00d23h28m25,0
GEODE-4378,TRUE,FALSE,Minor,38446750,444d23h39m10,1
GEODE-4375,TRUE,FALSE,Major,557678,06d10h54m38,0
GEODE-4374,TRUE,FALSE,Major,46604272,539d09h37m52,0
GEODE-4373,FALSE,FALSE,Major,2312159,26d18h15m59,0
GEODE-4371,FALSE,FALSE,Major,7414130,85d19h28m50,0
GEODE-4370,TRUE,FALSE,Major,78150,00d21h42m30,0
GEODE-4178,TRUE,FALSE,Major,94706,01d02h18m26,0
GEODE-5480,FALSE,FALSE,Major,1561761,18d01h49m21,0
GEODE-5481,TRUE,FALSE,Major,3138482,36d07h48m02,1
GEODE-4172,FALSE,FALSE,Major,10359849,119d21h44m09,1
GEODE-4175,FALSE,FALSE,Minor,866,00d00h14m26,0
GEODE-4177,FALSE,FALSE,Major,1295817,14d23h56m57,0
GEODE-4176,TRUE,FALSE,Major,104684,01d05h04m44,0
GEODE-557,FALSE,FALSE,Major,7679560,88d21h12m40,0
GEODE-550,FALSE,FALSE,Major,12435969,143d22h26m09,1
GEODE-551,FALSE,FALSE,Major,66349373,767d22h22m53,1
GEODE-558,FALSE,FALSE,Major,14954083,173d01h54m43,0
GEODE-559,FALSE,FALSE,Major,11233122,130d00h18m42,0
GEODE-4280,TRUE,FALSE,Major,432936,05d00h15m36,0
GEODE-5629,TRUE,FALSE,Major,97737,01d03h08m57,0
GEODE-5155,TRUE,FALSE,Major,86808,01d00h06m48,0
GEODE-5157,TRUE,FALSE,Major,8133259,94d03h14m19,0
GEODE-5393,TRUE,FALSE,Major,279764,03d05h42m44,0
GEODE-5396,TRUE,FALSE,Major,1119084,12d22h51m24,0
GEODE-450,FALSE,FALSE,Major,15653,00d04h20m53,0
GEODE-2928,TRUE,FALSE,Major,7436290,86d01h38m10,0
GEODE-1278,TRUE,FALSE,Major,1050668,12d03h51m08,0
GEODE-4079,TRUE,FALSE,Major,274516,03d04h15m16,1
GEODE-1274,TRUE,FALSE,Major,31393809,363d08h30m09,0
GEODE-5027,TRUE,FALSE,Major,260916,03d00h28m36,0
GEODE-1271,FALSE,FALSE,Major,85506,00d23h45m06,0
GEODE-2927,TRUE,FALSE,Major,278664,03d05h24m24,0
GEODE-456,FALSE,FALSE,Major,258454,02d23h47m34,0
GEODE-6615,TRUE,FALSE,Major,523595,06d01h26m35,0
GEODE-1471,TRUE,FALSE,Major,9215774,106d15h56m14,0
GEODE-1718,FALSE,FALSE,Major,241567,02d19h06m07,0
GEODE-1671,FALSE,FALSE,Major,1444395,16d17h13m15,1
GEODE-1906,TRUE,FALSE,Trivial,535694,06d04h48m14,0
GEODE-1673,TRUE,FALSE,Major,591751,06d20h22m31,0
GEODE-1672,TRUE,FALSE,Major,17620660,203d22h37m40,0
GEODE-1674,FALSE,FALSE,Major,755012,08d17h43m32,0
GEODE-1677,FALSE,FALSE,Major,1141318,13d05h01m58,0
GEODE-1676,TRUE,FALSE,Major,1468177,16d23h49m37,0
GEODE-1678,FALSE,FALSE,Major,846515,09d19h08m35,0
GEODE-1909,TRUE,FALSE,Major,8569486,99d04h24m46,0
GEODE-1908,FALSE,FALSE,Major,4480452,51d20h34m12,0
GEODE-1498,FALSE,FALSE,Major,272499,03d03h41m39,0
GEODE-454,FALSE,FALSE,Major,860571,09d23h02m51,0
GEODE-1491,FALSE,FALSE,Major,439734,05d02h08m54,0
GEODE-1493,FALSE,FALSE,Major,1392482,16d02h48m02,0
GEODE-1495,FALSE,FALSE,Major,699137,08d02h12m17,0
GEODE-6721,FALSE,FALSE,Major,3545583,41d00h53m03,0
GEODE-6724,TRUE,FALSE,Major,91393,01d01h23m13,0
GEODE-6059,FALSE,FALSE,Major,166348,01d22h12m28,0
GEODE-2974,FALSE,FALSE,Major,683613,07d21h53m33,0
GEODE-1014,TRUE,FALSE,Major,273044,03d03h50m44,0
GEODE-1017,FALSE,FALSE,Major,1699030,19d15h57m10,0
GEODE-1016,FALSE,FALSE,Major,2081333,24d02h08m53,0
GEODE-1011,FALSE,FALSE,Major,19720702,228d05h58m22,0
GEODE-1010,FALSE,FALSE,Major,1115665,12d21h54m25,0
GEODE-1012,FALSE,FALSE,Major,7091266,82d01h47m46,0
GEODE-1873,TRUE,FALSE,Major,952021,11d00h27m01,0
GEODE-1872,FALSE,FALSE,Major,519433,06d00h17m13,0
GEODE-1019,TRUE,FALSE,Major,54258571,627d23h49m31,0
GEODE-1018,FALSE,FALSE,Major,3629548,42d00h12m28,1
GEODE-1874,FALSE,FALSE,Major,5172346,59d20h45m46,0
GEODE-123,FALSE,FALSE,Minor,179708,02d01h55m08,0
GEODE-2288,FALSE,FALSE,Major,71833,00d19h57m13,0
GEODE-2285,FALSE,FALSE,Major,15255,00d04h14m15,0
GEODE-95,FALSE,FALSE,Major,1701189,19d16h33m09,0
GEODE-2287,FALSE,FALSE,Major,155663,01d19h14m23,0
GEODE-97,FALSE,FALSE,Major,248196,02d20h56m36,0
GEODE-90,FALSE,FALSE,Major,329232,03d19h27m12,0
GEODE-2280,TRUE,FALSE,Major,329000,03d19h23m20,0
GEODE-92,TRUE,FALSE,Major,26342646,304d21h24m06,1
GEODE-93,TRUE,FALSE,Major,29551400,342d00h43m20,1
GEODE-577,TRUE,FALSE,Major,85695479,991d20h17m59,3
GEODE-2119,TRUE,FALSE,Major,2400730,27d18h52m10,0
GEODE-2720,FALSE,FALSE,Major,19358,00d05h22m38,0
GEODE-2117,TRUE,FALSE,Major,426975,04d22h36m15,0
GEODE-2112,TRUE,FALSE,Major,2332038,26d23h47m18,1
GEODE-6433,FALSE,FALSE,Major,160911,01d20h41m51,0
GEODE-6122,TRUE,FALSE,Major,265480,03d01h44m40,0
GEODE-1700,FALSE,FALSE,Major,84326,00d23h25m26,0
GEODE-1703,TRUE,TRUE,Minor,85708396,991d23h53m16,1
GEODE-1706,TRUE,FALSE,Major,36812523,426d01h42m03,0
GEODE-2737,TRUE,FALSE,Major,1540377,17d19h52m57,1
GEODE-2733,TRUE,FALSE,Minor,22369831,258d21h50m31,0
GEODE-2732,TRUE,FALSE,Major,546183,06d07h43m03,0
GEODE-356,FALSE,FALSE,Major,9160226,106d00h30m26,0
GEODE-3880,FALSE,FALSE,Trivial,3555033,41d03h30m33,0
GEODE-3882,TRUE,FALSE,Major,25278,00d07h01m18,0
GEODE-3732,FALSE,FALSE,Major,169563,01d23h06m03,0
GEODE-3885,TRUE,FALSE,Major,235890,02d17h31m30,0
GEODE-3730,TRUE,FALSE,Major,255961,02d23h06m01,0
GEODE-2601,TRUE,FALSE,Minor,9051373,104d18h16m13,1
GEODE-2600,FALSE,FALSE,Trivial,70465893,815d13h51m33,0
GEODE-2605,TRUE,FALSE,Major,3784583,43d19h16m23,0
GEODE-2604,TRUE,FALSE,Major,6674,00d01h51m14,0
GEODE-2429,TRUE,FALSE,Major,284218,03d06h56m58,0
GEODE-781,FALSE,FALSE,Major,159963,01d20h26m03,0
GEODE-4767,FALSE,FALSE,Major,276955,03d04h55m55,0
GEODE-969,FALSE,FALSE,Major,38175001,441d20h10m01,0
GEODE-967,FALSE,FALSE,Major,1201280,13d21h41m20,0
GEODE-966,FALSE,FALSE,Major,1404075,16d06h01m15,0
GEODE-789,FALSE,FALSE,Major,28617816,331d05h23m36,0
GEODE-280,FALSE,FALSE,Major,3545026,41d00h43m46,0
GEODE-4159,FALSE,FALSE,Major,10077,00d02h47m57,0
GEODE-962,FALSE,FALSE,Major,4235695,49d00h34m55,0
GEODE-961,FALSE,FALSE,Major,4037246,46d17h27m26,1
GEODE-960,FALSE,FALSE,Major,4656004,53d21h20m04,0
GEODE-140,FALSE,FALSE,Minor,8458067,97d21h27m47,0
GEODE-143,FALSE,FALSE,Minor,1104300,12d18h45m00,0
GEODE-142,FALSE,FALSE,Major,9319801,107d20h50m01,0
GEODE-146,TRUE,FALSE,Major,6645448,76d21h57m28,1
GEODE-149,FALSE,FALSE,Minor,3466,00d00h57m46,0
GEODE-148,TRUE,FALSE,Minor,326335,03d18h38m55,0
GEODE-7092,FALSE,FALSE,Major,323767,03d17h56m07,0
GEODE-4963,FALSE,FALSE,Major,2398368,27d18h12m48,0
GEODE-3640,TRUE,FALSE,Major,1115392,12d21h49m52,0
GEODE-4614,FALSE,FALSE,Major,9679520,112d00h45m20,0
GEODE-3647,TRUE,FALSE,Major,1210925,14d00h22m05,0
GEODE-4616,FALSE,FALSE,Major,6295647,72d20h47m27,0
GEODE-3649,TRUE,TRUE,Major,43523606,503d17h53m26,0
GEODE-5560,FALSE,FALSE,Major,492177,05d16h42m57,0
GEODE-3062,TRUE,TRUE,Major,1114606,12d21h36m46,2
GEODE-3066,FALSE,FALSE,Major,19356,00d05h22m36,0
GEODE-365,TRUE,FALSE,Major,11678793,135d04h06m33,0
GEODE-364,FALSE,FALSE,Minor,9245134,107d00h05m34,2
GEODE-495,FALSE,FALSE,Major,112663,01d07h17m43,0
GEODE-366,FALSE,FALSE,Major,2952123,34d04h02m03,0
GEODE-493,FALSE,FALSE,Major,17391486,201d06h58m06,1
GEODE-360,TRUE,FALSE,Minor,5349912,61d22h05m12,0
GEODE-362,TRUE,FALSE,Minor,1118618,12d22h43m38,0
GEODE-369,TRUE,FALSE,Minor,94790105,1097d02h35m05,2
GEODE-3397,FALSE,FALSE,Major,881601,10d04h53m21,0
GEODE-3393,TRUE,FALSE,Major,966944,11d04h35m44,0
GEODE-3469,TRUE,FALSE,Major,265135,03d01h38m55,0
GEODE-5495,TRUE,FALSE,Major,343052,03d23h17m32,0
GEODE-5497,FALSE,FALSE,Major,290251,03d08h37m31,0
GEODE-568,FALSE,FALSE,Major,3004140,34d18h29m00,0
GEODE-5493,TRUE,FALSE,Major,523619,06d01h26m59,0
GEODE-4144,FALSE,FALSE,Major,2251798,26d01h29m58,0
GEODE-562,FALSE,FALSE,Major,10025342,116d00h49m02,0
GEODE-560,FALSE,FALSE,Major,7068458,81d19h27m38,0
GEODE-565,FALSE,FALSE,Major,5917,00d01h38m37,0
GEODE-564,FALSE,FALSE,Major,12201885,141d05h24m45,0
GEODE-769,FALSE,FALSE,Major,88533,01d00h35m33,0
GEODE-762,TRUE,FALSE,Major,22975794,265d22h09m54,0
GEODE-765,FALSE,FALSE,Major,346141,04d00h09m01,0
GEODE-767,FALSE,FALSE,Major,88161,01d00h29m21,0
GEODE-766,TRUE,FALSE,Major,346021,04d00h07m01,0
GEODE-1222,TRUE,FALSE,Major,2854946,33d01h02m26,0
GEODE-5630,FALSE,FALSE,Major,333127,03d20h32m07,0
GEODE-5632,FALSE,FALSE,Major,70958,00d19h42m38,0
GEODE-5141,FALSE,FALSE,Major,1132562,13d02h36m02,0
GEODE-5383,FALSE,FALSE,Major,351106,04d01h31m46,0
GEODE-5385,TRUE,FALSE,Major,74827,00d20h47m07,0
GEODE-6310,FALSE,FALSE,Major,1204395,13d22h33m15,0
GEODE-3117,TRUE,FALSE,Major,1199497,13d21h11m37,0
GEODE-1115,TRUE,FALSE,Major,68510,00d19h01m50,0
GEODE-1240,FALSE,FALSE,Major,1481783,17d03h36m23,0
GEODE-384,FALSE,FALSE,Major,11734,00d03h15m34,0
GEODE-1246,TRUE,FALSE,Major,2776294,32d03h11m34,0
GEODE-1247,TRUE,FALSE,Major,18232628,211d00h37m08,0
GEODE-2937,FALSE,FALSE,Major,6347,00d01h45m47,0
GEODE-2936,TRUE,FALSE,Major,7425324,85d22h35m24,0
GEODE-5039,TRUE,FALSE,Major,235473,02d17h24m33,0
GEODE-381,TRUE,FALSE,Critical,2399564,27d18h32m44,0
GEODE-1836,FALSE,FALSE,Major,423255,04d21h34m15,0
GEODE-380,FALSE,FALSE,Minor,2397587,27d17h59m47,0
GEODE-1523,FALSE,FALSE,Major,13207383,152d20h43m03,0
GEODE-224,FALSE,FALSE,Minor,43876566,507d19h56m06,0
GEODE-953,TRUE,FALSE,Major,1970281,22d19h18m01,0
GEODE-1833,FALSE,FALSE,Major,58862,00d16h21m02,0
GEODE-227,FALSE,FALSE,Minor,6856607,79d08h36m47,0
GEODE-1831,TRUE,FALSE,Major,8624947,99d19h49m07,0
GEODE-220,FALSE,FALSE,Minor,1134,00d00h18m54,0
GEODE-1294,TRUE,FALSE,Major,21970481,254d06h54m41,0
GEODE-222,FALSE,FALSE,Major,423651,04d21h40m51,0
GEODE-6607,TRUE,FALSE,Major,1549172,17d22h19m32,0
GEODE-6600,TRUE,FALSE,Major,7418,00d02h03m38,0
GEODE-298,FALSE,FALSE,Major,2752011,31d20h26m51,0
GEODE-1644,FALSE,FALSE,Major,6311949,73d01h19m09,0
GEODE-1397,FALSE,FALSE,Major,526767,06d02h19m27,0
GEODE-1395,TRUE,FALSE,Major,46299563,535d20h59m23,0
GEODE-1640,FALSE,FALSE,Major,1562960,18d02h09m20,0
GEODE-1641,FALSE,FALSE,Major,331863,03d20h11m03,0
GEODE-1642,TRUE,FALSE,Major,374619,04d08h03m39,0
GEODE-1391,TRUE,FALSE,Major,540094,06d06h01m34,0
GEODE-1931,TRUE,FALSE,Major,6042774,69d22h32m54,0
GEODE-1649,FALSE,FALSE,Major,92971,01d01h49m31,0
GEODE-1225,FALSE,FALSE,Major,1734,00d00h28m54,0
GEODE-1028,FALSE,FALSE,Major,5619443,65d00h57m23,0
GEODE-1029,TRUE,FALSE,Major,69591,00d19h19m51,0
GEODE-6732,FALSE,FALSE,Major,2331793,26d23h43m13,0
GEODE-6734,FALSE,FALSE,Major,11243797,130d03h16m37,0
GEODE-1021,FALSE,FALSE,Major,280223,03d05h50m23,0
GEODE-6048,FALSE,FALSE,Major,25894033,299d16h47m13,0
GEODE-1808,TRUE,FALSE,Major,6903233,79d21h33m53,0
GEODE-1804,FALSE,FALSE,Major,3892331,45d01h12m11,0
GEODE-1805,FALSE,FALSE,Major,1019658,11d19h14m18,0
GEODE-1803,FALSE,FALSE,Major,588035,06d19h20m35,0
GEODE-1800,TRUE,FALSE,Major,107717,01d05h55m17,0
GEODE-89,TRUE,FALSE,Minor,2248934,26d00h42m14,0
GEODE-87,FALSE,FALSE,Major,2847,00d00h47m27,0
GEODE-86,TRUE,FALSE,Minor,1801089,20d20h18m09,0
GEODE-82,FALSE,FALSE,Major,6125,00d01h42m05,0
GEODE-81,FALSE,FALSE,Blocker,18094,00d05h01m34,0
GEODE-2120,FALSE,FALSE,Major,25901,00d07h11m41,0
GEODE-2123,TRUE,FALSE,Major,1565930,18d02h58m50,0
GEODE-2124,FALSE,FALSE,Major,336363,03d21h26m03,0
GEODE-2126,TRUE,FALSE,Major,27032675,312d21h04m35,0
GEODE-2129,TRUE,FALSE,Major,926784,10d17h26m24,0
GEODE-6425,TRUE,FALSE,Major,532728,06d03h58m48,0
GEODE-6421,FALSE,FALSE,Major,1561321,18d01h42m01,1
GEODE-6423,TRUE,FALSE,Major,4128659,47d18h50m59,1
GEODE-1731,TRUE,FALSE,Major,29464140,341d00h29m00,0
GEODE-1733,TRUE,FALSE,Major,14175231,164d01h33m51,0
GEODE-1229,TRUE,FALSE,Major,42162504,487d23h48m24,0
GEODE-2384,TRUE,FALSE,Major,339103,03d22h11m43,0
GEODE-2386,FALSE,FALSE,Major,347654,04d00h34m14,0
GEODE-2381,FALSE,FALSE,Major,8102047,93d18h34m07,0
GEODE-3898,TRUE,FALSE,Major,1828990,21d04h03m10,0
GEODE-3897,TRUE,FALSE,Major,82634,00d22h57m14,0
GEODE-3896,TRUE,FALSE,Major,780101,09d00h41m41,0
GEODE-3721,FALSE,FALSE,Major,72523,00d20h08m43,0
GEODE-3720,TRUE,FALSE,Major,30829436,356d19h43m56,2
GEODE-3723,TRUE,FALSE,Major,508427,05d21h13m47,0
GEODE-3722,FALSE,FALSE,Major,1032122,11d22h42m02,1
GEODE-6559,TRUE,FALSE,Major,571277,06d14h41m17,0
GEODE-2635,TRUE,FALSE,Major,257158,02d23h25m58,0
GEODE-2637,TRUE,FALSE,Major,5774653,66d20h04m13,0
GEODE-2633,TRUE,FALSE,Major,436510,05d01h15m10,0
GEODE-2638,TRUE,FALSE,Major,152487,01d18h21m27,0
GEODE-2639,TRUE,FALSE,Major,114015,01d07h40m15,0
GEODE-6556,FALSE,FALSE,Major,14942265,172d22h37m45,0
GEODE-794,FALSE,FALSE,Major,2407020,27d20h37m00,0
GEODE-971,FALSE,FALSE,Major,4043144,46d19h05m44,0
GEODE-797,FALSE,FALSE,Major,10340,00d02h52m20,0
GEODE-974,TRUE,FALSE,Major,73185192,847d01h13m12,0
GEODE-791,FALSE,FALSE,Major,84248,00d23h24m08,0
GEODE-792,FALSE,FALSE,Major,84159,00d23h22m39,0
GEODE-977,FALSE,FALSE,Major,19850793,229d18h06m33,0
GEODE-978,FALSE,FALSE,Major,5337578,61d18h39m38,0
GEODE-979,FALSE,FALSE,Major,1119655,12d23h00m55,0
GEODE-2410,TRUE,FALSE,Major,102615,01d04h30m15,0
GEODE-7173,FALSE,FALSE,Major,770853,08d22h07m33,0
GEODE-152,FALSE,FALSE,Minor,1527,00d00h25m27,0
GEODE-6954,TRUE,FALSE,Major,1751829,20d06h37m09,0
GEODE-156,FALSE,FALSE,Minor,253141,02d22h19m01,0
GEODE-157,FALSE,FALSE,Major,6296364,72d20h59m24,0
GEODE-154,FALSE,FALSE,Major,1205928,13d22h58m48,0
GEODE-155,TRUE,FALSE,Major,1803281,20d20h54m41,0
GEODE-3097,TRUE,FALSE,Major,3383619,39d03h53m39,0
GEODE-3095,FALSE,FALSE,Major,436200,05d01h10m00,0
GEODE-3092,TRUE,FALSE,Major,500847,05d19h07m27,0
GEODE-3090,TRUE,FALSE,Minor,3045762,35d06h02m42,0
GEODE-2017,TRUE,FALSE,Major,1643519,19d00h31m59,0
GEODE-3098,FALSE,FALSE,Major,1193926,13d19h38m46,0
GEODE-4970,FALSE,FALSE,Major,506751,05d20h45m51,0
GEODE-2258,FALSE,FALSE,Major,63857,00d17h44m17,0
GEODE-4979,FALSE,FALSE,Minor,206438,02d09h20m38,0
GEODE-2253,TRUE,FALSE,Major,602327,06d23h18m47,0
GEODE-2250,FALSE,FALSE,Major,2958640,34d05h50m40,0
GEODE-2703,TRUE,FALSE,Major,2501892,28d22h58m12,0
GEODE-2704,TRUE,FALSE,Major,76480,00d21h14m40,0
GEODE-2257,TRUE,FALSE,Major,62559,00d17h22m39,0
GEODE-4609,FALSE,FALSE,Minor,106450,01d05h34m10,0
GEODE-489,FALSE,FALSE,Major,250883,02d21h41m23,0
GEODE-5557,TRUE,FALSE,Major,29020422,335d21h13m42,0
GEODE-5551,TRUE,FALSE,Major,3755370,43d11h09m30,1
GEODE-5553,FALSE,FALSE,Major,16666,00d04h37m46,0
GEODE-480,FALSE,FALSE,Major,11814,00d03h16m54,0
GEODE-3070,FALSE,FALSE,Minor,99521,01d03h38m41,0
GEODE-3072,TRUE,FALSE,Major,94054,01d02h07m34,0
GEODE-485,FALSE,FALSE,Major,1160110,13d10h15m10,0
GEODE-376,FALSE,FALSE,Major,2061598,23d20h39m58,0
GEODE-372,FALSE,FALSE,Minor,4304341,49d19h39m01,0
GEODE-370,FALSE,FALSE,Minor,2430021,28d03h00m21,0
GEODE-371,FALSE,FALSE,Major,3023873,34d23h57m53,0
GEODE-378,TRUE,FALSE,Major,80456,00d22h20m56,0
GEODE-379,FALSE,FALSE,Minor,417,00d00h06m57,0
GEODE-5952,TRUE,FALSE,Major,8095498,93d16h44m58,0
GEODE-5955,TRUE,FALSE,Minor,5003783,57d21h56m23,0
GEODE-6363,TRUE,FALSE,Major,258840,02d23h54m00,0
GEODE-3380,TRUE,FALSE,Major,149050,01d17h24m10,0
GEODE-3387,TRUE,FALSE,Major,149119,01d17h25m19,0
GEODE-3384,FALSE,FALSE,Major,5772,00d01h36m12,0
GEODE-3471,FALSE,FALSE,Major,262052,03d00h47m32,0
GEODE-3470,TRUE,FALSE,Major,270378,03d03h06m18,0
GEODE-4771,TRUE,FALSE,Major,1456938,16d20h42m18,0
GEODE-4390,TRUE,FALSE,Major,516913,05d23h35m13,0
GEODE-578,TRUE,FALSE,Major,571841,06d14h50m41,0
GEODE-574,FALSE,FALSE,Major,15039139,174d01h32m19,0
GEODE-576,TRUE,FALSE,Major,44903514,519d17h11m54,0
GEODE-4158,TRUE,FALSE,Major,1464824,16d22h53m44,0
GEODE-771,FALSE,FALSE,Major,1050178,12d03h42m58,0
GEODE-774,TRUE,FALSE,Major,4378014,50d16h06m54,0
GEODE-3277,TRUE,FALSE,Major,4842667,56d01h11m07,1
GEODE-3276,TRUE,FALSE,Major,3018926,34d22h35m26,0
GEODE-4803,TRUE,FALSE,Major,10371186,120d00h53m06,0
GEODE-1063,FALSE,FALSE,Major,86158,00d23h55m58,0
GEODE-3272,FALSE,FALSE,Major,920,00d00h15m20,0
GEODE-2456,TRUE,FALSE,Major,88259,01d00h30m59,0
GEODE-5732,TRUE,FALSE,Major,438318,05d01h45m18,0
GEODE-5046,TRUE,FALSE,Major,147830,01d17h03m50,0
GEODE-5044,FALSE,FALSE,Major,191011,02d05h03m31,0
GEODE-1252,TRUE,FALSE,Major,2347954,27d04h12m34,0
GEODE-5040,FALSE,FALSE,Major,1271009,14d17h03m29,0
GEODE-1259,FALSE,FALSE,Major,1126974,13d01h02m54,0
GEODE-1258,TRUE,FALSE,Major,845191,09d18h46m31,0
GEODE-3040,TRUE,FALSE,Major,88404,01d00h33m24,0
