BugID, #isArch, #isInduce, #Priority, #TimeSec, #Time, #Reopen
MAPREDUCE-2290,FALSE,FALSE,Major,1068,00d00h17m48,0
MAPREDUCE-825,TRUE,FALSE,Minor,1859800,21d12h36m40,0
MAPREDUCE-826,FALSE,FALSE,Trivial,3516649,40d16h50m49,0
MAPREDUCE-2294,FALSE,FALSE,Blocker,6586,00d01h49m46,0
MAPREDUCE-2448,FALSE,FALSE,Minor,245874,02d20h17m54,0
MAPREDUCE-2296,FALSE,FALSE,Trivial,169970,01d23h12m50,0
MAPREDUCE-2445,TRUE,TRUE,Major,515744,05d23h15m44,0
MAPREDUCE-2172,FALSE,FALSE,Major,1396935,16d04h02m15,0
MAPREDUCE-433,TRUE,FALSE,Major,19657396,227d12h23m16,1
MAPREDUCE-430,FALSE,FALSE,Major,5912193,68d10h16m33,1
MAPREDUCE-1728,FALSE,FALSE,Major,65295,00d18h08m15,0
MAPREDUCE-383,FALSE,FALSE,Major,3422992,39d14h49m52,0
MAPREDUCE-1725,TRUE,FALSE,Blocker,3893157,45d01h25m57,0
MAPREDUCE-1727,TRUE,FALSE,Major,172820,02d00h00m20,0
HDFS-1181,FALSE,TRUE,Blocker,871577,10d02h06m17,0
HADOOP-6103,FALSE,TRUE,Major,5011148,57d23h59m08,0
MAPREDUCE-144,TRUE,FALSE,Major,14445730,167d04h42m10,0
MAPREDUCE-1314,TRUE,FALSE,Blocker,3269365,37d20h09m25,0
MAPREDUCE-1316,TRUE,TRUE,Blocker,2785046,32d05h37m26,0
MAPREDUCE-1310,TRUE,FALSE,Major,1633764,18d21h49m24,0
MAPREDUCE-1313,FALSE,FALSE,Major,3263906,37d18h38m26,0
MAPREDUCE-1293,FALSE,FALSE,Major,1476381,17d02h06m21,0
MAPREDUCE-2200,FALSE,FALSE,Major,22064,00d06h07m44,0
MAPREDUCE-1863,FALSE,FALSE,Major,1286593,14d21h23m13,0
MAPREDUCE-1866,FALSE,FALSE,Minor,3791916,43d21h18m36,0
MAPREDUCE-1867,TRUE,FALSE,Minor,11525621,133d09h33m41,0
MAPREDUCE-1864,FALSE,FALSE,Major,1471977,17d00h52m57,0
MAPREDUCE-1865,TRUE,FALSE,Major,2680332,31d00h32m12,0
MAPREDUCE-1942,FALSE,FALSE,Minor,179163,02d01h46m03,0
HADOOP-1126,TRUE,FALSE,Major,162559,01d21h09m19,0
MAPREDUCE-911,FALSE,FALSE,Major,603282,06d23h34m42,0
MAPREDUCE-912,FALSE,FALSE,Major,2061517,23d20h38m37,0
MAPREDUCE-913,TRUE,FALSE,Blocker,24191510,279d23h51m50,0
MAPREDUCE-915,TRUE,TRUE,Blocker,7184986,83d03h49m46,0
MAPREDUCE-1543,TRUE,FALSE,Major,8380884,97d00h01m24,0
MAPREDUCE-1260,FALSE,FALSE,Major,23995,00d06h39m55,0
MAPREDUCE-648,TRUE,TRUE,Minor,7906904,91d12h21m44,0
MAPREDUCE-722,FALSE,FALSE,Major,30936,00d08h35m36,0
MAPREDUCE-834,FALSE,FALSE,Major,1193702,13d19h35m02,0
MAPREDUCE-1267,FALSE,FALSE,Minor,382219,04d10h10m19,0
MAPREDUCE-645,FALSE,FALSE,Minor,19421188,224d18h46m28,0
MAPREDUCE-646,FALSE,FALSE,Major,1031346,11d22h29m06,0
MAPREDUCE-1612,FALSE,FALSE,Major,3323264,38d11h07m44,0
MAPREDUCE-642,FALSE,TRUE,Major,4192261,48d12h31m01,0
MAPREDUCE-2084,FALSE,FALSE,Blocker,9554091,110d13h54m51,0
MAPREDUCE-2067,FALSE,TRUE,Major,1315760,15d05h29m20,0
MAPREDUCE-1041,FALSE,FALSE,Minor,2007581,23d05h39m41,0
MAPREDUCE-964,TRUE,FALSE,Critical,1462947,16d22h22m27,0
MAPREDUCE-1165,FALSE,FALSE,Major,8406873,97d07h14m33,0
MAPREDUCE-1163,FALSE,FALSE,Trivial,4088949,47d07h49m09,0
MAPREDUCE-1161,FALSE,FALSE,Major,3151296,36d11h21m36,0
MAPREDUCE-962,FALSE,FALSE,Major,5511140,63d18h52m20,0
MAPREDUCE-968,FALSE,FALSE,Major,325711,03d18h28m31,0
MAPREDUCE-733,TRUE,FALSE,Major,105059,01d05h10m59,0
MAPREDUCE-734,TRUE,FALSE,Major,77571,00d21h32m51,0
MAPREDUCE-869,FALSE,FALSE,Major,54923344,635d16h29m04,0
MAPREDUCE-867,FALSE,FALSE,Major,10985,00d03h03m05,0
MAPREDUCE-1686,FALSE,FALSE,Minor,9738514,112d17h08m34,0
MAPREDUCE-2012,TRUE,FALSE,Blocker,72983,00d20h16m23,0
MAPREDUCE-1683,FALSE,TRUE,Major,4103228,47d11h47m08,0
MAPREDUCE-1448,FALSE,FALSE,Major,496071,05d17h47m51,0
MAPREDUCE-1765,FALSE,FALSE,Minor,39783703,460d11h01m43,0
HADOOP-6991,FALSE,TRUE,Minor,2053673,23d18h27m53,0
MAPREDUCE-1443,FALSE,FALSE,Major,87371,01d00h16m11,0
MAPREDUCE-1444,TRUE,TRUE,Major,1221043,14d03h10m43,0
MAPREDUCE-637,TRUE,FALSE,Major,4173370,48d07h16m10,0
MAPREDUCE-2497,FALSE,FALSE,Trivial,188341,02d04h19m01,0
MAPREDUCE-1885,FALSE,FALSE,Major,4125,00d01h08m45,0
MAPREDUCE-2539,TRUE,FALSE,Major,578737,06d16h45m37,0
MAPREDUCE-818,FALSE,FALSE,Minor,1819930,21d01h32m10,0
MAPREDUCE-2531,TRUE,FALSE,Blocker,11547324,133d15h35m24,1
MAPREDUCE-1618,FALSE,FALSE,Trivial,2929128,33d21h38m48,0
MAPREDUCE-2031,FALSE,FALSE,Major,1018200,11d18h50m00,0
MAPREDUCE-1615,FALSE,FALSE,Blocker,23583,00d06h33m03,0
MAPREDUCE-1900,FALSE,FALSE,Major,3195515,36d23h38m35,0
MAPREDUCE-1617,FALSE,FALSE,Major,5118422,59d05h47m02,0
MAPREDUCE-2086,FALSE,FALSE,Major,1048259,12d03h10m59,0
MAPREDUCE-1611,TRUE,FALSE,Blocker,4017951,46d12h05m51,0
MAPREDUCE-1610,FALSE,FALSE,Major,4530795,52d10h33m15,0
MAPREDUCE-2082,FALSE,FALSE,Major,935081,10d19h44m41,0
MAPREDUCE-1888,TRUE,FALSE,Major,1039282,12d00h41m22,1
MAPREDUCE-1225,FALSE,FALSE,Major,18075007,209d04h50m07,0
MAPREDUCE-1222,TRUE,FALSE,Major,1920017,22d05h20m17,0
MAPREDUCE-1348,TRUE,TRUE,Major,7091494,82d01h51m34,0
MAPREDUCE-1880,FALSE,FALSE,Minor,199810,02d07h30m10,0
MAPREDUCE-1342,FALSE,FALSE,Major,1844155,21d08h15m55,0
MAPREDUCE-1887,FALSE,FALSE,Major,189984,02d04h46m24,0
MAPREDUCE-2336,FALSE,FALSE,Major,1544816,17d21h06m56,0
MAPREDUCE-2238,TRUE,FALSE,Critical,1822420,21d02h13m40,0
MAPREDUCE-2232,FALSE,FALSE,Major,18858,00d05h14m18,0
MAPREDUCE-1834,FALSE,FALSE,Major,5394435,62d10h27m15,0
MAPREDUCE-1836,FALSE,FALSE,Major,112831,01d07h20m31,0
MAPREDUCE-1128,TRUE,FALSE,Minor,1271255,14d17h07m35,0
MAPREDUCE-1085,FALSE,FALSE,Minor,40412571,467d17h42m51,0
MAPREDUCE-1086,TRUE,FALSE,Major,947108,10d23h05m08,0
MAPREDUCE-1089,FALSE,FALSE,Major,1643818,19d00h36m58,0
MAPREDUCE-923,FALSE,FALSE,Major,1909381,22d02h23m01,0
MAPREDUCE-924,FALSE,FALSE,Major,379923,04d09h32m03,0
MAPREDUCE-1124,TRUE,FALSE,Major,4543055,52d13h57m35,0
MAPREDUCE-1532,TRUE,FALSE,Major,6566710,76d00h05m10,0
MAPREDUCE-1533,TRUE,TRUE,Major,8730458,101d01h07m38,0
MAPREDUCE-1536,TRUE,FALSE,Major,1777588,20d13h46m28,0
MAPREDUCE-1537,FALSE,FALSE,Major,63441,00d17h37m21,1
MAPREDUCE-1538,FALSE,TRUE,Major,4297420,49d17h43m40,0
MAPREDUCE-771,TRUE,FALSE,Blocker,74801,00d20h46m41,0
MAPREDUCE-773,FALSE,FALSE,Major,2497275,28d21h41m15,0
MAPREDUCE-677,FALSE,FALSE,Major,1296458,15d00h07m38,1
MAPREDUCE-676,TRUE,FALSE,Major,3093303,35d19h15m03,0
MAPREDUCE-671,FALSE,FALSE,Trivial,61772,00d17h09m32,0
MAPREDUCE-673,FALSE,FALSE,Minor,470882,05d10h48m02,0
MAPREDUCE-2195,FALSE,FALSE,Major,4274,00d01h11m14,0
MAPREDUCE-2199,FALSE,FALSE,Major,984,00d00h16m24,0
MAPREDUCE-988,FALSE,FALSE,Major,83734,00d23h15m34,0
MAPREDUCE-2054,FALSE,FALSE,Major,14907552,172d12h59m12,0
MAPREDUCE-1016,FALSE,TRUE,Major,2774750,32d02h45m50,0
MAPREDUCE-1014,FALSE,FALSE,Blocker,88483,01d00h34m43,0
MAPREDUCE-1408,TRUE,FALSE,Major,3357888,38d20h44m48,0
MAPREDUCE-1409,TRUE,FALSE,Major,7373750,85d08h15m50,0
MAPREDUCE-1158,FALSE,FALSE,Major,95232,01d02h27m12,0
MAPREDUCE-986,FALSE,FALSE,Major,2458992,28d11h03m12,0
HADOOP-6184,FALSE,TRUE,Major,1212132,14d00h42m12,0
MAPREDUCE-1406,FALSE,FALSE,Trivial,2582,00d00h43m02,0
MAPREDUCE-1407,FALSE,FALSE,Trivial,4650605,53d19h50m05,0
MAPREDUCE-1400,FALSE,FALSE,Minor,1860985,21d12h56m25,0
MAPREDUCE-1153,FALSE,FALSE,Major,763648,08d20h07m28,0
MAPREDUCE-1018,FALSE,FALSE,Blocker,32549957,376d17h39m17,0
MAPREDUCE-787,FALSE,TRUE,Major,11058306,127d23h45m06,0
MAPREDUCE-40,TRUE,FALSE,Blocker,5895601,68d05h40m01,0
MAPREDUCE-2285,FALSE,FALSE,Blocker,862597,09d23h36m37,0
MAPREDUCE-2284,FALSE,FALSE,Critical,3376995,39d02h03m15,0
MAPREDUCE-2283,FALSE,FALSE,Blocker,109194,01d06h19m54,1
MAPREDUCE-2282,FALSE,FALSE,Blocker,87744,01d00h22m24,0
MAPREDUCE-2281,FALSE,FALSE,Major,918068,10d15h01m08,0
MAPREDUCE-2571,TRUE,FALSE,Blocker,64332,00d17h52m12,0
MAPREDUCE-2573,FALSE,FALSE,Major,175838,02d00h50m38,0
MAPREDUCE-852,FALSE,FALSE,Major,431714,04d23h55m14,0
MAPREDUCE-587,FALSE,FALSE,Minor,64566432,747d07h07m12,1
MAPREDUCE-2470,TRUE,FALSE,Major,1854067,21d11h01m07,1
MAPREDUCE-421,FALSE,FALSE,Major,6570696,76d01h11m36,0
MAPREDUCE-2472,TRUE,FALSE,Major,50100,00d13h55m00,0
MAPREDUCE-2475,FALSE,FALSE,Major,16187,00d04h29m47,0
MAPREDUCE-1718,FALSE,TRUE,Major,8029859,92d22h30m59,0
MAPREDUCE-1657,TRUE,FALSE,Major,2411460,27d21h51m00,0
MAPREDUCE-1659,TRUE,FALSE,Major,1790028,20d17h13m48,0
HADOOP-7259,FALSE,FALSE,Major,1701666,19d16h41m06,0
MAPREDUCE-153,TRUE,FALSE,Major,5673492,65d15h58m12,0
MAPREDUCE-1301,FALSE,FALSE,Major,606334,07d00h25m34,0
HADOOP-6642,FALSE,TRUE,Major,27655788,320d02h09m48,0
MAPREDUCE-2529,TRUE,FALSE,Major,1001887,11d14h18m07,0
MAPREDUCE-2379,FALSE,FALSE,Major,204714,02d08h51m54,0
MAPREDUCE-2272,FALSE,FALSE,Trivial,4049281,46d20h48m01,0
MAPREDUCE-516,TRUE,FALSE,Major,1865102,21d14h05m02,0
MAPREDUCE-2271,FALSE,FALSE,Blocker,648541,07d12h09m01,0
MAPREDUCE-2179,FALSE,FALSE,Blocker,6409,00d01h46m49,0
MAPREDUCE-2277,FALSE,FALSE,Minor,438477,05d01h47m57,0
MAPREDUCE-1870,FALSE,FALSE,Blocker,1294271,14d23h31m11,0
MAPREDUCE-2173,FALSE,FALSE,Major,452900,05d05h48m20,0
MAPREDUCE-1876,FALSE,TRUE,Major,630232,07d07h03m52,0
MAPREDUCE-1974,FALSE,FALSE,Major,16586493,191d23h21m33,0
MAPREDUCE-1975,FALSE,FALSE,Major,3532250,40d21h10m50,0
MAPREDUCE-1979,TRUE,FALSE,Major,4037026,46d17h23m46,0
MAPREDUCE-572,TRUE,FALSE,Minor,71775799,830d17h43m19,0
MAPREDUCE-1573,FALSE,FALSE,Major,78799,00d21h53m19,0
MAPREDUCE-1276,FALSE,FALSE,Blocker,13995924,161d23h45m24,0
MAPREDUCE-1578,FALSE,TRUE,Major,62487,00d17h21m27,0
MAPREDUCE-639,TRUE,TRUE,Major,12952903,149d22h01m43,0
MAPREDUCE-732,FALSE,FALSE,Minor,91447,01d01h24m07,0
MAPREDUCE-1375,FALSE,FALSE,Major,19935769,230d17h42m49,0
MAPREDUCE-1372,FALSE,FALSE,Blocker,12064652,139d15h17m32,0
MAPREDUCE-735,TRUE,TRUE,Major,1242311,14d09h05m11,0
MAPREDUCE-630,FALSE,FALSE,Minor,2472692,28d14h51m32,0
MAPREDUCE-1378,FALSE,FALSE,Trivial,2913022,33d17h10m22,0
MAPREDUCE-743,TRUE,FALSE,Major,1169242,13d12h47m22,0
MAPREDUCE-2307,FALSE,FALSE,Minor,4863229,56d06h53m49,0
MAPREDUCE-2304,FALSE,FALSE,Minor,16302,00d04h31m42,0
MAPREDUCE-2099,TRUE,FALSE,Major,2434286,28d04h11m26,0
MAPREDUCE-839,FALSE,FALSE,Minor,3271505,37d20h45m05,0
MAPREDUCE-2300,FALSE,FALSE,Blocker,9198,00d02h33m18,0
MAPREDUCE-1606,TRUE,FALSE,Major,7439212,86d02h26m52,0
MAPREDUCE-2514,FALSE,FALSE,Trivial,179200,02d01h46m40,0
MAPREDUCE-1059,FALSE,FALSE,Major,6777038,78d10h30m38,0
MAPREDUCE-2095,TRUE,TRUE,Major,1121033,12d23h23m53,0
MAPREDUCE-977,FALSE,FALSE,Major,238187,02d18h09m47,0
MAPREDUCE-1111,FALSE,FALSE,Major,429031,04d23h10m31,0
MAPREDUCE-973,TRUE,FALSE,Trivial,50655,00d14h04m15,0
MAPREDUCE-971,FALSE,FALSE,Major,573538,06d15h18m58,0
MAPREDUCE-1119,TRUE,FALSE,Major,4169692,48d06h14m52,0
MAPREDUCE-979,TRUE,FALSE,Blocker,2353709,27d05h48m29,0
MAPREDUCE-745,TRUE,FALSE,Major,3619114,41d21h18m34,0
MAPREDUCE-1280,FALSE,FALSE,Major,69470870,804d01h27m50,0
MAPREDUCE-1284,FALSE,TRUE,Major,759118,08d18h51m58,0
MAPREDUCE-1285,FALSE,FALSE,Major,110462,01d06h41m02,0
MAPREDUCE-1288,FALSE,FALSE,Critical,20288930,234d19h48m50,0
MAPREDUCE-2451,FALSE,FALSE,Trivial,1252370,14d11h52m50,0
MAPREDUCE-895,FALSE,FALSE,Major,78611,00d21h50m11,0
MAPREDUCE-896,TRUE,FALSE,Major,11176340,129d08h32m20,0
MAPREDUCE-890,FALSE,FALSE,Blocker,18365221,212d13h27m01,0
MAPREDUCE-2437,FALSE,FALSE,Blocker,70844,00d19h40m44,0
MAPREDUCE-899,TRUE,FALSE,Major,14093421,163d02h50m21,0
MAPREDUCE-1695,TRUE,TRUE,Major,895520,10d08h45m20,0
MAPREDUCE-1697,FALSE,FALSE,Major,4844370,56d01h39m30,0
MAPREDUCE-2000,TRUE,FALSE,Major,468573,05d10h09m33,0
MAPREDUCE-1028,TRUE,FALSE,Blocker,200491,02d07h41m31,0
MAPREDUCE-1692,TRUE,FALSE,Minor,442970,05d03h02m50,0
MAPREDUCE-1754,TRUE,FALSE,Major,23212389,268d15h53m09,0
MAPREDUCE-1022,TRUE,FALSE,Blocker,150230,01d17h43m50,0
MAPREDUCE-118,TRUE,FALSE,Blocker,42933109,496d21h51m49,0
MAPREDUCE-1599,FALSE,FALSE,Major,6757368,78d05h02m48,0
MAPREDUCE-1597,FALSE,TRUE,Major,15419369,178d11h09m29,0
MAPREDUCE-112,FALSE,FALSE,Blocker,18491757,214d00h35m57,0
MAPREDUCE-2483,FALSE,TRUE,Major,689783,07d23h36m23,0
MAPREDUCE-408,FALSE,FALSE,Major,4329433,50d02h37m13,0
MAPREDUCE-2487,TRUE,FALSE,Minor,2229337,25d19h15m37,0
MAPREDUCE-2486,FALSE,FALSE,Blocker,2051,00d00h34m11,0
MAPREDUCE-2460,FALSE,FALSE,Blocker,334531,03d20h55m31,0
MAPREDUCE-808,FALSE,FALSE,Major,1227728,14d05h02m08,0
MAPREDUCE-809,FALSE,FALSE,Major,175443,02d00h44m03,0
MAPREDUCE-807,TRUE,FALSE,Blocker,2437510,28d05h05m10,0
MAPREDUCE-805,TRUE,FALSE,Major,1546030,17d21h27m10,0
MAPREDUCE-1628,FALSE,FALSE,Major,2832279,32d18h44m39,0
MAPREDUCE-1629,FALSE,FALSE,Trivial,577500,06d16h25m00,0
MAPREDUCE-647,FALSE,FALSE,Major,33418615,386d18h56m55,0
MAPREDUCE-2134,FALSE,FALSE,Major,665717,07d16h55m17,0
MAPREDUCE-2137,TRUE,FALSE,Major,19334392,223d18h39m52,0
MAPREDUCE-416,FALSE,TRUE,Major,1755594,20d07h39m54,0
MAPREDUCE-419,FALSE,FALSE,Minor,922727,10d16h18m47,0
MAPREDUCE-1621,FALSE,FALSE,Major,9905684,114d15h34m44,0
MAPREDUCE-1622,FALSE,FALSE,Minor,2852228,33d00h17m08,0
MAPREDUCE-1897,FALSE,FALSE,Major,5897386,68d06h09m46,0
MAPREDUCE-1230,TRUE,FALSE,Major,1534507,17d18h15m07,0
MAPREDUCE-1235,FALSE,FALSE,Minor,2554374,29d13h32m54,0
MAPREDUCE-1239,FALSE,FALSE,Blocker,190426,02d04h53m46,1
MAPREDUCE-1331,FALSE,FALSE,Major,36761,00d10h12m41,0
MAPREDUCE-1334,FALSE,FALSE,Major,30210878,349d15h54m38,0
MAPREDUCE-2228,FALSE,FALSE,Major,1114780,12d21h39m40,0
MAPREDUCE-2224,FALSE,TRUE,Critical,784589,09d01h56m29,0
MAPREDUCE-2223,FALSE,FALSE,Minor,421205,04d21h00m05,0
MAPREDUCE-2222,FALSE,FALSE,Major,12462080,144d05h41m20,0
HADOOP-6826,FALSE,TRUE,Blocker,543276,06d06h54m36,0
MAPREDUCE-1480,TRUE,TRUE,Major,3454896,39d23h41m36,0
MAPREDUCE-1482,TRUE,FALSE,Major,2886159,33d09h42m39,0
MAPREDUCE-1528,TRUE,FALSE,Major,11743345,135d22h02m25,0
MAPREDUCE-1029,FALSE,FALSE,Blocker,1804035,20d21h07m15,0
MAPREDUCE-1523,TRUE,FALSE,Major,3811036,44d02h37m16,0
MAPREDUCE-1522,TRUE,TRUE,Blocker,951656,11d00h20m56,0
MAPREDUCE-1520,FALSE,FALSE,Major,864328,10d00h05m28,0
MAPREDUCE-709,FALSE,FALSE,Minor,79891,00d22h11m31,0
MAPREDUCE-708,FALSE,FALSE,Minor,82213,00d22h50m13,0
MAPREDUCE-1244,FALSE,FALSE,Major,737296,08d12h48m16,1
MAPREDUCE-1245,TRUE,FALSE,Major,508216,05d21h10m16,0
MAPREDUCE-1242,FALSE,FALSE,Trivial,40051294,463d13h21m34,0
MAPREDUCE-1241,FALSE,FALSE,Blocker,2384700,27d14h25m00,0
MAPREDUCE-703,FALSE,FALSE,Major,1393,00d00h23m13,0
MAPREDUCE-702,FALSE,FALSE,Major,2820,00d00h47m00,0
MAPREDUCE-1249,FALSE,FALSE,Blocker,321699,03d17h21m39,0
MAPREDUCE-28,TRUE,TRUE,Major,24271437,280d22h03m57,0
MAPREDUCE-1062,FALSE,FALSE,Major,16822141,194d16h49m01,0
MAPREDUCE-1148,TRUE,FALSE,Major,4558653,52d18h17m33,0
MAPREDUCE-1065,FALSE,FALSE,Blocker,17341074,200d16h57m54,0
MAPREDUCE-1412,FALSE,FALSE,Minor,349788,04d01h09m48,0
MAPREDUCE-1147,TRUE,FALSE,Blocker,2093625,24d05h33m45,0
MAPREDUCE-1146,FALSE,FALSE,Major,4756498,55d01h14m58,0
MAPREDUCE-1417,FALSE,FALSE,Major,7946848,91d23h27m28,0
MAPREDUCE-1140,TRUE,FALSE,Major,3288710,38d01h31m50,0
MAPREDUCE-1143,FALSE,FALSE,Blocker,4831046,55d21h57m26,0
MAPREDUCE-792,FALSE,FALSE,Minor,670530,07d18h15m30,0
MAPREDUCE-796,FALSE,FALSE,Major,1295467,14d23h51m07,1
MAPREDUCE-1098,TRUE,FALSE,Major,3853476,44d14h24m36,0
MAPREDUCE-799,FALSE,FALSE,Major,1627098,18d19h58m18,0
MAPREDUCE-1090,FALSE,FALSE,Major,1103353,12d18h29m13,0
MAPREDUCE-2467,TRUE,TRUE,Major,752932,08d17h08m52,0
MAPREDUCE-840,FALSE,FALSE,Minor,406385,04d16h53m05,0
MAPREDUCE-1668,FALSE,FALSE,Major,12923812,149d13h56m52,0
MAPREDUCE-845,FALSE,FALSE,Minor,6020,00d01h40m20,0
MAPREDUCE-1664,TRUE,TRUE,Major,14596818,168d22h40m18,0
MAPREDUCE-848,FALSE,FALSE,Major,76730,00d21h18m50,0
MAPREDUCE-2,TRUE,FALSE,Major,864297,10d00h04m57,0
MAPREDUCE-1662,FALSE,FALSE,Major,4330741,50d02h59m01,0
MAPREDUCE-1707,FALSE,TRUE,Major,1632737,18d21h32m17,0
MAPREDUCE-1705,FALSE,FALSE,Major,1010500,11d16h41m40,0
MAPREDUCE-1155,FALSE,FALSE,Minor,6088722,70d11h18m42,0
MAPREDUCE-1701,FALSE,FALSE,Major,9139194,105d18h39m54,0
MAPREDUCE-1469,FALSE,FALSE,Major,273035,03d03h50m35,0
MAPREDUCE-1152,FALSE,FALSE,Major,3547315,41d01h21m55,0
MAPREDUCE-124,FALSE,FALSE,Major,1813670,20d23h47m50,0
MAPREDUCE-1992,FALSE,FALSE,Major,783044,09d01h30m44,0
MAPREDUCE-1993,FALSE,FALSE,Major,25741,00d07h09m01,0
MAPREDUCE-1996,FALSE,FALSE,Trivial,17842843,206d12h20m43,0
MAPREDUCE-1999,TRUE,FALSE,Major,262566,03d00h56m06,0
MAPREDUCE-1845,FALSE,FALSE,Major,2089796,24d04h29m56,0
MAPREDUCE-565,TRUE,FALSE,Blocker,6760132,78d05h48m52,0
MAPREDUCE-2143,FALSE,FALSE,Major,523968,06d01h32m48,0
MAPREDUCE-1961,FALSE,FALSE,Major,1756926,20d08h02m06,0
MAPREDUCE-1566,TRUE,FALSE,Major,12015869,139d01h44m29,0
MAPREDUCE-1160,FALSE,FALSE,Major,68436,00d19h00m36,0
MAPREDUCE-1365,FALSE,FALSE,Trivial,1467987,16d23h46m27,0
MAPREDUCE-628,TRUE,FALSE,Minor,4766788,55d04h06m28,0
MAPREDUCE-1369,FALSE,FALSE,Blocker,1571404,18d04h30m04,0
MAPREDUCE-627,FALSE,FALSE,Minor,3193009,36d22h56m49,0
MAPREDUCE-2315,FALSE,FALSE,Blocker,6343,00d01h45m43,0
MAPREDUCE-2317,FALSE,FALSE,Minor,6165172,71d08h32m52,0
MAPREDUCE-2311,FALSE,FALSE,Blocker,75200,00d20h53m20,0
HADOOP-5472,FALSE,TRUE,Major,6521320,75d11h28m40,0
MAPREDUCE-64,TRUE,FALSE,Major,32686865,378d07h41m05,0
MAPREDUCE-941,FALSE,FALSE,Trivial,1536639,17d18h50m39,0
MAPREDUCE-1515,FALSE,FALSE,Major,5549966,64d05h39m26,1
MAPREDUCE-1105,TRUE,FALSE,Blocker,664077,07d16h27m57,0
MAPREDUCE-1104,FALSE,TRUE,Major,388466,04d11h54m26,0
MAPREDUCE-945,FALSE,FALSE,Major,14962474,173d04h14m34,0
MAPREDUCE-1519,FALSE,TRUE,Major,102531,01d04h28m51,0
MAPREDUCE-754,TRUE,FALSE,Minor,12799125,148d03h18m45,0
MAPREDUCE-1294,FALSE,FALSE,Critical,100497,01d03h54m57,0
MAPREDUCE-694,FALSE,TRUE,Major,99354,01d03h35m54,0
MAPREDUCE-690,FALSE,FALSE,Major,145523,01d16h25m23,0
MAPREDUCE-1196,TRUE,FALSE,Blocker,107731,01d05h55m31,0
MAPREDUCE-2581,FALSE,FALSE,Trivial,9728604,112d14h23m24,0
HADOOP-6285,FALSE,FALSE,Major,340003,03d22h26m43,0
MAPREDUCE-2428,FALSE,TRUE,Blocker,1487349,17d05h09m09,0
HADOOP-6281,FALSE,FALSE,Major,173296,02d00h08m16,1
MAPREDUCE-2420,FALSE,TRUE,Major,2058187,23d19h43m07,0
MAPREDUCE-889,FALSE,FALSE,Blocker,20429050,236d10h44m10,0
MAPREDUCE-2146,FALSE,FALSE,Minor,458738,05d07h25m38,0
MAPREDUCE-2032,FALSE,FALSE,Major,1210922,14d00h22m02,0
MAPREDUCE-1490,TRUE,FALSE,Major,27222,00d07h33m42,0
MAPREDUCE-1038,FALSE,FALSE,Major,3379339,39d02h42m19,0
MAPREDUCE-1037,FALSE,FALSE,Blocker,3573850,41d08h44m10,0
MAPREDUCE-1031,FALSE,FALSE,Blocker,17368224,201d00h30m24,0
MAPREDUCE-1030,TRUE,FALSE,Blocker,1736178,20d02h16m18,0
MAPREDUCE-1422,FALSE,TRUE,Major,3533192,40d21h26m32,0
MAPREDUCE-1420,FALSE,FALSE,Major,4475878,51d19h17m58,0
MAPREDUCE-1421,FALSE,TRUE,Major,2942035,34d01h13m55,0
MAPREDUCE-1585,TRUE,FALSE,Major,2399604,27d18h33m24,0
MAPREDUCE-2516,TRUE,FALSE,Minor,100605,01d03h56m45,0
MAPREDUCE-2515,FALSE,FALSE,Major,15040,00d04h10m40,0
MAPREDUCE-838,FALSE,FALSE,Blocker,294246,03d09h44m06,0
MAPREDUCE-2104,TRUE,TRUE,Major,21148694,244d18h38m14,0
MAPREDUCE-2457,FALSE,FALSE,Critical,410808,04d18h06m48,0
MAPREDUCE-2452,FALSE,TRUE,Major,3382581,39d03h36m21,0
MAPREDUCE-2518,FALSE,FALSE,Major,56801,00d15h46m41,0
MAPREDUCE-1635,TRUE,TRUE,Major,1482402,17d03h46m42,0
MAPREDUCE-1920,FALSE,FALSE,Critical,3139952,36d08h12m32,0
MAPREDUCE-1926,FALSE,FALSE,Blocker,2501389,28d22h49m49,0
MAPREDUCE-1925,TRUE,FALSE,Major,1337648,15d11h34m08,0
MAPREDUCE-1929,FALSE,FALSE,Blocker,16101074,186d08h31m14,0
MAPREDUCE-179,TRUE,FALSE,Blocker,4191354,48d12h15m54,0
MAPREDUCE-1251,FALSE,FALSE,Major,6468666,74d20h51m06,1
MAPREDUCE-682,TRUE,FALSE,Major,1931724,22d08h35m24,0
MAPREDUCE-1322,FALSE,TRUE,Major,3311310,38d07h48m30,0
MAPREDUCE-1327,TRUE,FALSE,Major,2869839,33d05h10m39,0
MAPREDUCE-859,FALSE,FALSE,Major,74239,00d20h37m19,0
MAPREDUCE-1813,TRUE,FALSE,Major,1481642,17d03h34m02,0
MAPREDUCE-2215,FALSE,FALSE,Major,76954,00d21h22m34,0
MAPREDUCE-1811,FALSE,FALSE,Minor,24348024,281d19h20m24,0
MAPREDUCE-717,TRUE,FALSE,Major,1217345,14d02h09m05,0
MAPREDUCE-1958,TRUE,FALSE,Major,1121842,12d23h37m22,0
MAPREDUCE-1558,TRUE,FALSE,Major,6210184,71d21h03m04,0
MAPREDUCE-1559,FALSE,FALSE,Major,9247363,107d00h42m43,0
MAPREDUCE-1497,FALSE,FALSE,Major,2754487,31d21h08m07,0
MAPREDUCE-1494,TRUE,FALSE,Minor,5926268,68d14h11m08,0
MAPREDUCE-1398,TRUE,FALSE,Major,2137448,24d17h44m08,0
MAPREDUCE-1399,FALSE,FALSE,Major,1571232,18d04h27m12,0
MAPREDUCE-1394,FALSE,FALSE,Major,503623,05d19h53m43,0
MAPREDUCE-1395,TRUE,FALSE,Major,457094,05d06h58m14,0
MAPREDUCE-1397,TRUE,FALSE,Minor,8206010,94d23h26m50,0
MAPREDUCE-716,TRUE,FALSE,Major,11298276,130d18h24m36,1
MAPREDUCE-1258,FALSE,FALSE,Minor,1504721,17d09h58m41,0
MAPREDUCE-714,TRUE,FALSE,Major,46728081,540d20h01m21,0
MAPREDUCE-657,TRUE,FALSE,Major,181298,02d02h21m38,0
MAPREDUCE-659,FALSE,FALSE,Critical,3699812,42d19h43m32,0
MAPREDUCE-658,FALSE,FALSE,Major,419850,04d20h37m30,0
MAPREDUCE-2074,TRUE,FALSE,Minor,14285725,165d08h15m25,0
MAPREDUCE-18,FALSE,FALSE,Blocker,5978528,69d04h42m08,0
MAPREDUCE-2077,FALSE,FALSE,Major,12111768,140d04h22m48,0
MAPREDUCE-1788,FALSE,FALSE,Major,42532097,492d06h28m17,0
MAPREDUCE-1784,TRUE,FALSE,Minor,16211848,187d15h17m28,1
MAPREDUCE-2078,TRUE,FALSE,Major,431960,04d23h59m20,0
MAPREDUCE-1780,TRUE,FALSE,Major,8116245,93d22h30m45,0
MAPREDUCE-1178,TRUE,FALSE,Blocker,550501,06d08h55m01,0
MAPREDUCE-1070,FALSE,FALSE,Major,1010359,11d16h39m19,0
MAPREDUCE-1894,FALSE,FALSE,Major,974701,11d06h45m01,0
MAPREDUCE-1075,TRUE,TRUE,Major,5337013,61d18h30m13,0
MAPREDUCE-1077,FALSE,FALSE,Major,940191,10d21h09m51,0
MAPREDUCE-1076,TRUE,FALSE,Blocker,414425,04d19h07m05,0
MAPREDUCE-1171,TRUE,FALSE,Blocker,3637148,42d02h19m08,0
MAPREDUCE-993,FALSE,FALSE,Minor,45875880,530d23h18m00,0
MAPREDUCE-1174,TRUE,FALSE,Major,4131190,47d19h33m10,0
MAPREDUCE-995,TRUE,TRUE,Critical,61514,00d17h05m14,0
MAPREDUCE-1177,FALSE,FALSE,Blocker,328961,03d19h22m41,0
MAPREDUCE-626,TRUE,FALSE,Minor,3118539,36d02h15m39,0
MAPREDUCE-2559,FALSE,FALSE,Major,462304,05d08h25m04,0
MAPREDUCE-879,FALSE,FALSE,Blocker,21882341,253d06h25m41,1
MAPREDUCE-877,FALSE,FALSE,Blocker,187892,02d04h11m32,0
MAPREDUCE-2188,TRUE,FALSE,Major,6925498,80d03h44m58,0
MAPREDUCE-2416,FALSE,FALSE,Major,2399358,27d18h29m18,0
MAPREDUCE-2417,FALSE,FALSE,Major,2327905,26d22h38m25,0
HADOOP-6090,FALSE,FALSE,Major,1735748,20d02h09m08,0
MAPREDUCE-1670,FALSE,FALSE,Major,12794160,148d01h56m00,0
HADOOP-6096,FALSE,FALSE,Major,108516,01d06h08m36,0
HADOOP-6097,FALSE,TRUE,Major,10388613,120d05h43m33,0
MAPREDUCE-1772,FALSE,FALSE,Minor,55250604,639d11h23m24,0
MAPREDUCE-1773,FALSE,FALSE,Major,28120973,325d11h22m53,0
MAPREDUCE-1474,FALSE,FALSE,Major,288763,03d08h12m43,0
MAPREDUCE-1476,TRUE,FALSE,Major,444642,05d03h30m42,0
HADOOP-6243,FALSE,FALSE,Blocker,74799,00d20h46m39,1
MAPREDUCE-130,FALSE,FALSE,Major,1480041,17d03h07m21,0
MAPREDUCE-1980,TRUE,TRUE,Major,1617107,18d17h11m47,0
MAPREDUCE-1982,TRUE,FALSE,Major,422313,04d21h18m33,0
MAPREDUCE-1984,FALSE,FALSE,Major,5163059,59d18h10m59,0
MAPREDUCE-1989,TRUE,FALSE,Major,4822389,55d19h33m09,0
MAPREDUCE-2395,TRUE,FALSE,Critical,1749635,20d06h00m35,0
MAPREDUCE-2394,FALSE,FALSE,Blocker,1570,00d00h26m10,0
MAPREDUCE-2258,FALSE,FALSE,Major,10885163,125d23h39m23,0
MAPREDUCE-2392,FALSE,FALSE,Major,57866,00d16h04m26,0
MAPREDUCE-2256,FALSE,FALSE,Major,1755319,20d07h35m19,0
MAPREDUCE-2251,FALSE,FALSE,Major,4781148,55d08h05m48,0
MAPREDUCE-2253,TRUE,FALSE,Critical,1364154,15d18h55m54,0
MAPREDUCE-1853,FALSE,FALSE,Critical,507011,05d20h50m11,0
MAPREDUCE-1857,FALSE,FALSE,Trivial,1118661,12d22h44m21,0
MAPREDUCE-577,TRUE,FALSE,Major,65821757,761d19h49m17,0
MAPREDUCE-1855,FALSE,FALSE,Major,1060375,12d06h32m55,0
MAPREDUCE-1609,TRUE,TRUE,Major,3458176,40d00h36m16,0
MAPREDUCE-2096,FALSE,FALSE,Blocker,8636130,99d22h55m30,0
MAPREDUCE-1607,TRUE,FALSE,Major,4675285,54d02h41m25,0
MAPREDUCE-1604,FALSE,FALSE,Major,3480001,40d06h40m01,0
MAPREDUCE-1911,TRUE,TRUE,Major,1472799,17d01h06m39,0
MAPREDUCE-1602,FALSE,FALSE,Major,1291927,14d22h52m07,0
MAPREDUCE-2090,FALSE,FALSE,Major,812350,09d09h39m10,0
MAPREDUCE-1915,FALSE,FALSE,Trivial,18486948,213d23h15m48,0
MAPREDUCE-1219,TRUE,FALSE,Major,13736563,158d23h42m43,0
MAPREDUCE-1213,TRUE,TRUE,Major,2905391,33d15h03m11,0
MAPREDUCE-1212,FALSE,FALSE,Critical,5458221,63d04h10m21,0
MAPREDUCE-1358,TRUE,FALSE,Major,3319722,38d10h08m42,0
HADOOP-6873,TRUE,FALSE,Major,708545,08d04h49m05,0
MAPREDUCE-1071,FALSE,FALSE,Major,601049,06d22h57m29,0
MAPREDUCE-2327,TRUE,FALSE,Blocker,7869542,91d01h59m02,0
MAPREDUCE-1825,FALSE,FALSE,Major,21581684,249d18h54m44,0
MAPREDUCE-1820,TRUE,FALSE,Major,3634851,42d01h40m51,0
HDFS-641,TRUE,TRUE,Blocker,4515610,52d06h20m10,0
MAPREDUCE-1131,FALSE,FALSE,Major,6143354,71d02h29m14,0
MAPREDUCE-952,TRUE,FALSE,Blocker,8299730,96d01h28m50,0
MAPREDUCE-1133,FALSE,FALSE,Major,10259,00d02h50m59,0
MAPREDUCE-1505,TRUE,TRUE,Major,9257502,107d03h31m42,0
MAPREDUCE-522,TRUE,FALSE,Major,1404896,16d06h14m56,0
MAPREDUCE-1508,FALSE,FALSE,Major,2527871,29d06h11m11,0
MAPREDUCE-760,FALSE,FALSE,Major,1460728,16d21h45m28,0
MAPREDUCE-764,FALSE,FALSE,Blocker,4682502,54d04h41m42,0
MAPREDUCE-680,TRUE,FALSE,Major,1348341,15d14h32m21,0
MAPREDUCE-769,TRUE,FALSE,Major,7774584,89d23h36m24,0
MAPREDUCE-683,FALSE,TRUE,Major,590352,06d19h59m12,0
MAPREDUCE-685,FALSE,FALSE,Major,745346,08d15h02m26,0
MAPREDUCE-687,FALSE,FALSE,Major,5344908,61d20h41m48,0
MAPREDUCE-1068,FALSE,FALSE,Major,3176525,36d18h22m05,0
MAPREDUCE-1182,FALSE,FALSE,Blocker,1943502,22d11h51m42,0
MAPREDUCE-1186,TRUE,TRUE,Major,5442105,62d23h41m45,0
MAPREDUCE-2185,FALSE,FALSE,Major,17806350,206d02h12m30,0
MAPREDUCE-2029,FALSE,FALSE,Major,3155814,36d12h36m54,0
MAPREDUCE-2023,FALSE,FALSE,Major,1180124,13d15h48m44,0
MAPREDUCE-2022,FALSE,FALSE,Blocker,11480,00d03h11m20,0
MAPREDUCE-2021,FALSE,FALSE,Major,1134575,13d03h09m35,0
MAPREDUCE-1009,FALSE,FALSE,Blocker,8258491,95d14h01m31,0
HADOOP-6199,FALSE,TRUE,Major,1260583,14d14h09m43,0
MAPREDUCE-1000,TRUE,FALSE,Major,654974,07d13h56m14,0
MAPREDUCE-1003,FALSE,FALSE,Major,10771,00d02h59m31,0
HADOOP-6192,FALSE,TRUE,Major,31509,00d08h45m09,0
MAPREDUCE-1007,FALSE,TRUE,Blocker,5407247,62d14h00m47,0
MAPREDUCE-832,FALSE,FALSE,Major,1112018,12d20h53m38,0
MAPREDUCE-1435,TRUE,FALSE,Major,2738200,31d16h36m40,0
MAPREDUCE-946,TRUE,FALSE,Blocker,1250355,14d11h19m15,0
