BugID, #isArch, #isInduce, #Priority, #TimeSec, #Time, #Reopen
HAMA-739,FALSE,FALSE,Major,2017,00d00h33m37,0
HAMA-812,FALSE,FALSE,Minor,2850417,32d23h46m57,0
HAMA-730,FALSE,FALSE,Major,94,00d00h01m34,0
HAMA-731,FALSE,FALSE,Major,1801287,20d20h21m27,0
HAMA-957,TRUE,FALSE,Trivial,2174545,25d04h02m25,0
HAMA-952,FALSE,FALSE,Major,2569424,29d17h43m44,0
HAMA-950,FALSE,FALSE,Major,1101870,12d18h04m30,0
HAMA-951,TRUE,FALSE,Major,3024532,35d00h08m52,0
HAMA-667,FALSE,FALSE,Major,202344,02d08h12m24,0
HAMA-659,TRUE,FALSE,Minor,346504,04d00h15m04,0
HAMA-782,FALSE,FALSE,Major,255247,02d22h54m07,0
HAMA-780,FALSE,FALSE,Major,774301,08d23h05m01,0
HAMA-789,TRUE,FALSE,Major,3955838,45d18h50m38,0
HAMA-657,FALSE,FALSE,Major,29875,00d08h17m55,0
HAMA-821,FALSE,FALSE,Major,83988,00d23h19m48,0
HAMA-729,FALSE,FALSE,Trivial,1032,00d00h17m12,0
HAMA-943,FALSE,FALSE,Major,99193,01d03h33m13,0
HAMA-947,FALSE,FALSE,Major,3584994,41d11h49m54,0
HAMA-628,FALSE,FALSE,Major,244895,02d20h01m35,0
HAMA-621,FALSE,FALSE,Blocker,531280,06d03h34m40,0
HAMA-834,TRUE,FALSE,Major,1536574,17d18h49m34,1
HAMA-837,TRUE,FALSE,Major,1274358,14d17h59m18,0
HAMA-757,TRUE,FALSE,Major,165550,01d21h59m10,0
HAMA-831,TRUE,FALSE,Major,249813,02d21h23m33,0
HAMA-830,TRUE,FALSE,Major,324851,03d18h14m11,0
HAMA-682,FALSE,FALSE,Trivial,3863,00d01h04m23,0
HAMA-935,TRUE,FALSE,Blocker,1414734,16d08h58m54,0
HAMA-931,TRUE,FALSE,Blocker,1545526,17d21h18m46,0
HAMA-635,FALSE,FALSE,Major,35766,00d09h56m06,0
HAMA-633,FALSE,FALSE,Major,210348,02d10h25m48,0
HAMA-437,TRUE,FALSE,Major,642475,07d10h27m55,0
HAMA-745,TRUE,FALSE,Major,66758,00d18h32m38,0
HAMA-929,TRUE,FALSE,Major,598333,06d22h12m13,0
HAMA-928,TRUE,FALSE,Major,948238,10d23h23m58,0
HAMA-922,FALSE,FALSE,Major,12214654,141d08h57m34,0
HAMA-844,TRUE,FALSE,Minor,4580023,53d00h13m43,0
HAMA-845,FALSE,FALSE,Major,668912,07d17h48m32,0
HAMA-595,FALSE,FALSE,Major,513145,05d22h32m25,0
HAMA-590,FALSE,FALSE,Major,415780,04d19h29m40,1
HAMA-1002,FALSE,FALSE,Major,5847641,67d16h20m41,0
HAMA-608,TRUE,FALSE,Major,429651,04d23h20m51,0
HAMA-661,FALSE,FALSE,Major,123,00d00h02m03,0
HAMA-662,FALSE,FALSE,Blocker,23984,00d06h39m44,0
HAMA-911,FALSE,FALSE,Minor,18816660,217d18h51m00,0
HAMA-755,FALSE,FALSE,Minor,310393,03d14h13m13,0
HAMA-668,FALSE,FALSE,Major,1034199,11d23h16m39,0
HAMA-669,TRUE,FALSE,Major,78515,00d21h48m35,0
HAMA-756,TRUE,FALSE,Blocker,173687,02d00h14m47,1
HAMA-857,TRUE,FALSE,Critical,2071679,23d23h27m59,0
HAMA-855,FALSE,FALSE,Major,6588262,76d06h04m22,1
HAMA-905,FALSE,FALSE,Minor,328996,03d19h23m16,0
HAMA-906,FALSE,FALSE,Major,108714,01d06h11m54,0
HAMA-677,FALSE,FALSE,Minor,41459761,479d20h36m01,0
HAMA-678,TRUE,FALSE,Major,1793,00d00h29m53,0
HAMA-909,TRUE,FALSE,Major,80857,00d22h27m37,0
HAMA-153,FALSE,FALSE,Minor,428467,04d23h01m07,0
HAMA-867,FALSE,FALSE,Major,61411,00d17h03m31,0
HAMA-862,FALSE,FALSE,Major,581441,06d17h30m41,0
HAMA-860,FALSE,FALSE,Minor,52623,00d14h37m03,0
HAMA-986,FALSE,FALSE,Trivial,93018,01d01h50m18,0
HAMA-981,FALSE,FALSE,Major,8379581,96d23h39m41,0
HAMA-980,FALSE,FALSE,Blocker,336182,03d21h23m02,0
HAMA-868,TRUE,FALSE,Major,978706,11d07h51m46,0
HAMA-982,TRUE,FALSE,Major,4041708,46d18h41m48,0
HAMA-270,TRUE,FALSE,Major,193701,02d05h48m21,0
HAMA-465,TRUE,FALSE,Major,619384,07d04h03m04,0
HAMA-772,TRUE,FALSE,Minor,7011349,81d03h35m49,0
HAMA-469,TRUE,FALSE,Minor,2484542,28d18h09m02,0
HAMA-776,FALSE,FALSE,Major,658865,07d15h01m05,0
HAMA-777,TRUE,FALSE,Minor,138375,01d14h26m15,0
HAMA-878,FALSE,FALSE,Critical,85983,00d23h53m03,0
HAMA-712,FALSE,FALSE,Major,8335869,96d11h31m09,0
HAMA-874,FALSE,FALSE,Major,1448241,16d18h17m21,0
HAMA-716,FALSE,FALSE,Major,85216,00d23h40m16,1
HAMA-488,TRUE,FALSE,Major,2116296,24d11h51m36,1
HAMA-489,TRUE,FALSE,Major,6889,00d01h54m49,1
HAMA-973,TRUE,FALSE,Critical,422346,04d21h19m06,0
HAMA-979,FALSE,FALSE,Major,1200172,13d21h22m52,0
HAMA-482,FALSE,FALSE,Major,214,00d00h03m34,0
HAMA-246,FALSE,FALSE,Major,79828,00d22h10m28,0
HAMA-476,FALSE,FALSE,Major,4279974,49d12h52m54,0
HAMA-769,TRUE,FALSE,Minor,691927,08d00h12m07,0
HAMA-574,FALSE,FALSE,Trivial,345,00d00h05m45,0
HAMA-709,FALSE,FALSE,Major,951680,11d00h21m20,1
HAMA-809,TRUE,FALSE,Major,4292287,49d16h18m07,0
HAMA-805,TRUE,TRUE,Major,161325,01d20h48m45,0
HAMA-801,FALSE,FALSE,Major,711645,08d05h40m45,0
HAMA-963,FALSE,FALSE,Blocker,1926544,22d07h09m04,0
HAMA-967,FALSE,FALSE,Trivial,167778,01d22h36m18,0
HAMA-966,FALSE,FALSE,Minor,21998,00d06h06m38,0
HAMA-965,FALSE,FALSE,Trivial,2840,00d00h47m20,0
HAMA-969,FALSE,FALSE,Minor,756982,08d18h16m22,0
HAMA-885,FALSE,FALSE,Major,124434,01d10h33m54,0
HAMA-889,TRUE,FALSE,Major,86726,01d00h05m26,0
HAMA-791,FALSE,FALSE,Major,33689,00d09h21m29,0
HAMA-989,FALSE,FALSE,Major,244151,02d19h49m11,0
