BugID, #isArch, #isInduce, #Priority, #TimeSec, #Time, #Reopen
HELIX-550,FALSE,FALSE,Critical,10368876,120d00h14m36,1
HELIX-552,TRUE,FALSE,Major,10273522,118d21h45m22,1
HELIX-395,TRUE,FALSE,Major,15355263,177d17h21m03,1
HELIX-555,FALSE,FALSE,Blocker,10084443,116d17h14m03,1
HELIX-390,FALSE,FALSE,Major,316131,03d15h48m51,0
HELIX-491,FALSE,FALSE,Major,5970,00d01h39m30,0
HELIX-495,FALSE,FALSE,Major,586808,06d19h00m08,0
HELIX-394,TRUE,FALSE,Major,15437403,178d16h10m03,1
HELIX-398,TRUE,FALSE,Major,25883,00d07h11m23,0
HELIX-399,TRUE,FALSE,Major,4707,00d01h18m27,0
HELIX-41,TRUE,FALSE,Major,3782349,43d18h39m09,0
HELIX-40,TRUE,FALSE,Major,24596116,284d16h15m16,1
HELIX-44,FALSE,FALSE,Major,3460893,40d01h21m33,0
HELIX-47,TRUE,FALSE,Major,23391866,270d17h44m26,1
HELIX-46,TRUE,FALSE,Major,23653229,273d18h20m29,1
HELIX-48,FALSE,FALSE,Major,23391927,270d17h45m27,1
HELIX-464,TRUE,FALSE,Major,9930,00d02h45m30,0
HELIX-465,TRUE,FALSE,Major,4713,00d01h18m33,0
HELIX-466,TRUE,FALSE,Major,9196,00d02h33m16,0
HELIX-305,FALSE,FALSE,Blocker,2729,00d00h45m29,0
HELIX-155,FALSE,FALSE,Major,168,00d00h02m48,0
HELIX-306,FALSE,FALSE,Major,1071,00d00h17m51,0
HELIX-150,FALSE,FALSE,Minor,261897,03d00h44m57,0
HELIX-151,FALSE,FALSE,Minor,605107,07d00h05m07,0
HELIX-153,TRUE,FALSE,Minor,2168811,25d02h26m51,0
HELIX-264,TRUE,FALSE,Critical,609855,07d01h24m15,0
HELIX-288,FALSE,FALSE,Major,1705,00d00h28m25,0
HELIX-521,TRUE,FALSE,Major,14960386,173d03h39m46,1
HELIX-30,TRUE,FALSE,Major,5196345,60d03h25m45,0
HELIX-216,FALSE,FALSE,Major,5100434,59d00h47m14,0
HELIX-257,TRUE,FALSE,Critical,1814903,21d00h08m23,0
HELIX-410,TRUE,FALSE,Major,162499,01d21h08m19,0
HELIX-412,FALSE,FALSE,Major,279,00d00h04m39,0
HELIX-414,FALSE,FALSE,Major,52182,00d14h29m42,0
HELIX-653,TRUE,FALSE,Major,9124,00d02h32m04,0
HELIX-650,TRUE,FALSE,Major,4746736,54d22h32m16,1
HELIX-657,TRUE,FALSE,Major,759573,08d18h59m33,0
HELIX-258,FALSE,FALSE,Critical,1539319,17d19h35m19,0
HELIX-537,FALSE,FALSE,Blocker,11571163,133d22h12m43,1
HELIX-631,TRUE,FALSE,Major,37408896,432d23h21m36,1
HELIX-633,TRUE,FALSE,Major,1316884,15d05h48m04,0
HELIX-635,TRUE,FALSE,Major,1921683,22d05h48m03,0
HELIX-634,TRUE,FALSE,Major,1316687,15d05h44m47,0
HELIX-637,TRUE,FALSE,Major,703574,08d03h26m14,0
HELIX-636,TRUE,FALSE,Major,600711,06d22h51m51,1
HELIX-25,TRUE,FALSE,Major,6121129,70d20h18m49,0
HELIX-24,FALSE,FALSE,Major,213,00d00h03m33,0
HELIX-129,TRUE,FALSE,Major,1003,00d00h16m43,0
HELIX-549,FALSE,FALSE,Blocker,10370397,120d00h39m57,1
HELIX-350,TRUE,FALSE,Critical,7413311,85d19h15m11,0
HELIX-622,TRUE,FALSE,Major,19949747,230d21h35m47,0
HELIX-648,TRUE,FALSE,Major,4823209,55d19h46m49,1
HELIX-649,FALSE,FALSE,Major,4747615,54d22h46m55,1
HELIX-132,TRUE,FALSE,Major,37389803,432d18h03m23,1
HELIX-133,FALSE,FALSE,Major,3631787,42d00h49m47,0
HELIX-646,FALSE,FALSE,Major,2064708,23d21h31m48,0
HELIX-131,TRUE,FALSE,Major,604254,06d23h50m54,0
HELIX-12,TRUE,FALSE,Major,5546314,64d04h38m34,1
HELIX-623,TRUE,FALSE,Major,19949395,230d21h29m55,0
HELIX-10,FALSE,FALSE,Major,339684,03d22h21m24,0
HELIX-15,TRUE,FALSE,Major,4317942,49d23h25m42,1
HELIX-7,TRUE,FALSE,Critical,16075792,186d01h29m52,0
HELIX-433,TRUE,FALSE,Major,66221,00d18h23m41,0
HELIX-430,TRUE,FALSE,Major,3286026,38d00h47m06,0
HELIX-618,TRUE,FALSE,Major,21432155,248d01h22m35,0
HELIX-616,TRUE,FALSE,Major,24187147,279d22h39m07,0
HELIX-615,TRUE,FALSE,Major,24188347,279d22h59m07,0
HELIX-614,TRUE,FALSE,Major,24188632,279d23h03m52,0
HELIX-613,FALSE,FALSE,Major,25286497,292d16h01m37,0
HELIX-199,FALSE,FALSE,Major,180688,02d02h11m28,0
HELIX-197,TRUE,FALSE,Major,246505,02d20h28m25,0
HELIX-583,TRUE,FALSE,Major,1714392,19d20h13m12,0
HELIX-429,FALSE,FALSE,Major,1501,00d00h25m01,0
HELIX-3,TRUE,FALSE,Blocker,115467,01d08h04m27,0
HELIX-6,TRUE,FALSE,Major,3043737,35d05h28m57,0
HELIX-584,FALSE,FALSE,Major,256235,02d23h10m35,0
HELIX-589,TRUE,FALSE,Major,808321,09d08h32m01,0
HELIX-423,TRUE,FALSE,Major,102498,01d04h28m18,0
ZOOKEEPER-2775,FALSE,FALSE,Critical,3344796,38d17h06m36,0
HELIX-87,FALSE,FALSE,Major,2181581,25d05h59m41,0
HELIX-221,FALSE,FALSE,Major,49952,00d13h52m32,0
HELIX-343,FALSE,FALSE,Major,4736957,54d19h49m17,0
HELIX-91,TRUE,FALSE,Major,1555682,18d00h08m02,0
HELIX-345,TRUE,FALSE,Major,6040244,69d21h50m44,0
HELIX-118,FALSE,FALSE,Major,3755,00d01h02m35,0
HELIX-119,FALSE,FALSE,Major,4108,00d01h08m28,0
HELIX-569,FALSE,FALSE,Trivial,2562950,29d15h55m50,0
HELIX-568,TRUE,FALSE,Major,57645007,667d04h30m07,0
HELIX-563,FALSE,FALSE,Major,4757263,55d01h27m43,1
HELIX-562,TRUE,FALSE,Critical,6126858,70d21h54m18,1
HELIX-518,TRUE,FALSE,Major,15565586,180d03h46m26,1
HELIX-75,FALSE,FALSE,Minor,372221,04d07h23m41,1
HELIX-76,FALSE,FALSE,Minor,342186,03d23h03m06,0
HELIX-591,TRUE,FALSE,Major,16852801,195d01h20m01,0
HELIX-592,FALSE,FALSE,Major,4337500,50d04h51m40,0
HELIX-453,TRUE,FALSE,Major,6632189,76d18h16m29,1
HELIX-299,FALSE,FALSE,Major,458,00d00h07m38,0
HELIX-298,FALSE,FALSE,Major,4103,00d01h08m23,0
HELIX-356,TRUE,FALSE,Major,2220,00d00h37m00,0
HELIX-519,TRUE,FALSE,Major,15563744,180d03h15m44,1
HELIX-514,TRUE,FALSE,Major,16418620,190d00h43m40,1
HELIX-292,TRUE,FALSE,Major,338482,03d22h01m22,0
HELIX-89,TRUE,FALSE,Major,1647234,19d01h33m54,0
HELIX-512,TRUE,FALSE,Major,17272059,199d21h47m39,1
HELIX-600,FALSE,FALSE,Major,13080175,151d09h22m55,0
HELIX-578,TRUE,FALSE,Critical,318910,03d16h35m10,0
HELIX-676,TRUE,FALSE,Major,3994628,46d05h37m08,0
HELIX-673,FALSE,FALSE,Major,64113,00d17h48m33,0
HELIX-572,TRUE,FALSE,Critical,689569,07d23h32m49,0
HELIX-574,TRUE,FALSE,Major,502319,05d19h31m59,1
HELIX-575,TRUE,FALSE,Major,397728,04d14h28m48,1
HELIX-448,FALSE,FALSE,Major,3441,00d00h57m21,0
HELIX-445,TRUE,FALSE,Major,1267635,14d16h07m15,0
HELIX-443,TRUE,FALSE,Major,1986061,22d23h41m01,0
HELIX-363,FALSE,FALSE,Major,73405,00d20h23m25,0
HELIX-280,TRUE,FALSE,Major,378700,04d09h11m40,0
HELIX-281,TRUE,FALSE,Critical,7696523,89d01h55m23,0
HELIX-380,TRUE,FALSE,Major,2384116,27d14h15m16,0
HELIX-383,FALSE,FALSE,Major,404180,04d16h16m20,0
HELIX-382,TRUE,FALSE,Major,49167,00d13h39m27,0
HELIX-547,FALSE,FALSE,Major,10779603,124d18h20m03,0
HELIX-543,TRUE,FALSE,Minor,61915509,716d14h45m09,0
HELIX-541,TRUE,FALSE,Major,11144005,128d23h33m25,1
HELIX-59,TRUE,FALSE,Major,1221673,14d03h21m13,0
HELIX-57,TRUE,FALSE,Major,1260740,14d14h12m20,0
HELIX-55,FALSE,FALSE,Major,1353026,15d15h50m26,0
HELIX-50,TRUE,FALSE,Major,2398781,27d18h19m41,0
HELIX-472,FALSE,FALSE,Major,86598,01d00h03m18,0
HELIX-148,FALSE,FALSE,Minor,262570,03d00h56m10,0
HELIX-141,TRUE,FALSE,Major,547722,06d08h08m42,0
HELIX-140,TRUE,FALSE,Major,258,00d00h04m18,0
HELIX-147,FALSE,FALSE,Major,1132885,13d02h41m25,0
HELIX-144,TRUE,FALSE,Major,7407466,85d17h37m46,0
HELIX-279,TRUE,FALSE,Major,1726409,19d23h33m29,0
