BugID, #isArch, #isInduce, #Priority, #TimeSec, #Time, #Reopen
JCR-3063,TRUE,FALSE,Major,2949295,34d03h14m55,1
JCR-3065,FALSE,FALSE,Minor,10538,00d02h55m38,0
JCR-3711,FALSE,FALSE,Minor,18497,00d05h08m17,0
JCR-3710,FALSE,FALSE,Minor,5261,00d01h27m41,0
JCR-3247,FALSE,FALSE,Minor,1646,00d00h27m26,0
JCR-3719,FALSE,FALSE,Major,113,00d00h01m53,0
JCR-3718,TRUE,FALSE,Major,4983,00d01h23m03,0
JCR-210,FALSE,FALSE,Minor,143067,01d15h44m27,0
JCR-211,FALSE,FALSE,Minor,30977,00d08h36m17,0
JCR-214,FALSE,FALSE,Major,3694,00d01h01m34,0
JCR-216,TRUE,FALSE,Major,39066,00d10h51m06,0
JCR-3399,FALSE,FALSE,Major,324041,03d18h00m41,0
JCR-3398,FALSE,FALSE,Major,33177913,384d00h05m13,0
JCR-2600,FALSE,FALSE,Trivial,1508,00d00h25m08,0
JCR-3390,TRUE,TRUE,Major,53536,00d14h52m16,0
JCR-945,FALSE,FALSE,Minor,324,00d00h05m24,0
JCR-3665,TRUE,FALSE,Major,181183,02d02h19m43,0
JCR-1450,FALSE,FALSE,Trivial,5354763,61d23h26m03,0
JCR-2531,FALSE,FALSE,Major,124,00d00h02m04,0
JCR-2820,FALSE,FALSE,Major,422732,04d21h25m32,0
JCR-2821,TRUE,FALSE,Minor,92621,01d01h43m41,0
JCR-2826,TRUE,FALSE,Major,1022,00d00h17m02,1
JCR-2536,TRUE,FALSE,Major,693024,08d00h30m24,0
JCR-2537,FALSE,FALSE,Major,73,00d00h01m13,0
JCR-2539,TRUE,FALSE,Minor,53232930,616d02h55m30,0
JCR-2828,FALSE,FALSE,Major,142,00d00h02m22,0
JCR-2829,FALSE,FALSE,Major,481,00d00h08m01,1
JCR-2282,FALSE,FALSE,Minor,350476,04d01h21m16,0
JCR-2283,FALSE,FALSE,Minor,16880,00d04h41m20,0
JCR-1457,FALSE,FALSE,Critical,72495451,839d01h37m31,0
JCR-3805,TRUE,FALSE,Major,1271354,14d17h09m14,0
JCR-3809,TRUE,FALSE,Major,8793,00d02h26m33,0
JCR-2138,TRUE,FALSE,Major,1552045,17d23h07m25,0
JCR-508,FALSE,FALSE,Major,570645,06d14h30m45,0
JCR-504,FALSE,FALSE,Major,568700,06d13h58m20,0
JCR-505,FALSE,FALSE,Major,569228,06d14h07m08,0
JCR-507,FALSE,FALSE,Major,570514,06d14h28m34,0
JCR-500,FALSE,FALSE,Major,565940,06d13h12m20,0
JCR-501,FALSE,FALSE,Major,565947,06d13h12m27,0
JCR-502,FALSE,FALSE,Major,643005,07d10h36m45,0
JCR-503,FALSE,FALSE,Major,643216,07d10h40m16,0
JCR-3483,FALSE,FALSE,Critical,916,00d00h15m16,0
JCR-3482,FALSE,FALSE,Minor,3278,00d00h54m38,0
JCR-3486,FALSE,FALSE,Major,6748,00d01h52m28,0
JCR-3485,FALSE,FALSE,Major,3379900,39d02h51m40,0
JCR-2627,TRUE,FALSE,Major,252580,02d22h09m40,1
JCR-2621,TRUE,FALSE,Major,518339,05d23h58m59,0
JCR-2755,FALSE,FALSE,Minor,3609,00d01h00m09,0
JCR-2752,FALSE,FALSE,Minor,492,00d00h08m12,0
JCR-2753,TRUE,FALSE,Major,708,00d00h11m48,0
JCR-2758,FALSE,FALSE,Major,174,00d00h02m54,0
JCR-3937,FALSE,TRUE,Major,407134,04d17h05m34,0
JCR-3934,FALSE,TRUE,Minor,110162,01d06h36m02,0
JCR-439,FALSE,FALSE,Major,239064,02d18h24m24,0
JCR-434,FALSE,FALSE,Minor,146073,01d16h34m33,0
JCR-436,FALSE,FALSE,Major,1120025,12d23h07m05,0
JCR-437,FALSE,FALSE,Major,244,00d00h04m04,0
JCR-1634,TRUE,FALSE,Major,30676131,355d01h08m51,1
JCR-1632,TRUE,FALSE,Major,4761681,55d02h41m21,0
JCR-1633,FALSE,FALSE,Major,29863791,345d15h29m51,0
JCR-1630,FALSE,FALSE,Blocker,10127416,117d05h10m16,0
JCR-1638,TRUE,FALSE,Major,10449133,120d22h32m13,0
JCR-1120,FALSE,FALSE,Minor,1258,00d00h20m58,0
JCR-1121,FALSE,FALSE,Major,493,00d00h08m13,0
JCR-720,FALSE,FALSE,Major,17636,00d04h53m56,0
JCR-1127,FALSE,FALSE,Major,2162380,25d00h39m40,0
JCR-722,FALSE,FALSE,Major,100623,01d03h57m03,0
JCR-1128,FALSE,FALSE,Minor,4855,00d01h20m55,0
JCR-1708,FALSE,FALSE,Minor,2501552,28d22h52m32,0
JCR-3095,TRUE,FALSE,Major,3296,00d00h54m56,0
JCR-1703,FALSE,FALSE,Major,4234183,49d00h09m43,0
JCR-1701,FALSE,FALSE,Critical,35581,00d09h53m01,0
JCR-1254,FALSE,FALSE,Major,2555,00d00h42m35,0
JCR-1704,FALSE,FALSE,Major,20029,00d05h33m49,0
JCR-3850,FALSE,FALSE,Major,3019362,34d22h42m42,0
JCR-1385,FALSE,FALSE,Major,2277942,26d08h45m42,0
JCR-1380,TRUE,FALSE,Major,251603,02d21h53m23,0
JCR-1381,FALSE,FALSE,Major,2337202,27d01h13m22,0
JCR-1389,TRUE,FALSE,Minor,5850,00d01h37m30,0
JCR-4110,FALSE,FALSE,Major,519527,06d00h18m47,1
JCR-980,FALSE,FALSE,Minor,86,00d00h01m26,0
JCR-981,TRUE,FALSE,Minor,777879,09d00h04m39,0
JCR-1414,TRUE,FALSE,Major,797805,09d05h36m45,0
JCR-1415,FALSE,FALSE,Minor,40443,00d11h14m03,0
JCR-4118,TRUE,FALSE,Major,51659,00d14h20m59,0
JCR-858,FALSE,FALSE,Minor,507,00d00h08m27,0
JCR-859,TRUE,FALSE,Minor,76,00d00h01m16,0
JCR-856,FALSE,FALSE,Minor,288,00d00h04m48,0
JCR-181,TRUE,FALSE,Major,747300,08d15h35m00,0
JCR-187,TRUE,FALSE,Major,4749642,54d23h20m42,0
JCR-4022,FALSE,FALSE,Minor,108723,01d06h12m03,0
JCR-4027,FALSE,FALSE,Minor,1205988,13d22h59m48,0
JCR-3014,TRUE,FALSE,Major,736577,08d12h36m17,1
JCR-3015,FALSE,FALSE,Minor,4468,00d01h14m28,0
JCR-3016,TRUE,FALSE,Major,186653,02d03h50m53,0
JCR-3017,TRUE,FALSE,Minor,7851622,90d21h00m22,0
JCR-3013,FALSE,FALSE,Major,3075,00d00h51m15,0
JCR-3726,FALSE,TRUE,Major,352,00d00h05m52,0
JCR-3235,FALSE,FALSE,Major,71334396,825d15h06m36,0
JCR-3724,FALSE,FALSE,Minor,335,00d00h05m35,0
JCR-3721,FALSE,FALSE,Major,697901,08d01h51m41,0
JCR-3728,FALSE,FALSE,Trivial,147,00d00h02m27,0
JCR-228,FALSE,FALSE,Minor,362,00d00h06m02,0
JCR-226,TRUE,FALSE,Major,4150133,48d00h48m53,0
JCR-221,TRUE,FALSE,Blocker,872580,10d02h23m00,1
JCR-3652,TRUE,FALSE,Major,599294,06d22h28m14,0
JCR-3653,FALSE,FALSE,Minor,45,00d00h00m45,0
JCR-11,TRUE,FALSE,Major,9743,00d02h42m23,0
JCR-10,FALSE,FALSE,Major,252847,02d22h14m07,0
JCR-3656,FALSE,FALSE,Trivial,18059,00d05h00m59,0
JCR-16,TRUE,FALSE,Major,63294,00d17h34m54,0
JCR-3126,FALSE,FALSE,Major,67219,00d18h40m19,0
JCR-14,FALSE,FALSE,Major,77644,00d21h34m04,0
JCR-3128,FALSE,FALSE,Major,11779,00d03h16m19,0
JCR-3658,TRUE,FALSE,Minor,560957,06d11h49m17,0
JCR-18,FALSE,FALSE,Major,82722848,957d10h34m08,1
JCR-2523,TRUE,FALSE,Major,23244458,269d00h47m38,0
JCR-2522,FALSE,FALSE,Major,111,00d00h01m51,0
JCR-2293,TRUE,FALSE,Major,2695530,31d04h45m30,0
JCR-3839,FALSE,FALSE,Minor,76866,00d21h21m06,0
JCR-2527,TRUE,FALSE,Major,70730,00d19h38m50,0
JCR-2294,FALSE,FALSE,Major,20283,00d05h38m03,0
JCR-2297,TRUE,FALSE,Minor,1982,00d00h33m02,0
JCR-2832,FALSE,FALSE,Minor,3642504,42d03h48m24,0
JCR-2299,FALSE,FALSE,Minor,20970,00d05h49m30,0
JCR-2298,FALSE,FALSE,Major,36926398,427d09h19m58,0
JCR-2529,FALSE,FALSE,Major,1829,00d00h30m29,0
JCR-2528,TRUE,FALSE,Major,116217,01d08h16m57,0
JCR-3345,FALSE,TRUE,Major,1633668,18d21h47m48,0
JCR-3346,TRUE,FALSE,Minor,2120,00d00h35m20,0
JCR-539,TRUE,FALSE,Major,479,00d00h07m59,0
JCR-531,FALSE,FALSE,Major,217051,02d12h17m31,0
JCR-533,FALSE,FALSE,Major,199039,02d07h17m19,0
JCR-532,FALSE,FALSE,Minor,201,00d00h03m21,0
JCR-536,FALSE,FALSE,Minor,9937,00d02h45m37,0
JCR-2636,FALSE,FALSE,Minor,341,00d00h05m41,0
JCR-2633,TRUE,FALSE,Critical,176535553,2043d05h39m13,0
JCR-2632,TRUE,FALSE,Major,1810868,20d23h01m08,0
JCR-2630,TRUE,FALSE,Major,342353,03d23h05m53,0
JCR-2747,FALSE,FALSE,Major,1312,00d00h21m52,0
JCR-2746,TRUE,FALSE,Major,619422,07d04h03m42,0
JCR-2743,TRUE,FALSE,Major,3471,00d00h57m51,0
JCR-3909,TRUE,FALSE,Major,2427393,28d02h16m33,0
JCR-3902,TRUE,FALSE,Major,345964,04d00h06m04,0
JCR-3901,TRUE,TRUE,Major,56061992,648d20h46m32,0
JCR-405,TRUE,FALSE,Minor,771451,08d22h17m31,0
JCR-1503,TRUE,FALSE,Minor,2344704,27d03h18m24,1
JCR-408,FALSE,FALSE,Minor,574,00d00h09m34,0
JCR-711,TRUE,FALSE,Minor,129,00d00h02m09,0
JCR-710,FALSE,FALSE,Minor,3345,00d00h55m45,0
JCR-713,FALSE,FALSE,Major,10250,00d02h50m50,0
JCR-715,FALSE,FALSE,Minor,6900,00d01h55m00,0
JCR-714,TRUE,FALSE,Minor,77842659,900d22h57m39,0
JCR-1133,FALSE,FALSE,Major,1075,00d00h17m55,0
JCR-719,FALSE,FALSE,Minor,433,00d00h07m13,0
JCR-718,TRUE,FALSE,Major,1817426,21d00h50m26,0
JCR-1029,FALSE,FALSE,Minor,66623,00d18h30m23,0
JCR-1714,FALSE,FALSE,Major,347886,04d00h38m06,0
JCR-1240,FALSE,FALSE,Major,204,00d00h03m24,0
JCR-1246,FALSE,FALSE,Major,51249,00d14h14m09,0
JCR-1245,TRUE,FALSE,Minor,114,00d00h01m54,0
JCR-1399,TRUE,FALSE,Major,530527,06d03h22m07,0
JCR-1398,FALSE,FALSE,Minor,1023165,11d20h12m45,0
JCR-1392,FALSE,FALSE,Minor,221117,02d13h25m17,0
JCR-1396,FALSE,FALSE,Major,172453,01d23h54m13,0
JCR-2774,TRUE,FALSE,Major,30521194,353d06h06m34,0
JCR-1623,FALSE,FALSE,Trivial,1765,00d00h29m25,0
JCR-1622,TRUE,FALSE,Minor,928,00d00h15m28,0
JCR-4102,FALSE,FALSE,Minor,77111,00d21h25m11,0
JCR-1406,FALSE,TRUE,Major,99681,01d03h41m21,0
JCR-1408,FALSE,FALSE,Major,51821,00d14h23m41,0
JCR-4291,FALSE,FALSE,Trivial,5213,00d01h26m53,0
JCR-885,FALSE,FALSE,Major,2416082,27d23h08m02,0
JCR-884,TRUE,FALSE,Major,9246755,107d00h32m35,1
JCR-886,FALSE,FALSE,Minor,116,00d00h01m56,0
JCR-4033,FALSE,FALSE,Minor,2420349,28d00h19m09,0
JCR-888,FALSE,FALSE,Major,97968199,1133d21h23m19,1
JCR-4031,FALSE,FALSE,Trivial,6313,00d01h45m13,0
JCR-2532,FALSE,FALSE,Major,1947,00d00h32m27,0
JCR-2534,FALSE,FALSE,Major,287,00d00h04m47,0
JCR-2824,FALSE,FALSE,Major,2422,00d00h40m22,0
JCR-2289,TRUE,FALSE,Major,32844,00d09h07m24,0
JCR-2287,FALSE,FALSE,Minor,114187,01d07h43m07,0
JCR-2129,TRUE,FALSE,Critical,1957064,22d15h37m44,0
JCR-155,TRUE,FALSE,Major,5956104,68d22h28m24,0
JCR-3009,FALSE,FALSE,Minor,4222,00d01h10m22,0
JCR-150,FALSE,FALSE,Major,9101,00d02h31m41,0
JCR-3007,FALSE,FALSE,Major,2216,00d00h36m56,0
JCR-3003,FALSE,FALSE,Major,6924240,80d03h24m00,0
JCR-159,TRUE,FALSE,Major,122844,01d10h07m24,1
JCR-3000,TRUE,FALSE,Major,1773390,20d12h36m30,1
JCR-3227,FALSE,FALSE,Minor,74434,00d20h40m34,0
JCR-3225,FALSE,FALSE,Major,61489,00d17h04m49,0
JCR-3224,TRUE,FALSE,Major,4744,00d01h19m04,0
JCR-3223,FALSE,FALSE,Major,413,00d00h06m53,0
JCR-3220,TRUE,FALSE,Major,5412,00d01h30m12,0
JCR-3228,FALSE,FALSE,Minor,45971314,532d01h48m34,0
JCR-238,TRUE,FALSE,Minor,670256,07d18h10m56,0
JCR-232,TRUE,FALSE,Major,71599,00d19h53m19,0
JCR-233,FALSE,FALSE,Major,744666,08d14h51m06,0
JCR-230,FALSE,FALSE,Minor,3867823,44d18h23m43,0
JCR-231,TRUE,FALSE,Minor,46789,00d12h59m49,0
JCR-237,FALSE,TRUE,Major,1018,00d00h16m58,0
JCR-234,TRUE,FALSE,Major,637,00d00h10m37,0
JCR-3645,FALSE,FALSE,Major,771216,08d22h13m36,0
JCR-3131,FALSE,FALSE,Minor,437429,05d01h30m29,0
JCR-3640,FALSE,FALSE,Major,171678859,1987d00h34m19,0
FELIX-2492,FALSE,FALSE,Major,27045944,313d00h45m44,0
JCR-3642,FALSE,FALSE,Minor,1768,00d00h29m28,0
JCR-3139,FALSE,FALSE,Major,2863,00d00h47m43,0
JCR-2515,FALSE,FALSE,Major,62016,00d17h13m36,0
JCR-2511,TRUE,FALSE,Minor,810353,09d09h05m53,0
JCR-3353,FALSE,FALSE,Minor,514,00d00h08m34,0
JCR-3821,FALSE,FALSE,Major,409,00d00h06m49,0
JCR-3355,FALSE,FALSE,Major,2352,00d00h39m12,0
JCR-3354,TRUE,FALSE,Major,450508,05d05h08m28,0
JCR-526,FALSE,FALSE,Major,243407,02d19h36m47,0
JCR-527,FALSE,FALSE,Major,243851,02d19h44m11,0
JCR-524,FALSE,FALSE,Major,231963,02d16h26m03,0
JCR-525,FALSE,FALSE,Major,237567,02d17h59m27,0
JCR-528,TRUE,FALSE,Major,245065,02d20h04m25,0
JCR-529,FALSE,FALSE,Major,12015374,139d01h36m14,1
JCR-2192,TRUE,FALSE,Major,2653072,30d16h57m52,0
JCR-2193,FALSE,FALSE,Major,1097020,12d16h43m40,0
JCR-4005,FALSE,FALSE,Minor,65106,00d18h05m06,0
JCR-1651,FALSE,FALSE,Major,10942,00d03h02m22,0
JCR-2603,FALSE,FALSE,Major,9455,00d02h37m35,0
JCR-2352,FALSE,FALSE,Minor,38,00d00h00m38,0
JCR-2354,FALSE,FALSE,Minor,90,00d00h01m30,0
JCR-2356,FALSE,FALSE,Major,158789,01d20h06m29,0
JCR-2178,TRUE,FALSE,Minor,5417,00d01h30m17,0
JCR-4002,TRUE,TRUE,Blocker,424379,04d21h52m59,1
JCR-2170,TRUE,FALSE,Major,7369198,85d06h59m58,0
JCR-2171,TRUE,FALSE,Major,1151324,13d07h48m44,0
JCR-2176,FALSE,FALSE,Major,125,00d00h02m05,0
JCR-2177,TRUE,FALSE,Major,1363,00d00h22m43,0
JCR-3913,FALSE,FALSE,Major,31899374,369d04h56m14,0
JCR-2999,TRUE,FALSE,Major,105955,01d05h25m55,0
JCR-3915,FALSE,FALSE,Major,2233,00d00h37m13,0
JCR-3918,FALSE,TRUE,Major,86803,01d00h06m43,0
JCR-2991,FALSE,FALSE,Major,71736,00d19h55m36,0
JCR-2996,FALSE,FALSE,Major,17130,00d04h45m30,0
JCR-412,FALSE,FALSE,Minor,4394253,50d20h37m33,0
JCR-413,FALSE,FALSE,Minor,26098730,302d01h38m50,1
JCR-411,TRUE,FALSE,Major,246621,02d20h30m21,0
JCR-414,TRUE,FALSE,Major,3781825,43d18h30m25,0
JCR-2237,TRUE,FALSE,Minor,175445,02d00h44m05,0
JCR-2236,FALSE,FALSE,Minor,4144,00d01h09m04,0
JCR-1099,FALSE,FALSE,Major,4614038,53d09h40m38,0
JCR-1092,FALSE,FALSE,Major,167389,01d22h29m49,0
JCR-1090,FALSE,FALSE,Minor,14476,00d04h01m16,0
JCR-1095,TRUE,FALSE,Major,8071,00d02h14m31,1
JCR-806,FALSE,FALSE,Minor,72,00d00h01m12,0
JCR-2778,TRUE,FALSE,Major,8071,00d02h14m31,0
JCR-708,FALSE,FALSE,Minor,746,00d00h12m26,0
JCR-707,FALSE,FALSE,Major,195201,02d06h13m21,0
JCR-2770,FALSE,FALSE,Minor,609872,07d01h24m32,0
JCR-705,FALSE,FALSE,Minor,119,00d00h01m59,0
JCR-700,FALSE,FALSE,Minor,1323,00d00h22m03,0
JCR-1277,FALSE,FALSE,Trivial,154293,01d18h51m33,0
JCR-1275,FALSE,FALSE,Minor,6633646,76d18h40m46,0
JCR-1272,TRUE,FALSE,Minor,417303,04d19h55m03,0
JCR-1270,FALSE,FALSE,Major,90,00d00h01m30,0
JCR-1271,TRUE,FALSE,Minor,422306,04d21h18m26,0
JCR-1879,FALSE,FALSE,Minor,14370,00d03h59m30,0
JCR-1658,TRUE,FALSE,Major,1562190,18d01h56m30,0
JCR-1657,FALSE,FALSE,Major,680172,07d20h56m12,0
JCR-1650,FALSE,FALSE,Major,3066,00d00h51m06,0
JCR-1875,TRUE,FALSE,Major,4132244,47d19h50m44,0
JCR-1653,TRUE,FALSE,Major,1536589,17d18h49m49,0
JCR-2288,FALSE,TRUE,Major,1220364,14d02h59m24,0
JCR-4133,FALSE,TRUE,Minor,780,00d00h13m00,0
JCR-1474,FALSE,FALSE,Major,3092192,35d18h56m32,0
JCR-1475,TRUE,FALSE,Minor,267570,03d02h19m30,0
JCR-1476,TRUE,FALSE,Minor,331029,03d19h57m09,0
JCR-3343,FALSE,FALSE,Major,5189,00d01h26m29,0
JCR-4008,FALSE,FALSE,Major,918355,10d15h05m55,0
JCR-4009,TRUE,FALSE,Blocker,88043,01d00h27m23,0
JCR-4006,FALSE,FALSE,Minor,2667,00d00h44m27,0
JCR-4007,FALSE,FALSE,Major,6935824,80d06h37m04,0
JCR-1502,TRUE,FALSE,Major,5164,00d01h26m04,0
JCR-895,TRUE,FALSE,Major,522,00d00h08m42,0
JCR-892,FALSE,FALSE,Minor,2072202,23d23h36m42,0
JCR-893,FALSE,FALSE,Minor,461,00d00h07m41,0
JCR-933,TRUE,FALSE,Critical,597720,06d22h02m00,0
JCR-2940,TRUE,FALSE,Major,303,00d00h05m03,0
JCR-144,FALSE,FALSE,Minor,1638304,18d23h05m04,0
JCR-146,FALSE,FALSE,Minor,84736,00d23h32m16,0
JCR-140,FALSE,FALSE,Major,29162620,337d12h43m40,0
JCR-143,FALSE,FALSE,Minor,3269,00d00h54m29,0
JCR-3582,FALSE,FALSE,Trivial,13169708,152d10h15m08,0
JCR-3581,FALSE,FALSE,Major,843675,09d18h21m15,0
JCR-4211,FALSE,TRUE,Major,582465,06d17h47m45,0
JCR-3105,TRUE,FALSE,Major,63150,00d17h32m30,0
JCR-3101,TRUE,FALSE,Major,273465,03d03h57m45,0
JCR-3108,FALSE,FALSE,Minor,666,00d00h11m06,0
JCR-3368,FALSE,FALSE,Major,59519065,688d21h04m25,0
JCR-3367,FALSE,FALSE,Minor,756020,08d18h00m20,0
JCR-3364,TRUE,FALSE,Major,41746299,483d04h11m39,0
JCR-3363,FALSE,FALSE,Major,134,00d00h02m14,0
OAK-2441,TRUE,FALSE,Major,3575,00d00h59m35,0
JCR-553,FALSE,FALSE,Major,28025,00d07h47m05,0
JCR-897,FALSE,FALSE,Minor,266870,03d02h07m50,0
JCR-3697,TRUE,FALSE,Major,23881,00d06h38m01,0
JCR-3692,FALSE,FALSE,Minor,25214,00d07h00m14,0
JCR-3693,FALSE,FALSE,Major,47767726,552d20h48m46,0
JCR-3691,TRUE,FALSE,Minor,3024,00d00h50m24,0
JCR-395,FALSE,FALSE,Major,3551,00d00h59m11,0
JCR-396,FALSE,FALSE,Major,1277,00d00h21m17,0
JCR-391,FALSE,FALSE,Minor,246861,02d20h34m21,0
JCR-393,FALSE,FALSE,Trivial,54343,00d15h05m43,0
JCR-2182,TRUE,FALSE,Major,159,00d00h02m39,0
JCR-1504,FALSE,FALSE,Major,95503,01d02h31m43,0
JCR-2617,TRUE,FALSE,Minor,3462656,40d01h50m56,0
JCR-2340,FALSE,FALSE,Major,399540,04d14h59m00,0
JCR-2611,FALSE,FALSE,Major,7989,00d02h13m09,0
JCR-2346,FALSE,FALSE,Major,1486,00d00h24m46,0
JCR-2613,TRUE,FALSE,Major,176722,02d01h05m22,0
JCR-2344,TRUE,FALSE,Major,17170616,198d17h36m56,0
JCR-3210,FALSE,FALSE,Minor,2110,00d00h35m10,0
JCR-3216,FALSE,FALSE,Minor,1608,00d00h26m48,0
JCR-3214,TRUE,FALSE,Major,357483,04d03h18m03,0
JCR-3743,FALSE,FALSE,Minor,855051,09d21h30m51,0
JCR-2169,FALSE,FALSE,Major,1224007,14d04h00m07,0
JCR-2168,TRUE,FALSE,Major,597097,06d21h51m37,0
JCR-2162,FALSE,FALSE,Major,5891141,68d04h25m41,0
JCR-2167,FALSE,FALSE,Major,867,00d00h14m27,0
JCR-2165,FALSE,FALSE,Major,1544,00d00h25m44,0
JCR-3965,FALSE,FALSE,Major,1252,00d00h20m52,0
JCR-1886,FALSE,FALSE,Major,12366951,143d03h15m51,1
JCR-1881,FALSE,FALSE,Minor,414,00d00h06m54,0
JCR-1880,FALSE,FALSE,Minor,154312704,1786d00h38m24,0
JCR-1883,TRUE,FALSE,Minor,1119797,12d23h03m17,0
JCR-2984,FALSE,FALSE,Major,4226,00d01h10m26,0
JCR-1889,TRUE,FALSE,Major,4104915,47d12h15m15,0
JCR-2980,TRUE,FALSE,Major,742557,08d14h15m57,1
JCR-2508,FALSE,FALSE,Major,107,00d00h01m47,0
JCR-2503,TRUE,FALSE,Critical,7327283,84d19h21m23,0
JCR-2048,TRUE,FALSE,Minor,336489,03d21h28m09,0
JCR-2507,TRUE,FALSE,Major,1134,00d00h18m54,0
JCR-1088,FALSE,FALSE,Trivial,1903,00d00h31m43,0
JCR-1086,TRUE,FALSE,Major,5279326,61d02h28m46,0
JCR-1081,FALSE,FALSE,Minor,1976,00d00h32m56,0
JCR-1083,FALSE,FALSE,Major,93055,01d01h50m55,0
JCR-1082,TRUE,FALSE,Major,498070,05d18h21m10,0
JCR-778,FALSE,FALSE,Major,4344956,50d06h55m56,0
JCR-773,FALSE,FALSE,Major,137,00d00h02m17,0
JCR-2764,TRUE,FALSE,Minor,418439,04d20h13m59,0
JCR-2767,FALSE,FALSE,Major,37339,00d10h22m19,0
JCR-775,FALSE,FALSE,Trivial,606721,07d00h32m01,0
JCR-774,FALSE,FALSE,Minor,10885654,125d23h47m34,0
JCR-1265,FALSE,FALSE,Major,3954,00d01h05m54,0
JCR-1264,FALSE,FALSE,Major,182,00d00h03m02,0
JCR-3267,TRUE,FALSE,Major,7485783,86d15h23m03,0
JCR-606,FALSE,FALSE,Major,439037,05d01h57m17,1
JCR-605,TRUE,FALSE,Minor,447518,05d04h18m38,1
JCR-1868,TRUE,FALSE,Major,159344,01d20h15m44,0
JCR-603,TRUE,FALSE,Major,631335,07d07h22m15,0
JCR-602,TRUE,FALSE,Minor,424344,04d21h52m24,1
JCR-600,TRUE,FALSE,Minor,605934,07d00h18m54,1
JCR-1647,TRUE,FALSE,Major,583039,06d17h57m19,0
JCR-1862,TRUE,FALSE,Major,68410,00d19h00m10,0
JCR-1644,FALSE,FALSE,Minor,4251339,49d04h55m39,0
JCR-1866,FALSE,FALSE,Major,286,00d00h04m46,0
JCR-4121,FALSE,FALSE,Minor,95814,01d02h36m54,0
JCR-4120,FALSE,TRUE,Minor,52898632,612d06h03m52,0
JCR-951,FALSE,FALSE,Minor,77121,00d21h25m21,0
JCR-950,FALSE,FALSE,Major,151199,01d17h59m59,0
JCR-1466,FALSE,FALSE,Major,1252,00d00h20m52,0
JCR-1461,FALSE,FALSE,Critical,609341,07d01h15m41,0
JCR-1460,FALSE,FALSE,Minor,1648683,19d01h58m03,1
JCR-1468,FALSE,FALSE,Minor,1188,00d00h19m48,0
JCR-1825,TRUE,FALSE,Major,624913,07d05h35m13,0
JCR-727,FALSE,FALSE,Trivial,478,00d00h07m58,0
JCR-721,FALSE,FALSE,Major,1576766,18d05h59m26,0
JCR-1519,FALSE,FALSE,Minor,235929,02d17h32m09,0
JCR-1518,FALSE,FALSE,Major,591544,06d20h19m04,0
JCR-4015,FALSE,FALSE,Major,169445,01d23h04m05,1
JCR-1512,FALSE,FALSE,Minor,20438,00d05h40m38,0
JCR-1515,FALSE,FALSE,Major,1730456,20d00h40m56,0
JCR-1514,FALSE,FALSE,Trivial,1653,00d00h27m33,0
JCR-1044,FALSE,FALSE,Major,672048,07d18h40m48,0
JCR-1829,FALSE,FALSE,Minor,45787,00d12h43m07,0
JCR-375,FALSE,FALSE,Minor,34926,00d09h42m06,1
JCR-2367,TRUE,FALSE,Major,81798,00d22h43m18,0
JCR-2866,FALSE,FALSE,Major,17265,00d04h47m45,0
JCR-894,FALSE,FALSE,Major,166772,01d22h19m32,0
JCR-1706,FALSE,FALSE,Major,567951,06d13h45m51,1
JCR-171,TRUE,FALSE,Minor,50582,00d14h03m02,0
JCR-3024,TRUE,FALSE,Major,926,00d00h15m26,0
JCR-173,FALSE,FALSE,Major,483,00d00h08m03,0
JCR-176,FALSE,FALSE,Minor,943258,10d22h00m58,0
JCR-3595,FALSE,FALSE,Minor,3767,00d01h02m47,0
JCR-3948,TRUE,TRUE,Blocker,80961,00d22h29m21,0
JCR-2410,TRUE,FALSE,Major,825,00d00h13m45,0
JCR-3111,TRUE,FALSE,Major,107005,01d05h43m25,0
JCR-3110,FALSE,FALSE,Major,1093840,12d15h50m40,0
JCR-3112,FALSE,FALSE,Major,12541,00d03h29m01,0
JCR-3115,TRUE,TRUE,Minor,351392,04d01h36m32,0
JCR-3116,FALSE,FALSE,Trivial,1406279,16d06h37m59,0
JCR-3373,FALSE,FALSE,Major,13209,00d03h40m09,0
JCR-3374,FALSE,FALSE,Minor,85008,00d23h36m48,0
JCR-3377,FALSE,FALSE,Major,1545,00d00h25m45,0
JCR-3379,TRUE,FALSE,Major,159936,01d20h25m36,0
JCR-3378,FALSE,FALSE,Major,609615,07d01h20m15,0
JCR-540,FALSE,FALSE,Minor,84793,00d23h33m13,0
JCR-541,FALSE,FALSE,Minor,63358,00d17h35m58,0
JCR-3682,FALSE,FALSE,Major,1035157,11d23h32m37,1
JCR-544,TRUE,FALSE,Major,10126005,117d04h46m45,0
JCR-546,TRUE,TRUE,Major,8151564,94d08h19m24,0
JCR-547,FALSE,FALSE,Minor,3573,00d00h59m33,0
JCR-549,FALSE,FALSE,Minor,19022342,220d03h59m02,1
JCR-382,FALSE,FALSE,Major,62345,00d17h19m05,0
JCR-386,FALSE,FALSE,Minor,65225,00d18h07m05,0
JCR-387,FALSE,FALSE,Minor,40699042,471d01h17m22,0
JCR-384,TRUE,FALSE,Major,1838,00d00h30m38,0
JCR-385,FALSE,FALSE,Minor,36902341,427d02h39m01,0
JCR-2370,FALSE,FALSE,Minor,351,00d00h05m51,0
JCR-2371,FALSE,FALSE,Major,3218,00d00h53m38,0
JCR-3205,TRUE,FALSE,Major,36888,00d10h14m48,0
JCR-3751,FALSE,FALSE,Major,1110,00d00h18m30,0
JCR-2379,FALSE,FALSE,Major,147916,01d17h05m16,0
JCR-2401,FALSE,FALSE,Minor,178709,02d01h38m29,0
JCR-2405,FALSE,FALSE,Major,88588,01d00h36m28,0
JCR-2159,FALSE,TRUE,Blocker,3015743,34d21h42m23,0
JCR-2408,FALSE,FALSE,Major,3733913,43d05h11m53,1
JCR-2157,FALSE,FALSE,Minor,1983727,22d23h02m07,0
JCR-2155,FALSE,FALSE,Major,2529,00d00h42m09,0
JCR-2973,FALSE,FALSE,Major,122,00d00h02m02,0
JCR-3783,TRUE,FALSE,Major,11275,00d03h07m55,0
JCR-2084,FALSE,FALSE,Major,5894,00d01h38m14,0
JCR-2080,FALSE,FALSE,Major,324,00d00h05m24,0
JCR-2081,TRUE,FALSE,Critical,13360,00d03h42m40,0
JCR-2082,FALSE,FALSE,Major,6799797,78d16h49m57,0
JCR-2083,TRUE,FALSE,Minor,69167,00d19h12m47,0
JCR-2579,FALSE,FALSE,Major,7439187,86d02h26m27,0
JCR-2574,FALSE,FALSE,Minor,4556,00d01h15m56,0
JCR-2575,FALSE,FALSE,Minor,1593,00d00h26m33,0
JCR-2576,TRUE,FALSE,Major,17244,00d04h47m24,0
JCR-2577,TRUE,FALSE,Major,301110,03d11h38m30,0
JCR-1071,FALSE,FALSE,Major,838735,09d16h58m55,0
JCR-1072,FALSE,FALSE,Minor,838091,09d16h48m11,0
JCR-1074,FALSE,FALSE,Minor,1935,00d00h32m15,0
JCR-1076,FALSE,FALSE,Major,3767,00d01h02m47,0
JCR-1078,FALSE,FALSE,Major,5694,00d01h34m54,0
JCR-3,FALSE,FALSE,Minor,17303,00d04h48m23,0
JCR-6,FALSE,FALSE,Trivial,24563,00d06h49m23,0
JCR-1985,TRUE,FALSE,Minor,5432,00d01h30m32,0
JCR-9,FALSE,FALSE,Major,8789,00d02h26m29,0
JCR-1987,FALSE,FALSE,Minor,22202416,256d23h20m16,0
JCR-2880,TRUE,FALSE,Major,4937247,57d03h27m27,0
JCR-2881,TRUE,FALSE,Major,2647,00d00h44m07,0
JCR-2882,TRUE,FALSE,Major,10360,00d02h52m40,0
JCR-2883,TRUE,FALSE,Minor,880340,10d04h32m20,0
JCR-2888,TRUE,FALSE,Major,606899,07d00h34m59,0
JCR-2889,FALSE,FALSE,Minor,88078,01d00h27m58,0
JCR-768,TRUE,FALSE,Major,66410,00d18h26m50,0
JCR-769,FALSE,FALSE,Major,81570678,944d02h31m18,0
JCR-2793,FALSE,FALSE,Major,3562448,41d05h34m08,0
JCR-2796,FALSE,FALSE,Major,1673601,19d08h53m21,0
JCR-2799,FALSE,FALSE,Major,192,00d00h03m12,0
JCR-762,TRUE,FALSE,Major,64798,00d17h59m58,0
JCR-764,FALSE,FALSE,Minor,147493,01d16h58m13,0
JCR-1216,TRUE,FALSE,Major,41796847,483d18h14m07,0
JCR-1217,FALSE,FALSE,Minor,298,00d00h04m58,0
JCR-4339,TRUE,FALSE,Major,234710,02d17h11m50,0
JCR-1185,FALSE,FALSE,Major,762796,08d19h53m16,0
JCR-1183,FALSE,FALSE,Major,1140,00d00h19m00,0
JCR-614,FALSE,FALSE,Major,2415856,27d23h04m16,1
JCR-616,FALSE,FALSE,Major,21598189,249d23h29m49,0
JCR-617,FALSE,FALSE,Major,2246379,25d23h59m39,1
JCR-1857,TRUE,FALSE,Major,2020,00d00h33m40,0
JCR-1678,TRUE,FALSE,Major,268201,03d02h30m01,0
JCR-1679,TRUE,FALSE,Major,225169,02d14h32m49,0
JCR-1852,FALSE,FALSE,Major,487691,05d15h28m11,0
JCR-1851,FALSE,FALSE,Minor,148,00d00h02m28,0
JCR-1459,FALSE,FALSE,Major,8794,00d02h26m34,0
JCR-1453,TRUE,FALSE,Minor,348,00d00h05m48,0
JCR-1322,FALSE,FALSE,Major,2578961,29d20h22m41,0
JCR-1323,FALSE,FALSE,Major,90936,01d01h15m36,1
JCR-1325,TRUE,FALSE,Major,8167778,94d12h49m38,0
JCR-1454,FALSE,FALSE,Major,2214,00d00h36m54,0
JCR-4241,FALSE,FALSE,Minor,6476,00d01h47m56,0
JCR-4242,FALSE,FALSE,Minor,5787,00d01h36m27,0
JCR-3036,TRUE,FALSE,Major,103757,01d04h49m17,0
JCR-1694,FALSE,FALSE,Major,4408204,51d00h30m04,0
JCR-2564,TRUE,FALSE,Major,1695,00d00h28m15,0
JCR-2562,FALSE,FALSE,Major,188,00d00h03m08,0
JCR-285,FALSE,FALSE,Minor,10579394,122d10h43m14,0
JCR-4060,FALSE,FALSE,Blocker,1641754,19d00h02m34,0
JCR-1524,FALSE,FALSE,Trivial,309312,03d13h55m12,0
JCR-4068,FALSE,FALSE,Blocker,3596,00d00h59m56,0
JCR-42,TRUE,FALSE,Major,79395,00d22h03m15,0
JCR-44,FALSE,FALSE,Major,57126,00d15h52m06,0
JCR-45,TRUE,FALSE,Major,1761309,20d09h15m09,0
JCR-168,TRUE,TRUE,Major,364495,04d05h14m55,1
JCR-166,TRUE,FALSE,Major,77761,00d21h36m01,0
JCR-164,FALSE,FALSE,Major,90049,01d01h00m49,0
JCR-162,FALSE,FALSE,Trivial,9131,00d02h32m11,0
JCR-163,FALSE,FALSE,Minor,445942,05d03h52m22,0
JCR-160,TRUE,FALSE,Major,3014009,34d21h13m29,0
JCR-3198,TRUE,FALSE,Major,91254,01d01h20m54,0
JCR-3562,FALSE,FALSE,Minor,200973,02d07h49m33,0
JCR-2894,TRUE,FALSE,Minor,3683,00d01h01m23,0
JCR-2891,FALSE,FALSE,Major,141075,01d15h11m15,0
JCR-3160,FALSE,FALSE,Minor,598153,06d22h09m13,0
JCR-3163,FALSE,FALSE,Major,48565,00d13h29m25,0
JCR-3305,FALSE,FALSE,Major,20827807,241d01h30m07,0
JCR-3307,TRUE,FALSE,Major,9044,00d02h30m44,0
JCR-3300,TRUE,FALSE,Minor,6542,00d01h49m02,1
JCR-3303,FALSE,FALSE,Minor,4517,00d01h15m17,0
JCR-575,FALSE,FALSE,Trivial,65542915,758d14h21m55,0
JCR-574,FALSE,FALSE,Critical,1749564,20d05h59m24,0
JCR-379,FALSE,FALSE,Minor,397273,04d14h21m13,1
JCR-378,FALSE,FALSE,Minor,1292,00d00h21m32,0
JCR-376,FALSE,FALSE,Minor,40952,00d11h22m32,0
JCR-2363,TRUE,FALSE,Major,526863,06d02h21m03,0
JCR-374,FALSE,FALSE,Minor,1478121,17d02h35m21,1
JCR-373,FALSE,FALSE,Blocker,124769,01d10h39m29,0
JCR-2364,FALSE,FALSE,Minor,184414,02d03h13m34,0
JCR-371,FALSE,FALSE,Major,5423031,62d18h23m51,0
JCR-370,FALSE,FALSE,Minor,130,00d00h02m10,0
JCR-3761,TRUE,FALSE,Critical,193,00d00h03m13,0
JCR-2413,FALSE,FALSE,Major,11512,00d03h11m52,0
JCR-3419,TRUE,FALSE,Minor,513451,05d22h37m31,1
JCR-2143,TRUE,FALSE,Major,3078,00d00h51m18,0
JCR-2142,FALSE,FALSE,Minor,908,00d00h15m08,0
JCR-2417,TRUE,FALSE,Major,5950110,68d20h48m30,0
JCR-3410,FALSE,FALSE,Major,114,00d00h01m54,0
JCR-2419,TRUE,FALSE,Major,197,00d00h03m17,0
JCR-2418,TRUE,FALSE,Major,6832,00d01h53m52,0
JCR-3415,FALSE,FALSE,Major,637,00d00h10m37,0
JCR-3417,TRUE,FALSE,Major,62135,00d17h15m35,0
JCR-3789,TRUE,FALSE,Major,833,00d00h13m53,0
JCR-2960,FALSE,FALSE,Critical,98644,01d03h24m04,0
JCR-2967,FALSE,FALSE,Major,120,00d00h02m00,0
JCR-2023,FALSE,FALSE,Major,1304275,15d02h17m55,0
JCR-2969,FALSE,FALSE,Minor,150,00d00h02m30,0
OAK-5336,FALSE,FALSE,Minor,148176,01d17h09m36,1
JCR-3784,FALSE,FALSE,Minor,325,00d00h05m25,0
JCR-2020,FALSE,FALSE,Minor,1218,00d00h20m18,0
JCR-3786,FALSE,FALSE,Major,332421,03d20h20m21,0
JCR-2097,FALSE,FALSE,Major,351687,04d01h41m27,0
JCR-2026,TRUE,FALSE,Minor,67987463,786d21h24m23,0
JCR-288,FALSE,FALSE,Major,185786,02d03h36m26,0
JCR-2024,FALSE,FALSE,Minor,181705,02d02h28m25,0
JCR-283,FALSE,FALSE,Major,5763,00d01h36m03,0
JCR-282,TRUE,FALSE,Minor,62338,00d17h18m58,0
JCR-2565,TRUE,FALSE,Major,8755,00d02h25m55,0
JCR-280,TRUE,FALSE,Major,89171,01d00h46m11,0
JCR-287,TRUE,FALSE,Major,885,00d00h14m45,0
JCR-286,FALSE,FALSE,Minor,2644,00d00h44m04,0
JCR-2561,FALSE,FALSE,Major,8497,00d02h21m37,0
JCR-284,FALSE,FALSE,Major,752808,08d17h06m48,1
JCR-1065,TRUE,FALSE,Major,83362,00d23h09m22,0
JCR-1069,FALSE,FALSE,Minor,996,00d00h16m36,0
JCR-1068,FALSE,FALSE,Major,114578,01d07h49m38,0
JCR-1997,FALSE,FALSE,Trivial,83387,00d23h09m47,0
JCR-1996,TRUE,FALSE,Major,2445772,28d07h22m52,0
JCR-1994,TRUE,FALSE,Minor,5116,00d01h25m16,0
JCR-1993,TRUE,FALSE,Trivial,1586,00d00h26m26,0
JCR-2895,TRUE,FALSE,Major,185552,02d03h32m32,0
JCR-756,TRUE,FALSE,Major,5171,00d01h26m11,0
JCR-2892,TRUE,FALSE,Major,20674502,239d06h55m02,1
JCR-753,FALSE,FALSE,Minor,452092,05d05h34m52,0
JCR-2890,TRUE,FALSE,Major,4647090,53d18h51m30,0
JCR-758,FALSE,FALSE,Major,59948,00d16h39m08,0
JCR-2899,FALSE,FALSE,Trivial,18866332,218d08h38m52,0
JCR-2783,FALSE,FALSE,Major,575,00d00h09m35,0
JCR-594,TRUE,FALSE,Major,12517,00d03h28m37,0
JCR-2787,FALSE,FALSE,Minor,1544280,17d20h58m00,0
JCR-2786,FALSE,FALSE,Major,2223,00d00h37m03,0
JCR-2785,FALSE,FALSE,Major,4893,00d01h21m33,0
JCR-2784,FALSE,FALSE,Major,11361,00d03h09m21,0
JCR-2789,TRUE,FALSE,Major,88,00d00h01m28,0
JCR-598,FALSE,FALSE,Major,163178,01d21h19m38,0
JCR-4324,FALSE,FALSE,Major,4268,00d01h11m08,0
JCR-1197,FALSE,TRUE,Critical,6036225,69d20h43m45,1
JCR-2962,FALSE,FALSE,Trivial,84977,00d23h36m17,0
JCR-1665,TRUE,FALSE,Major,28576497,330d17h54m57,0
JCR-620,FALSE,FALSE,Major,415446,04d19h24m06,0
JCR-1843,TRUE,FALSE,Major,12898,00d03h34m58,0
JCR-622,TRUE,FALSE,Major,13535647,156d15h54m07,0
JCR-624,FALSE,FALSE,Major,23046,00d06h24m06,0
JCR-627,TRUE,FALSE,Minor,1485849,17d04h44m09,1
JCR-1846,FALSE,FALSE,Major,6274917,72d15h01m57,0
JCR-629,FALSE,FALSE,Major,586245,06d18h50m45,0
JCR-628,TRUE,FALSE,Minor,3482464,40d07h21m04,1
JCR-1669,FALSE,FALSE,Trivial,1381013,15d23h36m53,0
JCR-1668,FALSE,FALSE,Major,33323350,385d16h29m10,0
JCR-1339,TRUE,FALSE,Major,6814744,78d20h59m04,0
JCR-1449,TRUE,FALSE,Major,7440,00d02h04m00,0
JCR-1448,TRUE,FALSE,Major,7017023,81d05h10m23,0
JCR-1333,TRUE,FALSE,Major,2251993,26d01h33m13,0
JCR-1444,FALSE,FALSE,Trivial,642966,07d10h36m06,0
JCR-1331,TRUE,FALSE,Minor,4885859,56d13h10m59,1
JCR-1330,FALSE,FALSE,Minor,4918230,56d22h10m30,1
JCR-1440,FALSE,FALSE,Critical,81042935,937d23h55m35,0
JCR-1335,FALSE,FALSE,Minor,69649,00d19h20m49,0
JCR-1334,TRUE,FALSE,Critical,31020027,359d00h40m27,0
JCR-1689,FALSE,FALSE,Minor,61733,00d17h08m53,0
JCR-1688,FALSE,FALSE,Minor,20238,00d05h37m18,0
OAK-3265,FALSE,FALSE,Major,1719682,19d21h41m22,0
JCR-1682,TRUE,FALSE,Major,691637,08d00h07m17,0
JCR-1687,TRUE,FALSE,Minor,1153,00d00h19m13,0
JCR-2917,TRUE,FALSE,Minor,1807715,20d22h08m35,0
JCR-1532,FALSE,FALSE,Blocker,16342550,189d03h35m50,1
JCR-1535,FALSE,FALSE,Major,11873,00d03h17m53,0
JCR-4072,FALSE,FALSE,Major,65121,00d18h05m21,0
JCR-1537,FALSE,FALSE,Major,3212452,37d04h20m52,0
JCR-1536,FALSE,FALSE,Minor,3557,00d00h59m17,0
JCR-4079,FALSE,FALSE,Minor,14991,00d04h09m51,0
JCR-1296,FALSE,FALSE,Minor,6067,00d01h41m07,0
JCR-2964,FALSE,FALSE,Trivial,2270854,26d06h47m34,0
JCR-1293,TRUE,FALSE,Major,25668922,297d02h15m22,0
JCR-1841,FALSE,FALSE,Major,58277,00d16h11m17,0
JCR-1664,TRUE,FALSE,Major,2843325,32d21h48m45,0
JCR-1667,FALSE,FALSE,Minor,194173,02d05h56m13,0
JCR-2269,TRUE,FALSE,Major,1061111,12d06h45m11,0
JCR-119,FALSE,FALSE,Critical,360660,04d04h11m00,0
JCR-118,FALSE,FALSE,Minor,5831,00d01h37m11,0
JCR-111,TRUE,FALSE,Major,6913234,80d00h20m34,0
JCR-3570,FALSE,FALSE,Blocker,238362,02d18h12m42,0
JCR-3576,FALSE,FALSE,Major,6344,00d01h45m44,0
JCR-2260,FALSE,FALSE,Minor,769,00d00h12m49,0
JCR-2261,TRUE,FALSE,Minor,3108,00d00h51m48,0
JCR-3176,FALSE,FALSE,Major,283,00d00h04m43,0
JCR-3175,FALSE,FALSE,Minor,26265,00d07h17m45,0
JCR-3174,FALSE,FALSE,Minor,74067,00d20h34m27,0
JCR-3218,TRUE,FALSE,Major,5112,00d01h25m12,0
JCR-971,FALSE,FALSE,Trivial,3226069,37d08h07m49,0
JCR-2616,FALSE,FALSE,Minor,434074,05d00h34m34,0
JCR-1332,TRUE,FALSE,Minor,13629,00d03h47m09,0
JCR-973,FALSE,FALSE,Major,332465,03d20h21m05,1
JCR-3317,FALSE,FALSE,Major,140,00d00h02m20,0
JCR-3316,FALSE,FALSE,Trivial,275,00d00h04m35,0
JCR-3314,FALSE,FALSE,Minor,645,00d00h10m45,0
JCR-3313,FALSE,FALSE,Major,1202159,13d21h55m59,0
JCR-3312,FALSE,FALSE,Major,1232,00d00h20m32,0
JCR-1336,FALSE,FALSE,Major,4272563,49d10h49m23,0
JCR-568,FALSE,FALSE,Major,6775647,78d10h07m27,1
JCR-562,FALSE,FALSE,Major,3476052,40d05h34m12,0
JCR-563,FALSE,FALSE,Major,2884598,33d09h16m38,0
JCR-369,TRUE,FALSE,Minor,830703,09d14h45m03,0
JCR-365,FALSE,FALSE,Major,66925,00d18h35m25,0
JCR-363,TRUE,FALSE,Major,9379,00d02h36m19,0
JCR-3771,FALSE,FALSE,Critical,2231,00d00h37m11,0
JCR-3770,FALSE,FALSE,Major,4350,00d01h12m30,0
JCR-3773,TRUE,FALSE,Minor,363985,04d05h06m25,0
JCR-3772,FALSE,FALSE,Minor,344268,03d23h37m48,0
JCR-3779,FALSE,FALSE,Major,49575,00d13h46m15,0
JCR-2134,TRUE,FALSE,Major,6653858,77d00h17m38,1
JCR-2427,FALSE,FALSE,Minor,78,00d00h01m18,0
JCR-2425,TRUE,FALSE,Major,10366,00d02h52m46,0
JCR-3958,FALSE,FALSE,Major,679024,07d20h37m04,0
JCR-2420,TRUE,FALSE,Blocker,8465151,97d23h25m51,0
JCR-2421,FALSE,FALSE,Major,602688,06d23h24m48,0
JCR-3401,FALSE,FALSE,Major,747877,08d15h44m37,0
JCR-3407,TRUE,FALSE,Major,57927,00d16h05m27,0
JCR-2139,FALSE,FALSE,Major,1539,00d00h25m39,0
JCR-2429,TRUE,FALSE,Major,4624,00d01h17m04,0
JCR-2954,TRUE,FALSE,Minor,1890104,21d21h01m44,0
JCR-3798,FALSE,FALSE,Major,905,00d00h15m05,0
JCR-2953,TRUE,FALSE,Critical,1277825,14d18h57m05,0
JCR-2951,FALSE,FALSE,Major,60156,00d16h42m36,0
JCR-3790,FALSE,FALSE,Major,21423,00d05h57m03,0
JCR-3796,TRUE,FALSE,Major,1351,00d00h22m31,0
JCR-298,TRUE,FALSE,Minor,8479317,98d03h21m57,0
JCR-2553,TRUE,FALSE,Major,4252,00d01h10m52,0
JCR-2222,FALSE,FALSE,Minor,1016,00d00h16m56,0
JCR-2223,FALSE,FALSE,Major,1040644,12d01h04m04,0
JCR-17,FALSE,FALSE,Major,1099755,12d17h29m15,0
JCR-2554,TRUE,FALSE,Critical,1019700,11d19h15m00,1
JCR-2227,FALSE,FALSE,Minor,120,00d00h02m00,0
JCR-290,FALSE,FALSE,Major,3393088,39d06h31m28,0
JCR-293,FALSE,FALSE,Minor,76089,00d21h08m09,0
JCR-295,TRUE,FALSE,Minor,784047,09d01h47m27,0
JCR-1056,FALSE,FALSE,Minor,1172,00d00h19m32,0
JCR-1054,FALSE,FALSE,Major,37449,00d10h24m09,0
JCR-1055,FALSE,FALSE,Major,456797,05d06h53m17,0
JCR-1053,TRUE,FALSE,Major,830307,09d14h38m27,0
JCR-1051,FALSE,FALSE,Major,603397,06d23h36m37,1
JCR-2047,FALSE,FALSE,Major,9069717,104d23h21m57,0
JCR-743,TRUE,FALSE,Major,597355,06d21h55m55,0
JCR-741,TRUE,FALSE,Minor,12685921,146d19h52m01,0
JCR-746,FALSE,FALSE,Minor,10638,00d02h57m18,0
JCR-747,FALSE,FALSE,Minor,357,00d00h05m57,0
JCR-745,FALSE,FALSE,Minor,11642,00d03h14m02,0
JCR-15,FALSE,FALSE,Major,628881,07d06h41m21,1
JCR-586,FALSE,FALSE,Minor,408295,04d17h24m55,0
JCR-2865,TRUE,FALSE,Major,1076828,12d11h07m08,0
JCR-582,TRUE,FALSE,Minor,529812,06d03h10m12,0
JCR-583,FALSE,FALSE,Trivial,5013516,58d00h38m36,0
JCR-2862,TRUE,FALSE,Minor,231,00d00h03m51,0
JCR-2863,FALSE,FALSE,Major,787901,09d02h51m41,0
JCR-4317,FALSE,FALSE,Major,78111,00d21h41m51,0
JCR-2981,FALSE,FALSE,Minor,1279280,14d19h21m20,0
JCR-1830,FALSE,FALSE,Minor,45970,00d12h46m10,0
JCR-636,FALSE,FALSE,Major,880126,10d04h28m46,0
JCR-637,FALSE,FALSE,Minor,83032,00d23h03m52,0
JCR-2869,TRUE,FALSE,Major,95571,01d02h32m51,0
JCR-1838,FALSE,FALSE,Minor,4501436,52d02h23m56,0
JCR-1305,FALSE,FALSE,Minor,931384,10d18h43m04,0
JCR-1302,FALSE,FALSE,Major,53536,00d14h52m16,0
JCR-1303,FALSE,FALSE,Blocker,218,00d00h03m38,0
JCR-1301,FALSE,FALSE,Major,94260985,1090d23h36m25,0
JCR-1949,TRUE,FALSE,Blocker,2422616,28d00h56m56,0
JCR-1941,TRUE,FALSE,Major,24364,00d06h46m04,0
JCR-1235,FALSE,FALSE,Minor,37510,00d10h25m10,0
JCR-4042,FALSE,FALSE,Major,2186506,25d07h21m46,0
JCR-4041,FALSE,FALSE,Minor,3449,00d00h57m29,0
JCR-4047,FALSE,FALSE,Minor,173289,02d00h08m09,0
JCR-1545,FALSE,FALSE,Trivial,89,00d00h01m29,0
JCR-1546,FALSE,FALSE,Minor,303,00d00h05m03,0
JCR-1540,FALSE,FALSE,Minor,255,00d00h04m15,0
JCR-1541,FALSE,FALSE,Minor,234589,02d17h09m49,0
JCR-1548,FALSE,FALSE,Major,120216,01d09h23m36,1
JCR-3999,FALSE,FALSE,Major,579534,06d16h58m54,0
JCR-962,TRUE,FALSE,Major,2083030,24d02h37m10,0
JCR-3151,FALSE,TRUE,Major,75086,00d20h51m26,0
DERBY-1,FALSE,FALSE,Major,33648764,389d10h52m44,0
JCR-1167,TRUE,FALSE,Major,625,00d00h10m25,0
JCR-80,TRUE,FALSE,Minor,401,00d00h06m41,0
JCR-81,FALSE,FALSE,Minor,410618,04d18h03m38,0
JCR-108,FALSE,FALSE,Minor,14445,00d04h00m45,0
JCR-109,TRUE,FALSE,Major,25305857,292d21h24m17,1
JCR-100,FALSE,FALSE,Minor,351424,04d01h37m04,0
JCR-3547,TRUE,FALSE,Major,4250534,49d04h42m14,0
JCR-3545,TRUE,FALSE,Major,11492,00d03h11m32,0
JCR-3090,FALSE,FALSE,Minor,443,00d00h07m23,0
JCR-3543,FALSE,FALSE,Minor,769,00d00h12m49,0
JCR-3093,TRUE,FALSE,Major,2949146,34d03h12m26,1
JCR-3148,FALSE,FALSE,Major,1258,00d00h20m58,0
JCR-3149,TRUE,FALSE,Minor,22121,00d06h08m41,0
JCR-3234,FALSE,FALSE,Trivial,182,00d00h03m02,0
JCRSITE-10,FALSE,FALSE,Major,165353,01d21h55m53,0
JCR-3236,TRUE,FALSE,Major,405501,04d16h38m21,0
JCR-359,FALSE,FALSE,Minor,7556147,87d10h55m47,0
JCR-2307,FALSE,FALSE,Minor,452,00d00h07m32,0
JCR-353,FALSE,FALSE,Minor,2172,00d00h36m12,0
JCR-2304,FALSE,FALSE,Major,95,00d00h01m35,0
JCR-2127,TRUE,FALSE,Major,343813,03d23h30m13,0
JCR-3439,TRUE,FALSE,Major,1823406,21d02h30m06,1
JCR-3437,FALSE,FALSE,Minor,771,00d00h12m51,0
JCR-3434,FALSE,FALSE,Major,134398,01d13h19m58,0
JCR-3435,FALSE,FALSE,Major,9817025,113d14h57m05,0
JCR-2945,FALSE,FALSE,Major,868,00d00h14m28,0
JCR-3430,FALSE,FALSE,Major,76,00d00h01m16,0
JCR-2547,FALSE,FALSE,Major,254265,02d22h37m45,0
JCR-3329,FALSE,FALSE,Minor,7914,00d02h11m54,0
JCR-2541,TRUE,FALSE,Major,56106776,649d09h12m56,0
JCR-2540,FALSE,FALSE,Major,54277297,628d05h01m37,0
JCR-2543,FALSE,FALSE,Major,57890013,670d00h33m33,0
JCR-2542,TRUE,FALSE,Major,54187181,627d03h59m41,0
JCR-2238,TRUE,FALSE,Major,589813,06d19h50m13,0
JCR-3326,FALSE,TRUE,Trivial,3712845,42d23h20m45,0
JCR-3893,FALSE,FALSE,Minor,36174643,418d16h30m43,0
JCR-2052,TRUE,FALSE,Minor,161,00d00h02m41,0
JCR-2057,TRUE,FALSE,Major,185255,02d03h27m35,0
JCR-2433,FALSE,FALSE,Blocker,13245098,153d07h11m38,1
JCR-2436,FALSE,FALSE,Trivial,2749447,31d19h44m07,0
JCR-772,FALSE,FALSE,Major,13404,00d03h43m24,0
OAK-1615,FALSE,FALSE,Major,130,00d00h02m10,0
JCR-1049,FALSE,FALSE,Major,1258245,14d13h30m45,1
JCR-649,FALSE,FALSE,Minor,421,00d00h07m01,0
JCR-648,FALSE,FALSE,Major,232766,02d16h39m26,1
JCR-1823,FALSE,FALSE,Major,6946354,80d09h32m34,0
JCR-1821,TRUE,FALSE,Major,14260,00d03h57m40,0
JCR-1040,TRUE,FALSE,Major,778330,09d00h12m10,0
JCR-641,FALSE,FALSE,Critical,836640,09d16h24m00,1
JCR-646,FALSE,FALSE,Trivial,79,00d00h01m19,0
JCR-1047,FALSE,FALSE,Major,5854649,67d18h17m29,0
JCR-1046,FALSE,FALSE,Major,14582756,168d18h45m56,1
JCR-1319,FALSE,FALSE,Major,15831735,183d05h42m15,0
JCR-1318,FALSE,FALSE,Major,154394,01d18h53m14,0
JCR-13,FALSE,FALSE,Major,3888,00d01h04m48,0
JCR-1952,TRUE,FALSE,Major,2343153,27d02h52m33,0
JCR-1227,FALSE,FALSE,Major,7503657,86d20h20m57,0
JCR-1226,FALSE,FALSE,Minor,3797813,43d22h56m53,0
JCR-1956,FALSE,FALSE,Minor,205,00d00h03m25,0
JCR-3654,TRUE,FALSE,Major,307825,03d13h30m25,0
JCR-828,FALSE,FALSE,Minor,584161,06d18h16m01,1
JCR-827,FALSE,FALSE,Minor,592744,06d20h39m04,1
JCR-826,FALSE,FALSE,Minor,7866256,91d01h04m16,0
JCR-825,FALSE,FALSE,Minor,175,00d00h02m55,0
JCR-3655,FALSE,FALSE,Major,696387,08d01h26m27,0
JCR-821,TRUE,FALSE,Minor,22488,00d06h14m48,0
JCR-4052,TRUE,FALSE,Minor,8904,00d02h28m24,0
JCR-1557,FALSE,FALSE,Minor,3909673,45d06h01m13,1
JCR-1554,FALSE,FALSE,Major,24911808,288d07h56m48,0
JCR-1553,TRUE,FALSE,Major,16154516,186d23h21m56,0
JCR-1551,FALSE,FALSE,Minor,1199931,13d21h18m51,0
JCR-19,FALSE,FALSE,Trivial,322568,03d17h36m08,0
JCR-913,FALSE,FALSE,Minor,938293,10d20h38m13,0
JCR-912,TRUE,FALSE,Major,611464,07d01h51m04,0
JCR-911,FALSE,FALSE,Minor,72303,00d20h05m03,0
JCR-910,TRUE,FALSE,Major,2219658,25d16h34m18,0
JCR-915,FALSE,FALSE,Major,48187,00d13h23m07,0
JCR-2291,TRUE,FALSE,Major,11579809,134d00h36m49,0
JCR-3349,TRUE,FALSE,Major,173058,02d00h04m18,0
JCR-2521,FALSE,FALSE,Major,176,00d00h02m56,0
JCR-2836,TRUE,FALSE,Major,2345960,27d03h39m20,0
JCR-4455,FALSE,FALSE,Major,984676,11d09h31m16,0
JCR-4459,FALSE,TRUE,Major,6396,00d01h46m36,0
JCR-2681,FALSE,FALSE,Major,469,00d00h07m49,0
JCR-2838,TRUE,FALSE,Major,4076,00d01h07m56,0
JCR-137,TRUE,FALSE,Major,2240,00d00h37m20,0
JCR-136,FALSE,FALSE,Minor,634,00d00h10m34,0
JCR-139,FALSE,FALSE,Minor,302,00d00h05m02,0
JCR-138,FALSE,FALSE,Trivial,135100,01d13h31m40,0
JCR-1646,FALSE,FALSE,Major,3450,00d00h57m30,0
JCR-3086,FALSE,FALSE,Major,13800,00d03h50m00,0
JCR-3083,TRUE,FALSE,Minor,81945,00d22h45m45,0
JCR-3082,FALSE,FALSE,Major,1104585,12d18h49m45,0
JCR-3089,TRUE,FALSE,Major,423853,04d21h44m13,0
JCR-3156,FALSE,FALSE,Major,9419,00d02h36m59,0
OAK-2231,TRUE,FALSE,Minor,24703528,285d22h05m28,0
JCR-89,TRUE,FALSE,Major,2152,00d00h35m52,0
JCR-3152,FALSE,FALSE,Major,5061,00d01h24m21,0
JCR-84,TRUE,FALSE,Blocker,238263,02d18h11m03,0
JCR-86,TRUE,FALSE,Major,32681,00d09h04m41,0
JCR-3159,FALSE,FALSE,Major,244654,02d19h57m34,0
JCR-3158,FALSE,FALSE,Critical,8465790,97d23h36m30,0
JCR-82,TRUE,FALSE,Major,410169,04d17h56m09,0
JCR-83,FALSE,FALSE,Major,71557,00d19h52m37,0
JCR-67,FALSE,FALSE,Major,52436948,606d21h49m08,1
JCR-62,FALSE,FALSE,Blocker,155928,01d19h18m48,0
JCR-63,TRUE,FALSE,Major,472382,05d11h13m02,0
JCR-61,TRUE,FALSE,Minor,8135082,94d03h44m42,0
OAK-3949,FALSE,TRUE,Blocker,335135,03d21h05m35,0
JCR-68,TRUE,FALSE,Minor,88309,01d00h31m49,0
JCR-69,TRUE,FALSE,Major,13380,00d03h43m00,0
JCR-346,FALSE,FALSE,Major,230495,02d16h01m35,0
JCR-347,TRUE,FALSE,Minor,229275,02d15h41m15,0
JCR-344,TRUE,FALSE,Minor,355886,04d02h51m26,1
JCR-340,TRUE,FALSE,Minor,360172,04d04h02m52,1
JCR-341,FALSE,FALSE,Major,242604,02d19h23m24,0
JCR-2332,TRUE,FALSE,Major,335931,03d21h18m51,0
JCR-2333,TRUE,FALSE,Major,2078918,24d01h28m38,0
JCR-2336,TRUE,FALSE,Major,78733,00d21h52m13,0
JCR-2337,TRUE,FALSE,Major,739,00d00h12m19,0
JCR-2335,FALSE,FALSE,Major,3278,00d00h54m38,0
JCR-2338,FALSE,FALSE,Major,62,00d00h01m02,0
JCR-3551,FALSE,FALSE,Major,1377745,15d22h42m25,0
JCR-3552,FALSE,FALSE,Major,7047,00d01h57m27,0
JCR-2662,FALSE,FALSE,Major,58357948,675d10h32m28,0
JCR-3556,FALSE,FALSE,Minor,2096,00d00h34m56,0
JCR-3425,FALSE,FALSE,Major,1107872,12d19h44m32,0
JCR-2939,TRUE,FALSE,Minor,3626466,41d23h21m06,0
JCR-3427,FALSE,FALSE,Minor,71019,00d19h43m39,0
JCR-2680,TRUE,FALSE,Major,245650,02d20h14m10,0
JCR-2937,TRUE,FALSE,Major,2135784,24d17h16m24,1
JCR-2930,TRUE,FALSE,Critical,22827478,264d04h57m58,0
JCR-2931,FALSE,FALSE,Trivial,15470,00d04h17m50,0
JCR-2684,FALSE,FALSE,Minor,2275,00d00h37m55,0
JCR-2933,TRUE,TRUE,Major,1479756,17d03h02m36,1
JCR-2207,TRUE,FALSE,Minor,4847,00d01h20m47,0
JCR-2202,TRUE,FALSE,Major,877,00d00h14m37,0
JCR-3888,FALSE,FALSE,Major,3722628,43d02h03m48,0
JCR-3334,FALSE,TRUE,Trivial,2776,00d00h46m16,0
JCR-3337,FALSE,FALSE,Major,2020769,23d09h19m29,1
JCR-3883,TRUE,FALSE,Critical,4069,00d01h07m49,0
JCR-3882,FALSE,FALSE,Critical,41556551,480d23h29m11,0
JCR-2064,TRUE,FALSE,Major,6072117,70d06h41m57,0
JCR-2063,FALSE,FALSE,Major,1276578,14d18h36m18,0
JCR-2840,TRUE,FALSE,Major,6995,00d01h56m35,0
JCR-2843,FALSE,FALSE,Major,2050076,23d17h27m56,0
JCR-2844,TRUE,FALSE,Major,63873,00d17h44m33,1
JCR-2598,TRUE,FALSE,Major,5888583,68d03h43m03,0
JCR-2595,TRUE,FALSE,Major,4196,00d01h09m56,0
JCR-2449,FALSE,FALSE,Major,1377440,15d22h37m20,0
JCR-2444,FALSE,FALSE,Major,1855,00d00h30m55,0
JCR-2110,FALSE,FALSE,Trivial,361,00d00h06m01,0
JCR-2447,FALSE,FALSE,Minor,59,00d00h00m59,0
JCR-2443,FALSE,FALSE,Major,762,00d00h12m42,0
JCR-1141,FALSE,FALSE,Minor,405704,04d16h41m44,0
JCR-1143,FALSE,FALSE,Major,585,00d00h09m45,0
JCR-1147,TRUE,FALSE,Minor,18836,00d05h13m56,0
JCR-1148,FALSE,FALSE,Major,7082003,81d23h13m23,0
JCR-1149,FALSE,FALSE,Major,1068,00d00h17m48,0
JCR-1813,FALSE,FALSE,Critical,1138631,13d04h17m11,1
JCR-1811,TRUE,FALSE,Major,1413666,16d08h41m06,0
JCR-1817,FALSE,FALSE,Minor,17106,00d04h45m06,0
JCR-658,FALSE,FALSE,Minor,92,00d00h01m32,0
JCR-659,FALSE,FALSE,Major,401104,04d15h25m04,0
JCR-1038,FALSE,FALSE,Major,442368,05d02h52m48,0
JCR-1039,TRUE,FALSE,Major,798517,09d05h48m37,0
JCR-1034,TRUE,FALSE,Minor,782786,09d01h26m26,1
JCR-652,FALSE,FALSE,Major,91,00d00h01m31,0
JCR-653,TRUE,FALSE,Minor,137,00d00h02m17,0
JCR-654,TRUE,FALSE,Minor,621,00d00h10m21,0
JCR-655,FALSE,FALSE,Minor,245,00d00h04m05,0
JCR-656,FALSE,FALSE,Minor,256,00d00h04m16,0
JCR-1033,TRUE,FALSE,Trivial,287480,03d07h51m20,0
JCR-1364,TRUE,FALSE,Minor,19675,00d05h27m55,0
JCR-1497,FALSE,FALSE,Minor,805,00d00h13m25,0
JCR-1495,FALSE,FALSE,Minor,8809,00d02h26m49,0
JCR-1361,FALSE,FALSE,Minor,51145,00d14h12m25,0
JCR-1362,FALSE,FALSE,Major,16785342,194d06h35m42,0
JCR-1499,FALSE,FALSE,Minor,373,00d00h06m13,0
JCR-1782,TRUE,FALSE,Minor,899,00d00h14m59,0
JCR-1783,TRUE,FALSE,Major,931721,10d18h48m41,0
JCR-1784,TRUE,FALSE,Major,1115203,12d21h46m43,1
JCR-1969,TRUE,FALSE,Minor,384,00d00h06m24,0
JCR-1964,TRUE,FALSE,Major,72978,00d20h16m18,0
JCR-838,FALSE,FALSE,Minor,380,00d00h06m20,0
JCR-1562,FALSE,FALSE,Major,716106,08d06h55m06,0
JCR-1563,TRUE,FALSE,Minor,443704,05d03h15m04,0
JCR-1560,FALSE,FALSE,Major,514069,05d22h47m49,0
JCR-1566,FALSE,FALSE,Major,402454,04d15h47m34,0
JCR-832,TRUE,FALSE,Major,22138484,256d05h34m44,0
JCR-1764,FALSE,FALSE,Minor,10244,00d02h50m44,0
JCR-1766,FALSE,FALSE,Major,6995,00d01h56m35,0
JCR-1767,TRUE,FALSE,Minor,5277947,61d02h05m47,0
JCR-900,FALSE,FALSE,Minor,312,00d00h05m12,0
JCR-905,TRUE,TRUE,Major,11406134,132d00h22m14,0
JCR-909,FALSE,FALSE,Major,308880,03d13h48m00,0
JCR-4425,FALSE,FALSE,Minor,1066,00d00h17m46,0
JCR-4420,FALSE,FALSE,Minor,732,00d00h12m12,0
JCR-1345,FALSE,FALSE,Major,67377,00d18h42m57,0
JCR-122,TRUE,FALSE,Major,762590,08d19h49m50,0
JCR-120,FALSE,FALSE,Major,12939066,149d18h11m06,1
JCR-121,FALSE,FALSE,Minor,52943,00d14h42m23,0
JCR-124,FALSE,FALSE,Major,114839,01d07h53m59,0
JCR-125,FALSE,FALSE,Major,82282,00d22h51m22,0
JCR-128,TRUE,FALSE,Major,3390,00d00h56m30,0
JCR-129,TRUE,FALSE,Minor,1767049,20d10h50m49,0
JCR-3630,FALSE,FALSE,Major,294,00d00h04m54,0
JCR-3631,FALSE,TRUE,Major,89371,01d00h49m31,0
JCR-3632,FALSE,FALSE,Minor,80847383,935d17h36m23,0
JCR-3633,FALSE,FALSE,Major,98676,01d03h24m36,0
JCR-71,FALSE,FALSE,Major,5835,00d01h37m15,0
JCR-3635,TRUE,FALSE,Major,149994,01d17h39m54,0
JCR-72,TRUE,FALSE,Critical,107117,01d05h45m17,0
JCR-3639,FALSE,FALSE,Major,1132,00d00h18m52,0
JCR-79,FALSE,FALSE,Major,2984,00d00h49m44,0
JCR-333,TRUE,FALSE,Minor,149950,01d17h39m10,0
JCR-336,FALSE,FALSE,Major,2949706,34d03h21m46,0
JCR-335,TRUE,FALSE,Major,2948034,34d02h53m54,2
JCR-334,FALSE,FALSE,Major,556,00d00h09m16,0
JCR-338,TRUE,FALSE,Major,20823,00d05h47m03,0
JCR-2325,TRUE,FALSE,Major,4097,00d01h08m17,0
JCR-2326,TRUE,FALSE,Minor,6125867,70d21h37m47,1
JCR-2321,TRUE,FALSE,Minor,599339,06d22h28m59,0
JCR-2323,FALSE,FALSE,Minor,91,00d00h01m31,0
JCR-2328,FALSE,FALSE,Major,2062,00d00h34m22,0
JCR-3521,TRUE,FALSE,Major,170439,01d23h20m39,0
JCR-3523,FALSE,FALSE,Minor,6619649,76d14h47m29,0
JCR-3455,FALSE,FALSE,Minor,110,00d00h01m50,0
JCR-3450,FALSE,FALSE,Major,481,00d00h08m01,0
JCR-3452,TRUE,FALSE,Minor,2786529,32d06h02m09,0
JCR-2928,FALSE,FALSE,Minor,1114127,12d21h28m47,0
JCR-3459,TRUE,FALSE,Major,2432475,28d03h41m15,1
JCR-2921,FALSE,FALSE,Minor,545,00d00h09m05,0
JCR-2920,FALSE,FALSE,Major,9151,00d02h32m31,0
JCR-489,FALSE,FALSE,Major,320329,03d16h58m49,0
JCR-485,TRUE,FALSE,Minor,79052,00d21h57m32,0
JCR-487,FALSE,FALSE,Major,62059,00d17h14m19,0
JCR-486,TRUE,FALSE,Major,10146,00d02h49m06,0
JCR-481,TRUE,FALSE,Major,866,00d00h14m26,0
JCR-482,FALSE,FALSE,Minor,4091346,47d08h29m06,0
JCR-2213,TRUE,FALSE,Major,147,00d00h02m27,0
JCR-2215,FALSE,FALSE,Major,173,00d00h02m53,0
JCR-242,FALSE,FALSE,Minor,1373612,15d21h33m32,0
JCR-240,FALSE,FALSE,Minor,5028,00d01h23m48,0
JCR-2071,FALSE,FALSE,Major,10601,00d02h56m41,0
JCR-2070,FALSE,FALSE,Major,1393024,16d02h57m04,0
JCR-3702,TRUE,FALSE,Major,8729,00d02h25m29,0
JCR-2580,FALSE,FALSE,Minor,249,00d00h04m09,0
JCR-2583,FALSE,FALSE,Minor,589821,06d19h50m21,0
JCR-2850,FALSE,FALSE,Major,918,00d00h15m18,0
JCR-2585,TRUE,FALSE,Major,438134,05d01h42m14,0
JCR-2855,TRUE,FALSE,Major,3110486,36d00h01m26,0
JCR-2586,FALSE,FALSE,Major,9231,00d02h33m51,0
JCR-2589,FALSE,FALSE,Major,25585,00d07h06m25,0
JCR-3853,TRUE,FALSE,Major,3939683,45d14h21m23,0
JCR-3857,FALSE,FALSE,Minor,1268,00d00h21m08,0
JCR-798,FALSE,FALSE,Major,2591734,29d23h55m34,1
JCR-795,FALSE,FALSE,Minor,825,00d00h13m45,0
JCR-797,FALSE,FALSE,Minor,1853217,21d10h46m57,0
JCR-796,FALSE,FALSE,Minor,90,00d00h01m30,0
JCR-2456,TRUE,FALSE,Major,1012526,11d17h15m26,0
JCR-2452,TRUE,FALSE,Major,573,00d00h09m33,0
JCR-2102,FALSE,FALSE,Major,2976463,34d10h47m43,0
JCR-1158,TRUE,FALSE,Major,203117,02d08h25m17,0
JCR-3318,TRUE,FALSE,Major,1810370,20d22h52m50,0
JCR-665,FALSE,FALSE,Major,10290027,119d02h20m27,1
JCR-661,FALSE,FALSE,Minor,269997,03d02h59m57,1
JCR-1800,FALSE,FALSE,Minor,320669,03d17h04m29,0
JCR-1803,FALSE,FALSE,Blocker,12906,00d03h35m06,0
JCR-463,TRUE,FALSE,Major,8037584,93d00h39m44,0
JCR-461,FALSE,FALSE,Major,562,00d00h09m22,0
JCR-469,TRUE,FALSE,Critical,58086,00d16h08m06,0
JCR-468,FALSE,FALSE,Major,4013894,46d10h58m14,0
JCR-1376,FALSE,FALSE,Minor,163,00d00h02m43,0
JCR-1374,FALSE,FALSE,Minor,18833,00d05h13m53,0
JCR-1372,FALSE,FALSE,Minor,119217,01d09h06m57,0
JCR-1379,FALSE,FALSE,Trivial,51,00d00h00m51,0
JCR-1134,FALSE,FALSE,Major,3304000,38d05h46m40,0
JCR-1137,FALSE,FALSE,Major,1163877,13d11h17m57,1
JCR-1970,FALSE,FALSE,Minor,5604,00d01h33m24,0
JCR-1790,TRUE,FALSE,Minor,2617,00d00h43m37,0
JCR-1977,FALSE,FALSE,Critical,10888322,126d00h32m02,0
JCR-1976,FALSE,FALSE,Minor,1036187,11d23h49m47,0
JCR-1979,FALSE,FALSE,Major,260223,03d00h17m03,0
JCR-1131,FALSE,FALSE,Major,263569,03d01h12m49,0
JCR-1799,TRUE,FALSE,Major,336269,03d21h24m29,0
JCR-1578,FALSE,FALSE,Minor,6155,00d01h42m35,0
JCR-1571,TRUE,FALSE,Major,1094595,12d16h03m15,0
JCR-1573,FALSE,FALSE,Major,15303101,177d02h51m41,0
JCR-1572,FALSE,FALSE,Major,13193058,152d16h44m18,0
JCR-1778,TRUE,FALSE,Minor,48394146,560d02h49m06,0
JCR-1773,TRUE,FALSE,Major,24023813,278d01h16m53,0
JCR-1776,TRUE,FALSE,Major,1190,00d00h19m50,0
JCR-3325,FALSE,FALSE,Minor,180935,02d02h15m35,0
JCR-4188,FALSE,FALSE,Minor,103,00d00h01m43,0
JCR-1481,TRUE,FALSE,Minor,95227,01d02h27m07,0
JCR-1480,FALSE,FALSE,Minor,10567,00d02h56m07,0
JCR-4185,FALSE,TRUE,Minor,6312,00d01h45m12,0
JCR-931,FALSE,FALSE,Major,321836,03d17h23m56,0
JCR-1484,FALSE,FALSE,Minor,2110,00d00h35m10,0
JCR-1487,FALSE,FALSE,Minor,188,00d00h03m08,0
JCR-2313,TRUE,FALSE,Blocker,5171747,59d20h35m47,0
JCR-1490,FALSE,FALSE,Trivial,455224,05d06h27m04,0
TIKA-548,TRUE,FALSE,Major,599635,06d22h33m55,0
JCR-2132,FALSE,FALSE,Major,186,00d00h03m06,0
JCR-40,TRUE,FALSE,Major,4256897,49d06h28m17,0
JCR-41,TRUE,FALSE,Major,276308,03d04h45m08,0
JCR-3621,FALSE,FALSE,Major,332,00d00h05m32,0
JCR-3192,FALSE,FALSE,Trivial,8556615,99d00h50m15,0
JCR-3195,FALSE,TRUE,Major,6534,00d01h48m54,0
JCR-3194,FALSE,FALSE,Major,934394,10d19h33m14,0
JCR-46,FALSE,FALSE,Major,1188,00d00h19m48,0
JCR-47,FALSE,FALSE,Major,532555,06d03h55m55,0
JCR-48,FALSE,FALSE,Minor,101985,01d04h19m45,0
JCR-49,TRUE,FALSE,Minor,10397,00d02h53m17,0
JCR-3629,FALSE,FALSE,Major,136861,01d14h01m01,0
JCR-3950,FALSE,FALSE,Major,827,00d00h13m47,0
JCR-327,FALSE,FALSE,Major,324565,03d18h09m25,1
JCR-328,TRUE,FALSE,Major,271186,03d03h19m46,0
JCR-3404,FALSE,FALSE,Minor,700,00d00h11m40,0
JCR-1036,FALSE,FALSE,Major,67541,00d18h45m41,0
JCR-3539,FALSE,FALSE,Major,1457,00d00h24m17,0
JCR-3447,TRUE,FALSE,Major,1020,00d00h17m00,0
JCR-3445,FALSE,FALSE,Critical,3891269,45d00h54m29,1
JCR-2663,FALSE,FALSE,Major,7919668,91d15h54m28,0
JCR-2665,FALSE,FALSE,Minor,1037722,12d00h15m22,0
JCR-2666,FALSE,FALSE,Major,65134207,753d20h50m07,0
JCR-3440,FALSE,FALSE,Critical,9009843,104d06h44m03,1
JCR-2919,TRUE,FALSE,Major,6544119,75d17h48m39,0
JCR-498,TRUE,FALSE,Major,565543,06d13h05m43,0
JCR-499,FALSE,FALSE,Major,565712,06d13h08m32,0
JCR-492,FALSE,FALSE,Major,473071,05d11h24m31,0
JCR-490,FALSE,FALSE,Major,399230,04d14h53m50,0
JCR-491,FALSE,FALSE,Major,486428,05d15h07m08,0
JCR-496,FALSE,FALSE,Major,125853,01d10h57m33,0
JCR-494,FALSE,FALSE,Trivial,43238,00d12h00m38,0
JCR-495,FALSE,FALSE,Major,124671,01d10h37m51,0
JCR-259,FALSE,FALSE,Minor,377,00d00h06m17,0
JCR-255,TRUE,FALSE,Major,612973,07d02h16m13,0
JCR-250,FALSE,FALSE,Major,1344,00d00h22m24,0
JCR-251,FALSE,FALSE,Major,65101,00d18h05m01,0
JCR-972,FALSE,FALSE,Minor,352,00d00h05m52,0
JCR-2007,FALSE,FALSE,Major,530900,06d03h28m20,0
JCR-2000,TRUE,FALSE,Major,701452,08d02h50m52,1
JCR-2008,TRUE,FALSE,Minor,188,00d00h03m08,0
JCR-2009,TRUE,FALSE,Major,369832,04d06h43m52,0
JCR-786,TRUE,FALSE,Minor,86767,01d00h06m07,0
JCR-785,FALSE,FALSE,Major,376,00d00h06m16,0
JCR-782,FALSE,FALSE,Trivial,11495,00d03h11m35,0
JCR-783,FALSE,FALSE,Trivial,13126,00d03h38m46,0
JCR-780,TRUE,FALSE,Major,174,00d00h02m54,0
JCR-2861,FALSE,FALSE,Critical,2075685,24d00h34m45,0
JCR-3840,FALSE,FALSE,Major,2870,00d00h47m50,0
JCR-2868,FALSE,FALSE,Major,946774,10d22h59m34,0
JCR-789,FALSE,FALSE,Minor,10180076,117d19h47m56,0
JCR-2462,TRUE,FALSE,Major,58506,00d16h15m06,0
JCR-2466,FALSE,FALSE,Major,176424,02d01h00m24,0
JCR-2465,FALSE,FALSE,Critical,804,00d00h13m24,0
JCR-2468,TRUE,FALSE,Major,213154,02d11h12m34,0
JCR-3992,TRUE,FALSE,Major,7970,00d02h12m50,0
JCR-3996,FALSE,FALSE,Minor,431456,04d23h50m56,0
JCR-2718,TRUE,FALSE,Major,76806,00d21h20m06,0
JCR-2719,FALSE,FALSE,Minor,8475384,98d02h16m24,0
JCR-1160,FALSE,FALSE,Major,48429,00d13h27m09,0
JCR-2712,FALSE,FALSE,Critical,3621938,41d22h05m38,0
JCR-2713,TRUE,FALSE,Major,155,00d00h02m35,0
JCR-1168,FALSE,FALSE,Major,1202490,13d22h01m30,0
JCR-2484,FALSE,FALSE,Major,121,00d00h02m01,0
JCR-2487,TRUE,FALSE,Major,69,00d00h01m09,0
JCR-672,TRUE,FALSE,Major,11768477,136d05h01m17,0
JCR-2552,FALSE,FALSE,Major,2062,00d00h34m22,0
JCR-674,FALSE,FALSE,Minor,29718920,343d23h15m20,0
JCR-299,FALSE,FALSE,Minor,16285912,188d11h51m52,0
JCR-1013,FALSE,FALSE,Major,14402641,166d16h44m01,0
JCR-1010,TRUE,FALSE,Minor,69,00d00h01m09,0
JCR-477,FALSE,FALSE,Trivial,23339,00d06h28m59,0
JCR-835,TRUE,FALSE,Minor,854,00d00h14m14,0
JCR-479,FALSE,FALSE,Major,8526,00d02h22m06,0
JCR-3025,FALSE,FALSE,Major,449,00d00h07m29,0
JCR-170,FALSE,TRUE,Minor,263133,03d01h05m33,1
JCR-1902,FALSE,FALSE,Major,20021,00d05h33m41,0
JCR-1580,FALSE,FALSE,Major,43712,00d12h08m32,0
JCR-1581,FALSE,FALSE,Major,45491,00d12h38m11,0
JCR-1582,FALSE,FALSE,Minor,1899,00d00h31m39,0
JCR-4085,TRUE,FALSE,Major,149039,01d17h23m59,0
JCR-1587,TRUE,FALSE,Major,421224,04d21h00m24,0
JCR-4100,FALSE,FALSE,Minor,733,00d00h12m13,0
JCR-1749,FALSE,FALSE,Major,8898,00d02h28m18,0
JCR-1744,FALSE,FALSE,Minor,3867,00d01h04m27,0
JCR-929,TRUE,FALSE,Major,2075516,24d00h31m56,0
JCR-1341,FALSE,FALSE,Minor,14762,00d04h06m02,0
JCR-1346,TRUE,FALSE,Major,978591,11d07h49m51,0
JCR-925,FALSE,FALSE,Minor,4052,00d01h07m32,0
JCR-4408,FALSE,FALSE,Major,4077,00d01h07m57,0
JCR-4150,FALSE,FALSE,Major,70615,00d19h36m55,0
JCR-4154,FALSE,TRUE,Major,163316,01d21h21m56,1
JCR-816,FALSE,FALSE,Minor,1198,00d00h19m58,0
JCR-814,FALSE,FALSE,Minor,514162,05d22h49m22,1
JCR-815,FALSE,FALSE,Minor,423009,04d21h30m09,0
JCR-812,FALSE,FALSE,Major,9006925,104d05h55m25,0
JCR-813,FALSE,FALSE,Major,8915869,103d04h37m49,0
JCR-811,FALSE,FALSE,Minor,12619200,146d01h20m00,0
JCR-3610,FALSE,FALSE,Minor,57049,00d15h50m49,0
JCR-3617,TRUE,FALSE,Minor,92013,01d01h33m33,0
JCR-59,FALSE,FALSE,Major,2430317,28d03h05m17,0
JCR-57,TRUE,FALSE,Major,73547,00d20h25m47,0
JCR-51,TRUE,FALSE,Major,121039,01d09h37m19,0
JCR-310,FALSE,FALSE,Major,9210,00d02h33m30,0
JCR-312,FALSE,FALSE,Major,283,00d00h04m43,0
JCR-3292,TRUE,FALSE,Major,179054,02d01h44m14,0
JCR-3290,TRUE,FALSE,Critical,676375,07d19h52m55,0
JCR-3291,TRUE,TRUE,Major,351194,04d01h33m14,0
JCR-3298,FALSE,FALSE,Major,98606,01d03h23m26,0
JCR-3299,TRUE,FALSE,Minor,6954,00d01h55m54,0
JCR-3050,TRUE,FALSE,Major,15131358,175d03h09m18,0
JCR-3503,FALSE,FALSE,Major,5539,00d01h32m19,0
JCR-3052,FALSE,FALSE,Minor,148,00d00h02m28,0
JCR-3501,FALSE,FALSE,Critical,44853,00d12h27m33,0
JCR-3057,FALSE,FALSE,Major,54,00d00h00m54,0
JCR-2904,FALSE,FALSE,Major,941523,10d21h32m03,0
JCR-2671,TRUE,FALSE,Minor,458895,05d07h28m15,0
JCR-2901,TRUE,FALSE,Blocker,243600,02d19h40m00,0
JCR-2900,FALSE,FALSE,Minor,681,00d00h11m21,0
JCR-2675,FALSE,FALSE,Major,608240,07d00h57m20,0
JCR-2674,FALSE,FALSE,Critical,56983,00d15h49m43,0
JCR-3270,FALSE,FALSE,Major,80821,00d22h27m01,0
JCR-3272,TRUE,FALSE,Minor,10890,00d03h01m30,0
JCR-2909,FALSE,FALSE,Minor,2004,00d00h33m24,0
JCR-3276,FALSE,FALSE,Major,31532003,364d22h53m23,0
JCR-423,FALSE,FALSE,Major,600449,06d22h47m29,1
JCR-268,FALSE,FALSE,Trivial,138580,01d14h29m40,0
JCR-261,FALSE,FALSE,Major,72167,00d20h02m47,0
JCR-2276,FALSE,FALSE,Major,148636,01d17h17m16,0
JCR-265,TRUE,FALSE,Major,456171,05d06h42m51,0
JCR-2272,TRUE,FALSE,Major,66265767,766d23h09m27,0
JCR-267,FALSE,FALSE,Minor,89,00d00h01m29,0
JCR-2270,FALSE,FALSE,Major,7321,00d02h02m01,0
JCR-424,FALSE,FALSE,Minor,6249,00d01h44m09,0
JCR-2017,FALSE,TRUE,Major,393,00d00h06m33,0
JCR-2016,FALSE,FALSE,Major,3642466,42d03h47m46,0
JCR-2015,FALSE,FALSE,Minor,1307625,15d03h13m45,0
JCR-2014,FALSE,FALSE,Major,3552203,41d02h43m23,1
JCR-2013,TRUE,FALSE,Major,28668700,331d19h31m40,0
JCR-2870,TRUE,FALSE,Major,1385270,16d00h47m50,1
JCR-2872,TRUE,FALSE,Major,68248,00d18h57m28,0
JCR-2018,TRUE,FALSE,Minor,182993,02d02h49m53,1
OAK-3324,TRUE,FALSE,Major,281380,03d06h09m40,0
JCR-3878,FALSE,FALSE,Critical,2283,00d00h38m03,0
JCR-3876,FALSE,FALSE,Major,177869,02d01h24m29,0
JCR-3872,FALSE,FALSE,Minor,3552,00d00h59m12,0
JCR-3873,FALSE,FALSE,Major,983815,11d09h16m55,0
JCR-3871,FALSE,FALSE,Major,405459,04d16h37m39,0
JCR-3502,FALSE,FALSE,Major,7772,00d02h09m32,0
JCR-2475,FALSE,FALSE,Minor,1432,00d00h23m52,0
JCR-3478,FALSE,FALSE,Major,276,00d00h04m36,0
JCR-2473,TRUE,FALSE,Major,98105,01d03h15m05,0
JCR-2472,TRUE,FALSE,Major,2952222,34d04h03m42,0
JCR-3472,TRUE,FALSE,Major,340364,03d22h32m44,0
JCR-3476,FALSE,FALSE,Major,333503,03d20h38m23,0
JCR-2709,FALSE,FALSE,Minor,9006160,104d05h42m40,0
JCR-2705,FALSE,FALSE,Trivial,3893469,45d01h31m09,0
JCR-2490,FALSE,FALSE,Major,16775499,194d03h51m39,0
JCR-2496,FALSE,FALSE,Major,65,00d00h01m05,0
JCR-687,FALSE,FALSE,Minor,98619,01d03h23m39,0
JCR-683,FALSE,FALSE,Minor,702,00d00h11m42,0
JCR-682,FALSE,FALSE,Major,18912,00d05h15m12,1
JCR-681,FALSE,FALSE,Minor,1261,00d00h21m01,0
JCR-443,FALSE,FALSE,Major,522,00d00h08m42,0
JCR-1006,TRUE,FALSE,Major,1338281,15d11h44m41,0
JCR-445,FALSE,FALSE,Major,2002,00d00h33m22,0
JCR-444,TRUE,FALSE,Major,1079,00d00h17m59,0
JCR-447,TRUE,FALSE,Major,10754,00d02h59m14,0
JCR-448,FALSE,FALSE,Major,859,00d00h14m19,0
JCR-1008,FALSE,FALSE,Minor,59,00d00h00m59,0
JCR-2903,TRUE,FALSE,Major,618525,07d03h48m45,0
JCR-1179,TRUE,FALSE,Major,446600,05d04h03m20,1
JCR-1915,TRUE,FALSE,Major,1732986,20d01h23m06,0
JCR-1912,FALSE,FALSE,Minor,74859,00d20h47m39,0
JCR-1910,FALSE,FALSE,Major,434733,05d00h45m33,0
JCR-1170,FALSE,FALSE,Minor,2110,00d00h35m10,0
JCR-1176,FALSE,FALSE,Minor,137,00d00h02m17,0
JCR-1597,FALSE,FALSE,Major,32814299,379d19h04m59,0
JCR-1596,FALSE,FALSE,Minor,98811,01d03h26m51,0
JCR-3274,FALSE,FALSE,Minor,81259570,940d12h06m10,0
JCR-1599,TRUE,FALSE,Major,2192,00d00h36m32,0
JCR-1598,TRUE,FALSE,Minor,9772458,113d02h34m18,0
JCR-1750,FALSE,FALSE,Major,101899,01d04h18m19,0
JCR-1755,TRUE,FALSE,Critical,17270,00d04h47m50,0
JCR-1757,FALSE,FALSE,Minor,421,00d00h07m01,0
JCR-543,FALSE,FALSE,Major,19934636,230d17h23m56,1
JCR-1359,TRUE,FALSE,Critical,3017831,34d22h17m11,1
JCR-1358,FALSE,FALSE,Minor,518,00d00h08m38,0
JCR-1355,FALSE,FALSE,Minor,7397,00d02h03m17,0
JCR-4149,TRUE,FALSE,Major,261022,03d00h30m22,0
JCR-1932,FALSE,FALSE,Minor,3285984,38d00h46m24,0
JCR-4146,TRUE,FALSE,Major,677620,07d20h13m40,0
JCR-862,TRUE,FALSE,Major,1242987,14d09h16m27,1
JCR-861,FALSE,FALSE,Minor,181448693,2100d02h24m53,0
JCR-866,TRUE,FALSE,Major,2012306,23d06h58m26,0
JCR-865,TRUE,FALSE,Minor,5888265,68d03h37m45,0
JCR-4093,TRUE,FALSE,Major,2413562,27d22h26m02,0
JCR-824,FALSE,FALSE,Major,68307,00d18h58m27,0
JCR-632,FALSE,FALSE,Critical,1147920,13d06h52m00,1
JCR-266,FALSE,FALSE,Minor,209,00d00h03m29,0
JCR-22,TRUE,FALSE,Major,1479181,17d02h53m01,0
JCR-23,TRUE,FALSE,Critical,1478153,17d02h35m53,0
JCR-20,TRUE,FALSE,Critical,1906281,22d01h31m21,0
JCR-21,FALSE,FALSE,Major,3330,00d00h55m30,0
JCR-27,FALSE,FALSE,Major,71405,00d19h50m05,0
JCR-24,FALSE,FALSE,Major,60138,00d16h42m18,0
JCR-308,FALSE,FALSE,Major,1293191,14d23h13m11,0
JCR-3289,TRUE,FALSE,Critical,872904,10d02h28m24,0
JCR-3512,FALSE,FALSE,Major,4249047,49d04h17m27,1
JCR-3049,FALSE,FALSE,Major,7339,00d02h02m19,0
JCR-3518,FALSE,FALSE,Major,10588,00d02h56m28,0
JCR-2646,TRUE,FALSE,Minor,974358,11d06h39m18,0
JCR-2395,FALSE,FALSE,Major,19947,00d05h32m27,0
JCR-3268,TRUE,FALSE,Major,93071,01d01h51m11,0
JCR-2392,FALSE,FALSE,Minor,237019,02d17h50m19,0
JCR-2393,TRUE,FALSE,Major,81667,00d22h41m07,0
JCR-3262,TRUE,FALSE,Major,1205113,13d22h45m13,0
JCR-3261,FALSE,FALSE,Major,256984,02d23h23m04,0
JCR-2398,TRUE,FALSE,Minor,539639,06d05h53m59,0
JCR-3266,TRUE,FALSE,Major,4628,00d01h17m08,0
JCR-2648,FALSE,FALSE,Minor,249410,02d21h16m50,0
JCR-272,FALSE,FALSE,Major,20985973,242d21h26m13,0
JCR-270,FALSE,FALSE,Major,1044871,12d02h14m31,0
JCR-278,FALSE,FALSE,Major,2503,00d00h41m43,0
JCR-279,FALSE,FALSE,Minor,31524,00d08h45m24,0
JCR-2242,FALSE,FALSE,Minor,1028,00d00h17m08,0
JCR-2241,TRUE,FALSE,Minor,154249,01d18h50m49,0
JCR-2244,FALSE,FALSE,Major,996,00d00h16m36,0
JCR-2248,TRUE,FALSE,Minor,238258,02d18h10m58,0
TIKA-556,TRUE,FALSE,Critical,54266,00d15h04m26,0
JCR-3601,FALSE,FALSE,Major,28323,00d07h52m03,0
JCR-3603,FALSE,FALSE,Major,1554,00d00h25m54,0
JCR-3605,FALSE,FALSE,Major,262160,03d00h49m20,0
JCR-3604,FALSE,FALSE,Minor,1839,00d00h30m39,0
JCR-2808,FALSE,FALSE,Major,1676,00d00h27m56,0
JCR-2809,TRUE,FALSE,Major,77793,00d21h36m33,0
JCR-2807,FALSE,FALSE,Major,519826,06d00h23m46,0
JCR-3862,FALSE,TRUE,Major,11956,00d03h19m16,0
JCR-3469,TRUE,FALSE,Minor,504603,05d20h10m03,1
JCR-3468,FALSE,FALSE,Critical,13051,00d03h37m31,0
JCR-3465,FALSE,FALSE,Minor,10874464,125d20h41m04,0
JCR-3466,FALSE,FALSE,Minor,3337,00d00h55m37,0
JCR-2739,FALSE,FALSE,Trivial,1012776,11d17h19m36,0
JCR-2736,FALSE,FALSE,Major,1729954,20d00h32m34,0
JCR-2734,TRUE,FALSE,Major,785767,09d02h16m07,0
JCR-2731,FALSE,FALSE,Major,1719836,19d21h43m56,0
JCR-699,TRUE,FALSE,Major,12082880,139d20h21m20,0
JCR-695,TRUE,FALSE,Blocker,183667,02d03h01m07,0
JCR-692,FALSE,FALSE,Minor,9019519,104d09h25m19,0
JCR-693,FALSE,FALSE,Blocker,18560,00d05h09m20,0
JCR-458,FALSE,FALSE,Major,1778,00d00h29m38,0
JCR-457,FALSE,FALSE,Trivial,8982,00d02h29m42,0
JCR-454,FALSE,FALSE,Minor,71330,00d19h48m50,0
JCR-455,TRUE,FALSE,Major,2315,00d00h38m35,0
JCR-452,FALSE,FALSE,Major,54011,00d15h00m11,0
JCR-453,FALSE,FALSE,Major,3254,00d00h54m14,0
JCR-450,FALSE,FALSE,Major,973,00d00h16m13,0
JCR-1611,FALSE,FALSE,Major,59835,00d16h37m15,0
JCR-1612,TRUE,FALSE,Major,13186202,152d14h50m02,0
JCR-1613,TRUE,FALSE,Major,16398696,189d19h11m36,0
JCR-1929,FALSE,FALSE,Trivial,131,00d00h02m11,0
JCR-1298,FALSE,FALSE,Minor,9961,00d02h46m01,0
JCR-1923,FALSE,FALSE,Minor,3526793,40d19h39m53,0
JCR-1920,FALSE,FALSE,Critical,73143,00d20h19m03,0
JCR-1926,FALSE,FALSE,Minor,1979,00d00h32m59,0
JCR-1292,FALSE,FALSE,Trivial,113519,01d07h31m59,0
JCR-1925,FALSE,FALSE,Major,8806,00d02h26m46,0
JCR-1109,FALSE,FALSE,Major,1365,00d00h22m45,0
JCR-1101,TRUE,FALSE,Minor,1067,00d00h17m47,0
JCR-1103,FALSE,FALSE,Major,419,00d00h06m59,0
JCR-1727,FALSE,FALSE,Major,89445,01d00h50m45,0
JCR-1728,TRUE,FALSE,Minor,5129,00d01h25m29,0
JCR-1729,TRUE,FALSE,Minor,3630715,42d00h31m55,0
JCR-1439,FALSE,FALSE,Major,440357,05d02h19m17,0
JCR-4179,FALSE,TRUE,Major,1019,00d00h16m59,0
JCR-1432,FALSE,FALSE,Minor,434204,05d00h36m44,0
JCR-1434,TRUE,FALSE,Trivial,452254,05d05h37m34,0
JCR-4173,TRUE,TRUE,Major,1009997,11d16h33m17,0
JCRTCK-17,FALSE,FALSE,Minor,40376,00d11h12m56,0
JCR-3001,TRUE,FALSE,Major,179682,02d01h54m42,0
JCR-38,FALSE,FALSE,Major,249886,02d21h24m46,0
JCR-31,FALSE,FALSE,Major,8232720,95d06h52m00,0
JCR-33,TRUE,FALSE,Major,60,00d00h01m00,0
JCR-32,FALSE,FALSE,Major,241,00d00h04m01,0
JCR-35,FALSE,FALSE,Major,1061286,12d06h48m06,0
JCR-34,FALSE,FALSE,Major,13440,00d03h44m00,0
JCR-36,FALSE,FALSE,Critical,1067105,12d08h25m05,0
JCR-70,TRUE,FALSE,Minor,63298,00d17h34m58,0
JCR-8,FALSE,FALSE,Major,364315,04d05h11m55,0
JCR-3189,FALSE,FALSE,Minor,2443910,28d06h51m50,0
JCR-3077,FALSE,FALSE,Major,15720,00d04h22m00,0
JCR-3075,FALSE,FALSE,Minor,436054,05d01h07m34,0
JCR-2386,TRUE,FALSE,Major,682,00d00h11m22,0
JCR-2385,FALSE,FALSE,Major,950151,10d23h55m51,0
JCR-2380,FALSE,FALSE,Minor,63658633,736d18h57m13,0
JCR-3709,FALSE,FALSE,Major,243637,02d19h40m37,0
JCR-3250,FALSE,FALSE,Minor,3143,00d00h52m23,0
JCR-207,TRUE,FALSE,Major,86890,01d00h08m10,0
JCR-205,FALSE,FALSE,Major,70854,00d19h40m54,0
JCR-209,FALSE,FALSE,Major,93777,01d02h02m57,0
JCR-208,FALSE,FALSE,Major,475384,05d12h03m04,0
JCR-2255,TRUE,FALSE,Major,91865,01d01h31m05,0
JCR-2257,TRUE,FALSE,Major,636143,07d08h42m23,0
JCR-2250,FALSE,FALSE,Major,209540,02d10h12m20,0
JCR-2252,FALSE,FALSE,Minor,1468697,16d23h58m17,0
JCR-3384,FALSE,FALSE,Major,11342,00d03h09m02,0
JCR-3385,FALSE,FALSE,Minor,9414,00d02h36m54,0
JCR-3387,FALSE,FALSE,Major,1217564,14d02h12m44,0
JCR-3380,FALSE,FALSE,Major,260025,03d00h13m45,0
JCR-2258,TRUE,FALSE,Minor,1926,00d00h32m06,0
JCR-3382,FALSE,FALSE,Major,23076751,267d02h12m31,0
JCR-3383,FALSE,FALSE,Major,259,00d00h04m19,0
JCR-3678,FALSE,FALSE,Minor,242881,02d19h28m01,0
JCR-3674,FALSE,FALSE,Major,2226,00d00h37m06,0
JCR-3677,FALSE,FALSE,Minor,1872,00d00h31m12,0
JCR-3671,FALSE,FALSE,Minor,278464,03d05h21m04,0
JCR-3673,FALSE,FALSE,Minor,1972,00d00h32m52,0
JCR-2816,FALSE,FALSE,Major,147,00d00h02m27,0
JCR-2813,TRUE,FALSE,Critical,2967,00d00h49m27,0
JCR-2810,FALSE,FALSE,Major,5948216,68d20h16m56,0
JCR-3814,FALSE,FALSE,Major,10020416,115d23h26m56,1
JCR-3816,TRUE,FALSE,Major,328162,03d19h09m22,0
JCR-3811,TRUE,FALSE,Major,105595,01d05h19m55,0
JCR-519,FALSE,FALSE,Minor,14571,00d04h02m51,0
JCR-518,FALSE,FALSE,Major,562803,06d12h20m03,0
JCR-514,FALSE,FALSE,Major,580902,06d17h21m42,0
JCR-513,FALSE,FALSE,Major,580473,06d17h14m33,0
JCR-512,TRUE,FALSE,Major,580137,06d17h08m57,0
JCR-511,TRUE,FALSE,Major,578245,06d16h37m25,0
JCR-510,FALSE,FALSE,Major,573055,06d15h10m55,0
JCR-3491,FALSE,FALSE,Major,276,00d00h04m36,0
JCR-3493,FALSE,TRUE,Major,1118076,12d22h34m36,0
JCR-3497,FALSE,FALSE,Major,84222,00d23h23m42,0
JCR-3498,FALSE,FALSE,Major,8906131,103d01h55m31,0
JCR-3499,FALSE,FALSE,Major,1925,00d00h32m05,0
JCR-2655,FALSE,FALSE,Blocker,8825986,102d03h39m46,1
JCR-2657,TRUE,FALSE,Trivial,3339,00d00h55m39,0
JCR-2720,TRUE,FALSE,Major,3079013,35d15h16m53,0
JCR-2725,FALSE,FALSE,Major,113,00d00h01m53,0
JCR-2724,FALSE,FALSE,Major,642,00d00h10m42,0
JCR-3929,FALSE,FALSE,Major,60141889,696d02h04m49,0
JCR-761,FALSE,FALSE,Major,620,00d00h10m20,0
JCR-429,FALSE,FALSE,Major,517483,05d23h44m43,0
JCR-428,TRUE,FALSE,Major,912718,10d13h31m58,1
JCR-2035,TRUE,FALSE,Minor,1224610,14d04h10m10,0
JCR-422,TRUE,FALSE,Major,1404075,16d06h01m15,0
JCR-421,FALSE,FALSE,Major,1014,00d00h16m54,0
JCR-420,FALSE,FALSE,Blocker,176906,02d01h08m26,0
JCR-426,FALSE,FALSE,Major,293,00d00h04m53,0
JCR-2032,TRUE,FALSE,Minor,233,00d00h03m53,0
JCR-1602,TRUE,FALSE,Major,1286144,14d21h15m44,0
JCR-1601,FALSE,FALSE,Minor,6811,00d01h53m31,0
JCR-1286,TRUE,FALSE,Major,12082557,139d20h15m57,0
JCR-1285,TRUE,FALSE,Major,30791,00d08h33m11,0
JCR-1936,FALSE,FALSE,Blocker,1989,00d00h33m09,0
JCR-1931,FALSE,FALSE,Critical,430795,04d23h39m55,0
JCR-1930,FALSE,FALSE,Trivial,265,00d00h04m25,0
JCR-1280,FALSE,FALSE,Major,1548,00d00h25m48,0
JCR-737,FALSE,FALSE,Minor,90744,01d01h12m24,0
JCR-736,FALSE,FALSE,Major,747213,08d15h33m33,1
JCR-1117,FALSE,FALSE,Major,46552254,538d19h10m54,0
JCR-739,TRUE,FALSE,Minor,244885,02d20h01m25,1
JCR-1110,TRUE,FALSE,Minor,781084,09d00h58m04,0
JCR-587,TRUE,FALSE,Major,240149,02d18h42m29,0
JCR-1737,FALSE,FALSE,Major,598694,06d22h18m14,0
JCR-1734,TRUE,FALSE,Minor,346838,04d00h20m38,0
JCR-1731,TRUE,FALSE,Major,1103491,12d18h31m31,0
JCR-1730,TRUE,FALSE,Minor,65189,00d18h06m29,0
JCR-4387,TRUE,FALSE,Minor,2787789,32d06h23m09,0
JCR-1738,FALSE,FALSE,Minor,79498,00d22h04m58,0
JCR-3987,TRUE,TRUE,Major,448164,05d04h29m24,0
JCR-993,FALSE,FALSE,Major,235090,02d17h18m10,0
JCR-1427,FALSE,FALSE,Major,19813,00d05h30m13,0
JCR-849,FALSE,FALSE,Minor,2877,00d00h47m57,0
JCR-848,FALSE,FALSE,Minor,7474974,86d12h22m54,1
JCR-845,FALSE,FALSE,Major,314187,03d15h16m27,0
JCR-844,FALSE,FALSE,Major,1112,00d00h18m32,0
JCR-841,FALSE,FALSE,Major,3287,00d00h54m47,0
JCR-842,TRUE,FALSE,Minor,5142,00d01h25m42,1
JCR-192,FALSE,FALSE,Major,1044,00d00h17m24,0
JCR-191,FALSE,FALSE,Minor,787,00d00h13m07,0
JCR-195,FALSE,FALSE,Minor,33483,00d09h18m03,0
JCR-194,FALSE,FALSE,Major,83411,00d23h10m11,1
JCR-199,TRUE,FALSE,Major,2187143,25d07h32m23,0
JCR-2922,FALSE,FALSE,Minor,142,00d00h02m22,0
JCR-2519,TRUE,FALSE,Major,1129,00d00h18m49,0
JCR-2582,TRUE,FALSE,Minor,94706,01d02h18m26,1
JCRTCK-5,FALSE,FALSE,Major,616245,07d03h10m45,0
