BugID, #isArch, #isInduce, #Priority, #TimeSec, #Time, #Reopen
JAMES-1859,FALSE,FALSE,Major,15043772,174d02h49m32,0
JAMES-1856,TRUE,FALSE,Major,12439887,143d23h31m27,0
JAMES-2328,FALSE,FALSE,Major,106194,01d05h29m54,0
JAMES-1916,FALSE,FALSE,Major,702386,08d03h06m26,0
JAMES-1912,FALSE,FALSE,Major,8903949,103d01h19m09,0
JAMES-1913,FALSE,FALSE,Major,962499,11d03h21m39,0
JAMES-1697,TRUE,FALSE,Major,1767928,20d11h05m28,0
JAMES-1919,TRUE,FALSE,Major,5766,00d01h36m06,0
MAILBOX-290,TRUE,FALSE,Major,981141,11d08h32m21,1
MAILBOX-294,TRUE,FALSE,Major,411991,04d18h26m31,0
MAILBOX-297,TRUE,FALSE,Major,542350,06d06h39m10,0
JAMES-1592,TRUE,FALSE,Major,53206884,615d19h41m24,0
JAMES-2523,FALSE,FALSE,Minor,343483,03d23h24m43,0
JAMES-2253,TRUE,FALSE,Major,2397630,27d18h00m30,0
JAMES-1597,FALSE,FALSE,Major,8820639,102d02h10m39,0
JAMES-2524,TRUE,FALSE,Minor,340023,03d22h27m03,0
JAMES-1595,TRUE,FALSE,Major,8820980,102d02h16m20,0
JAMES-2259,TRUE,FALSE,Major,267436,03d02h17m16,0
JAMES-1598,FALSE,FALSE,Major,8820599,102d02h09m59,0
JAMES-1599,FALSE,FALSE,Major,8820092,102d02h01m32,0
MAILBOX-278,TRUE,FALSE,Major,6671200,77d05h06m40,0
JAMES-2743,TRUE,FALSE,Major,1511739,17d11h55m39,0
MAILBOX-378,TRUE,FALSE,Major,250961,02d21h42m41,0
MAILBOX-379,TRUE,FALSE,Major,492785,05d16h53m05,0
JAMES-2746,TRUE,FALSE,Major,707377,08d04h29m37,0
JAMES-2744,TRUE,FALSE,Major,1446213,16d17h43m33,0
JAMES-2801,FALSE,FALSE,Major,324269,03d18h04m29,0
JAMES-2803,TRUE,FALSE,Major,171609,01d23h40m09,0
JAMES-2804,TRUE,FALSE,Major,4735,00d01h18m55,0
JAMES-1823,TRUE,FALSE,Major,19741262,228d11h41m02,0
JAMES-1826,FALSE,FALSE,Major,414851,04d19h14m11,0
JAMES-1827,FALSE,FALSE,Major,22965847,265d19h24m07,0
JAMES-821,FALSE,FALSE,Trivial,43905227,508d03h53m47,0
JAMES-2738,FALSE,FALSE,Major,578125,06d16h35m25,0
JAMES-1696,TRUE,FALSE,Major,192825,02d05h33m45,0
JAMES-1925,TRUE,FALSE,Major,185991,02d03h39m51,0
JAMES-1888,TRUE,FALSE,Major,355094,04d02h38m14,0
JAMES-1999,TRUE,FALSE,Major,3541450,40d23h44m10,1
MAILBOX-321,FALSE,FALSE,Major,201394,02d07h56m34,0
JAMES-1558,FALSE,FALSE,Major,86680098,1003d05h48m18,0
JAMES-2207,FALSE,FALSE,Major,88268,01d00h31m08,0
JAMES-2206,FALSE,FALSE,Major,186251,02d03h44m11,0
JAMES-2118,FALSE,FALSE,Major,1099609,12d17h26m49,0
JAMES-2163,FALSE,FALSE,Major,10631748,123d01h15m48,0
JAMES-2160,TRUE,FALSE,Major,154058,01d18h47m38,0
JAMES-2161,TRUE,FALSE,Major,10775506,124d17h11m46,0
JAMES-2166,TRUE,FALSE,Major,217096,02d12h18m16,0
JAMES-2167,TRUE,FALSE,Major,24871061,287d20h37m41,0
JAMES-1543,TRUE,FALSE,Major,96909829,1121d15h23m49,0
JAMES-1260,FALSE,FALSE,Major,2424208,28d01h23m28,0
JAMES-2018,TRUE,FALSE,Major,2329751,26d23h09m11,0
JAMES-1798,FALSE,FALSE,Major,8544489,98d21h28m09,0
JAMES-1799,TRUE,FALSE,Major,524191,06d01h36m31,0
JAMES-1794,FALSE,FALSE,Major,28935559,334d21h39m19,0
JAMES-1796,TRUE,FALSE,Major,9838,00d02h43m58,0
JAMES-1797,TRUE,FALSE,Major,17898,00d04h58m18,0
JAMES-1791,TRUE,FALSE,Major,336437,03d21h27m17,0
JAMES-2683,TRUE,FALSE,Major,541386,06d06h23m06,0
JAMES-2682,TRUE,FALSE,Major,1211330,14d00h28m50,0
JAMES-1593,FALSE,FALSE,Major,17616669,203d21h31m09,0
JAMES-2117,FALSE,FALSE,Major,186188,02d03h43m08,0
MAILBOX-343,TRUE,FALSE,Major,262210,03d00h50m10,0
JAMES-1591,TRUE,FALSE,Major,29098431,336d18h53m51,0
JAMES-2113,TRUE,FALSE,Major,583136,06d17h58m56,0
JAMES-2444,TRUE,FALSE,Critical,474950,05d11h55m50,0
JAMES-1647,FALSE,FALSE,Major,429777,04d23h22m57,0
JAMES-2255,TRUE,FALSE,Major,2424277,28d01h24m37,0
JAMES-2669,TRUE,FALSE,Minor,7486697,86d15h38m17,0
JAMES-2668,TRUE,FALSE,Major,12621,00d03h30m21,0
JAMES-2849,TRUE,FALSE,Major,5863,00d01h37m43,0
JAMES-1594,TRUE,FALSE,Major,8821316,102d02h21m56,0
JAMES-2845,FALSE,FALSE,Major,460,00d00h07m40,0
JAMES-1865,TRUE,FALSE,Major,451378,05d05h22m58,0
JAMES-1862,TRUE,FALSE,Critical,1616162,18d16h56m02,0
JAMES-1861,FALSE,FALSE,Major,147470,01d16h57m50,0
JAMES-1940,TRUE,FALSE,Major,39208,00d10h53m28,0
JAMES-1942,TRUE,FALSE,Major,4454,00d01h14m14,0
JAMES-1868,TRUE,FALSE,Major,599891,06d22h38m11,0
JAMES-1869,TRUE,FALSE,Major,5387106,62d08h25m06,0
JAMES-2360,TRUE,FALSE,Major,275102,03d04h25m02,0
JAMES-2209,FALSE,FALSE,Major,431167,04d23h46m07,0
JAMES-1898,TRUE,FALSE,Major,7861645,90d23h47m25,0
JAMES-2203,FALSE,FALSE,Major,452138,05d05h35m38,0
JAMES-2201,FALSE,FALSE,Minor,1409667,16d07h34m27,0
JAMES-1897,FALSE,FALSE,Major,64622,00d17h57m02,0
JAMES-1896,TRUE,FALSE,Major,34782157,402d13h42m37,0
MAILBOX-349,TRUE,FALSE,Major,457554,05d07h05m54,0
JAMES-2019,TRUE,FALSE,Major,581750,06d17h35m50,0
JAMES-2012,FALSE,FALSE,Major,73149,00d20h19m09,0
JAMES-2011,FALSE,FALSE,Major,9182,00d02h33m02,0
JAMES-2015,TRUE,FALSE,Major,1095225,12d16h13m45,0
JAMES-2514,TRUE,FALSE,Major,164883,01d21h48m03,0
JAMES-2384,TRUE,FALSE,Minor,905125,10d11h25m25,0
JAMES-1638,FALSE,FALSE,Major,425661,04d22h14m21,0
JAMES-2064,FALSE,FALSE,Major,61637,00d17h07m17,0
JAMES-2063,TRUE,FALSE,Major,98426,01d03h20m26,0
MAILBOX-330,FALSE,FALSE,Major,26257,00d07h17m37,0
JAMES-2107,TRUE,FALSE,Major,2590486,29d23h34m46,0
MIME4J-262,FALSE,FALSE,Major,153366,01d18h36m06,0
JAMES-1828,FALSE,FALSE,Major,342218,03d23h03m38,0
JAMES-2402,TRUE,FALSE,Major,661578,07d15h46m18,0
JAMES-2672,TRUE,FALSE,Major,672756,07d18h52m36,0
JAMES-2496,FALSE,FALSE,Major,130774,01d12h19m34,0
JAMES-1760,TRUE,FALSE,Major,227534,02d15h12m14,0
JAMES-2624,TRUE,FALSE,Major,852941,09d20h55m41,0
JAMES-2230,TRUE,FALSE,Major,709060,08d04h57m40,0
JAMES-2236,FALSE,FALSE,Major,422371,04d21h19m31,0
JAMES-2237,TRUE,FALSE,Major,191858,02d05h17m38,0
JAMES-2235,TRUE,FALSE,Major,523451,06d01h24m11,0
JAMES-2238,TRUE,FALSE,Major,216382,02d12h06m22,0
JAMES-2239,FALSE,FALSE,Major,211451,02d10h44m11,0
JAMES-1907,FALSE,FALSE,Major,12934892,149d17h01m32,0
JAMES-1900,TRUE,FALSE,Major,456004,05d06h40m04,0
JAMES-1903,TRUE,FALSE,Major,447137,05d04h12m17,0
JAMES-1813,FALSE,FALSE,Major,2327717,26d22h35m17,0
MAILBOX-284,TRUE,FALSE,Major,6911374,79d23h49m34,0
MAILBOX-282,TRUE,FALSE,Major,89553,01d00h52m33,0
MAILBOX-283,TRUE,FALSE,Major,7760892,89d19h48m12,0
JAMES-1812,TRUE,FALSE,Major,3996,00d01h06m36,0
MAILBOX-288,FALSE,FALSE,Major,95171,01d02h26m11,0
JAMES-2531,FALSE,FALSE,Major,340132,03d22h28m52,0
JAMES-2533,FALSE,FALSE,Major,339776,03d22h22m56,0
JAMES-2243,FALSE,FALSE,Major,108834,01d06h13m54,0
JAMES-1998,FALSE,FALSE,Major,72845,00d20h14m05,0
JAMES-2240,FALSE,FALSE,Major,156467,01d19h27m47,0
JAMES-1996,FALSE,FALSE,Major,46752,00d12h59m12,0
JAMES-2122,TRUE,FALSE,Major,24624994,285d00h16m34,0
JAMES-2123,TRUE,FALSE,Major,14255822,164d23h57m02,0
JAMES-1990,FALSE,FALSE,Major,50448,00d14h00m48,0
JAMES-2248,FALSE,FALSE,Major,470041,05d10h34m01,0
JAMES-2758,FALSE,FALSE,Major,345191,03d23h53m11,0
JAMES-2054,FALSE,FALSE,Major,2212,00d00h36m52,0
JAMES-2053,FALSE,FALSE,Major,2868,00d00h47m48,0
MAILBOX-301,TRUE,FALSE,Major,96872,01d02h54m32,0
JAMES-2051,FALSE,FALSE,Major,363185,04d04h53m05,0
JAMES-2751,FALSE,FALSE,Major,966230,11d04h23m50,0
MAILBOX-263,TRUE,FALSE,Major,5682,00d01h34m42,0
JAMES-2754,TRUE,FALSE,Major,1116899,12d22h14m59,0
MAILBOX-267,TRUE,FALSE,Major,1615224,18d16h40m24,0
JAMES-1839,TRUE,FALSE,Major,1935514,22d09h38m34,0
JAMES-1838,TRUE,FALSE,Major,488214,05d15h36m54,0
MAILET-144,TRUE,FALSE,Major,2246147,25d23h55m47,0
MAILET-141,FALSE,FALSE,Major,92329,01d01h38m49,0
JAMES-1831,FALSE,FALSE,Major,21213048,245d12h30m48,0
JAMES-1833,FALSE,FALSE,Major,438115,05d01h41m55,0
JAMES-1836,FALSE,FALSE,Major,73050,00d20h17m30,0
JAMES-2644,TRUE,FALSE,Critical,1204937,13d22h42m17,0
JAMES-2354,FALSE,FALSE,Major,8738701,101d03h25m01,0
JAMES-2338,FALSE,FALSE,Trivial,3476679,40d05h44m39,0
JAMES-1641,TRUE,FALSE,Major,3506,00d00h58m26,0
JAMES-1715,TRUE,FALSE,Major,517879,05d23h51m19,0
JAMES-1716,TRUE,FALSE,Major,8374147,96d22h09m07,0
JAMES-1711,TRUE,FALSE,Major,430020,04d23h27m00,0
JAMES-1712,TRUE,FALSE,Major,526026,06d02h07m06,0
JAMES-1718,TRUE,FALSE,Major,542233,06d06h37m13,0
JAMES-2180,FALSE,FALSE,Major,44223,00d12h17m03,0
JAMES-2181,TRUE,FALSE,Major,428955,04d23h09m15,0
JAMES-2179,TRUE,FALSE,Major,61624,00d17h07m04,0
JAMES-2178,TRUE,FALSE,Major,66336,00d18h25m36,0
JAMES-1781,TRUE,FALSE,Major,8150055,94d07h54m15,0
JAMES-1780,FALSE,FALSE,Major,246484,02d20h28m04,0
JAMES-1787,FALSE,FALSE,Major,329107,03d19h25m07,0
JAMES-1784,TRUE,FALSE,Major,954487,11d01h08m07,0
JAMES-2356,FALSE,FALSE,Trivial,8482498,98d04h14m58,0
MPT-31,FALSE,FALSE,Major,431765,04d23h56m05,0
MPT-32,FALSE,FALSE,Major,354340,04d02h25m40,0
JAMES-1659,TRUE,FALSE,Major,14321,00d03h58m41,0
JAMES-1657,TRUE,FALSE,Major,52267,00d14h31m07,0
JAMES-1653,FALSE,FALSE,Major,588580,06d19h29m40,0
JAMES-2303,TRUE,FALSE,Major,16935025,196d00h10m25,0
JAMES-2300,FALSE,FALSE,Major,15648223,181d02h43m43,0
JAMES-2301,TRUE,FALSE,Major,15621893,180d19h24m53,0
JAMES-2304,FALSE,FALSE,Major,16488810,190d20h13m30,0
JAMES-2654,FALSE,FALSE,Major,26557,00d07h22m37,0
JAMES-2655,TRUE,FALSE,Major,24831,00d06h53m51,0
JAMES-2309,FALSE,FALSE,Major,15205668,175d23h47m48,0
JAMES-1871,TRUE,FALSE,Major,4080975,47d05h36m15,0
JAMES-1873,FALSE,FALSE,Major,9424060,109d01h47m40,0
JAMES-1872,FALSE,FALSE,Major,10798358,124d23h32m38,0
JAMES-1974,TRUE,FALSE,Major,912,00d00h15m12,0
JAMES-1879,FALSE,FALSE,Minor,9064992,104d22h03m12,0
JAMES-1971,FALSE,FALSE,Major,247197,02d20h39m57,0
JAMES-1972,FALSE,FALSE,Major,149,00d00h02m29,0
JAMES-1973,TRUE,FALSE,Major,21220,00d05h53m40,0
JAMES-2788,FALSE,FALSE,Major,526101,06d02h08m21,0
JAMES-2786,TRUE,FALSE,Major,5078233,58d18h37m13,0
JAMES-2377,TRUE,FALSE,Major,4209704,48d17h21m44,0
JAMES-2374,FALSE,FALSE,Major,962060,11d03h14m20,0
JAMES-2276,FALSE,FALSE,Trivial,345,00d00h05m45,0
JAMES-2009,FALSE,FALSE,Major,24085580,278d18h26m20,0
JAMES-2008,TRUE,FALSE,Major,437580,05d01h33m00,0
MAILBOX-350,TRUE,FALSE,Major,16289452,188d12h50m52,0
JAMES-2005,FALSE,FALSE,Major,55276,00d15h21m16,0
MAILBOX-356,FALSE,FALSE,Major,1249122,14d10h58m42,0
JAMES-2092,TRUE,FALSE,Major,17941341,207d15h42m21,0
JAMES-2091,FALSE,FALSE,Major,17952115,207d18h41m55,0
JAMES-2097,TRUE,FALSE,Major,67475344,780d23h09m04,0
JAMES-1624,FALSE,FALSE,Major,1109598,12d20h13m18,0
JAMES-1625,FALSE,FALSE,Major,161170,01d20h46m10,0
JAMES-1629,TRUE,FALSE,Major,442516,05d02h55m16,0
JAMES-2431,FALSE,FALSE,Trivial,6549,00d01h49m09,0
JAMES-2437,TRUE,FALSE,Minor,425956,04d22h19m16,0
JAMES-3,FALSE,FALSE,None,94645761,1095d10h29m21,0
JAMES-1752,TRUE,FALSE,Major,237093,02d17h51m33,0
JAMES-1754,FALSE,FALSE,Major,74886,00d20h48m06,0
JAMES-1756,TRUE,FALSE,Major,1617243,18d17h14m03,0
JAMES-1758,FALSE,FALSE,Major,364735,04d05h18m55,0
JAMES-2221,TRUE,FALSE,Major,6417768,74d06h42m48,0
JAMES-2189,TRUE,FALSE,Major,8885524,102d20h12m04,0
JAMES-2223,FALSE,FALSE,Major,256177,02d23h09m37,0
JAMES-2222,TRUE,FALSE,Major,6354536,73d13h08m56,0
JAMES-2225,TRUE,FALSE,Major,95985,01d02h39m45,0
JAMES-2224,TRUE,FALSE,Major,240165,02d18h42m45,0
JAMES-2227,FALSE,FALSE,Major,161566,01d20h52m46,0
JAMES-2044,TRUE,FALSE,Major,441932,05d02h45m32,0
JAMES-2229,TRUE,FALSE,Major,673047,07d18h57m27,0
JAMES-2228,FALSE,FALSE,Major,237170,02d17h52m50,0
JAMES-2184,TRUE,FALSE,Major,403005,04d15h56m45,0
JAMES-1989,TRUE,FALSE,Major,315174,03d15h32m54,0
JAMES-1988,TRUE,FALSE,Major,529331,06d03h02m11,0
JAMES-1985,FALSE,FALSE,Major,81395,00d22h36m35,0
JAMES-1984,FALSE,FALSE,Major,45663,00d12h41m03,0
JAMES-1986,FALSE,FALSE,Major,109450,01d06h24m10,0
JAMES-1981,TRUE,FALSE,Major,57151,00d15h52m31,0
JAMES-1980,TRUE,FALSE,Major,455219,05d06h26m59,0
JAMES-1982,TRUE,FALSE,Major,272399,03d03h39m59,0
JAMES-2045,FALSE,FALSE,Major,20802833,240d18h33m53,0
MAILBOX-315,TRUE,FALSE,Major,8135621,94d03h53m41,0
JAMES-2047,TRUE,FALSE,Major,110152,01d06h35m52,0
JAMES-2046,TRUE,FALSE,Major,222825,02d13h53m45,0
JAMES-2041,TRUE,FALSE,Major,37081,00d10h18m01,0
JAMES-2043,TRUE,FALSE,Major,358723,04d03h38m43,0
JAMES-2042,FALSE,FALSE,Major,35860,00d09h57m40,0
MAILBOX-255,FALSE,FALSE,Major,252536,02d22h08m56,0
JAMES-2827,FALSE,FALSE,Major,1813120,20d23h38m40,0
JAMES-2821,FALSE,FALSE,Major,77078,00d21h24m38,0
JAMES-2049,FALSE,FALSE,Major,21594,00d05h59m54,0
MAILBOX-319,TRUE,FALSE,Trivial,13454,00d03h44m14,0
JAMES-2048,TRUE,FALSE,Major,101740,01d04h15m40,0
MAILET-155,TRUE,FALSE,Major,31069,00d08h37m49,0
MAILET-154,FALSE,FALSE,Major,31212,00d08h40m12,0
MAILET-157,FALSE,FALSE,Major,11939,00d03h18m59,0
MAILET-156,TRUE,FALSE,Major,109973,01d06h32m53,0
JAMES-1809,FALSE,FALSE,Major,151415,01d18h03m35,0
JAMES-1804,TRUE,FALSE,Major,602170,06d23h16m10,0
JAMES-1805,FALSE,FALSE,Major,370530,04d06h55m30,0
JAMES-2296,FALSE,FALSE,Major,15623641,180d19h54m01,0
MAILET-159,TRUE,FALSE,Major,25852,00d07h10m52,0
JAMES-1801,TRUE,FALSE,Major,183081,02d02h51m21,0
JAMES-691,FALSE,FALSE,Major,131133,01d12h25m33,0
JAMES-1803,FALSE,FALSE,Blocker,2486551,28d18h42m31,0
MAILBOX-322,TRUE,FALSE,Major,127362,01d11h22m42,0
MAILBOX-383,TRUE,FALSE,Major,7142978,82d16h09m38,0
JAMES-2761,TRUE,FALSE,Major,358816,04d03h40m16,0
JAMES-2344,TRUE,FALSE,Major,10246266,118d14h11m06,0
MPT-9,FALSE,FALSE,Major,14683851,169d22h50m51,0
JAMES-2872,FALSE,FALSE,Major,257224,02d23h27m04,0
MAILBOX-314,TRUE,FALSE,Major,44580664,515d23h31m04,0
JAMES-1465,FALSE,FALSE,Major,58155,00d16h09m15,1
JAMES-2144,TRUE,FALSE,Major,691482,08d00h04m42,0
JAMES-1200,FALSE,FALSE,Minor,15058,00d04h10m58,0
JAMES-2130,FALSE,FALSE,Major,386832,04d11h27m12,0
JAMES-2546,TRUE,FALSE,Major,143853,01d15h57m33,0
JAMES-2548,TRUE,FALSE,Major,12733,00d03h32m13,0
JAMES-2462,FALSE,FALSE,Major,21002,00d05h50m02,0
JAMES-2465,TRUE,FALSE,Major,15219595,176d03h39m55,0
JAMES-1661,TRUE,FALSE,Major,368857,04d06h27m37,0
JAMES-1663,FALSE,FALSE,Major,36069150,417d11h12m30,0
JAMES-1664,TRUE,FALSE,Major,939950,10d21h05m50,0
JAMES-1702,TRUE,FALSE,Major,167467,01d22h31m07,0
JAMES-1700,TRUE,FALSE,Major,433518,05d00h25m18,0
JAMES-1704,TRUE,FALSE,Major,497295,05d18h08m15,0
JAMES-2315,FALSE,FALSE,Major,659836,07d15h17m16,0
JAMES-2317,FALSE,FALSE,Major,35118,00d09h45m18,0
JAMES-2316,FALSE,FALSE,Major,605470,07d00h11m10,0
JAMES-1840,TRUE,FALSE,Major,52055100,602d11h45m00,0
JAMES-1841,FALSE,FALSE,Major,505404,05d20h23m24,0
JAMES-1846,TRUE,FALSE,Major,249847,02d21h24m07,0
JAMES-1967,FALSE,FALSE,Major,403108,04d15h58m28,0
JAMES-1965,TRUE,FALSE,Critical,709920,08d05h12m00,0
JAMES-1964,FALSE,FALSE,Major,52061,00d14h27m41,0
JAMES-1683,TRUE,FALSE,Major,82371,00d22h52m51,0
JAMES-1969,TRUE,FALSE,Major,1015110,11d17h58m30,0
JAMES-1968,TRUE,FALSE,Major,881420,10d04h50m20,0
JAMES-1684,FALSE,FALSE,Major,339194,03d22h13m14,0
JAMES-1685,FALSE,FALSE,Major,36535248,422d20h40m48,0
JAMES-2794,TRUE,FALSE,Major,691159,07d23h59m19,0
JAMES-2793,FALSE,FALSE,Major,97216,01d03h00m16,0
JAMES-2269,FALSE,FALSE,Major,955088,11d01h18m08,0
JAMES-2268,TRUE,FALSE,Major,345374,03d23h56m14,0
JAMES-2451,TRUE,FALSE,Minor,126309,01d11h05m09,0
JAMES-2265,FALSE,FALSE,Minor,44940,00d12h29m00,0
JAMES-2261,TRUE,FALSE,Major,305174,03d12h46m14,0
JAMES-2260,FALSE,FALSE,Minor,418813,04d20h20m13,0
JAMES-2263,TRUE,FALSE,Major,1376090,15d22h14m50,0
JAMES-2039,FALSE,FALSE,Major,519311,06d00h15m11,0
JAMES-2034,TRUE,FALSE,Major,575267,06d15h47m47,0
JAMES-2035,FALSE,FALSE,Major,15012,00d04h10m12,0
JAMES-2036,FALSE,FALSE,Major,338172,03d21h56m12,0
JAMES-2033,TRUE,FALSE,Major,83032,00d23h03m52,1
MAILET-128,TRUE,FALSE,Major,99572,01d03h39m32,0
MAILET-129,TRUE,FALSE,Major,93215,01d01h53m35,0
MAILET-124,TRUE,FALSE,Major,1220233,14d02h57m13,0
MAILET-123,FALSE,FALSE,Major,4740007,54d20h40m07,0
JSIEVE-108,TRUE,FALSE,Major,2732525,31d15h02m05,0
JAMES-2084,FALSE,FALSE,Major,71166,00d19h46m06,0
JAMES-2089,FALSE,FALSE,Major,17975195,208d01h06m35,0
JAMES-2883,TRUE,FALSE,Major,241460,02d19h04m20,0
JAMES-1732,TRUE,FALSE,Major,1206072,13d23h01m12,0
JAMES-1734,TRUE,FALSE,Major,1188206,13d18h03m26,0
JAMES-1738,TRUE,FALSE,Major,12381176,143d07h12m56,0
JAMES-1739,FALSE,FALSE,Major,201574,02d07h59m34,0
JAMES-2425,TRUE,FALSE,Minor,1255460,14d12h44m20,0
JAMES-2423,FALSE,FALSE,Minor,153600,01d18h40m00,0
JAMES-1747,TRUE,FALSE,Major,527054,06d02h24m14,0
JAMES-1745,TRUE,FALSE,Major,451258,05d05h20m58,0
JAMES-1744,TRUE,FALSE,Major,1526546,17d16h02m26,0
JAMES-1743,FALSE,FALSE,Critical,132021,01d12h40m21,0
JAMES-1886,TRUE,FALSE,Major,517245,05d23h40m45,0
JAMES-2217,FALSE,FALSE,Major,1440261,16d16h04m21,0
JAMES-1881,TRUE,FALSE,Major,11968250,138d12h30m50,0
JAMES-2212,FALSE,FALSE,Major,234393,02d17h06m33,0
JAMES-1928,FALSE,FALSE,Major,221407,02d13h30m07,0
JAMES-1926,FALSE,FALSE,Major,159430,01d20h17m10,0
JAMES-2195,TRUE,FALSE,Major,8792307,101d18h18m27,0
JAMES-2194,FALSE,FALSE,Major,8817399,102d01h16m39,0
JAMES-2193,FALSE,FALSE,Critical,8878863,102d18h21m03,0
JAMES-1889,TRUE,FALSE,Major,7598990,87d22h49m50,0
JAMES-1921,FALSE,FALSE,Major,7310866,84d14h47m46,0
JAMES-1589,TRUE,FALSE,Major,65040550,752d18h49m10,0
JAMES-2695,FALSE,FALSE,Major,110973,01d06h49m33,0
JAMES-2696,FALSE,FALSE,Trivial,5301754,61d08h42m34,0
JAMES-2697,FALSE,FALSE,Major,8465776,97d23h36m16,0
JAMES-2513,TRUE,FALSE,Major,109743,01d06h29m03,0
JAMES-2699,FALSE,FALSE,Major,624933,07d05h35m33,0
JAMES-1993,FALSE,FALSE,Major,5694187,65d21h43m07,0
JAMES-2100,FALSE,FALSE,Major,104244,01d04h57m24,0
JAMES-2101,FALSE,FALSE,Major,102054,01d04h20m54,0
JAMES-2102,FALSE,FALSE,Major,69699,00d19h21m39,0
JAMES-2103,TRUE,FALSE,Major,948628,10d23h30m28,0
JAMES-2455,TRUE,FALSE,Major,109675,01d06h27m55,0
JAMES-1633,FALSE,FALSE,Major,70972,00d19h42m52,0
JAMES-2121,TRUE,FALSE,Major,1370056,15d20h34m16,0
JAMES-1636,TRUE,FALSE,Major,11893,00d03h18m13,0
JAMES-1635,TRUE,FALSE,Major,1812695,20d23h31m35,0
JAMES-1634,FALSE,FALSE,Major,59730,00d16h35m30,0
JAMES-2773,FALSE,FALSE,Major,4219421,48d20h03m41,0
JAMES-2772,FALSE,FALSE,Major,85500,00d23h45m00,0
JAMES-2770,TRUE,FALSE,Major,100830,01d04h00m30,0
JAMES-2777,TRUE,FALSE,Major,598272,06d22h11m12,0
JAMES-2776,TRUE,FALSE,Trivial,171226,01d23h33m46,0
JAMES-2858,FALSE,FALSE,Minor,846083,09d19h01m23,0
JAMES-2057,FALSE,FALSE,Major,57741,00d16h02m21,0
MAILET-160,FALSE,FALSE,Major,15465,00d04h17m45,0
MAILET-164,TRUE,FALSE,Major,6542150,75d17h15m50,0
JAMES-2850,TRUE,FALSE,Major,2226872,25d18h34m32,0
JAMES-2283,TRUE,FALSE,Major,1637914,18d22h58m34,0
JAMES-2282,TRUE,FALSE,Minor,1499513,17d08h31m53,0
JAMES-1810,TRUE,FALSE,Major,3577,00d00h59m37,0
JAMES-1816,FALSE,FALSE,Major,332056,03d20h14m16,0
JAMES-1815,FALSE,FALSE,Major,669692,07d18h01m32,0
JAMES-1814,FALSE,FALSE,Major,4817189,55d18h06m29,0
JAMES-1819,FALSE,FALSE,Major,45324914,524d14h15m14,0
JAMES-1954,TRUE,FALSE,Major,632738,07d07h45m38,0
JAMES-2128,TRUE,FALSE,Major,65155,00d18h05m55,0
MAILBOX-250,FALSE,FALSE,Major,2164,00d00h36m04,0
JAMES-2609,FALSE,FALSE,Major,97426,01d03h03m46,0
JAMES-2608,TRUE,FALSE,Major,15091434,174d16h03m54,0
JAMES-2355,FALSE,FALSE,Major,2710694,31d08h58m14,0
JAMES-2606,FALSE,FALSE,Major,15341639,177d13h33m59,0
JAMES-2604,TRUE,FALSE,Minor,15630156,180d21h42m36,0
JAMES-2351,FALSE,FALSE,Major,83841,00d23h17m21,0
JAMES-2350,FALSE,FALSE,Major,104168,01d04h56m08,0
JAMES-2059,FALSE,FALSE,Major,25681,00d07h08m01,0
JAMES-2126,TRUE,FALSE,Major,86516,01d00h01m56,0
JAMES-2070,FALSE,FALSE,Major,258433,02d23h47m13,0
JAMES-2073,FALSE,FALSE,Major,225114,02d14h31m54,0
MAILBOX-325,TRUE,FALSE,Major,275819,03d04h36m59,0
JAMES-2077,TRUE,FALSE,Major,53724,00d14h55m24,0
JAMES-2756,FALSE,FALSE,Major,787967,09d02h52m47,0
JAMES-2848,TRUE,FALSE,Major,6483,00d01h48m03,0
JAMES-1609,TRUE,FALSE,Major,3574305,41d08h51m45,0
JAMES-2557,TRUE,FALSE,Major,101227,01d04h07m07,0
JAMES-2556,TRUE,FALSE,Minor,104315,01d04h58m35,0
JAMES-2555,TRUE,FALSE,Major,1206726,13d23h12m06,0
JAMES-1674,FALSE,FALSE,Major,23411,00d06h30m11,0
JAMES-1670,TRUE,FALSE,Minor,3026384,35d00h39m44,0
JAMES-1776,TRUE,FALSE,Major,607859,07d00h50m59,0
JAMES-1679,FALSE,FALSE,Major,7032,00d01h57m12,0
