BugID, #isArch, #isInduce, #Priority, #TimeSec, #Time, #Reopen
JCLOUDS-1006,FALSE,FALSE,Major,306849,03d13h14m09,0
JCLOUDS-1249,FALSE,FALSE,Major,516189,05d23h23m09,0
JCLOUDS-987,TRUE,FALSE,Major,6782565,78d12h02m45,0
JCLOUDS-624,TRUE,FALSE,Major,1466132,16d23h15m32,0
JCLOUDS-625,TRUE,FALSE,Trivial,128783,01d11h46m23,0
JCLOUDS-621,FALSE,FALSE,Major,11603899,134d07h18m19,0
JCLOUDS-351,FALSE,FALSE,Major,40091327,464d00h28m47,0
JCLOUDS-233,TRUE,FALSE,Major,67633,00d18h47m13,0
JCLOUDS-199,TRUE,FALSE,Major,17829,00d04h57m09,0
JCLOUDS-1004,FALSE,FALSE,Major,87043,01d00h10m43,0
JCLOUDS-1246,FALSE,FALSE,Minor,632484,07d07h41m24,0
JCLOUDS-137,TRUE,FALSE,Major,20490594,237d03h49m54,0
JCLOUDS-1327,FALSE,FALSE,Major,59833,00d16h37m13,1
JCLOUDS-1153,FALSE,FALSE,Major,54379,00d15h06m19,0
JCLOUDS-1323,TRUE,FALSE,Major,1635804,18d22h23m24,0
JCLOUDS-1157,TRUE,FALSE,Major,722323,08d08h38m43,0
JCLOUDS-1158,TRUE,FALSE,Major,638230,07d09h17m10,0
JCLOUDS-904,FALSE,FALSE,Critical,2671944,30d22h12m24,0
JCLOUDS-1084,TRUE,FALSE,Major,285933,03d07h25m33,0
JCLOUDS-901,FALSE,FALSE,Minor,62852,00d17h27m32,0
JCLOUDS-792,TRUE,FALSE,Major,2686706,31d02h18m26,0
JCLOUDS-1080,TRUE,FALSE,Minor,54336185,628d21h23m05,0
JCLOUDS-857,FALSE,TRUE,Major,9620570,111d08h22m50,0
JCLOUDS-195,FALSE,FALSE,Major,345127,03d23h52m07,0
JCLOUDS-558,TRUE,FALSE,Major,4417890,51d03h11m30,0
JCLOUDS-80,FALSE,FALSE,Major,66735,00d18h32m15,0
JCLOUDS-105,TRUE,FALSE,Major,78195,00d21h43m15,0
JCLOUDS-107,TRUE,FALSE,Major,235164,02d17h19m24,0
JCLOUDS-100,TRUE,FALSE,Critical,1817549,21d00h52m29,0
JCLOUDS-935,FALSE,TRUE,Major,561950,06d12h05m50,0
JCLOUDS-629,FALSE,FALSE,Major,138,00d00h02m18,0
JCLOUDS-737,TRUE,FALSE,Major,2903913,33d14h38m33,0
JCLOUDS-532,TRUE,TRUE,Major,28846916,333d21h01m56,0
JCLOUDS-1011,FALSE,FALSE,Major,4079,00d01h07m59,0
JCLOUDS-1259,FALSE,FALSE,Major,42885,00d11h54m45,0
JCLOUDS-1012,FALSE,FALSE,Major,481445,05d13h44m05,0
JCLOUDS-440,FALSE,FALSE,Major,27584,00d07h39m44,0
JCLOUDS-486,TRUE,FALSE,Major,858978,09d22h36m18,0
JCLOUDS-417,FALSE,FALSE,Minor,16352726,189d06h25m26,0
JCLOUDS-612,FALSE,FALSE,Major,720024,08d08h00m24,0
JCLOUDS-365,FALSE,FALSE,Minor,563831,06d12h37m11,0
JCLOUDS-945,FALSE,FALSE,Major,41080389,475d11h13m09,0
JCLOUDS-594,TRUE,FALSE,Major,1365008,15d19h10m08,0
JCLOUDS-656,TRUE,FALSE,Major,2066,00d00h34m26,0
JCLOUDS-619,TRUE,FALSE,Major,244544,02d19h55m44,0
JCLOUDS-618,TRUE,FALSE,Major,84634,00d23h30m34,0
JCLOUDS-549,TRUE,FALSE,Minor,205943,02d09h12m23,0
JCLOUDS-362,FALSE,FALSE,Major,353236,04d02h07m16,0
JCLOUDS-1143,FALSE,FALSE,Minor,115308,01d08h01m48,0
JCLOUDS-911,TRUE,FALSE,Minor,1680267,19d10h44m27,0
JCLOUDS-1147,FALSE,FALSE,Major,4432,00d01h13m52,0
JCLOUDS-1008,TRUE,FALSE,Major,1931240,22d08h27m20,0
JCLOUDS-1145,TRUE,FALSE,Major,2210799,25d14h06m39,0
JCLOUDS-1091,FALSE,FALSE,Major,10578,00d02h56m18,0
JCLOUDS-1090,TRUE,FALSE,Blocker,1512177,17d12h02m57,0
JCLOUDS-1318,TRUE,FALSE,Major,865167,10d00h19m27,0
JCLOUDS-1148,TRUE,FALSE,Major,2529415,29d06h36m55,0
JCLOUDS-691,TRUE,FALSE,Major,102283024,1183d19h57m04,0
JCLOUDS-990,TRUE,FALSE,Major,257510,02d23h31m50,0
JCLOUDS-1033,FALSE,FALSE,Major,1250693,14d11h24m53,0
JCLOUDS-692,TRUE,FALSE,Major,2711768,31d09h16m08,0
JCLOUDS-1362,TRUE,FALSE,Major,3362949,38d22h09m09,0
JCLOUDS-991,FALSE,FALSE,Major,4426472,51d05h34m32,0
JCLOUDS-416,TRUE,FALSE,Major,3228101,37d08h41m41,0
JCLOUDS-297,FALSE,FALSE,Minor,3225,00d00h53m45,0
JCLOUDS-75,FALSE,FALSE,Major,134854,01d13h27m34,0
JCLOUDS-1392,FALSE,FALSE,Major,128628,01d11h43m48,0
JCLOUDS-78,TRUE,FALSE,Major,184534,02d03h15m34,0
JCLOUDS-1391,TRUE,FALSE,Major,42373,00d11h46m13,0
JCLOUDS-117,FALSE,FALSE,Major,3096972,35d20h16m12,0
JCLOUDS-218,TRUE,FALSE,Major,10170082,117d17h01m22,0
JCLOUDS-503,FALSE,FALSE,Major,1716009,19d20h40m09,0
JCLOUDS-1419,FALSE,FALSE,Major,10438837,120d19h40m37,0
JCLOUDS-507,FALSE,FALSE,Minor,239999,02d18h39m59,0
JCLOUDS-1118,TRUE,FALSE,Major,171758,01d23h42m38,0
JCLOUDS-439,FALSE,FALSE,Major,16009,00d04h26m49,0
JCLOUDS-753,TRUE,FALSE,Minor,12275338,142d01h48m58,0
JCLOUDS-1410,FALSE,FALSE,Major,3909,00d01h05m09,0
JCLOUDS-217,TRUE,FALSE,Major,67218205,777d23h43m25,0
JCLOUDS-740,FALSE,FALSE,Major,77376,00d21h29m36,0
JCLOUDS-372,FALSE,FALSE,Major,166987,01d22h23m07,0
JCLOUDS-562,FALSE,FALSE,Critical,1505166,17d10h06m06,0
JCLOUDS-1264,TRUE,FALSE,Major,93030,01d01h50m30,0
JCLOUDS-278,TRUE,FALSE,Major,42962173,497d05h56m13,0
JCLOUDS-1262,FALSE,FALSE,Major,1661,00d00h27m41,0
JCLOUDS-1263,FALSE,FALSE,Major,36013079,416d19h37m59,0
JCLOUDS-1261,FALSE,FALSE,Major,9102693,105d08h31m33,1
JCLOUDS-1306,TRUE,FALSE,Major,11695,00d03h14m55,1
JCLOUDS-277,TRUE,FALSE,Major,481640,05d13h47m20,0
JCLOUDS-1300,TRUE,FALSE,Blocker,1289895,14d22h18m15,0
JCLOUDS-1269,TRUE,FALSE,Major,1896888,21d22h54m48,0
JCLOUDS-1064,FALSE,FALSE,Major,30769179,356d02h59m39,0
JCLOUDS-1067,TRUE,FALSE,Minor,259793,03d00h09m53,0
JCLOUDS-686,TRUE,FALSE,Major,1365967,15d19h26m07,0
JCLOUDS-962,TRUE,FALSE,Major,4250257,49d04h37m37,0
JCLOUDS-641,FALSE,FALSE,Major,6218565,71d23h22m45,0
JCLOUDS-394,FALSE,FALSE,Blocker,1469379,17d00h09m39,0
JCLOUDS-781,FALSE,FALSE,Major,190984,02d05h03m04,0
JCLOUDS-302,FALSE,FALSE,Trivial,13304,00d03h41m44,0
JCLOUDS-1381,TRUE,FALSE,Major,150251,01d17h44m11,0
JCLOUDS-281,TRUE,FALSE,Blocker,33669054,389d16h30m54,0
JCLOUDS-1389,TRUE,FALSE,Major,4064486,47d01h01m26,0
JCLOUDS-1368,FALSE,FALSE,Major,475506,05d12h05m06,0
JCLOUDS-160,TRUE,FALSE,Major,560229,06d11h37m09,0
JCLOUDS-517,TRUE,TRUE,Major,5805009,67d04h30m09,0
JCLOUDS-515,FALSE,FALSE,Major,502025,05d19h27m05,0
JCLOUDS-512,TRUE,FALSE,Major,57530781,665d20h46m21,0
JCLOUDS-992,TRUE,FALSE,Major,260864,03d00h27m44,0
JCLOUDS-993,TRUE,FALSE,Major,904019,10d11h06m59,0
JCLOUDS-1462,FALSE,FALSE,Major,6285,00d01h44m45,0
JCLOUDS-1463,TRUE,FALSE,Major,103606,01d04h46m46,0
JCLOUDS-996,FALSE,FALSE,Major,1339338,15d12h02m18,0
JCLOUDS-997,TRUE,FALSE,Major,1420279,16d10h31m19,0
JCLOUDS-1053,TRUE,FALSE,Major,1178354,13d15h19m14,0
JCLOUDS-1467,FALSE,FALSE,Major,1159014,13d09h56m54,0
JCLOUDS-570,TRUE,FALSE,Major,1878913,21d17h55m13,0
JCLOUDS-269,FALSE,FALSE,Minor,851038,09d20h23m58,0
JCLOUDS-1273,TRUE,TRUE,Major,139492,01d14h44m52,0
JCLOUDS-573,FALSE,FALSE,Major,75228,00d20h53m48,0
JCLOUDS-303,TRUE,FALSE,Major,4003,00d01h06m43,0
JCLOUDS-1274,TRUE,FALSE,Major,282809,03d06h33m29,0
JCLOUDS-1278,TRUE,FALSE,Major,230218,02d15h56m58,0
JCLOUDS-921,FALSE,FALSE,Major,852851,09d20h54m11,0
JCLOUDS-1373,FALSE,FALSE,Major,456874,05d06h54m34,0
JCLOUDS-1077,TRUE,FALSE,Major,5264937,60d22h28m57,0
JCLOUDS-1074,TRUE,FALSE,Major,18877237,218d11h40m37,0
JCLOUDS-1073,FALSE,FALSE,Major,23215,00d06h26m55,0
JCLOUDS-972,TRUE,FALSE,Major,12013,00d03h20m13,0
JCLOUDS-973,FALSE,FALSE,Major,3044862,35d05h47m42,0
JCLOUDS-356,TRUE,FALSE,Major,4211738,48d17h55m38,0
JCLOUDS-979,TRUE,FALSE,Minor,400040,04d15h07m20,0
JCLOUDS-1079,TRUE,FALSE,Major,157987,01d19h53m07,0
JCLOUDS-1351,FALSE,FALSE,Minor,75798,00d21h03m18,0
JCLOUDS-974,FALSE,FALSE,Major,681382,07d21h16m22,0
JCLOUDS-178,TRUE,FALSE,Major,8549289,98d22h48m09,1
JCLOUDS-52,FALSE,FALSE,Major,11902,00d03h18m22,0
JCLOUDS-761,TRUE,FALSE,Major,25835,00d07h10m35,0
JCLOUDS-1479,FALSE,FALSE,Major,86514,01d00h01m54,0
JCLOUDS-471,FALSE,FALSE,Minor,12694250,146d22h10m50,1
JCLOUDS-1472,TRUE,FALSE,Minor,2350798,27d04h59m58,0
JCLOUDS-473,FALSE,FALSE,Major,46366,00d12h52m46,0
JCLOUDS-607,TRUE,FALSE,Major,1561443,18d01h44m03,0
JCLOUDS-703,FALSE,FALSE,Critical,2801628,32d10h13m48,0
JCLOUDS-547,TRUE,FALSE,Major,2794352,32d08h12m32,0
JCLOUDS-317,TRUE,FALSE,Blocker,16348830,189d05h20m30,1
JCLOUDS-1190,FALSE,FALSE,Major,2455,00d00h40m55,0
JCLOUDS-373,TRUE,FALSE,Major,242275,02d19h17m55,1
JCLOUDS-1363,FALSE,FALSE,Major,593480,06d20h51m20,0
JCLOUDS-254,TRUE,FALSE,Major,606452,07d00h27m32,0
JCLOUDS-1367,TRUE,FALSE,Minor,7953284,92d01h14m44,0
JCLOUDS-1366,TRUE,FALSE,Critical,33462321,387d07h05m21,0
JCLOUDS-253,TRUE,FALSE,Minor,1843246,21d08h00m46,0
JCLOUDS-946,TRUE,FALSE,Major,250227,02d21h30m27,0
JCLOUDS-1042,TRUE,FALSE,Major,16099824,186d08h10m24,1
JCLOUDS-1043,TRUE,FALSE,Minor,12857209,148d19h26m49,0
JCLOUDS-1206,TRUE,FALSE,Major,968862,11d05h07m42,0
JCLOUDS-1041,FALSE,FALSE,Major,75722,00d21h02m02,0
JCLOUDS-1200,TRUE,FALSE,Major,48219053,558d02h10m53,0
JCLOUDS-1047,TRUE,TRUE,Major,3567855,41d07h04m15,0
JCLOUDS-1044,TRUE,FALSE,Critical,286028,03d07h27m08,0
JCLOUDS-1045,FALSE,FALSE,Major,12815,00d03h33m35,0
JCLOUDS-1115,FALSE,FALSE,Trivial,10685,00d02h58m05,0
JCLOUDS-1116,FALSE,FALSE,Major,2446182,28d07h29m42,0
JCLOUDS-1117,FALSE,FALSE,Major,183988,02d03h06m28,0
JCLOUDS-561,FALSE,FALSE,Major,68456,00d19h00m56,0
JCLOUDS-44,FALSE,FALSE,Major,241606,02d19h06m46,0
JCLOUDS-420,FALSE,FALSE,Minor,260,00d00h04m20,0
JCLOUDS-149,FALSE,FALSE,Major,603686,06d23h41m26,0
JCLOUDS-1179,FALSE,FALSE,Major,2437567,28d05h06m07,0
JCLOUDS-870,TRUE,FALSE,Major,6471647,74d21h40m47,0
JCLOUDS-776,TRUE,FALSE,Major,187919,02d04h11m59,0
JCLOUDS-1447,TRUE,FALSE,Minor,433960,05d00h32m40,0
JCLOUDS-774,TRUE,FALSE,Major,361651,04d04h27m31,0
JCLOUDS-1443,FALSE,FALSE,Minor,515807,05d23h16m47,1
JCLOUDS-620,TRUE,FALSE,Major,713,00d00h11m53,0
JCLOUDS-1441,TRUE,FALSE,Major,1880720,21d18h25m20,0
JCLOUDS-1175,FALSE,FALSE,Major,1146303,13d06h25m03,0
JCLOUDS-676,FALSE,FALSE,Trivial,9907,00d02h45m07,0
JCLOUDS-1254,FALSE,FALSE,Major,1232079,14d06h14m39,0
JCLOUDS-671,TRUE,FALSE,Major,9856979,114d02h02m59,0
JCLOUDS-242,TRUE,FALSE,Blocker,92684,01d01h44m44,0
JCLOUDS-1185,FALSE,FALSE,Major,7261,00d02h01m01,0
JCLOUDS-1427,FALSE,FALSE,Major,85201,00d23h40m01,0
JCLOUDS-246,FALSE,FALSE,Major,710272,08d05h17m52,0
JCLOUDS-1182,FALSE,FALSE,Major,2023872,23d10h11m12,0
JCLOUDS-1422,FALSE,FALSE,Major,1316887,15d05h48m07,0
JCLOUDS-717,TRUE,FALSE,Major,35729755,413d12h55m55,0
JCLOUDS-956,FALSE,FALSE,Major,3568,00d00h59m28,0
JCLOUDS-248,FALSE,FALSE,Minor,628272,07d06h31m12,0
JCLOUDS-1056,FALSE,FALSE,Major,40190481,465d04h01m21,0
JCLOUDS-1050,TRUE,FALSE,Major,11593,00d03h13m13,0
JCLOUDS-1358,FALSE,FALSE,Major,370846,04d07h00m46,0
JCLOUDS-1052,FALSE,FALSE,Major,3134,00d00h52m14,0
JCLOUDS-1217,FALSE,FALSE,Major,9064724,104d21h58m44,0
JCLOUDS-699,TRUE,FALSE,Major,255581,02d22h59m41,0
JCLOUDS-813,TRUE,FALSE,Critical,172078,01d23h47m58,0
JCLOUDS-467,FALSE,FALSE,Major,8807179,101d22h26m19,0
JCLOUDS-37,FALSE,FALSE,Major,66117,00d18h21m57,0
JCLOUDS-1105,TRUE,FALSE,Major,4980475,57d15h27m55,0
JCLOUDS-1104,TRUE,FALSE,Blocker,538885,06d05h41m25,0
JCLOUDS-794,FALSE,FALSE,Minor,4225469,48d21h44m29,0
JCLOUDS-1102,FALSE,FALSE,Major,174705,02d00h31m45,0
JCLOUDS-1218,FALSE,FALSE,Major,4963372,57d10h42m52,0
JCLOUDS-967,FALSE,FALSE,Major,1181282,13d16h08m02,0
JCLOUDS-155,TRUE,FALSE,Major,3037595,35d03h46m35,0
JCLOUDS-1299,FALSE,FALSE,Major,132351,01d12h45m51,0
JCLOUDS-1297,FALSE,FALSE,Minor,268454,03d02h34m14,0
JCLOUDS-391,TRUE,FALSE,Critical,33817257,391d09h40m57,0
JCLOUDS-622,TRUE,FALSE,Major,790582,09d03h36m22,0
JCLOUDS-496,FALSE,FALSE,Major,14059798,162d17h29m58,0
JCLOUDS-1510,FALSE,FALSE,Minor,591789,06d20h23m09,0
JCLOUDS-835,FALSE,FALSE,Major,22637429,262d00h10m29,0
JCLOUDS-661,TRUE,FALSE,Minor,257367,02d23h29m27,0
JCLOUDS-662,FALSE,TRUE,Major,6324670,73d04h51m10,0
JCLOUDS-801,TRUE,FALSE,Major,355331,04d02h42m11,0
JCLOUDS-1028,TRUE,FALSE,Major,20084772,232d11h06m12,0
JCLOUDS-1340,FALSE,FALSE,Major,254470,02d22h41m10,0
JCLOUDS-1433,FALSE,FALSE,Major,10023,00d02h47m03,0
JCLOUDS-231,TRUE,FALSE,Blocker,156163,01d19h22m43,0
JCLOUDS-649,TRUE,FALSE,Major,6298855,72d21h40m55,0
JCLOUDS-1020,FALSE,FALSE,Major,20952,00d05h49m12,0
JCLOUDS-1021,FALSE,FALSE,Major,22348,00d06h12m28,0
JCLOUDS-1022,TRUE,FALSE,Major,526566,06d02h16m06,0
JCLOUDS-1023,FALSE,FALSE,Major,7077,00d01h57m57,0
JCLOUDS-1024,TRUE,FALSE,Major,17425,00d04h50m25,0
JCLOUDS-617,TRUE,FALSE,Critical,939015,10d20h50m15,0
JCLOUDS-1027,TRUE,FALSE,Major,149684,01d17h34m44,0
JCLOUDS-805,TRUE,FALSE,Major,3217168,37d05h39m28,0
JCLOUDS-241,FALSE,FALSE,Minor,46061990,533d02h59m50,0
JCLOUDS-1226,TRUE,FALSE,Major,8592096,99d10h41m36,0
JCLOUDS-1227,TRUE,FALSE,Major,57346,00d15h55m46,0
JCLOUDS-24,FALSE,FALSE,Major,6615,00d01h50m15,0
JCLOUDS-1130,FALSE,FALSE,Major,26459062,306d05h44m22,0
JCLOUDS-1229,TRUE,FALSE,Major,7669333,88d18h22m13,0
JCLOUDS-27,FALSE,FALSE,Major,4997,00d01h23m17,0
JCLOUDS-247,TRUE,FALSE,Major,403381,04d16h03m01,0
JCLOUDS-678,FALSE,FALSE,Minor,4956614,57d08h50m14,0
JCLOUDS-244,FALSE,FALSE,Major,867161,10d00h52m41,0
JCLOUDS-245,TRUE,TRUE,Major,1270712,14d16h58m32,0
JCLOUDS-564,FALSE,FALSE,Major,6331,00d01h45m31,0
JCLOUDS-1137,FALSE,FALSE,Major,507248,05d20h54m08,0
JCLOUDS-1509,FALSE,FALSE,Minor,23751,00d06h35m51,0
JCLOUDS-655,TRUE,FALSE,Major,14831305,171d15h48m25,0
JCLOUDS-589,TRUE,FALSE,Major,1069858,12d09h10m58,0
JCLOUDS-898,FALSE,FALSE,Major,9144791,105d20h13m11,1
JCLOUDS-897,TRUE,FALSE,Major,2022730,23d09h52m10,0
JCLOUDS-489,TRUE,FALSE,Major,2261957,26d04h19m17,0
JCLOUDS-550,TRUE,FALSE,Minor,7012189,81d03h49m49,0
JCLOUDS-1231,TRUE,FALSE,Major,87241,01d00h14m01,0
JCLOUDS-367,TRUE,FALSE,Major,404396,04d16h19m56,0
JCLOUDS-554,FALSE,FALSE,Major,7245238,83d20h33m58,0
JCLOUDS-890,FALSE,FALSE,Major,175217,02d00h40m17,0
JCLOUDS-947,TRUE,FALSE,Major,12354467,142d23h47m47,0
JCLOUDS-1400,TRUE,FALSE,Major,688834,07d23h20m34,0
JCLOUDS-1038,TRUE,FALSE,Critical,699565,08d02h19m25,0
JCLOUDS-426,FALSE,FALSE,Minor,70042,00d19h27m22,0
JCLOUDS-427,TRUE,TRUE,Critical,956974,11d01h49m34,0
JCLOUDS-1235,TRUE,FALSE,Major,585631,06d18h40m31,0
JCLOUDS-1237,TRUE,FALSE,Minor,726045,08d09h40m45,0
JCLOUDS-1030,FALSE,FALSE,Major,30997,00d08h36m37,0
JCLOUDS-347,FALSE,FALSE,Minor,14577794,168d17h23m14,0
JCLOUDS-360,FALSE,FALSE,Major,3514611,40d16h16m51,0
JCLOUDS-1334,TRUE,FALSE,Minor,46896,00d13h01m36,0
JCLOUDS-1488,FALSE,FALSE,Major,1006568,11d15h36m08,0
JCLOUDS-588,TRUE,FALSE,Major,1127396,13d01h09m56,0
JCLOUDS-181,TRUE,FALSE,Major,10906363,126d05h32m43,0
JCLOUDS-1123,FALSE,FALSE,Minor,109402,01d06h23m22,0
JCLOUDS-470,FALSE,FALSE,Major,11995393,138d20h03m13,0
JCLOUDS-951,TRUE,FALSE,Major,10318619,119d10h16m59,0
JCLOUDS-1128,TRUE,FALSE,Major,26619492,308d02h18m12,0
JCLOUDS-279,FALSE,FALSE,Minor,11123,00d03h05m23,0
JCLOUDS-332,TRUE,FALSE,Major,41115463,475d20h57m43,0
JCLOUDS-204,TRUE,FALSE,Major,81838,00d22h43m58,0
JCLOUDS-96,TRUE,FALSE,Major,52373498,606d04h11m38,0
JCLOUDS-99,TRUE,FALSE,Major,1827299,21d03h34m59,0
JCLOUDS-643,FALSE,FALSE,Minor,1167296,13d12h14m56,0
JCLOUDS-529,TRUE,FALSE,Major,25567386,295d22h03m06,0
JCLOUDS-339,TRUE,FALSE,Major,27221,00d07h33m41,0
JCLOUDS-1213,FALSE,FALSE,Major,3855912,44d15h05m12,0
JCLOUDS-334,TRUE,FALSE,Major,1196809,13d20h26m49,0
JCLOUDS-335,TRUE,FALSE,Major,24723,00d06h52m03,0
JCLOUDS-523,TRUE,TRUE,Major,20449375,236d16h22m55,0
JCLOUDS-545,TRUE,FALSE,Major,2510515,29d01h21m55,0
JCLOUDS-883,FALSE,FALSE,Minor,10332104,119d14h01m44,0
