BugID, #isArch, #isInduce, #Priority, #TimeSec, #Time, #Reopen
KYLIN-3801,FALSE,FALSE,Major,1882539,21d18h55m39,0
KYLIN-3800,FALSE,FALSE,Major,2524876,29d05h21m16,0
KYLIN-746,FALSE,FALSE,Major,13296266,153d21h24m26,0
KYLIN-1140,FALSE,FALSE,Major,1027522,11d21h25m22,0
KYLIN-3808,FALSE,FALSE,Minor,1983116,22d22h51m56,0
KYLIN-747,FALSE,FALSE,Major,19154015,221d16h33m35,1
KYLIN-1148,FALSE,FALSE,Major,92098091,1065d22h48m11,1
KYLIN-1026,FALSE,FALSE,Minor,731,00d00h12m11,0
KYLIN-748,TRUE,FALSE,Major,1999398,23d03h23m18,0
KYLIN-1694,FALSE,FALSE,Major,959811,11d02h36m51,0
KYLIN-2605,FALSE,FALSE,Minor,8352,00d02h19m12,0
KYLIN-2600,FALSE,FALSE,Major,13404236,155d03h23m56,0
KYLIN-3738,FALSE,FALSE,Major,1961170,22d16h46m10,0
KYLIN-3734,FALSE,FALSE,Major,220883,02d13h21m23,0
KYLIN-2608,FALSE,FALSE,Major,152,00d00h02m32,0
KYLIN-2609,FALSE,FALSE,Major,5769,00d01h36m09,0
KYLIN-3731,FALSE,FALSE,Critical,530012,06d03h13m32,0
KYLIN-3730,FALSE,FALSE,Minor,579369,06d16h56m09,0
KYLIN-3636,FALSE,FALSE,Major,3432397,39d17h26m37,0
KYLIN-3634,FALSE,FALSE,Major,1276190,14d18h29m50,0
KYLIN-3635,FALSE,FALSE,Major,940956,10d21h22m36,0
KYLIN-3633,TRUE,FALSE,Major,697361,08d01h42m41,0
KYLIN-1020,FALSE,FALSE,Major,3619,00d01h00m19,0
KYLIN-1704,FALSE,FALSE,Major,30212,00d08h23m32,0
KYLIN-1703,TRUE,FALSE,Major,732295,08d11h24m55,0
KYLIN-547,FALSE,FALSE,Major,3733432,43d05h03m52,0
KYLIN-544,FALSE,FALSE,Blocker,26099,00d07h14m59,0
KYLIN-2197,TRUE,FALSE,Major,423461,04d21h37m41,0
KYLIN-2191,TRUE,FALSE,Major,501252,05d19h14m12,0
KYLIN-3935,FALSE,FALSE,Major,1611735,18d15h42m15,0
KYLIN-3934,FALSE,FALSE,Major,3358172,38d20h49m32,0
KYLIN-3936,TRUE,FALSE,Major,3018677,34d22h31m17,0
KYLIN-948,FALSE,FALSE,Major,2427964,28d02h26m04,0
KYLIN-1027,FALSE,FALSE,Major,1362352,15d18h25m52,0
KYLIN-1491,FALSE,FALSE,Major,19915,00d05h31m55,0
KYLIN-3939,FALSE,FALSE,Minor,2697359,31d05h15m59,0
KYLIN-3938,TRUE,FALSE,Major,197721,02d06h55m21,0
KYLIN-1673,FALSE,FALSE,Minor,80616,00d22h23m36,0
KYLIN-4154,FALSE,FALSE,Major,1360414,15d17h53m34,0
KYLIN-4155,FALSE,FALSE,Major,1286012,14d21h13m32,0
KYLIN-3772,TRUE,FALSE,Major,3209850,37d03h37m30,0
KYLIN-2510,FALSE,FALSE,Minor,27731,00d07h42m11,0
KYLIN-2047,FALSE,FALSE,Minor,23504,00d06h31m44,0
KYLIN-2044,FALSE,FALSE,Minor,30832,00d08h33m52,0
KYLIN-2045,FALSE,FALSE,Major,27281,00d07h34m41,0
KYLIN-2514,FALSE,FALSE,Major,242140,02d19h15m40,0
KYLIN-2043,FALSE,FALSE,Major,22131,00d06h08m51,0
KYLIN-4158,FALSE,FALSE,Major,1103672,12d18h34m32,0
KYLIN-4159,FALSE,FALSE,Major,1075603,12d10h46m43,0
KYLIN-2288,FALSE,FALSE,Major,253129,02d22h18m49,0
KYLIN-3748,FALSE,FALSE,Major,383655,04d10h34m15,0
KYLIN-3020,TRUE,FALSE,Minor,6700779,77d13h19m39,0
KYLIN-2125,TRUE,FALSE,Major,1216916,14d02h01m56,0
KYLIN-3026,FALSE,FALSE,Trivial,3629509,42d00h11m49,0
KYLIN-3025,FALSE,FALSE,Major,20222284,234d01h18m04,0
KYLIN-2694,FALSE,FALSE,Minor,96073,01d02h41m13,0
KYLIN-3742,TRUE,FALSE,Critical,245060,02d20h04m20,0
KYLIN-3029,FALSE,FALSE,Major,2162710,25d00h45m10,1
KYLIN-3028,FALSE,FALSE,Minor,1023648,11d20h20m48,0
KYLIN-2994,FALSE,FALSE,Minor,3544496,41d00h34m56,0
KYLIN-2995,TRUE,FALSE,Major,2933213,33d22h46m53,0
KYLIN-2991,FALSE,FALSE,Major,5082619,58d19h50m19,0
KYLIN-1961,FALSE,FALSE,Major,1589,00d00h26m29,0
KYLIN-1808,FALSE,FALSE,Major,2043726,23d15h42m06,0
KYLIN-4039,TRUE,FALSE,Major,8513979,98d12h59m39,2
KYLIN-1269,FALSE,FALSE,Major,51672483,598d01h28m03,1
KYLIN-1967,FALSE,FALSE,Major,4405958,50d23h52m38,0
KYLIN-1803,TRUE,FALSE,Major,1632193,18d21h23m13,0
KYLIN-4034,TRUE,FALSE,Major,7951755,92d00h49m15,0
KYLIN-1800,TRUE,FALSE,Major,1495995,17d07h33m15,0
KYLIN-4030,FALSE,FALSE,Minor,2379530,27d12h58m50,0
KYLIN-936,FALSE,FALSE,Major,3989,00d01h06m29,0
KYLIN-1412,FALSE,FALSE,Major,1187349,13d17h49m09,0
KYLIN-1413,FALSE,FALSE,Major,818232,09d11h17m12,0
KYLIN-1417,FALSE,FALSE,Major,98121,01d03h15m21,0
KYLIN-1942,FALSE,FALSE,Minor,246332,02d20h25m32,0
KYLIN-2794,TRUE,FALSE,Major,6663407,77d02h56m47,1
KYLIN-2341,TRUE,FALSE,Major,8171386,94d13h49m46,0
KYLIN-2340,TRUE,FALSE,Major,128,00d00h02m08,0
KYLIN-2343,FALSE,FALSE,Major,1289,00d00h21m29,0
KYLIN-2342,FALSE,FALSE,Major,491204,05d16h26m44,0
KYLIN-2465,FALSE,FALSE,Major,1666576,19d06h56m16,0
KYLIN-788,FALSE,FALSE,Major,25007,00d06h56m47,0
KYLIN-2348,FALSE,FALSE,Major,1338582,15d11h49m42,0
KYLIN-2462,FALSE,FALSE,Major,62328,00d17h18m48,0
KYLIN-2463,TRUE,FALSE,Minor,32533,00d09h02m13,0
KYLIN-2868,FALSE,FALSE,Minor,2935830,33d23h30m30,0
KYLIN-1372,FALSE,FALSE,Major,242278,02d19h17m58,0
KYLIN-2862,TRUE,FALSE,Major,160689,01d20h38m09,0
KYLIN-2791,FALSE,FALSE,Major,1642,00d00h27m22,0
KYLIN-2865,FALSE,FALSE,Major,2370417,27d10h26m57,1
KYLIN-696,FALSE,FALSE,Major,1481341,17d03h29m01,0
KYLIN-2901,FALSE,FALSE,Minor,1133255,13d02h47m35,0
KYLIN-3684,FALSE,FALSE,Major,1127189,13d01h06m29,0
KYLIN-2906,TRUE,FALSE,Major,1303417,15d02h03m37,0
KYLIN-3680,TRUE,FALSE,Major,2789697,32d06h54m57,0
KYLIN-3567,FALSE,FALSE,Minor,570159,06d14h22m39,0
KYLIN-3565,FALSE,FALSE,Minor,649367,07d12h22m47,0
KYLIN-3562,TRUE,FALSE,Major,3648167,42d05h22m47,0
KYLIN-3689,FALSE,FALSE,Major,995239,11d12h27m19,0
KYLIN-765,FALSE,FALSE,Major,5795369,67d01h49m29,0
KYLIN-4089,FALSE,FALSE,Major,4134064,47d20h21m04,0
KYLIN-3115,TRUE,FALSE,Minor,15112733,174d21h58m53,0
KYLIN-3112,FALSE,FALSE,Minor,3430186,39d16h49m46,0
KYLIN-3111,FALSE,FALSE,Major,213533,02d11h18m53,0
KYLIN-3446,TRUE,FALSE,Major,3370558,39d00h15m58,0
KYLIN-801,TRUE,FALSE,Major,3382502,39d03h35m02,0
KYLIN-807,TRUE,FALSE,Major,1907403,22d01h50m03,0
KYLIN-4085,FALSE,FALSE,Major,4273972,49d11h12m52,0
KYLIN-805,TRUE,TRUE,Major,8402989,97d06h09m49,1
KYLIN-1564,FALSE,FALSE,Minor,77490,00d21h31m30,0
KYLIN-1565,TRUE,FALSE,Major,14641538,169d11h05m38,0
KYLIN-1488,FALSE,FALSE,Major,13901795,160d21h36m35,0
KYLIN-1486,TRUE,FALSE,Major,1390567,16d02h16m07,0
KYLIN-2799,TRUE,FALSE,Major,72584,00d20h09m44,0
KYLIN-1569,FALSE,FALSE,Major,1789462,20d17h04m22,0
KYLIN-1031,TRUE,FALSE,Major,1033626,11d23h07m06,0
KYLIN-1972,TRUE,FALSE,Major,283035,03d06h37m15,0
KYLIN-1067,FALSE,FALSE,Major,1811445,20d23h10m45,0
KYLIN-2236,FALSE,FALSE,Major,944091,10d22h14m51,0
KYLIN-1348,FALSE,FALSE,Major,703463,08d03h24m23,0
KYLIN-1349,FALSE,FALSE,Minor,3101830,35d21h37m10,0
KYLIN-1344,FALSE,FALSE,Major,1397843,16d04h17m23,0
KYLIN-1346,FALSE,FALSE,Minor,1239,00d00h20m39,0
KYLIN-1879,FALSE,FALSE,Minor,1051,00d00h17m31,0
KYLIN-2641,FALSE,FALSE,Minor,5432,00d01h30m32,0
KYLIN-2643,TRUE,FALSE,Minor,5150684,59d14h44m44,0
KYLIN-2644,FALSE,FALSE,Minor,61326,00d17h02m06,0
KYLIN-2647,TRUE,FALSE,Critical,1285394,14d21h03m14,0
KYLIN-2648,FALSE,FALSE,Major,4089973,47d08h06m13,1
KYLIN-2762,FALSE,FALSE,Major,367791,04d06h09m51,0
KYLIN-2766,TRUE,FALSE,Major,5410971,62d15h02m51,0
KYLIN-3324,FALSE,FALSE,Major,575372,06d15h49m32,0
KYLIN-3363,TRUE,FALSE,Minor,2124924,24d14h15m24,0
KYLIN-3367,FALSE,FALSE,Minor,1707931,19d18h25m31,1
KYLIN-3368,TRUE,FALSE,Major,1351962,15d15h32m42,0
KYLIN-3205,TRUE,FALSE,Major,636515,07d08h48m35,0
KYLIN-3204,FALSE,FALSE,Major,300169,03d11h22m49,0
KYLIN-1662,FALSE,FALSE,Major,349724,04d01h08m44,0
KYLIN-2320,FALSE,FALSE,Major,30,00d00h00m30,0
KYLIN-3167,TRUE,FALSE,Major,981558,11d08h39m18,0
KYLIN-3164,FALSE,FALSE,Minor,1072657,12d09h57m37,0
KYLIN-3165,FALSE,FALSE,Major,119792,01d09h16m32,0
KYLIN-1982,TRUE,FALSE,Major,426597,04d22h29m57,0
KYLIN-1668,FALSE,FALSE,Major,37159722,430d02h08m42,0
KYLIN-1986,FALSE,FALSE,Major,60009,00d16h40m09,0
KYLIN-3227,FALSE,FALSE,Minor,516982,05d23h36m22,0
KYLIN-3388,FALSE,FALSE,Critical,1562764,18d02h06m04,0
KYLIN-3382,TRUE,FALSE,Minor,6736729,77d23h18m49,1
KYLIN-1113,TRUE,FALSE,Major,698749,08d02h05m49,0
KYLIN-1115,FALSE,FALSE,Major,411218,04d18h13m38,0
KYLIN-3385,TRUE,FALSE,Major,6493839,75d03h50m39,0
KYLIN-2499,FALSE,FALSE,Major,3878902,44d21h28m22,0
KYLIN-2282,TRUE,FALSE,Minor,2206474,25d12h54m34,0
KYLIN-2495,TRUE,FALSE,Major,27686952,320d10h49m12,0
KYLIN-2491,FALSE,FALSE,Major,8709,00d02h25m09,0
KYLIN-2490,FALSE,FALSE,Major,645132,07d11h12m12,0
KYLIN-2493,FALSE,FALSE,Major,322998,03d17h43m18,0
KYLIN-3069,FALSE,FALSE,Minor,5824848,67d10h00m48,0
KYLIN-2167,FALSE,FALSE,Major,89655,01d00h54m15,0
KYLIN-2166,FALSE,FALSE,Minor,2016,00d00h33m36,0
KYLIN-3063,FALSE,FALSE,Minor,138710,01d14h31m50,0
KYLIN-3061,FALSE,FALSE,Major,2022627,23d09h50m27,1
KYLIN-3060,FALSE,FALSE,Major,749685,08d16h14m45,0
KYLIN-1182,TRUE,FALSE,Minor,8042498,93d02h01m38,0
KYLIN-2245,TRUE,FALSE,Minor,345608,04d00h00m08,0
KYLIN-1180,FALSE,FALSE,Minor,632688,07d07h44m48,0
KYLIN-1181,FALSE,FALSE,Minor,632345,07d07h39m05,0
KYLIN-3703,FALSE,FALSE,Major,7612227,88d02h30m27,0
KYLIN-2242,TRUE,FALSE,Major,5579521,64d13h52m01,1
KYLIN-2243,TRUE,FALSE,Major,8142051,94d05h40m51,0
KYLIN-3845,FALSE,FALSE,Major,9596291,111d01h38m11,0
KYLIN-3663,FALSE,FALSE,Minor,429730,04d23h22m10,0
KYLIN-3662,FALSE,FALSE,Minor,514243,05d22h50m43,0
KYLIN-3665,FALSE,FALSE,Major,2213288,25d14h48m08,0
KYLIN-2249,FALSE,FALSE,Major,12119479,140d06h31m19,0
KYLIN-2798,FALSE,FALSE,Major,28851,00d08h00m51,1
KYLIN-3666,TRUE,FALSE,Major,1456015,16d20h26m55,0
KYLIN-2778,FALSE,FALSE,Major,253835,02d22h30m35,0
KYLIN-2277,FALSE,FALSE,Major,96150,01d02h42m30,0
KYLIN-975,TRUE,FALSE,Major,2762079,31d23h14m39,0
CALCITE-1540,TRUE,TRUE,Major,491928,05d16h38m48,0
KYLIN-3946,TRUE,FALSE,Major,160851,01d20h40m51,0
KYLIN-978,TRUE,FALSE,Major,1954740,22d14h59m00,0
KYLIN-3942,TRUE,FALSE,Critical,762344,08d19h45m44,0
KYLIN-3943,FALSE,FALSE,Major,2926702,33d20h58m22,0
KYLIN-2429,FALSE,FALSE,Major,657899,07d14h44m59,0
KYLIN-2383,TRUE,FALSE,Major,3296,00d00h54m56,0
KYLIN-2382,TRUE,FALSE,Major,615,00d00h10m15,0
KYLIN-4103,TRUE,FALSE,Minor,5239910,60d15h31m50,0
KYLIN-1777,FALSE,FALSE,Major,2270151,26d06h35m51,0
KYLIN-4107,FALSE,FALSE,Major,4611766,53d09h02m46,0
KYLIN-4106,FALSE,FALSE,Critical,466842,05d09h40m42,0
KYLIN-2543,TRUE,FALSE,Major,87065,01d00h11m05,0
KYLIN-2010,TRUE,FALSE,Major,1289435,14d22h10m35,0
KYLIN-2541,FALSE,FALSE,Minor,1011,00d00h16m51,0
KYLIN-2012,TRUE,FALSE,Major,2570414,29d18h00m14,0
KYLIN-2426,TRUE,FALSE,Major,14043,00d03h54m03,0
KYLIN-1678,TRUE,FALSE,Major,190894,02d05h01m34,0
KYLIN-1848,FALSE,FALSE,Major,1220000,14d02h53m20,0
KYLIN-3016,FALSE,FALSE,Major,1090690,12d14h58m10,0
KYLIN-3017,FALSE,FALSE,Trivial,1705186,19d17h39m46,0
KYLIN-3211,FALSE,FALSE,Major,507660,05d21h01m00,0
KYLIN-2949,FALSE,FALSE,Major,15339,00d04h15m39,0
KYLIN-2944,TRUE,FALSE,Major,571721,06d14h48m41,0
KYLIN-1939,FALSE,FALSE,Critical,31621,00d08h47m01,0
KYLIN-1933,FALSE,FALSE,Major,3427046,39d15h57m26,0
KYLIN-3404,FALSE,FALSE,Major,605977,07d00h19m37,0
KYLIN-3406,TRUE,FALSE,Major,15922775,184d06h59m35,0
KYLIN-3401,FALSE,FALSE,Major,343003,03d23h16m43,0
KYLIN-3400,FALSE,FALSE,Major,1147658,13d06h47m38,0
KYLIN-3403,FALSE,FALSE,Major,2255817,26d02h36m57,0
KYLIN-1934,TRUE,FALSE,Critical,1412592,16d08h23m12,0
KYLIN-4044,FALSE,FALSE,Major,2864132,33d03h35m32,0
KYLIN-4046,TRUE,FALSE,Critical,8811413,101d23h36m53,1
KYLIN-1524,FALSE,FALSE,Major,506888,05d20h48m08,0
KYLIN-1834,FALSE,FALSE,Blocker,14049676,162d14h41m16,1
KYLIN-1527,TRUE,FALSE,Major,377567,04d08h52m47,0
KYLIN-1443,FALSE,FALSE,Major,20509,00d05h41m49,0
KYLIN-1442,FALSE,FALSE,Minor,102642,01d04h30m42,0
KYLIN-1838,FALSE,FALSE,Minor,538873,06d05h41m13,0
KYLIN-4049,TRUE,FALSE,Major,172052,01d23h47m32,0
KYLIN-1445,FALSE,FALSE,Minor,550147,06d08h49m07,0
KYLIN-2337,FALSE,FALSE,Major,735279,08d12h14m39,0
KYLIN-2330,TRUE,FALSE,Major,1224,00d00h20m24,0
KYLIN-2833,FALSE,FALSE,Major,179481,02d01h51m21,0
KYLIN-667,FALSE,FALSE,Major,163671,01d21h27m51,0
KYLIN-658,FALSE,FALSE,Major,109937,01d06h32m17,0
KYLIN-2939,FALSE,FALSE,Minor,6038239,69d21h17m19,0
KYLIN-2837,FALSE,FALSE,Minor,4863719,56d07h01m59,0
KYLIN-2836,FALSE,FALSE,Minor,12695071,146d22h24m31,0
KYLIN-2835,FALSE,FALSE,Major,3086863,35d17h27m43,0
KYLIN-2834,TRUE,FALSE,Major,1039,00d00h17m19,0
KYLIN-2933,FALSE,FALSE,Major,29038531,336d02h15m31,1
KYLIN-2930,FALSE,FALSE,Major,9065936,104d22h18m56,0
KYLIN-2838,FALSE,FALSE,Major,223,00d00h03m43,0
KYLIN-3531,FALSE,TRUE,Major,1998703,23d03h11m43,0
KYLIN-1787,TRUE,TRUE,Major,741856,08d14h04m16,0
KYLIN-3535,FALSE,FALSE,Major,8783,00d02h26m23,0
KYLIN-1781,FALSE,FALSE,Major,352618,04d01h56m58,0
KYLIN-3536,TRUE,FALSE,Minor,485325,05d14h48m45,0
KYLIN-1622,FALSE,FALSE,Major,79356,00d22h02m36,0
KYLIN-1236,FALSE,FALSE,Major,534,00d00h08m54,0
KYLIN-2540,FALSE,FALSE,Major,11144435,128d23h40m35,0
KYLIN-1230,TRUE,FALSE,Major,1185937,13d17h25m37,0
KYLIN-991,FALSE,FALSE,Minor,1710572,19d19h09m32,0
KYLIN-1216,TRUE,FALSE,Major,19638,00d05h27m18,0
KYLIN-993,TRUE,FALSE,Minor,15118878,174d23h41m18,0
KYLIN-992,FALSE,FALSE,Major,190121,02d04h48m41,0
KYLIN-1155,TRUE,FALSE,Major,428969,04d23h09m29,0
KYLIN-3835,TRUE,FALSE,Major,435431,05d00h57m11,0
KYLIN-3836,FALSE,FALSE,Major,369101,04d06h31m41,0
KYLIN-3830,FALSE,FALSE,Major,1308479,15d03h27m59,0
KYLIN-1153,TRUE,FALSE,Major,1911786,22d03h03m06,0
KYLIN-3833,FALSE,FALSE,Minor,60084,00d16h41m24,0
KYLIN-1015,FALSE,FALSE,Major,73683,00d20h28m03,0
KYLIN-1215,FALSE,FALSE,Minor,75850,00d21h04m10,0
KYLIN-3838,TRUE,FALSE,Major,2244284,25d23h24m44,0
KYLIN-1769,FALSE,FALSE,Major,896,00d00h14m56,0
KYLIN-2592,FALSE,FALSE,Major,7193819,83d06h16m59,1
KYLIN-2593,TRUE,FALSE,Major,2089320,24d04h22m00,0
KYLIN-2594,FALSE,FALSE,Major,942745,10d21h52m25,0
KYLIN-2595,FALSE,FALSE,Major,223001,02d13h56m41,0
KYLIN-2613,FALSE,FALSE,Major,135256,01d13h34m16,0
KYLIN-3139,FALSE,FALSE,Minor,3643042,42d03h57m22,0
KYLIN-2200,TRUE,FALSE,Major,61077794,706d22h03m14,0
KYLIN-2753,FALSE,FALSE,Major,3371303,39d00h28m23,1
KYLIN-2202,TRUE,FALSE,Major,517133,05d23h38m53,1
KYLIN-2756,FALSE,FALSE,Major,7442774,86d03h26m14,0
KYLIN-2754,FALSE,FALSE,Major,11341,00d03h09m01,0
KYLIN-2207,FALSE,FALSE,Minor,30354,00d08h25m54,0
KYLIN-2209,FALSE,FALSE,Minor,1763350,20d09h49m10,0
KYLIN-2758,TRUE,FALSE,Minor,470626,05d10h43m46,0
KYLIN-3336,FALSE,FALSE,Minor,4328272,50d02h17m52,0
KYLIN-2106,FALSE,FALSE,Major,588539,06d19h28m59,0
KYLIN-3588,FALSE,FALSE,Minor,470575,05d10h42m55,0
KYLIN-3620,FALSE,FALSE,Major,1057458,12d05h44m18,0
KYLIN-1652,FALSE,FALSE,Major,37582211,434d23h30m11,0
KYLIN-3586,FALSE,FALSE,Major,322380,03d17h33m00,0
KYLIN-3587,FALSE,FALSE,Minor,236139,02d17h35m39,0
KYLIN-3580,FALSE,FALSE,Major,303263,03d12h14m23,0
KYLIN-3581,FALSE,FALSE,Minor,553937,06d09h52m17,0
KYLIN-3582,FALSE,FALSE,Minor,311493,03d14h31m33,0
KYLIN-1655,FALSE,FALSE,Trivial,2908,00d00h48m28,0
KYLIN-3909,FALSE,FALSE,Minor,85548,00d23h45m48,0
KYLIN-575,FALSE,FALSE,Major,3039,00d00h50m39,0
KYLIN-1220,FALSE,FALSE,Major,2851959,33d00h12m39,0
KYLIN-572,FALSE,FALSE,Minor,3644071,42d04h14m31,0
KYLIN-3718,FALSE,FALSE,Major,74139,00d20h35m39,0
KYLIN-3902,FALSE,FALSE,Major,492200,05d16h43m20,0
KYLIN-2188,TRUE,FALSE,Major,32757274,379d03h14m34,0
KYLIN-757,FALSE,FALSE,Major,2073287,23d23h54m47,0
KYLIN-2041,TRUE,FALSE,Minor,1395,00d00h23m15,0
KYLIN-2693,FALSE,FALSE,Major,97013,01d02h56m53,0
KYLIN-2059,FALSE,FALSE,Major,764418,08d20h20m18,0
KYLIN-4143,FALSE,FALSE,Major,2472257,28d14h44m17,0
KYLIN-2508,FALSE,FALSE,Major,1474146,17d01h29m06,0
KYLIN-2505,FALSE,FALSE,Minor,27471374,317d22h56m14,1
KYLIN-2504,TRUE,FALSE,Major,287388,03d07h49m48,0
KYLIN-2051,FALSE,FALSE,Minor,1011243,11d16h54m03,0
KYLIN-2502,TRUE,FALSE,Major,139395,01d14h43m15,0
KYLIN-2052,FALSE,FALSE,Minor,2086535,24d03h35m35,0
KYLIN-3056,FALSE,FALSE,Major,339204,03d22h13m24,0
KYLIN-2115,FALSE,FALSE,Critical,235,00d00h03m55,0
KYLIN-3054,FALSE,FALSE,Minor,78865,00d21h54m25,0
KYLIN-3055,TRUE,FALSE,Major,1140889,13d04h54m49,0
KYLIN-2110,FALSE,FALSE,Minor,1076639,12d11h03m59,0
KYLIN-3053,FALSE,FALSE,Trivial,937398,10d20h23m18,0
KYLIN-2298,FALSE,FALSE,Major,595295,06d21h21m35,0
KYLIN-2297,FALSE,FALSE,Major,2717620,31d10h53m40,0
KYLIN-3752,FALSE,FALSE,Blocker,101351,01d04h09m11,0
KYLIN-2292,TRUE,FALSE,Major,250121,02d21h28m41,0
KYLIN-3058,FALSE,FALSE,Major,239838,02d18h37m18,0
KYLIN-3776,FALSE,FALSE,Major,3008961,34d19h49m21,0
KYLIN-277,FALSE,FALSE,Major,3,00d00h00m03,0
KYLIN-2127,FALSE,FALSE,Major,1363368,15d18h42m48,0
KYLIN-929,FALSE,FALSE,Major,666,00d00h11m06,0
KYLIN-4005,TRUE,FALSE,Critical,5343568,61d20h19m28,0
KYLIN-1970,FALSE,FALSE,Major,282721,03d06h32m01,0
KYLIN-921,TRUE,FALSE,Major,257469,02d23h31m09,0
KYLIN-889,TRUE,FALSE,Major,15953,00d04h25m53,0
KYLIN-923,FALSE,FALSE,Major,83196,00d23h06m36,0
KYLIN-2699,FALSE,FALSE,Major,1209960,14d00h06m00,1
KYLIN-1978,FALSE,FALSE,Major,2290927,26d12h22m07,0
KYLIN-1402,FALSE,FALSE,Major,2743352,31d18h02m32,0
KYLIN-1400,FALSE,FALSE,Major,2836614,32d19h56m54,0
KYLIN-2376,FALSE,FALSE,Major,6491,00d01h48m11,0
KYLIN-2471,TRUE,FALSE,Major,28799247,333d07h47m27,0
KYLIN-2470,FALSE,FALSE,Major,23682081,274d02h21m21,0
KYLIN-2474,TRUE,FALSE,Major,76043,00d21h07m23,0
KYLIN-2572,FALSE,FALSE,Major,137220,01d14h07m00,0
KYLIN-2573,FALSE,FALSE,Major,960312,11d02h45m12,0
KYLIN-2571,FALSE,FALSE,Minor,401340,04d15h29m00,0
KYLIN-2577,TRUE,FALSE,Critical,23497884,271d23h11m24,1
KYLIN-2574,TRUE,FALSE,Major,1205808,13d22h56m48,0
KYLIN-817,TRUE,FALSE,Major,13558,00d03h45m58,0
KYLIN-1581,FALSE,FALSE,Major,98183,01d03h16m23,0
KYLIN-2877,FALSE,FALSE,Minor,357990,04d03h26m30,0
KYLIN-2876,FALSE,FALSE,Major,11298705,130d18h31m45,0
KYLIN-2874,FALSE,FALSE,Major,1881858,21d18h44m18,0
KYLIN-2871,FALSE,FALSE,Minor,709564,08d05h06m04,0
KYLIN-2870,FALSE,FALSE,Minor,682178,07d21h29m38,0
KYLIN-2974,FALSE,FALSE,Major,3186147,36d21h02m27,0
KYLIN-3579,FALSE,FALSE,Minor,2558762,29d14h46m02,0
KYLIN-2971,FALSE,FALSE,Major,739568,08d13h26m08,0
KYLIN-3575,FALSE,FALSE,Minor,226130,02d14h48m50,0
KYLIN-3574,TRUE,FALSE,Minor,561074,06d11h51m14,0
KYLIN-2078,TRUE,FALSE,Major,1304424,15d02h20m24,1
KYLIN-967,TRUE,FALSE,Major,149309,01d17h28m29,0
KYLIN-3474,FALSE,FALSE,Major,20711364,239d17h09m24,1
KYLIN-1271,FALSE,FALSE,Major,508336,05d21h12m16,0
KYLIN-3476,FALSE,FALSE,Major,674318,07d19h18m38,0
KYLIN-3477,TRUE,FALSE,Major,2332782,26d23h59m42,0
KYLIN-818,FALSE,FALSE,Major,18057,00d05h00m57,0
KYLIN-1907,FALSE,FALSE,Major,81690,00d22h41m30,0
KYLIN-1905,FALSE,FALSE,Major,11134,00d03h05m34,0
KYLIN-1909,TRUE,FALSE,Minor,4674588,54d02h29m48,1
KYLIN-3995,FALSE,FALSE,Major,263905,03d01h18m25,0
KYLIN-2589,TRUE,FALSE,Major,1378325,15d22h52m05,0
KYLIN-1574,FALSE,FALSE,Minor,1479170,17d02h52m50,0
KYLIN-1472,FALSE,FALSE,Major,82420971,953d22h42m51,1
KYLIN-4148,FALSE,FALSE,Major,1884381,21d19h26m21,0
KYLIN-2989,FALSE,FALSE,Minor,39871,00d11h04m31,0
KYLIN-1471,FALSE,FALSE,Major,431004,04d23h43m24,0
KYLIN-220,FALSE,FALSE,Major,5079343,58d18h55m43,0
KYLIN-688,TRUE,FALSE,Major,1044867,12d02h14m27,0
KYLIN-681,FALSE,FALSE,Major,517187,05d23h39m47,0
KYLIN-683,FALSE,FALSE,Major,15303150,177d02h52m30,0
KYLIN-682,FALSE,FALSE,Major,186068,02d03h41m08,0
KYLIN-1352,FALSE,FALSE,Minor,16679,00d04h37m59,0
KYLIN-1357,FALSE,FALSE,Major,362077,04d04h34m37,0
KYLIN-1356,TRUE,FALSE,Major,609379,07d01h16m19,0
KYLIN-1290,FALSE,FALSE,Minor,182614,02d02h43m34,0
KYLIN-2588,FALSE,FALSE,Major,144058,01d16h00m58,0
KYLIN-2657,FALSE,FALSE,Major,4808274,55d15h37m54,0
KYLIN-2655,FALSE,FALSE,Minor,48011,00d13h20m11,0
KYLIN-2652,FALSE,FALSE,Major,2508491,29d00h48m11,0
KYLIN-3788,TRUE,FALSE,Major,9053469,104d18h51m09,1
KYLIN-2719,FALSE,FALSE,Major,1916764,22d04h26m04,0
KYLIN-2716,TRUE,FALSE,Major,3540146,40d23h22m26,0
KYLIN-2800,TRUE,FALSE,Major,1375959,15d22h12m39,0
KYLIN-2806,TRUE,FALSE,Major,4417803,51d03h10m03,1
KYLIN-2658,TRUE,FALSE,Minor,3950902,45d17h28m22,0
KYLIN-2637,FALSE,FALSE,Trivial,51042,00d14h10m42,0
KYLIN-1758,FALSE,FALSE,Critical,175873,02d00h51m13,0
KYLIN-3276,FALSE,FALSE,Major,1181344,13d16h09m04,0
KYLIN-3277,TRUE,FALSE,Major,2404247,27d19h50m47,0
KYLIN-1755,FALSE,FALSE,Major,1028353,11d21h39m13,0
KYLIN-3379,TRUE,FALSE,Major,7527320,87d02h55m20,0
KYLIN-1998,TRUE,FALSE,Major,260796,03d00h26m36,0
KYLIN-3173,FALSE,FALSE,Minor,896561,10d09h02m41,0
KYLIN-3172,TRUE,FALSE,Major,902178,10d10h36m18,0
KYLIN-1612,TRUE,FALSE,Major,344152,03d23h35m52,0
KYLIN-3177,TRUE,FALSE,Major,595738,06d21h28m58,0
KYLIN-3178,FALSE,FALSE,Minor,519617,06d00h20m17,0
KYLIN-1992,FALSE,FALSE,Minor,273638,03d04h00m38,0
KYLIN-865,TRUE,FALSE,Major,1808981,20d22h29m41,0
KYLIN-2224,TRUE,FALSE,Minor,170134,01d23h15m34,0
KYLIN-1996,FALSE,FALSE,Minor,380321,04d09h38m41,0
KYLIN-3399,FALSE,FALSE,Major,2544331,29d10h45m31,0
KYLIN-3398,FALSE,FALSE,Major,474628,05d11h50m28,0
KYLIN-3391,FALSE,FALSE,Major,3529333,40d20h22m13,0
KYLIN-3390,FALSE,FALSE,Major,3529663,40d20h27m43,0
KYLIN-1127,TRUE,FALSE,Major,322962,03d17h42m42,0
KYLIN-1121,FALSE,FALSE,Major,367,00d00h06m07,0
KYLIN-3396,TRUE,FALSE,Minor,103820,01d04h50m20,0
KYLIN-3525,FALSE,FALSE,Minor,813929,09d10h05m29,0
KYLIN-3773,FALSE,FALSE,Critical,4062790,47d00h33m10,0
KYLIN-3643,FALSE,FALSE,Critical,5524683,63d22h38m03,0
KYLIN-2620,TRUE,FALSE,Major,66596006,770d18h53m26,1
KYLIN-2621,FALSE,FALSE,Major,158571,01d20h02m51,0
KYLIN-2626,TRUE,FALSE,Minor,21792639,252d05h30m39,0
KYLIN-3097,FALSE,FALSE,Trivial,246891,02d20h34m51,0
KYLIN-2625,FALSE,FALSE,Major,21882302,253d06h25m02,0
KYLIN-2251,FALSE,FALSE,Minor,239,00d00h03m59,0
KYLIN-2250,TRUE,FALSE,Minor,5270,00d01h27m50,0
KYLIN-2007,TRUE,FALSE,Minor,513219,05d22h33m39,0
KYLIN-2254,TRUE,FALSE,Major,95485,01d02h31m25,0
KYLIN-3714,FALSE,FALSE,Major,6827330,79d00h28m50,1
KYLIN-2786,FALSE,FALSE,Major,366273,04d05h44m33,0
KYLIN-3306,FALSE,FALSE,Major,1731,00d00h28m51,0
KYLIN-3710,TRUE,FALSE,Major,1389122,16d01h52m02,0
KYLIN-1722,FALSE,FALSE,Major,1056,00d00h17m36,0
KYLIN-1723,TRUE,FALSE,Major,369386,04d06h36m26,0
KYLIN-1721,FALSE,FALSE,Critical,62219,00d17h16m59,0
KYLIN-2789,FALSE,FALSE,Minor,139176,01d14h39m36,0
KYLIN-2788,TRUE,FALSE,Major,3871408,44d19h23m28,0
KYLIN-3653,FALSE,FALSE,Major,269817,03d02h56m57,0
KYLIN-2634,FALSE,FALSE,Major,21375443,247d09h37m23,0
KYLIN-952,TRUE,FALSE,Major,1904687,22d01h04m47,0
KYLIN-3898,FALSE,FALSE,Minor,583480,06d18h04m40,0
KYLIN-934,TRUE,FALSE,Major,505160,05d20h19m20,0
KYLIN-3957,FALSE,FALSE,Major,252593,02d22h09m53,0
KYLIN-962,FALSE,FALSE,Major,29025942,335d22h45m42,0
KYLIN-1274,FALSE,FALSE,Major,5261442,60d21h30m42,0
KYLIN-3959,TRUE,FALSE,Major,161351,01d20h49m11,0
KYLIN-968,FALSE,FALSE,Major,1818759,21d01h12m39,0
KYLIN-1045,FALSE,FALSE,Major,281985,03d06h19m45,0
KYLIN-3895,FALSE,FALSE,Major,608667,07d01h04m27,0
KYLIN-2211,TRUE,FALSE,Major,254740,02d22h45m40,0
KYLIN-1851,TRUE,TRUE,Major,13589216,157d06h46m56,0
KYLIN-930,FALSE,FALSE,Major,11382528,131d17h48m48,0
KYLIN-2433,FALSE,FALSE,Major,1593,00d00h26m33,0
KYLIN-2808,FALSE,FALSE,Minor,2151875,24d21h44m35,0
KYLIN-2430,FALSE,FALSE,Major,23249,00d06h27m29,0
KYLIN-2536,FALSE,FALSE,Minor,266198,03d01h56m38,0
KYLIN-2537,FALSE,FALSE,Major,30762,00d08h32m42,0
KYLIN-530,FALSE,FALSE,Major,2272924,26d07h22m04,0
KYLIN-2530,FALSE,FALSE,Major,125,00d00h02m05,0
KYLIN-2748,TRUE,FALSE,Major,453297,05d05h54m57,0
KYLIN-3001,FALSE,FALSE,Major,4132202,47d19h50m02,0
KYLIN-2028,FALSE,FALSE,Minor,5877,00d01h37m57,0
KYLIN-3004,FALSE,FALSE,Major,4129749,47d19h09m09,0
KYLIN-2539,TRUE,FALSE,Major,11091,00d03h04m51,0
KYLIN-2085,TRUE,FALSE,Major,88384,01d00h33m04,0
KYLIN-2718,FALSE,FALSE,Major,6414040,74d05h40m40,0
KYLIN-711,TRUE,TRUE,Major,1281460,14d19h57m40,0
KYLIN-581,FALSE,FALSE,Major,213,00d00h03m33,0
KYLIN-3529,FALSE,FALSE,Major,604935,07d00h02m15,0
KYLIN-1948,FALSE,FALSE,Major,57987193,671d03h33m13,0
KYLIN-3438,FALSE,TRUE,Major,1153809,13d08h30m09,0
KYLIN-3439,TRUE,FALSE,Minor,6725588,77d20h13m08,0
KYLIN-1945,TRUE,FALSE,Major,7507741,86d21h29m01,0
KYLIN-4057,TRUE,FALSE,Major,5872083,67d23h08m03,0
KYLIN-911,TRUE,FALSE,Major,5010,00d01h23m30,0
KYLIN-913,FALSE,FALSE,Major,5974545,69d03h35m45,1
KYLIN-912,FALSE,FALSE,Major,3463211,40d02h00m11,0
KYLIN-915,FALSE,FALSE,Major,10691,00d02h58m11,0
KYLIN-914,FALSE,FALSE,Minor,58041,00d16h07m21,0
KYLIN-1436,FALSE,FALSE,Major,5880,00d01h38m00,0
KYLIN-3782,FALSE,FALSE,Major,2894725,33d12h05m25,0
KYLIN-1435,FALSE,FALSE,Major,8113,00d02h15m13,0
KYLIN-1538,FALSE,FALSE,Major,690359,07d23h45m59,0
KYLIN-2322,TRUE,FALSE,Major,2574779,29d19h12m59,0
KYLIN-2449,FALSE,FALSE,Major,3951883,45d17h44m43,0
KYLIN-780,TRUE,FALSE,Major,3660263,42d08h44m23,0
KYLIN-2440,TRUE,FALSE,Major,5258,00d01h27m38,0
KYLIN-2441,TRUE,FALSE,Major,30114467,348d13h07m47,0
KYLIN-1760,TRUE,FALSE,Major,5693587,65d21h33m07,1
KYLIN-1093,TRUE,FALSE,Major,79,00d00h01m19,0
KYLIN-2929,FALSE,FALSE,Major,10038489,116d04h28m09,0
KYLIN-2841,FALSE,FALSE,Major,40265241,466d00h47m21,0
KYLIN-1793,TRUE,FALSE,Major,14232943,164d17h35m43,0
KYLIN-666,FALSE,FALSE,Major,4382886,50d17h28m06,0
KYLIN-665,FALSE,FALSE,Major,4385535,50d18h12m15,0
KYLIN-2922,TRUE,FALSE,Major,586372,06d18h52m52,0
KYLIN-1315,FALSE,FALSE,Major,421053,04d20h57m33,0
KYLIN-1795,FALSE,FALSE,Minor,3534253,40d21h44m13,0
KYLIN-660,TRUE,FALSE,Major,5624260,65d02h17m40,0
KYLIN-2050,TRUE,FALSE,Minor,270364,03d03h06m04,0
KYLIN-3500,FALSE,FALSE,Major,429571,04d23h19m31,0
KYLIN-1493,FALSE,FALSE,Major,39422,00d10h57m02,0
KYLIN-1386,FALSE,FALSE,Major,705,00d00h11m45,0
KYLIN-1387,TRUE,FALSE,Major,103930,01d04h52m10,0
KYLIN-3135,FALSE,FALSE,Major,4013226,46d10h47m06,1
KYLIN-1645,FALSE,FALSE,Major,4308469,49d20h47m49,0
KYLIN-3136,TRUE,TRUE,Minor,2330976,26d23h29m36,0
KYLIN-3131,FALSE,FALSE,Major,3873611,44d20h00m11,0
KYLIN-1226,TRUE,FALSE,Major,4937086,57d03h24m46,0
KYLIN-1225,FALSE,FALSE,Major,83589,00d23h13m09,0
KYLIN-824,TRUE,FALSE,Major,3424851,39d15h20m51,0
KYLIN-989,FALSE,FALSE,Minor,22541565,260d21h32m45,0
KYLIN-982,FALSE,FALSE,Minor,157609,01d19h46m49,0
KYLIN-983,FALSE,FALSE,Major,3428423,39d16h20m23,0
KYLIN-1896,FALSE,FALSE,Major,3905,00d01h05m05,0
KYLIN-3187,FALSE,FALSE,Major,19435756,224d22h49m16,0
KYLIN-829,FALSE,FALSE,Major,8572,00d02h22m52,1
KYLIN-828,FALSE,FALSE,Major,107497,01d05h51m37,0
KYLIN-985,FALSE,FALSE,Major,269943,03d02h59m03,0
KYLIN-1001,FALSE,FALSE,Major,260496,03d00h21m36,0
KYLIN-1005,FALSE,FALSE,Major,148,00d00h02m28,0
KYLIN-1004,FALSE,FALSE,Major,553,00d00h09m13,0
KYLIN-3295,TRUE,FALSE,Minor,6335691,73d07h54m51,0
KYLIN-3292,FALSE,FALSE,Minor,587847,06d19h17m27,0
KYLIN-3293,TRUE,FALSE,Major,938554,10d20h42m34,0
KYLIN-2582,FALSE,FALSE,Minor,507212,05d20h53m32,0
KYLIN-2581,FALSE,FALSE,Major,1023663,11d20h21m03,0
KYLIN-3880,FALSE,FALSE,Major,778942,09d00h22m22,0
KYLIN-2664,FALSE,FALSE,Major,150,00d00h02m30,0
KYLIN-2662,TRUE,FALSE,Major,34044604,394d00h50m04,0
KYLIN-2660,FALSE,FALSE,Minor,20239,00d05h37m19,0
KYLIN-2661,FALSE,FALSE,Minor,4228,00d01h10m28,0
KYLIN-3619,TRUE,FALSE,Major,2431735,28d03h28m55,0
KYLIN-2743,TRUE,FALSE,Major,10663,00d02h57m43,0
KYLIN-1466,FALSE,FALSE,Minor,386413,04d11h20m13,0
KYLIN-2213,TRUE,FALSE,Major,1201756,13d21h49m16,0
KYLIN-2212,FALSE,FALSE,Major,1446609,16d17h50m09,0
KYLIN-3348,TRUE,FALSE,Major,3034668,35d02h57m48,0
KYLIN-3347,FALSE,FALSE,Major,10886493,126d00h01m33,0
KYLIN-3613,FALSE,FALSE,Major,1482615,17d03h50m15,0
KYLIN-1305,FALSE,FALSE,Major,10556572,122d04h22m52,0
KYLIN-3223,TRUE,FALSE,Major,769949,08d21h52m29,1
KYLIN-3222,FALSE,FALSE,Major,419455,04d20h30m55,0
KYLIN-1762,TRUE,FALSE,Major,280659,03d05h57m39,0
KYLIN-3224,FALSE,FALSE,Major,868779,10d01h19m39,0
KYLIN-3595,FALSE,FALSE,Minor,54886,00d15h14m46,0
KYLIN-3594,FALSE,FALSE,Major,1069450,12d09h04m10,0
KYLIN-3175,FALSE,FALSE,Major,895274,10d08h41m14,1
KYLIN-1643,FALSE,FALSE,Major,706935,08d04h22m15,0
KYLIN-3183,FALSE,FALSE,Major,420014,04d20h40m14,0
KYLIN-3184,FALSE,FALSE,Minor,411944,04d18h25m44,0
KYLIN-1647,FALSE,FALSE,Major,233593,02d16h53m13,0
KYLIN-2559,FALSE,FALSE,Minor,237937,02d18h05m37,0
KYLIN-3247,TRUE,FALSE,Major,67902,00d18h51m42,0
KYLIN-3916,FALSE,FALSE,Major,1017827,11d18h43m47,0
KYLIN-2005,TRUE,FALSE,Major,244400,02d19h53m20,0
KYLIN-3911,FALSE,FALSE,Minor,979929,11d08h12m09,0
KYLIN-1780,FALSE,FALSE,Major,165386,01d21h56m26,0
KYLIN-1883,FALSE,FALSE,Major,595230,06d21h20m30,0
KYLIN-4173,FALSE,FALSE,Major,347755,04d00h35m55,0
KYLIN-3534,FALSE,FALSE,Major,588974,06d19h36m14,0
KYLIN-2109,FALSE,FALSE,Critical,1342438,15d12h53m58,0
KYLIN-516,FALSE,FALSE,Minor,4716409,54d14h06m49,0
KYLIN-2069,FALSE,FALSE,Major,220,00d00h03m40,0
KYLIN-3242,FALSE,FALSE,Minor,288320,03d08h05m20,0
KYLIN-3980,FALSE,FALSE,Major,4762183,55d02h49m43,0
KYLIN-3981,FALSE,FALSE,Major,8347649,96d14h47m29,0
KYLIN-3828,FALSE,FALSE,Major,613635,07d02h27m15,0
KYLIN-3040,FALSE,FALSE,Major,4133927,47d20h18m47,0
KYLIN-3042,FALSE,FALSE,Major,181120,02d02h18m40,0
KYLIN-1619,TRUE,FALSE,Major,1391690,16d02h34m50,0
KYLIN-3049,FALSE,FALSE,Major,767350,08d21h09m10,1
KYLIN-3824,FALSE,FALSE,Major,6168,00d01h42m48,0
KYLIN-3987,FALSE,FALSE,Major,1205193,13d22h46m33,0
KYLIN-2711,TRUE,FALSE,Major,1070641,12d09h24m01,0
KYLIN-2086,TRUE,FALSE,Major,778423,09d00h13m43,0
KYLIN-2084,FALSE,FALSE,Major,485703,05d14h55m03,0
KYLIN-1789,TRUE,TRUE,Major,1945220,22d12h20m20,0
KYLIN-4017,FALSE,FALSE,Critical,1987666,23d00h07m46,0
KYLIN-594,FALSE,TRUE,Major,9600475,111d02h47m55,0
KYLIN-3968,FALSE,FALSE,Minor,4161647,48d04h00m47,1
KYLIN-897,TRUE,FALSE,Major,13018,00d03h36m58,0
KYLIN-958,TRUE,FALSE,Critical,3458928,40d00h48m48,0
KYLIN-593,FALSE,FALSE,Minor,1795120,20d18h38m40,0
KYLIN-1615,FALSE,FALSE,Minor,4339,00d01h12m19,0
KYLIN-3965,FALSE,FALSE,Minor,1185937,13d17h25m37,0
KYLIN-524,FALSE,FALSE,Major,4580533,53d00h22m13,0
KYLIN-761,FALSE,FALSE,Major,1667500,19d07h11m40,0
KYLIN-2367,FALSE,FALSE,Major,1682,00d00h28m02,0
KYLIN-2362,FALSE,FALSE,Major,72318,00d20h05m18,0
KYLIN-2569,FALSE,FALSE,Major,73902,00d20h31m42,0
KYLIN-2407,FALSE,FALSE,Major,6370639,73d17h37m19,0
KYLIN-2781,FALSE,FALSE,Major,2104026,24d08h27m06,0
KYLIN-2688,FALSE,FALSE,Minor,188693,02d04h24m53,0
KYLIN-2563,TRUE,FALSE,Major,176036,02d00h53m56,0
KYLIN-2114,FALSE,FALSE,Major,1051223,12d04h00m23,0
KYLIN-2564,FALSE,FALSE,Major,13318,00d03h41m58,0
KYLIN-1595,TRUE,FALSE,Major,262259,03d00h50m59,0
KYLIN-629,TRUE,FALSE,Major,525039,06d01h50m39,0
KYLIN-1596,FALSE,FALSE,Minor,62889,00d17h28m09,0
KYLIN-1593,FALSE,FALSE,Major,108120,01d06h02m00,0
KYLIN-1592,FALSE,FALSE,Major,246788,02d20h33m08,0
KYLIN-622,FALSE,FALSE,Major,9971,00d02h46m11,0
KYLIN-621,FALSE,FALSE,Minor,134,00d00h02m14,0
KYLIN-627,FALSE,FALSE,Major,596718,06d21h45m18,0
KYLIN-740,TRUE,FALSE,Major,10803687,125d01h01m27,0
KYLIN-2684,FALSE,FALSE,Blocker,71259,00d19h47m39,0
KYLIN-2967,FALSE,FALSE,Major,1141101,13d04h58m21,0
KYLIN-3543,TRUE,FALSE,Minor,1065014,12d07h50m14,0
KYLIN-632,FALSE,FALSE,Minor,15145447,175d07h04m07,1
KYLIN-3546,TRUE,FALSE,Major,1243078,14d09h17m58,0
KYLIN-3547,FALSE,FALSE,Blocker,169097,01d22h58m17,0
KYLIN-1696,FALSE,FALSE,Major,27674,00d07h41m14,0
KYLIN-3461,FALSE,FALSE,Critical,1099171,12d17h19m31,0
KYLIN-1695,TRUE,FALSE,Major,4338529,50d05h08m49,0
KYLIN-2969,FALSE,FALSE,Major,801281,09d06h34m41,0
KYLIN-2968,FALSE,FALSE,Trivial,349322,04d01h02m02,0
KYLIN-1248,FALSE,FALSE,Minor,5606289,64d21h18m09,0
KYLIN-1911,FALSE,FALSE,Major,267725,03d02h22m05,0
KYLIN-2631,TRUE,FALSE,Major,21610169,250d02h49m29,0
KYLIN-1913,FALSE,FALSE,Major,206524,02d09h22m04,0
KYLIN-1912,FALSE,FALSE,Critical,120373,01d09h26m13,0
KYLIN-4066,FALSE,FALSE,Major,6659826,77d01h57m06,0
KYLIN-4064,FALSE,FALSE,Major,1374868,15d21h54m28,0
KYLIN-1260,FALSE,FALSE,Minor,775779,08d23h29m39,0
KYLIN-2915,FALSE,FALSE,Major,10726,00d02h58m46,0
KYLIN-1507,FALSE,FALSE,Major,161559,01d20h52m39,0
KYLIN-4068,FALSE,FALSE,Major,5889467,68d03h57m47,0
KYLIN-1563,FALSE,FALSE,Major,1240488,14d08h34m48,0
KYLIN-1660,TRUE,FALSE,Major,349816,04d01h10m16,0
KYLIN-1464,TRUE,FALSE,Major,54981941,636d08h45m41,0
KYLIN-2116,FALSE,FALSE,Minor,876644,10d03h30m44,0
KYLIN-1469,FALSE,FALSE,Minor,333871,03d20h44m31,0
KYLIN-695,FALSE,FALSE,Major,60755,00d16h52m35,0
KYLIN-2316,TRUE,FALSE,Major,10705774,123d21h49m34,1
KYLIN-693,TRUE,FALSE,Major,16407300,189d21h35m00,0
KYLIN-691,FALSE,FALSE,Major,59235,00d16h27m15,0
KYLIN-1289,FALSE,FALSE,Major,192746,02d05h32m26,0
KYLIN-1324,FALSE,FALSE,Minor,20661120,239d03h12m00,0
KYLIN-1322,FALSE,FALSE,Major,242594,02d19h23m14,0
KYLIN-1282,TRUE,FALSE,Major,263002,03d01h03m22,0
KYLIN-1328,FALSE,FALSE,Major,304,00d00h05m04,0
KYLIN-1329,FALSE,FALSE,Major,4541151,52d13h25m51,0
KYLIN-1685,FALSE,FALSE,Major,14087,00d03h54m47,0
KYLIN-3799,FALSE,FALSE,Major,1731157,20d00h52m37,0
KYLIN-3798,FALSE,FALSE,Major,2013354,23d07h15m54,0
KYLIN-2705,FALSE,FALSE,Minor,333716,03d20h41m56,0
KYLIN-849,TRUE,FALSE,Major,62341,00d17h19m01,0
KYLIN-2707,TRUE,FALSE,Minor,7585163,87d18h59m23,1
KYLIN-2706,TRUE,FALSE,Major,3194983,36d23h29m43,1
KYLIN-2701,TRUE,FALSE,Minor,1886716,21d20h05m16,0
KYLIN-2814,FALSE,FALSE,Major,786202,09d02h23m22,0
KYLIN-3793,FALSE,FALSE,Minor,66325,00d18h25m25,0
KYLIN-2262,FALSE,FALSE,Minor,11585802,134d02h16m42,1
KYLIN-3268,FALSE,FALSE,Major,95442,01d02h30m42,0
KYLIN-1152,TRUE,FALSE,Major,14602,00d04h03m22,0
KYLIN-3263,TRUE,FALSE,Major,26046,00d07h14m06,0
KYLIN-1604,FALSE,FALSE,Minor,339577,03d22h19m37,0
KYLIN-3494,FALSE,FALSE,Major,16680339,193d01h25m39,0
KYLIN-3492,FALSE,FALSE,Trivial,702870,08d03h14m30,0
KYLIN-3143,FALSE,FALSE,Minor,33026,00d09h10m26,0
KYLIN-873,FALSE,TRUE,Major,1713,00d00h28m33,0
KYLIN-3149,TRUE,FALSE,Major,14070780,162d20h33m00,0
KYLIN-1039,FALSE,FALSE,Major,436495,05d01h14m55,0
KYLIN-1137,TRUE,FALSE,Major,430932,04d23h42m12,0
KYLIN-3817,FALSE,FALSE,Major,2336875,27d01h07m55,0
KYLIN-3815,TRUE,FALSE,Major,359126,04d03h45m26,0
KYLIN-1033,FALSE,FALSE,Major,2772286,32d02h04m46,0
KYLIN-3818,TRUE,FALSE,Major,6906603,79d22h30m03,1
KYLIN-1138,TRUE,FALSE,Major,156,00d00h02m36,0
KYLIN-2153,FALSE,FALSE,Minor,145120,01d16h18m40,0
KYLIN-2154,FALSE,FALSE,Major,129296,01d11h54m56,0
KYLIN-2155,FALSE,FALSE,Major,34143,00d09h29m03,0
KYLIN-3081,FALSE,FALSE,Minor,2506805,29d00h20m05,0
KYLIN-2630,TRUE,FALSE,Major,21697662,251d03h07m42,0
KYLIN-3083,FALSE,FALSE,Minor,4614652,53d09h50m52,0
KYLIN-3082,FALSE,FALSE,Minor,1375025,15d21h57m05,0
KYLIN-3085,TRUE,FALSE,Major,2214933,25d15h15m33,0
KYLIN-3084,TRUE,FALSE,Minor,4332302,50d03h25m02,0
KYLIN-3087,FALSE,FALSE,Major,764188,08d20h16m28,0
KYLIN-3721,FALSE,FALSE,Minor,101391,01d04h09m51,0
KYLIN-3722,TRUE,FALSE,Major,1877310,21d17h28m30,0
KYLIN-3724,FALSE,FALSE,Major,604251,06d23h50m51,0
KYLIN-3727,TRUE,FALSE,Major,6259265,72d10h41m05,0
KYLIN-3311,TRUE,FALSE,Major,1027946,11d21h32m26,0
KYLIN-3866,FALSE,FALSE,Major,248225,02d20h57m05,0
KYLIN-1098,FALSE,FALSE,Major,66725,00d18h32m05,0
KYLIN-3647,TRUE,FALSE,Major,70337,00d19h32m17,0
KYLIN-3645,FALSE,FALSE,Minor,98973,01d03h29m33,0
KYLIN-3644,TRUE,TRUE,Major,791168,09d03h46m08,0
KYLIN-1047,TRUE,FALSE,Major,329213,03d19h26m53,0
KYLIN-3649,TRUE,FALSE,Major,455542,05d06h32m22,0
KYLIN-3505,FALSE,FALSE,Minor,6037,00d01h40m37,0
KYLIN-3888,FALSE,FALSE,Major,4658,00d01h17m38,0
KYLIN-1066,TRUE,FALSE,Major,2185078,25d06h57m58,0
KYLIN-2612,FALSE,FALSE,Minor,6116614,70d19h03m34,0
KYLIN-1316,FALSE,FALSE,Major,5233,00d01h27m13,0
KYLIN-3882,FALSE,FALSE,Major,102754,01d04h32m34,0
KYLIN-3885,TRUE,FALSE,Major,1805203,20d21h26m43,0
KYLIN-3884,FALSE,FALSE,Major,156730,01d19h32m10,0
KYLIN-3886,FALSE,FALSE,Major,156472,01d19h27m52,0
KYLIN-4126,FALSE,FALSE,Major,2046378,23d16h26m18,0
KYLIN-1059,FALSE,FALSE,Major,189,00d00h03m09,0
KYLIN-2032,FALSE,FALSE,Major,755259,08d17h47m39,0
KYLIN-2035,FALSE,FALSE,Major,506829,05d20h47m09,0
KYLIN-2132,FALSE,FALSE,Major,2342194,27d02h36m34,0
KYLIN-2130,FALSE,FALSE,Minor,705201,08d03h53m21,0
KYLIN-3038,TRUE,FALSE,Major,6209229,71d20h47m09,0
KYLIN-2137,TRUE,FALSE,Major,335673,03d21h14m33,0
KYLIN-2134,FALSE,FALSE,Major,66630,00d18h30m30,0
KYLIN-3034,FALSE,FALSE,Major,624944,07d05h35m44,0
KYLIN-3874,FALSE,FALSE,Major,1098869,12d17h14m29,0
KYLIN-2138,TRUE,FALSE,Minor,546810,06d07h53m30,0
KYLIN-3030,FALSE,FALSE,Major,1127963,13d01h19m23,0
KYLIN-3031,TRUE,FALSE,Major,1801278,20d20h21m18,0
KYLIN-3032,TRUE,FALSE,Minor,1014405,11d17h46m45,0
KYLIN-1194,FALSE,FALSE,Minor,20388049,235d23h20m49,0
KYLIN-2201,FALSE,FALSE,Major,409970,04d17h52m50,0
KYLIN-1075,TRUE,FALSE,Minor,5343543,61d20h19m03,1
KYLIN-4027,FALSE,FALSE,Major,3974228,45d23h57m08,0
KYLIN-1956,TRUE,FALSE,Minor,780998,09d00h56m38,0
KYLIN-1953,FALSE,FALSE,Major,297655,03d10h40m55,0
KYLIN-3428,FALSE,FALSE,Critical,854924,09d21h28m44,1
KYLIN-595,FALSE,FALSE,Major,7503914,86d20h25m14,0
KYLIN-1816,TRUE,FALSE,Major,1054705,12d04h58m25,0
KYLIN-1817,FALSE,FALSE,Minor,1044995,12d02h16m35,0
KYLIN-1811,FALSE,FALSE,Major,379537,04d09h25m37,0
KYLIN-905,FALSE,FALSE,Major,1052003,12d04h13m23,0
KYLIN-1426,TRUE,FALSE,Major,431553,04d23h52m33,0
KYLIN-1421,FALSE,FALSE,Major,279028,03d05h30m28,0
KYLIN-1819,FALSE,FALSE,Major,78870998,912d20h36m38,0
KYLIN-1423,FALSE,FALSE,Major,603537,06d23h38m57,1
KYLIN-3651,FALSE,FALSE,Major,66679,00d18h31m19,0
KYLIN-793,FALSE,FALSE,Major,104089500,1204d17h45m00,0
KYLIN-2357,TRUE,FALSE,Minor,863075,09d23h44m35,0
KYLIN-797,TRUE,FALSE,Major,8654701,100d04h05m01,0
KYLIN-2452,FALSE,FALSE,Trivial,344430,03d23h40m30,0
KYLIN-2454,FALSE,FALSE,Minor,1029,00d00h17m09,0
KYLIN-2457,FALSE,FALSE,Critical,605860,07d00h17m40,0
KYLIN-2456,FALSE,FALSE,Major,17671,00d04h54m31,0
KYLIN-4015,TRUE,FALSE,Major,1510290,17d11h31m30,0
KYLIN-1420,FALSE,FALSE,Major,1310288,15d03h58m08,0
KYLIN-778,FALSE,FALSE,Blocker,2211,00d00h36m51,0
KYLIN-3693,TRUE,FALSE,Major,750182,08d16h23m02,0
KYLIN-3695,FALSE,FALSE,Minor,1896034,21d22h40m34,0
KYLIN-1419,TRUE,FALSE,Major,1806546,20d21h49m06,0
KYLIN-3697,FALSE,FALSE,Minor,2076665,24d00h51m05,0
KYLIN-771,TRUE,FALSE,Major,579,00d00h09m39,0
KYLIN-3699,FALSE,FALSE,Major,2448502,28d08h08m22,0
KYLIN-2917,FALSE,FALSE,Major,72,00d00h01m12,0
KYLIN-775,TRUE,FALSE,Major,70550330,816d13h18m50,1
KYLIN-3516,TRUE,FALSE,Minor,144904,01d16h15m04,0
KYLIN-3515,TRUE,FALSE,Major,2248987,26d00h43m07,0
KYLIN-2356,TRUE,FALSE,Major,85060,00d23h37m40,0
KYLIN-3102,FALSE,FALSE,Major,796107,09d05h08m27,0
KYLIN-3451,FALSE,FALSE,Minor,431570,04d23h52m50,0
KYLIN-3456,TRUE,FALSE,Major,3703475,42d20h44m35,0
KYLIN-3994,FALSE,FALSE,Major,3726519,43d03h08m39,0
KYLIN-3106,TRUE,FALSE,Minor,3549245,41d01h54m05,0
KYLIN-951,TRUE,FALSE,Major,310241,03d14h10m41,0
KYLIN-3458,TRUE,FALSE,Major,3621962,41d22h06m02,0
KYLIN-1551,TRUE,FALSE,Major,3566939,41d06h48m59,0
KYLIN-837,FALSE,FALSE,Major,56,00d00h00m56,0
KYLIN-834,FALSE,FALSE,Major,1760670,20d09h04m30,0
KYLIN-1770,FALSE,FALSE,Major,17093311,197d20h08m31,0
KYLIN-1553,FALSE,FALSE,Major,5319,00d01h28m39,0
KYLIN-830,FALSE,FALSE,Major,79540,00d22h05m40,0
KYLIN-831,FALSE,FALSE,Major,608068,07d00h54m28,0
KYLIN-3236,FALSE,FALSE,Major,2165786,25d01h36m26,0
KYLIN-1889,FALSE,FALSE,Major,520423,06d00h33m43,0
KYLIN-1862,FALSE,FALSE,Major,221155,02d13h25m55,0
KYLIN-1497,FALSE,FALSE,Major,41012,00d11h23m32,0
KYLIN-3281,TRUE,FALSE,Critical,825997,09d13h26m37,0
KYLIN-3280,FALSE,FALSE,Minor,338685,03d22h04m45,0
KYLIN-3287,FALSE,FALSE,Major,65033,00d18h03m53,0
KYLIN-1070,FALSE,FALSE,Minor,5497452,63d15h04m12,1
KYLIN-888,FALSE,FALSE,Major,30100,00d08h21m40,0
KYLIN-3288,TRUE,FALSE,Major,1017171,11d18h32m51,0
KYLIN-1310,FALSE,FALSE,Major,38201,00d10h36m41,0
KYLIN-1078,FALSE,FALSE,Minor,12431606,143d21h13m26,1
KYLIN-1895,FALSE,FALSE,Minor,33710837,390d04h07m17,1
KYLIN-2678,FALSE,FALSE,Minor,104760,01d05h06m00,0
KYLIN-2674,FALSE,FALSE,Major,1135215,13d03h20m15,0
KYLIN-2812,TRUE,FALSE,Minor,2643647,30d14h20m47,0
KYLIN-1650,FALSE,FALSE,Critical,631959,07d07h32m39,0
KYLIN-1303,TRUE,FALSE,Major,777520,08d23h58m40,0
KYLIN-2773,FALSE,FALSE,Major,7775775,89d23h56m15,1
KYLIN-3607,FALSE,FALSE,Major,6599993,76d09h19m53,0
KYLIN-3629,FALSE,FALSE,Major,1319548,15d06h32m28,0
KYLIN-3604,FALSE,FALSE,Blocker,2050188,23d17h29m48,0
KYLIN-3603,FALSE,FALSE,Minor,1140611,13d04h50m11,0
KYLIN-966,FALSE,FALSE,Major,99160785,1147d16h39m45,1
KYLIN-3352,TRUE,FALSE,Major,3801169,43d23h52m49,0
KYLIN-1740,FALSE,FALSE,Major,2139000,24d18h10m00,0
KYLIN-3216,FALSE,FALSE,Minor,56026,00d15h33m46,0
KYLIN-1679,FALSE,FALSE,Minor,4751048,54d23h44m08,0
KYLIN-3210,FALSE,FALSE,Minor,79314,00d22h01m54,0
KYLIN-1306,TRUE,FALSE,Major,847747,09d19h29m07,0
KYLIN-3199,FALSE,FALSE,Minor,947005,10d23h03m25,0
KYLIN-3213,FALSE,FALSE,Major,169073,01d22h57m53,0
KYLIN-1247,FALSE,FALSE,Minor,5533225,64d01h00m25,0
KYLIN-1676,FALSE,FALSE,Major,1323249,15d07h34m09,0
KYLIN-3219,FALSE,FALSE,Minor,388186,04d11h49m46,0
KYLIN-3190,FALSE,FALSE,Major,101729,01d04h15m29,0
KYLIN-1108,FALSE,FALSE,Minor,143640,01d15h54m00,0
KYLIN-640,FALSE,FALSE,Major,259736,03d00h08m56,0
KYLIN-2487,FALSE,FALSE,Minor,690,00d00h11m30,0
KYLIN-2481,FALSE,FALSE,Major,1072,00d00h17m52,0
KYLIN-2406,FALSE,FALSE,Major,1646486,19d01h21m26,0
KYLIN-2176,TRUE,FALSE,Major,2527166,29d05h59m26,0
KYLIN-645,TRUE,FALSE,Major,1263,00d00h21m03,0
KYLIN-2174,FALSE,FALSE,Major,89536,01d00h52m16,0
KYLIN-2172,FALSE,FALSE,Minor,804619,09d07h30m19,0
KYLIN-2173,TRUE,FALSE,Major,1200209,13d21h23m29,0
KYLIN-3077,FALSE,FALSE,Major,123647,01d10h20m47,0
KYLIN-2271,FALSE,FALSE,Minor,745,00d00h12m25,0
KYLIN-3119,FALSE,FALSE,Major,7143791,82d16h23m11,0
KYLIN-3678,FALSE,FALSE,Major,1459990,16d21h33m10,0
KYLIN-3770,FALSE,FALSE,Major,3283465,38d00h04m25,0
KYLIN-2275,FALSE,FALSE,Major,1111239,12d20h40m39,0
KYLIN-1828,TRUE,FALSE,Major,7541865,87d06h57m45,0
KYLIN-1179,TRUE,FALSE,Minor,603269,06d23h34m29,0
KYLIN-3672,FALSE,FALSE,Critical,324059,03d18h00m59,0
KYLIN-3857,TRUE,FALSE,Major,3843148,44d11h32m28,0
KYLIN-3778,FALSE,FALSE,Major,2789567,32d06h52m47,0
KYLIN-1171,FALSE,FALSE,Major,404069,04d16h14m29,0
KYLIN-1666,FALSE,FALSE,Major,22609,00d06h16m49,0
KYLIN-2099,FALSE,FALSE,Major,656,00d00h10m56,0
KYLIN-1638,FALSE,FALSE,Minor,16153,00d04h29m13,0
KYLIN-1664,TRUE,FALSE,Major,54030252,625d08h24m12,0
KYLIN-2097,FALSE,FALSE,Major,99649,01d03h40m49,0
KYLIN-3978,FALSE,FALSE,Major,4769853,55d04h57m33,0
KYLIN-1856,FALSE,FALSE,Minor,99484538,1151d10h35m38,1
KYLIN-949,FALSE,FALSE,Major,1996244,23d02h30m44,0
KYLIN-946,FALSE,FALSE,Major,834,00d00h13m54,0
KYLIN-1859,TRUE,FALSE,Minor,6680721,77d07h45m21,0
KYLIN-945,FALSE,FALSE,Major,2144137,24d19h35m37,0
KYLIN-562,FALSE,FALSE,Major,2036,00d00h33m56,0
KYLIN-940,FALSE,FALSE,Major,150195,01d17h43m15,0
KYLIN-3527,FALSE,FALSE,Minor,4777142,55d06h59m02,1
KYLIN-2391,FALSE,FALSE,Minor,2618297,30d07h18m17,0
KYLIN-2395,FALSE,FALSE,Major,6458,00d01h47m38,0
KYLIN-4111,TRUE,FALSE,Major,4703384,54d10h29m44,0
KYLIN-4117,TRUE,FALSE,Minor,2993972,34d15h39m32,0
KYLIN-4115,TRUE,FALSE,Major,3256431,37d16h33m51,0
KYLIN-2003,FALSE,FALSE,Major,533,00d00h08m53,0
KYLIN-457,FALSE,FALSE,Major,23147417,267d21h50m17,0
KYLIN-519,FALSE,FALSE,Major,2434055,28d04h07m35,0
KYLIN-2410,TRUE,FALSE,Major,2359,00d00h39m19,0
KYLIN-2412,FALSE,FALSE,Minor,113776,01d07h36m16,0
KYLIN-2555,TRUE,FALSE,Major,26324,00d07h18m44,0
KYLIN-517,FALSE,FALSE,Major,4770008,55d05h00m08,0
KYLIN-2557,TRUE,FALSE,Critical,2097207,24d06h33m27,0
KYLIN-2419,TRUE,FALSE,Major,170,00d00h02m50,0
KYLIN-2959,FALSE,FALSE,Minor,3922113,45d09h28m33,0
KYLIN-2434,FALSE,FALSE,Minor,4665165,53d23h52m45,0
KYLIN-638,FALSE,FALSE,Major,491884,05d16h38m04,0
KYLIN-639,TRUE,FALSE,Major,97687,01d03h08m07,0
KYLIN-2953,FALSE,FALSE,Major,4103600,47d11h53m20,0
KYLIN-630,TRUE,FALSE,Major,451894,05d05h31m34,0
KYLIN-2956,FALSE,FALSE,Major,5114479,59d04h41m19,0
KYLIN-2432,FALSE,FALSE,Major,4581995,53d00h46m35,0
KYLIN-3557,TRUE,FALSE,Minor,32760,00d09h06m00,0
KYLIN-3556,FALSE,FALSE,Minor,4178464,48d08h41m04,0
KYLIN-3554,FALSE,FALSE,Major,236597,02d17h43m17,0
KYLIN-3553,FALSE,FALSE,Major,65293,00d18h08m13,0
KYLIN-3551,FALSE,FALSE,Minor,88132,01d00h28m52,0
KYLIN-3550,FALSE,FALSE,Minor,89922,01d00h58m42,0
KYLIN-3416,FALSE,FALSE,Blocker,15378962,177d23h56m02,0
KYLIN-1684,FALSE,FALSE,Major,4668517,54d00h48m37,0
KYLIN-739,TRUE,FALSE,Major,1477,00d00h24m37,0
KYLIN-1683,FALSE,FALSE,Minor,36892813,427d00h00m13,0
KYLIN-2024,FALSE,FALSE,Major,4043943,46d19h19m03,0
KYLIN-1926,TRUE,FALSE,Minor,47120671,545d09h04m31,1
KYLIN-2121,FALSE,FALSE,Minor,2577622,29d20h00m22,0
KYLIN-1929,FALSE,FALSE,Major,6652,00d01h50m52,0
KYLIN-1513,FALSE,FALSE,Major,1415893,16d09h18m13,0
KYLIN-1456,FALSE,FALSE,Major,289241,03d08h20m41,0
CALCITE-1592,FALSE,FALSE,Major,53412,00d14h50m12,0
KYLIN-2301,FALSE,FALSE,Minor,523218,06d01h20m18,0
KYLIN-2300,FALSE,FALSE,Minor,38136,00d10h35m36,0
KYLIN-2305,FALSE,FALSE,Major,7318392,84d16h53m12,0
KYLIN-1337,FALSE,FALSE,Minor,3194586,36d23h23m06,0
KYLIN-1330,FALSE,FALSE,Major,2608676,30d04h37m56,0
KYLIN-3101,FALSE,FALSE,Minor,152330,01d18h18m50,0
KYLIN-848,TRUE,FALSE,Major,63277,00d17h34m37,0
KYLIN-648,FALSE,FALSE,Major,21,00d00h00m21,0
KYLIN-1739,TRUE,FALSE,Major,116,00d00h01m56,0
KYLIN-2920,FALSE,FALSE,Major,1314044,15d05h00m44,0
KYLIN-2824,FALSE,FALSE,Minor,97387,01d03h03m07,0
KYLIN-3104,FALSE,FALSE,Minor,435748,05d01h02m28,0
KYLIN-643,TRUE,FALSE,Major,22535,00d06h15m35,0
KYLIN-642,TRUE,FALSE,Major,28863,00d08h01m03,0
KYLIN-2820,TRUE,FALSE,Major,64674724,748d13h12m04,0
KYLIN-644,TRUE,FALSE,Minor,11292,00d03h08m12,0
KYLIN-3522,FALSE,FALSE,Minor,250315,02d21h31m55,0
KYLIN-1639,FALSE,FALSE,Trivial,3300,00d00h55m00,0
KYLIN-3255,TRUE,FALSE,Blocker,13797490,159d16h38m10,0
KYLIN-3257,FALSE,FALSE,Minor,2650825,30d16h20m25,0
KYLIN-3258,FALSE,FALSE,Minor,18068687,209d03h04m47,1
KYLIN-4131,TRUE,FALSE,Critical,1790089,20d17h14m49,0
KYLIN-1634,FALSE,FALSE,Minor,126605,01d11h10m05,0
KYLIN-1637,FALSE,FALSE,Major,1599,00d00h26m39,0
KYLIN-1203,FALSE,FALSE,Major,79247,00d22h00m47,0
KYLIN-1738,FALSE,FALSE,Minor,40601,00d11h16m41,0
KYLIN-1205,TRUE,FALSE,Major,107378,01d05h49m38,0
KYLIN-1204,FALSE,FALSE,Major,1917274,22d04h34m34,0
KYLIN-3483,FALSE,FALSE,Minor,223552,02d14h05m52,0
KYLIN-3482,FALSE,FALSE,Minor,2645741,30d14h55m41,0
KYLIN-840,FALSE,FALSE,Major,2120005,24d12h53m25,0
