BugID, #isArch, #isInduce, #Priority, #TimeSec, #Time, #Reopen
LOG4J2-946,FALSE,FALSE,Major,4215,00d01h10m15,0
LOG4J2-1180,TRUE,FALSE,Major,18936414,219d04h06m54,1
LOG4J2-855,FALSE,FALSE,Major,5881,00d01h38m01,0
LOG4J2-1058,TRUE,FALSE,Minor,66951,00d18h35m51,0
LOG4J2-1506,FALSE,FALSE,Major,4316916,49d23h08m36,1
LOG4J2-1504,TRUE,FALSE,Major,1085765,12d13h36m05,0
LOG4J2-1502,TRUE,TRUE,Major,1851977,21d10h26m17,0
LOG4J2-1051,FALSE,FALSE,Major,39865334,461d09h42m14,1
LOG4J2-1500,FALSE,FALSE,Major,19725,00d05h28m45,0
LOG4J2-1501,FALSE,FALSE,Major,155178,01d19h06m18,0
LOG4J2-1117,FALSE,FALSE,Minor,139024,01d14h37m04,0
LOG4J2-1110,FALSE,FALSE,Major,609,00d00h10m09,0
LOG4J2-1294,TRUE,FALSE,Major,180,00d00h03m00,0
LOG4J2-622,TRUE,FALSE,Major,4540635,52d13h17m15,0
LOG4J2-704,FALSE,FALSE,Minor,1806290,20d21h44m50,0
LOG4J2-705,TRUE,FALSE,Major,269612,03d02h53m32,0
LOG4J2-707,FALSE,FALSE,Major,133,00d00h02m13,0
LOG4J2-702,FALSE,FALSE,Critical,40003427,463d00h03m47,1
LOG4J2-703,FALSE,FALSE,Blocker,623973,07d05h19m33,1
LOG4J2-335,FALSE,FALSE,Major,3990,00d01h06m30,0
LOG4J2-336,TRUE,FALSE,Major,618457,07d03h47m37,0
LOG4J2-331,FALSE,FALSE,Major,90388,01d01h06m28,0
LOG4J2-709,FALSE,FALSE,Major,677,00d00h11m17,0
LOG4J2-2457,FALSE,FALSE,Major,1966139,22d18h08m59,0
LOG4J2-1372,FALSE,FALSE,Minor,13039,00d03h37m19,0
LOG4J2-631,FALSE,FALSE,Major,5724274,66d06h04m34,0
LOG4J2-634,TRUE,FALSE,Major,53721,00d14h55m21,0
LOG4J2-1474,TRUE,FALSE,Major,11636034,134d16h13m54,0
LOG4J2-637,TRUE,FALSE,Major,2674518,30d22h55m18,0
LOG4J2-1573,FALSE,FALSE,Minor,546546,06d07h49m06,0
LOG4J2-639,TRUE,FALSE,Major,168563,01d22h49m23,0
LOG4J2-1570,TRUE,FALSE,Minor,74380672,860d21h17m52,0
LOG4J2-430,FALSE,FALSE,Major,6947868,80d09h57m48,0
LOG4J2-149,TRUE,FALSE,Major,104776,01d05h06m16,0
LOG4J2-410,TRUE,FALSE,Major,13585366,157d05h42m46,0
LOG4J2-147,FALSE,FALSE,Major,456655,05d06h50m55,0
LOG4J2-144,FALSE,FALSE,Major,498,00d00h08m18,0
LOG4J2-145,FALSE,FALSE,Major,84,00d00h01m24,0
LOG4J2-1872,FALSE,FALSE,Major,14947,00d04h09m07,0
LOG4J2-143,TRUE,FALSE,Major,236,00d00h03m56,0
LOG4J2-140,FALSE,FALSE,Trivial,21497,00d05h58m17,0
LOG4J2-141,FALSE,FALSE,Minor,45841651,530d13h47m31,0
LOG4J2-793,TRUE,FALSE,Minor,389495,04d12h11m35,0
LOG4J2-1971,TRUE,FALSE,Major,483484,05d14h18m04,1
LOG4J2-380,TRUE,FALSE,Major,154561,01d18h56m01,0
LOG4J2-381,TRUE,FALSE,Major,70014398,810d08h26m38,0
LOG4J2-799,FALSE,FALSE,Critical,36188483,418d20h21m23,0
LOG4J2-798,FALSE,FALSE,Major,2628326,30d10h05m26,0
LOG4J2-385,TRUE,FALSE,Major,12880115,149d01h48m35,0
LOG4J2-2271,FALSE,FALSE,Major,16592,00d04h36m32,0
LOG4J2-2270,FALSE,FALSE,Minor,11349,00d03h09m09,0
LOG4J2-71,TRUE,FALSE,Major,755,00d00h12m35,0
LOG4J2-77,FALSE,FALSE,Major,290,00d00h04m50,0
LOG4J2-409,TRUE,FALSE,Major,10945012,126d16h16m52,0
LOG4J2-75,TRUE,FALSE,Major,1581,00d00h26m21,0
LOG4J2-2276,TRUE,FALSE,Major,18056,00d05h00m56,0
LOG4J2-2279,TRUE,FALSE,Major,2531,00d00h42m11,0
LOG4J2-78,FALSE,FALSE,Major,319,00d00h05m19,0
LOG4J2-2575,FALSE,FALSE,Critical,9613885,111d06h31m25,0
LOG4J2-2476,TRUE,FALSE,Major,774141,08d23h02m21,0
LOG4J2-1982,FALSE,FALSE,Major,29026,00d08h03m46,0
LOG4J2-2478,FALSE,FALSE,Minor,131904,01d12h38m24,0
LOG4J2-1987,FALSE,FALSE,Major,33953,00d09h25m53,0
LOG4J2-1985,FALSE,FALSE,Major,284,00d00h04m44,0
LOG4J2-99,FALSE,FALSE,Minor,279109,03d05h31m49,0
LOG4J2-404,FALSE,FALSE,Blocker,726654,08d09h50m54,0
LOG4J2-2355,FALSE,FALSE,Major,3247,00d00h54m07,0
LOG4J2-91,TRUE,FALSE,Major,20347,00d05h39m07,0
LOG4J2-92,TRUE,FALSE,Major,138391,01d14h26m31,0
LOG4J2-94,FALSE,FALSE,Major,320928,03d17h08m48,0
LOG4J2-245,TRUE,FALSE,Blocker,330180,03d19h43m00,0
LOG4J2-244,TRUE,FALSE,Major,447917,05d04h25m17,0
LOG4J2-247,FALSE,FALSE,Major,198,00d00h03m18,0
LOG4J2-246,TRUE,FALSE,Major,1714443,19d20h14m03,0
LOG4J2-1653,FALSE,TRUE,Critical,6294591,72d20h29m51,1
LOG4J2-1719,TRUE,FALSE,Major,3100,00d00h51m40,0
LOG4J2-1803,FALSE,FALSE,Major,248771,02d21h06m11,0
LOG4J2-1800,FALSE,FALSE,Major,306,00d00h05m06,0
LOG4J2-560,FALSE,FALSE,Major,88054,01d00h27m34,0
LOG4J2-1806,FALSE,FALSE,Major,263,00d00h04m23,0
LOG4J2-1658,FALSE,FALSE,Major,125326,01d10h48m46,0
LOG4J2-1804,TRUE,FALSE,Major,2101906,24d07h51m46,0
LOG4J2-2617,FALSE,FALSE,Major,8415497,97d09h38m17,0
LOG4J2-2613,FALSE,FALSE,Major,2180349,25d05h39m09,0
LOG4J2-2612,FALSE,FALSE,Major,696989,08d01h36m29,0
LOG4J2-2610,FALSE,FALSE,Major,1132915,13d02h41m55,0
LOG4J2-2618,FALSE,FALSE,Major,240,00d00h04m00,0
LOG4J2-56,TRUE,FALSE,Minor,42578,00d11h49m38,0
LOG4J2-2129,FALSE,FALSE,Major,3747720,43d09h02m00,0
LOG4J2-2126,FALSE,FALSE,Major,5093,00d01h24m53,0
LOG4J2-2120,FALSE,FALSE,Major,78841,00d21h54m01,0
LOG4J2-2123,TRUE,FALSE,Major,1683724,19d11h42m04,0
LOG4J2-50,TRUE,FALSE,Major,909603,10d12h40m03,1
LOG4J2-1258,FALSE,FALSE,Minor,3217,00d00h53m37,0
LOG4J2-1620,TRUE,FALSE,Major,45231,00d12h33m51,0
LOG4J2-1157,FALSE,FALSE,Major,1261988,14d14h33m08,0
LOG4J2-1159,TRUE,FALSE,Major,619193,07d03h59m53,0
LOG4J2-1158,TRUE,FALSE,Minor,231170,02d16h12m50,0
LOG4J2-1628,FALSE,FALSE,Major,7399842,85d15h30m42,0
LOG4J2-933,FALSE,FALSE,Major,210,00d00h03m30,0
LOG4J2-931,TRUE,FALSE,Major,11856,00d03h17m36,0
LOG4J2-1780,TRUE,FALSE,Major,685852,07d22h30m52,1
LOG4J2-2195,TRUE,TRUE,Minor,744805,08d14h53m25,0
LOG4J2-934,FALSE,FALSE,Major,12889836,149d04h30m36,0
LOG4J2-832,TRUE,FALSE,Blocker,96830,01d02h53m50,1
LOG4J2-2053,TRUE,FALSE,Minor,1259377,14d13h49m37,0
LOG4J2-938,TRUE,FALSE,Critical,3295591,38d03h26m31,0
LOG4J2-2055,FALSE,FALSE,Major,136,00d00h02m16,0
LOG4J2-834,FALSE,FALSE,Major,6457169,74d17h39m29,1
LOG4J2-289,FALSE,FALSE,Critical,508593,05d21h16m33,0
LOG4J2-1434,TRUE,FALSE,Major,242879,02d19h27m59,1
LOG4J2-346,FALSE,FALSE,Blocker,21752324,251d18h18m44,0
LOG4J2-1025,TRUE,FALSE,Major,1051129,12d03h58m49,0
LOG4J2-1026,FALSE,FALSE,Major,327,00d00h05m27,0
LOG4J2-1020,FALSE,FALSE,Major,129477,01d11h57m57,0
LOG4J2-1530,FALSE,FALSE,Major,1650715,19d02h31m55,0
LOG4J2-1538,TRUE,FALSE,Major,55324,00d15h22m04,0
LOG4J2-342,FALSE,FALSE,Major,224987,02d14h29m47,0
LOG4J2-344,FALSE,FALSE,Major,14584646,168d19h17m26,0
LOG4J2-345,FALSE,FALSE,Blocker,21829331,252d15h42m11,1
LOG4J2-694,FALSE,FALSE,Major,102769,01d04h32m49,0
LOG4J2-690,FALSE,FALSE,Major,22219,00d06h10m19,0
LOG4J2-2530,TRUE,FALSE,Major,300077,03d11h21m17,0
LOG4J2-492,TRUE,FALSE,Minor,1755982,20d07h46m22,1
LOG4J2-1320,TRUE,FALSE,Major,15583504,180d08h45m04,1
LOG4J2-1318,TRUE,FALSE,Major,962423,11d03h20m23,0
LOG4J2-1324,TRUE,FALSE,Major,390175,04d12h22m55,0
LOG4J2-663,FALSE,FALSE,Major,7094331,82d02h38m51,0
LOG4J2-1440,TRUE,FALSE,Major,1089996,12d14h46m36,1
LOG4J2-1445,FALSE,FALSE,Trivial,2262,00d00h37m42,0
LOG4J2-528,TRUE,FALSE,Major,117,00d00h01m57,0
LOG4J2-280,TRUE,FALSE,Major,3644816,42d04h26m56,1
LOG4J2-283,FALSE,FALSE,Major,869,00d00h14m29,0
LOG4J2-520,FALSE,FALSE,Major,8377563,96d23h06m03,0
LOG4J2-523,FALSE,FALSE,Major,134,00d00h02m14,0
LOG4J2-330,TRUE,FALSE,Major,27908089,323d00h14m49,1
LOG4J2-1928,TRUE,FALSE,Major,7269163,84d03h12m43,0
LOG4J2-442,TRUE,FALSE,Blocker,8018492,92d19h21m32,0
LOG4J2-889,TRUE,FALSE,Minor,21661810,250d17h10m10,0
LOG4J2-447,TRUE,FALSE,Major,1501048,17d08h57m28,0
LOG4J2-114,FALSE,FALSE,Major,21117,00d05h51m57,0
LOG4J2-445,TRUE,FALSE,Major,5014082,58d00h48m02,0
LOG4J2-116,FALSE,FALSE,Major,447538,05d04h18m58,0
LOG4J2-119,TRUE,FALSE,Critical,341211,03d22h46m51,0
LOG4J2-1238,FALSE,FALSE,Major,89922,01d00h58m42,0
LOG4J2-1849,FALSE,FALSE,Major,248665,02d21h04m25,0
LOG4J2-710,FALSE,FALSE,Major,557659,06d10h54m19,1
LOG4J2-2389,FALSE,FALSE,Major,52513,00d14h35m13,0
LOG4J2-2388,FALSE,FALSE,Critical,19357,00d05h22m37,0
LOG4J2-2221,FALSE,FALSE,Major,6955,00d01h55m55,0
LOG4J2-221,TRUE,FALSE,Major,113778,01d07h36m18,0
LOG4J2-2543,FALSE,FALSE,Major,371,00d00h06m11,0
LOG4J2-2542,TRUE,FALSE,Major,144,00d00h02m24,0
LOG4J2-2547,FALSE,FALSE,Trivial,11121150,128d17h12m30,0
LOG4J2-1799,TRUE,FALSE,Blocker,719577,08d07h52m57,0
LOG4J2-597,FALSE,FALSE,Major,228,00d00h03m48,0
LOG4J2-591,FALSE,FALSE,Critical,390279,04d12h24m39,0
LOG4J2-2002,FALSE,FALSE,Major,13451935,155d16h38m55,0
LOG4J2-278,FALSE,FALSE,Major,2048856,23d17h07m36,0
LOG4J2-2368,TRUE,FALSE,Major,394080,04d13h28m00,0
LOG4J2-279,TRUE,FALSE,Major,1981591,22d22h26m31,0
LOG4J2-2009,TRUE,FALSE,Major,46456708,537d16h38m28,1
LOG4J2-2366,TRUE,FALSE,Major,33720437,390d06h47m17,0
LOG4J2-2365,FALSE,FALSE,Major,2685570,31d01h59m30,0
LOG4J2-1583,TRUE,FALSE,Major,220333,02d13h12m13,0
LOG4J2-234,TRUE,FALSE,Major,155957,01d19h19m17,0
LOG4J2-235,FALSE,FALSE,Major,122147,01d09h55m47,0
LOG4J2-106,TRUE,FALSE,Major,222377,02d13h46m17,0
LOG4J2-1589,FALSE,FALSE,Minor,10544698,122d01h04m58,0
LOG4J2-1216,FALSE,FALSE,Major,58186763,673d10h59m23,1
LOG4J2-1743,TRUE,FALSE,Major,29594,00d08h13m14,0
LOG4J2-1744,TRUE,FALSE,Major,387,00d00h06m27,0
LOG4J2-1748,TRUE,FALSE,Major,2324430,26d21h40m30,1
LOG4J2-976,TRUE,FALSE,Minor,10241,00d02h50m41,0
LOG4J2-974,FALSE,FALSE,Trivial,54917,00d15h15m17,0
LOG4J2-972,FALSE,FALSE,Major,136,00d00h02m16,0
LOG4J2-971,FALSE,FALSE,Major,14909,00d04h08m29,0
LOG4J2-668,TRUE,FALSE,Minor,14209,00d03h56m49,0
LOG4J2-2091,TRUE,FALSE,Major,269895,03d02h58m15,0
LOG4J2-873,FALSE,FALSE,Major,32410168,375d02h49m28,0
LOG4J2-2318,TRUE,FALSE,Major,39210,00d10h53m30,0
LOG4J2-2316,FALSE,FALSE,Major,8606317,99d14h38m37,0
LOG4J2-2317,TRUE,FALSE,Major,141386,01d15h16m26,0
LOG4J2-2312,TRUE,FALSE,Major,7415914,85d19h58m34,0
LOG4J2-819,FALSE,FALSE,Critical,374132,04d07h55m32,0
LOG4J2-2283,FALSE,FALSE,Major,62665,00d17h24m25,0
LOG4J2-457,TRUE,FALSE,Major,6097598,70d13h46m38,0
LOG4J2-987,FALSE,FALSE,Major,82,00d00h01m22,0
LOG4J2-1061,FALSE,FALSE,Major,252,00d00h04m12,0
LOG4J2-1108,TRUE,FALSE,Blocker,456027,05d06h40m27,1
LOG4J2-1062,FALSE,FALSE,Major,535,00d00h08m55,0
LOG4J2-1067,FALSE,FALSE,Minor,12216,00d03h23m36,0
LOG4J2-1069,FALSE,FALSE,Minor,1751280,20d06h28m00,0
LOG4J2-1103,TRUE,FALSE,Major,117305197,1357d16h46m37,0
LOG4J2-1104,FALSE,FALSE,Major,2153,00d00h35m53,0
LOG4J2-1262,FALSE,FALSE,Major,3136096,36d07h08m16,0
LOG4J2-1261,TRUE,FALSE,Major,45512980,526d18h29m40,0
LOG4J2-1260,FALSE,FALSE,Major,17148,00d04h45m48,1
LOG4J2-903,FALSE,FALSE,Major,607675,07d00h47m55,0
LOG4J2-2163,TRUE,FALSE,Major,281948,03d06h19m08,0
LOG4J2-1268,FALSE,FALSE,Major,138722,01d14h32m02,0
LOG4J2-904,FALSE,FALSE,Major,50983879,590d02h11m19,0
LOG4J2-300,FALSE,FALSE,Major,94284,01d02h11m24,0
LOG4J2-302,FALSE,FALSE,Major,6692,00d01h51m32,0
LOG4J2-651,TRUE,FALSE,Major,249442,02d21h17m22,0
LOG4J2-304,FALSE,FALSE,Major,1012,00d00h16m52,0
LOG4J2-657,FALSE,FALSE,Major,4057126,46d22h58m46,0
LOG4J2-306,FALSE,FALSE,Major,958,00d00h15m58,0
LOG4J2-309,FALSE,FALSE,Major,2518644,29d03h37m24,0
LOG4J2-1084,FALSE,FALSE,Minor,26367,00d07h19m27,0
LOG4J2-470,TRUE,FALSE,Minor,1933134,22d08h58m54,0
LOG4J2-1368,FALSE,FALSE,Major,55234,00d15h20m34,0
LOG4J2-1369,FALSE,FALSE,Major,22489,00d06h14m49,0
LOG4J2-1363,FALSE,FALSE,Major,626984,07d06h09m44,0
LOG4J2-1407,FALSE,FALSE,Major,9295055,107d13h57m35,1
LOG4J2-1406,FALSE,FALSE,Critical,74546,00d20h42m26,0
LOG4J2-1405,TRUE,FALSE,Major,298964,03d11h02m44,0
LOG4J2-1402,FALSE,FALSE,Major,41781,00d11h36m21,0
LOG4J2-620,TRUE,FALSE,Major,1770209,20d11h43m29,0
LOG4J2-1562,FALSE,FALSE,Major,451,00d00h07m31,0
LOG4J2-1563,FALSE,FALSE,Major,209593,02d10h13m13,0
LOG4J2-1409,TRUE,FALSE,Critical,9272368,107d07h39m28,1
LOG4J2-1408,FALSE,FALSE,Major,193,00d00h03m13,0
LOG4J2-2597,TRUE,FALSE,Major,577039,06d16h17m19,0
LOG4J2-158,FALSE,FALSE,Critical,1863982,21d13h46m22,0
LOG4J2-2592,FALSE,FALSE,Critical,4160,00d01h09m20,0
LOG4J2-407,TRUE,FALSE,Major,12170684,140d20h44m44,0
LOG4J2-406,TRUE,FALSE,Major,9986150,115d13h55m50,0
LOG4J2-1888,FALSE,FALSE,Major,9780825,113d04h53m45,0
LOG4J2-150,TRUE,FALSE,Major,202953,02d08h22m33,0
LOG4J2-1964,TRUE,FALSE,Major,260470,03d00h21m10,0
LOG4J2-1961,TRUE,FALSE,Major,522445,06d01h07m25,0
LOG4J2-398,TRUE,FALSE,Major,10666633,123d10h57m13,0
LOG4J2-397,FALSE,FALSE,Trivial,131180,01d12h26m20,0
LOG4J2-395,TRUE,FALSE,Major,507626,05d21h00m26,0
LOG4J2-393,TRUE,FALSE,Major,515976,05d23h19m36,1
LOG4J2-392,TRUE,TRUE,Major,24410330,282d12h38m50,1
LOG4J2-391,FALSE,FALSE,Blocker,32014822,370d13h00m22,1
LOG4J2-2266,FALSE,FALSE,Major,29688351,343d14h45m51,0
LOG4J2-443,TRUE,FALSE,Major,5099729,59d00h35m29,0
LOG4J2-66,FALSE,FALSE,Minor,876459,10d03h27m39,0
LOG4J2-2508,FALSE,FALSE,Major,2129,00d00h35m29,0
LOG4J2-113,TRUE,FALSE,Major,35311,00d09h48m31,0
LOG4J2-2269,TRUE,FALSE,Major,5100286,59d00h44m46,0
LOG4J2-719,FALSE,FALSE,Major,13194,00d03h39m54,0
LOG4J2-493,TRUE,TRUE,Major,56296871,651d14h01m11,0
LOG4J2-2466,TRUE,FALSE,Major,553570,06d09h46m10,0
LOG4J2-1313,TRUE,FALSE,Major,16165403,187d02h23m23,1
LOG4J2-115,TRUE,FALSE,Major,898,00d00h14m58,0
LOG4J2-1311,TRUE,FALSE,Major,43799971,506d22h39m31,0
LOG4J2-1310,FALSE,FALSE,Major,440,00d00h07m20,0
LOG4J2-2327,FALSE,FALSE,Major,26522603,306d23h23m23,1
LOG4J2-2289,FALSE,FALSE,Major,936645,10d20h10m45,1
LOG4J2-88,TRUE,FALSE,Major,629505,07d06h51m45,0
LOG4J2-2322,TRUE,FALSE,Major,185309,02d03h28m29,0
LOG4J2-2321,TRUE,FALSE,Major,85134,00d23h38m54,0
LOG4J2-2320,TRUE,FALSE,Major,3804,00d01h03m24,0
LOG4J2-82,TRUE,FALSE,Major,1129,00d00h18m49,0
LOG4J2-80,FALSE,FALSE,Critical,11661,00d03h14m21,0
LOG4J2-273,FALSE,FALSE,Minor,79957,00d22h12m37,0
LOG4J2-274,FALSE,FALSE,Minor,78058,00d21h40m58,0
LOG4J2-275,FALSE,FALSE,Major,99061,01d03h31m01,0
LOG4J2-107,FALSE,FALSE,Major,37694,00d10h28m14,0
LOG4J2-277,FALSE,FALSE,Minor,288531,03d08h08m51,0
LOG4J2-1818,FALSE,FALSE,Major,324,00d00h05m24,0
LOG4J2-1920,FALSE,FALSE,Blocker,21601,00d06h00m01,1
LOG4J2-478,FALSE,FALSE,Major,18767,00d05h12m47,0
LOG4J2-570,TRUE,FALSE,Blocker,4062912,47d00h35m12,1
LOG4J2-576,TRUE,FALSE,Major,10928,00d03h02m08,0
LOG4J2-1810,FALSE,FALSE,Minor,2084438,24d03h00m38,1
LOG4J2-579,FALSE,FALSE,Major,71801,00d19h56m41,1
LOG4J2-471,TRUE,FALSE,Major,1242397,14d09h06m37,0
LOG4J2-475,TRUE,FALSE,Major,4122110,47d17h01m50,0
LOG4J2-1876,FALSE,FALSE,Major,13348,00d03h42m28,0
LOG4J2-2606,TRUE,FALSE,Major,2704989,31d07h23m09,0
LOG4J2-2210,FALSE,FALSE,Major,233,00d00h03m53,0
LOG4J2-2602,TRUE,FALSE,Major,440625,05d02h23m45,0
LOG4J2-2219,TRUE,FALSE,Major,268,00d00h04m28,0
LOG4J2-2134,TRUE,FALSE,Blocker,28107109,325d07h31m49,0
LOG4J2-2032,TRUE,FALSE,Major,18520745,214d08h39m05,0
LOG4J2-2031,TRUE,FALSE,Major,1307695,15d03h14m55,0
LOG4J2-1740,TRUE,FALSE,Major,62462,00d17h21m02,0
LOG4J2-1144,TRUE,FALSE,Major,1920,00d00h32m00,0
LOG4J2-1636,TRUE,TRUE,Major,11983038,138d16h37m18,0
LOG4J2-1637,TRUE,FALSE,Major,2348041,27d04h14m01,0
LOG4J2-1227,TRUE,FALSE,Major,6316886,73d02h41m26,1
LOG4J2-1639,FALSE,FALSE,Minor,30511,00d08h28m31,0
LOG4J2-1222,TRUE,TRUE,Major,4959391,57d09h36m31,1
LOG4J2-1221,FALSE,FALSE,Critical,1027843,11d21h30m43,0
LOG4J2-1149,TRUE,FALSE,Major,14802,00d04h06m42,0
LOG4J2-829,TRUE,FALSE,Major,356801,04d03h06m41,0
LOG4J2-947,TRUE,FALSE,Minor,2629048,30d10h17m28,0
LOG4J2-944,FALSE,FALSE,Major,334666,03d20h57m46,0
LOG4J2-2049,FALSE,FALSE,Major,131,00d00h02m11,0
LOG4J2-948,FALSE,FALSE,Major,22899910,265d01h05m10,0
LOG4J2-1885,FALSE,FALSE,Major,518895,06d00h08m15,0
LOG4J2-1038,FALSE,FALSE,Major,21234,00d05h53m54,0
LOG4J2-1032,TRUE,FALSE,Major,51720399,598d14h46m39,0
LOG4J2-1033,FALSE,FALSE,Major,286,00d00h04m46,0
LOG4J2-1030,TRUE,FALSE,Major,3624084,41d22h41m24,0
LOG4J2-1037,TRUE,FALSE,Minor,42610,00d11h50m10,0
LOG4J2-1035,FALSE,FALSE,Major,1124132,13d00h15m32,0
LOG4J2-1132,TRUE,FALSE,Major,316,00d00h05m16,0
LOG4J2-1527,FALSE,FALSE,Major,195995,02d06h26m35,0
LOG4J2-1688,TRUE,FALSE,Major,767803,08d21h16m43,0
LOG4J2-1135,TRUE,FALSE,Major,176145,02d00h55m45,0
LOG4J2-1687,TRUE,FALSE,Major,2281622,26d09h47m02,0
LOG4J2-1138,FALSE,FALSE,Major,197,00d00h03m17,0
LOG4J2-1529,TRUE,FALSE,Major,178162,02d01h29m22,0
LOG4J2-1682,TRUE,FALSE,Major,1800596,20d20h09m56,0
LOG4J2-722,FALSE,FALSE,Major,1738692,20d02h58m12,0
LOG4J2-723,FALSE,FALSE,Major,1736903,20d02h28m23,0
LOG4J2-359,TRUE,FALSE,Major,14192387,164d06h19m47,1
LOG4J2-358,TRUE,FALSE,Critical,36584,00d10h09m44,0
LOG4J2-726,FALSE,FALSE,Major,1759190,20d08h39m50,0
LOG4J2-353,FALSE,FALSE,Major,188591,02d04h23m11,0
LOG4J2-351,FALSE,FALSE,Major,93090926,1077d10h35m26,1
LOG4J2-729,FALSE,FALSE,Minor,1340242,15d12h17m22,0
LOG4J2-684,TRUE,FALSE,Major,31892273,369d02h57m53,0
LOG4J2-686,FALSE,FALSE,Major,88,00d00h01m28,0
LOG4J2-683,FALSE,FALSE,Major,639042,07d09h30m42,0
LOG4J2-76,TRUE,FALSE,Major,261,00d00h04m21,0
LOG4J2-74,FALSE,FALSE,Major,85480,00d23h44m40,0
LOG4J2-2422,FALSE,FALSE,Major,51927,00d14h25m27,0
LOG4J2-1354,FALSE,FALSE,Minor,35876,00d09h57m56,0
LOG4J2-750,FALSE,FALSE,Minor,10759,00d02h59m19,0
LOG4J2-1452,TRUE,FALSE,Major,6965975,80d14h59m35,1
LOG4J2-1457,TRUE,FALSE,Critical,5531895,64d00h38m15,0
LOG4J2-539,TRUE,FALSE,Major,10568335,122d07h38m55,0
LOG4J2-538,FALSE,FALSE,Major,11988609,138d18h10m09,0
LOG4J2-535,TRUE,FALSE,Major,10065472,116d11h57m52,0
LOG4J2-532,FALSE,FALSE,Major,267,00d00h04m27,0
LOG4J2-531,TRUE,FALSE,Major,177636,02d01h20m36,0
LOG4J2-125,TRUE,FALSE,Trivial,36559,00d10h09m19,0
LOG4J2-126,TRUE,FALSE,Major,855053,09d21h30m53,0
LOG4J2-127,FALSE,FALSE,Major,568703,06d13h58m23,1
LOG4J2-120,TRUE,FALSE,Major,340184,03d22h29m44,0
LOG4J2-1852,FALSE,FALSE,Minor,71198250,824d01h17m30,0
LOG4J2-123,FALSE,FALSE,Major,193164,02d05h39m24,0
LOG4J2-1914,TRUE,FALSE,Major,10352839,119d19h47m19,0
LOG4J2-1858,TRUE,FALSE,Major,1462094,16d22h08m14,0
LOG4J2-129,TRUE,FALSE,Major,185221,02d03h27m01,0
LOG4J2-438,TRUE,FALSE,Minor,8943039,103d12h10m39,0
LOG4J2-1912,FALSE,FALSE,Major,4223411,48d21h10m11,0
LOG4J2-2397,FALSE,FALSE,Major,5277,00d01h27m57,0
LOG4J2-2390,FALSE,FALSE,Major,506,00d00h08m26,0
LOG4J2-2255,FALSE,FALSE,Major,2726,00d00h45m26,1
LOG4J2-2254,FALSE,FALSE,Major,186848,02d03h54m08,0
LOG4J2-51,TRUE,FALSE,Blocker,710666,08d05h24m26,0
LOG4J2-2252,TRUE,FALSE,Major,894961,10d08h36m01,0
LOG4J2-2499,FALSE,FALSE,Major,579,00d00h09m39,0
LOG4J2-2556,TRUE,FALSE,Major,13099446,151d14h44m06,0
LOG4J2-2559,FALSE,FALSE,Major,44668,00d12h24m28,0
LOG4J2-2497,FALSE,FALSE,Major,372,00d00h06m12,0
LOG4J2-2074,TRUE,FALSE,Major,331,00d00h05m31,0
LOG4J2-2073,FALSE,FALSE,Major,78805,00d21h53m25,0
LOG4J2-2070,FALSE,FALSE,Major,8717,00d02h25m17,0
LOG4J2-322,TRUE,FALSE,Critical,3030682,35d01h51m22,0
LOG4J2-2373,FALSE,FALSE,Major,18940,00d05h15m40,0
LOG4J2-2377,FALSE,FALSE,Blocker,8469,00d02h21m09,0
LOG4J2-223,TRUE,FALSE,Critical,2725673,31d13h07m53,1
LOG4J2-222,TRUE,FALSE,Major,181359,02d02h22m39,0
LOG4J2-548,FALSE,FALSE,Major,131006875,1516d06h47m55,2
LOG4J2-226,FALSE,FALSE,Minor,11861471,137d06h51m11,0
LOG4J2-224,FALSE,FALSE,Major,1198,00d00h19m58,0
LOG4J2-542,TRUE,FALSE,Critical,6086410,70d10h40m10,0
LOG4J2-1676,TRUE,FALSE,Major,858918,09d22h35m18,1
LOG4J2-228,TRUE,FALSE,Major,2571413,29d18h16m53,0
LOG4J2-980,TRUE,FALSE,Trivial,32022,00d08h53m42,0
LOG4J2-981,FALSE,FALSE,Trivial,33941,00d09h25m41,1
LOG4J2-1140,FALSE,TRUE,Major,459062,05d07h31m02,0
LOG4J2-988,FALSE,FALSE,Major,45176,00d12h32m56,0
LOG4J2-1779,FALSE,FALSE,Major,168,00d00h02m48,0
LOG4J2-2087,TRUE,FALSE,Major,3305227,38d06h07m07,1
LOG4J2-2085,FALSE,FALSE,Trivial,7618,00d02h06m58,0
LOG4J2-861,FALSE,FALSE,Major,57098,00d15h51m38,0
LOG4J2-1226,FALSE,TRUE,Major,27665184,320d04h46m24,0
LOG4J2-2673,TRUE,FALSE,Trivial,302516,03d12h01m56,1
LOG4J2-2672,FALSE,FALSE,Major,358614,04d03h36m54,0
LOG4J2-2108,FALSE,FALSE,Major,848908,09d19h48m28,0
LOG4J2-199,FALSE,FALSE,Major,1229852,14d05h37m32,1
LOG4J2-1099,TRUE,FALSE,Critical,4513956,52d05h52m36,0
LOG4J2-2102,TRUE,FALSE,Major,442791,05d02h59m51,0
LOG4J2-2101,TRUE,FALSE,Major,445199,05d03h39m59,0
LOG4J2-2100,FALSE,TRUE,Major,1055,00d00h17m35,0
LOG4J2-2107,TRUE,FALSE,Major,259324,03d00h02m04,0
LOG4J2-2104,FALSE,FALSE,Minor,10790398,124d21h19m58,0
LOG4J2-1488,FALSE,FALSE,Minor,4387003,50d18h36m43,1
LOG4J2-1487,FALSE,FALSE,Minor,13532071,156d14h54m31,0
LOG4J2-1482,TRUE,FALSE,Major,664842,07d16h40m42,0
LOG4J2-1077,FALSE,FALSE,Major,70800,00d19h40m00,0
LOG4J2-1178,TRUE,FALSE,Major,601743,06d23h09m03,0
LOG4J2-1176,TRUE,FALSE,Major,1251877,14d11h44m37,0
LOG4J2-1173,FALSE,FALSE,Critical,3148338,36d10h32m18,0
LOG4J2-1172,TRUE,FALSE,Major,1623066,18d18h51m06,0
LOG4J2-1078,TRUE,FALSE,Major,3561,00d00h59m21,0
LOG4J2-919,FALSE,FALSE,Minor,94751,01d02h19m11,0
LOG4J2-918,FALSE,FALSE,Minor,17853684,206d15h21m24,0
LOG4J2-1279,FALSE,FALSE,Minor,14141639,163d16h13m59,0
LOG4J2-912,FALSE,FALSE,Major,900,00d00h15m00,0
LOG4J2-914,FALSE,FALSE,Minor,4226,00d01h10m26,0
LOG4J2-640,FALSE,FALSE,Major,1834911,21d05h41m51,0
LOG4J2-311,FALSE,FALSE,Major,42207,00d11h43m27,0
LOG4J2-310,TRUE,FALSE,Major,3684211,42d15h23m31,0
LOG4J2-319,TRUE,FALSE,Major,4420025,51d03h47m05,1
LOG4J2-318,TRUE,FALSE,Major,50854,00d14h07m34,0
LOG4J2-1215,FALSE,FALSE,Minor,21227,00d05h53m47,0
LOG4J2-1853,FALSE,FALSE,Major,832015,09d15h06m55,0
LOG4J2-156,FALSE,FALSE,Blocker,1481,00d00h24m41,0
LOG4J2-1394,FALSE,FALSE,Minor,935270,10d19h47m50,0
LOG4J2-1414,FALSE,FALSE,Minor,1130630,13d02h03m50,0
LOG4J2-1417,TRUE,FALSE,Major,8921932,103d06h18m52,1
LOG4J2-1559,FALSE,FALSE,Major,91933,01d01h32m13,0
LOG4J2-233,FALSE,FALSE,Major,39987,00d11h06m27,0
LOG4J2-1009,FALSE,FALSE,Major,43199,00d11h59m59,0
LOG4J2-1008,TRUE,FALSE,Major,88,00d00h01m28,0
LOG4J2-161,FALSE,FALSE,Major,2244891,25d23h34m51,0
LOG4J2-165,TRUE,FALSE,Major,13503560,156d06h59m20,0
LOG4J2-166,TRUE,FALSE,Major,13435014,155d11h56m54,0
LOG4J2-167,TRUE,FALSE,Major,1422688,16d11h11m28,0
LOG4J2-168,TRUE,FALSE,Minor,9437520,109d05h32m00,0
LOG4J2-1950,FALSE,FALSE,Trivial,346979,04d00h22m59,0
LOG4J2-1953,FALSE,FALSE,Major,200,00d00h03m20,0
LOG4J2-1954,TRUE,FALSE,Major,447611,05d04h20m11,0
LOG4J2-362,FALSE,FALSE,Major,1289088,14d22h04m48,0
LOG4J2-367,FALSE,FALSE,Major,2166,00d00h36m06,0
LOG4J2-368,FALSE,FALSE,Major,231915,02d16h25m15,0
LOG4J2-2680,FALSE,FALSE,Critical,9977,00d02h46m17,0
LOG4J2-2514,FALSE,FALSE,Major,1080,00d00h18m00,0
LOG4J2-713,TRUE,FALSE,Blocker,228,00d00h03m48,0
LOG4J2-1712,TRUE,FALSE,Major,10254,00d02h50m54,0
LOG4J2-1309,FALSE,FALSE,Major,411,00d00h06m51,0
LOG4J2-485,TRUE,FALSE,Major,7705,00d02h08m25,0
LOG4J2-2453,FALSE,FALSE,Major,5240465,60d15h41m05,0
LOG4J2-769,TRUE,FALSE,Major,390726,04d12h32m06,1
LOG4J2-1300,TRUE,FALSE,Major,131235,01d12h27m15,0
LOG4J2-1710,FALSE,FALSE,Major,13168,00d03h39m28,0
LOG4J2-763,TRUE,FALSE,Major,658750,07d14h59m10,1
LOG4J2-760,FALSE,FALSE,Major,679879,07d20h51m19,0
LOG4J2-2336,FALSE,FALSE,Trivial,375,00d00h06m15,0
LOG4J2-2331,FALSE,FALSE,Minor,3438,00d00h57m18,0
LOG4J2-269,FALSE,FALSE,Major,108513,01d06h08m33,0
LOG4J2-2333,TRUE,FALSE,Major,76357,00d21h12m37,0
LOG4J2-267,TRUE,FALSE,Major,2824372,32d16h32m52,0
LOG4J2-264,FALSE,FALSE,Major,117484,01d08h38m04,0
LOG4J2-263,TRUE,FALSE,Major,1188569,13d18h09m29,0
LOG4J2-261,FALSE,FALSE,Minor,309070,03d13h51m10,0
LOG4J2-260,FALSE,FALSE,Major,706,00d00h11m46,0
LOG4J2-469,FALSE,FALSE,Major,12514145,144d20h09m05,0
LOG4J2-2640,FALSE,FALSE,Major,1209557,13d23h59m17,0
LOG4J2-1735,FALSE,FALSE,Major,90,00d00h01m30,0
LOG4J2-1734,TRUE,FALSE,Major,3241,00d00h54m01,0
LOG4J2-500,TRUE,FALSE,Major,2184355,25d06h45m55,0
LOG4J2-1736,TRUE,FALSE,Major,181,00d00h03m01,0
LOG4J2-463,FALSE,FALSE,Major,2378033,27d12h33m53,0
LOG4J2-1820,FALSE,FALSE,Major,1033022,11d22h57m02,0
LOG4J2-467,TRUE,FALSE,Major,2118270,24d12h24m30,1
LOG4J2-466,TRUE,FALSE,Trivial,2068692,23d22h38m12,0
LOG4J2-103,TRUE,FALSE,Major,307636,03d13h27m16,0
LOG4J2-2631,TRUE,FALSE,Major,259370,03d00h02m50,0
LOG4J2-2201,TRUE,FALSE,Major,17239106,199d12h38m26,0
LOG4J2-2202,TRUE,FALSE,Major,279100,03d05h31m40,0
LOG4J2-101,FALSE,FALSE,Major,19429,00d05h23m49,0
LOG4J2-511,TRUE,FALSE,Major,1116621,12d22h10m21,0
LOG4J2-122,TRUE,FALSE,Major,446996,05d04h09m56,0
LOG4J2-459,TRUE,FALSE,Minor,2716708,31d10h38m28,1
LOG4J2-2028,FALSE,FALSE,Minor,230193,02d15h56m33,0
LOG4J2-2029,FALSE,FALSE,Major,155,00d00h02m35,0
LOG4J2-2026,FALSE,FALSE,Minor,98795,01d03h26m35,1
LOG4J2-219,TRUE,FALSE,Major,882307,10d05h05m07,0
LOG4J2-212,FALSE,FALSE,Major,145862,01d16h31m02,0
LOG4J2-213,FALSE,FALSE,Major,162,00d00h02m42,0
LOG4J2-210,FALSE,FALSE,Major,361,00d00h06m01,0
LOG4J2-211,FALSE,FALSE,Minor,212298,02d10h58m18,0
LOG4J2-1003,TRUE,FALSE,Major,139228,01d14h40m28,0
LOG4J2-188,FALSE,FALSE,Minor,110842,01d06h47m22,0
LOG4J2-189,FALSE,FALSE,Major,110033,01d06h33m53,0
LOG4J2-1601,FALSE,FALSE,Major,21097,00d05h51m37,1
LOG4J2-1600,FALSE,FALSE,Major,21872,00d06h04m32,1
LOG4J2-1602,FALSE,FALSE,Major,10371,00d02h52m51,1
LOG4J2-1235,TRUE,FALSE,Critical,21066741,243d19h52m21,0
LOG4J2-181,TRUE,FALSE,Major,94341,01d02h12m21,0
LOG4J2-1230,FALSE,FALSE,Major,1192798,13d19h19m58,0
LOG4J2-1608,TRUE,FALSE,Major,72196,00d20h03m16,1
LOG4J2-669,TRUE,FALSE,Major,9074,00d02h31m14,0
LOG4J2-193,TRUE,FALSE,Major,434558,05d00h42m38,0
LOG4J2-957,FALSE,FALSE,Critical,32537,00d09h02m17,0
LOG4J2-956,FALSE,FALSE,Minor,81020,00d22h30m20,1
LOG4J2-950,FALSE,FALSE,Minor,1321453,15d07h04m13,0
LOG4J2-952,TRUE,FALSE,Major,18018127,208d13h02m07,0
LOG4J2-1007,FALSE,FALSE,Major,110,00d00h01m50,0
LOG4J2-453,TRUE,FALSE,Major,550,00d00h09m10,0
LOG4J2-959,FALSE,FALSE,Major,9089191,105d04h46m31,0
LOG4J2-811,TRUE,FALSE,Major,39947,00d11h05m47,1
LOG4J2-812,TRUE,TRUE,Major,30462393,352d13h46m33,0
LOG4J2-813,FALSE,FALSE,Minor,1316563,15d05h42m43,0
LOG4J2-1195,TRUE,FALSE,Major,1082236,12d12h37m16,0
LOG4J2-1194,FALSE,FALSE,Major,330665,03d19h51m05,0
LOG4J2-1196,FALSE,FALSE,Critical,541009,06d06h16m49,0
LOG4J2-1518,FALSE,TRUE,Major,1868451,21d15h00m51,0
LOG4J2-1049,FALSE,FALSE,Major,8836,00d02h27m16,0
LOG4J2-1048,FALSE,FALSE,Major,62234,00d17h17m14,0
LOG4J2-1511,FALSE,FALSE,Major,3247318,37d14h01m58,1
LOG4J2-1046,FALSE,FALSE,Major,3676,00d01h01m16,0
LOG4J2-1045,FALSE,FALSE,Major,699689,08d02h21m29,0
LOG4J2-893,FALSE,FALSE,Major,8957393,103d16h09m53,0
LOG4J2-1042,FALSE,FALSE,Minor,18208,00d05h03m28,0
LOG4J2-1289,TRUE,FALSE,Major,839214,09d17h06m54,1
LOG4J2-1123,TRUE,FALSE,Major,43785,00d12h09m45,0
LOG4J2-1280,TRUE,FALSE,Major,86851,01d00h07m31,1
LOG4J2-731,FALSE,FALSE,Major,19088,00d05h18m08,0
LOG4J2-479,TRUE,FALSE,Major,1356319,15d16h45m19,0
LOG4J2-735,FALSE,FALSE,Major,67796,00d18h49m56,0
LOG4J2-736,FALSE,FALSE,Major,67478,00d18h44m38,0
LOG4J2-738,FALSE,FALSE,Major,73220,00d20h20m20,0
LOG4J2-1999,TRUE,FALSE,Minor,1621430,18d18h23m50,0
LOG4J2-323,TRUE,TRUE,Major,70589658,817d00h14m18,1
LOG4J2-320,TRUE,FALSE,Trivial,1386157,16d01h02m37,0
LOG4J2-2418,FALSE,FALSE,Major,11828,00d03h17m08,0
LOG4J2-563,FALSE,FALSE,Major,8410977,97d08h22m57,0
LOG4J2-1346,FALSE,FALSE,Minor,1194,00d00h19m54,1
LOG4J2-1342,TRUE,TRUE,Major,1896957,21d22h55m57,0
LOG4J2-169,FALSE,FALSE,Critical,942795,10d21h53m15,0
LOG4J2-605,TRUE,FALSE,Critical,3050,00d00h50m50,0
LOG4J2-1467,FALSE,FALSE,Major,695789,08d01h16m29,0
LOG4J2-139,TRUE,FALSE,Major,13416464,155d06h47m44,1
LOG4J2-920,TRUE,FALSE,Major,36652949,424d05h22m29,0
LOG4J2-196,FALSE,FALSE,Major,886873,10d06h21m13,0
LOG4J2-133,TRUE,FALSE,Major,353758,04d02h15m58,0
LOG4J2-132,FALSE,FALSE,Major,17981,00d04h59m41,0
LOG4J2-130,TRUE,FALSE,Major,1580917,18d07h08m37,0
LOG4J2-135,FALSE,FALSE,Major,23781,00d06h36m21,0
LOG4J2-134,FALSE,FALSE,Major,96,00d00h01m36,0
LOG4J2-425,FALSE,FALSE,Major,80748,00d22h25m48,1
LOG4J2-1901,FALSE,FALSE,Major,74907995,866d23h46m35,0
LOG4J2-1906,TRUE,FALSE,Major,54747507,633d15h38m27,1
LOG4J2-423,TRUE,FALSE,Major,274614,03d04h16m54,0
LOG4J2-782,FALSE,FALSE,Major,1894226,21d22h10m26,0
LOG4J2-783,TRUE,FALSE,Major,14632,00d04h03m52,0
LOG4J2-742,TRUE,FALSE,Major,78944,00d21h55m44,0
LOG4J2-81,TRUE,FALSE,Minor,126895,01d11h14m55,0
LOG4J2-2243,TRUE,FALSE,Major,517,00d00h08m37,0
LOG4J2-2244,FALSE,FALSE,Major,8687,00d02h24m47,0
LOG4J2-2566,FALSE,FALSE,Major,8123573,94d00h32m53,0
LOG4J2-2561,FALSE,FALSE,Major,6217797,71d23h09m57,0
LOG4J2-1068,TRUE,FALSE,Major,45267,00d12h34m27,0
LOG4J2-2485,TRUE,FALSE,Major,5308863,61d10h41m03,0
LOG4J2-2482,TRUE,FALSE,Major,84366,00d23h26m06,0
LOG4J2-2481,FALSE,FALSE,Major,1054,00d00h17m34,0
LOG4J2-2060,TRUE,FALSE,Major,2134922,24d17h02m02,0
LOG4J2-2348,FALSE,FALSE,Major,5214531,60d08h28m51,0
LOG4J2-2341,TRUE,FALSE,Major,3583910,41d11h31m50,0
LOG4J2-1640,TRUE,FALSE,Major,7874590,91d03h23m10,0
LOG4J2-254,TRUE,FALSE,Blocker,1008459,11d16h07m39,1
LOG4J2-1642,TRUE,FALSE,Major,4287468,49d14h57m48,0
LOG4J2-2001,TRUE,FALSE,Minor,1607591,18d14h33m11,0
LOG4J2-1649,TRUE,FALSE,Critical,6628727,76d17h18m47,1
LOG4J2-555,TRUE,FALSE,Major,1809424,20d22h37m04,0
LOG4J2-554,TRUE,FALSE,Minor,8814765,102d00h32m45,0
LOG4J2-258,FALSE,FALSE,Major,529,00d00h08m49,0
LOG4J2-259,TRUE,FALSE,Major,113,00d00h01m53,0
LOG4J2-991,TRUE,FALSE,Major,303513,03d12h18m33,0
LOG4J2-993,TRUE,FALSE,Major,449493,05d04h51m33,0
LOG4J2-997,TRUE,FALSE,Major,35681526,412d23h32m06,0
LOG4J2-2564,FALSE,FALSE,Blocker,5378606,62d06h03m26,0
LOG4J2-999,FALSE,FALSE,Critical,15839414,183d07h50m14,0
LOG4J2-908,TRUE,FALSE,Major,34248551,396d09h29m11,0
LOG4J2-255,TRUE,FALSE,Blocker,37375,00d10h22m55,0
LOG4J2-1153,TRUE,FALSE,Major,1773,00d00h29m33,0
LOG4J2-1269,FALSE,FALSE,Major,45381,00d12h36m21,0
LOG4J2-901,FALSE,FALSE,Major,976550,11d07h15m50,0
LOG4J2-1166,TRUE,TRUE,Critical,384,00d00h06m24,0
LOG4J2-1160,FALSE,FALSE,Major,12632645,146d05h04m05,0
LOG4J2-2182,FALSE,FALSE,Major,1101167,12d17h52m47,0
LOG4J2-1246,TRUE,FALSE,Major,91875444,1063d08h57m24,0
LOG4J2-1243,FALSE,FALSE,Major,32632379,377d16h32m59,0
LOG4J2-1253,FALSE,FALSE,Major,870,00d00h14m30,0
LOG4J2-924,FALSE,FALSE,Minor,51201,00d14h13m21,0
LOG4J2-146,FALSE,FALSE,Minor,1819924,21d01h32m04,0
LOG4J2-1249,FALSE,FALSE,Major,104,00d00h01m44,0
LOG4J2-1248,TRUE,FALSE,Major,73719528,853d05h38m48,1
LOG4J2-922,FALSE,FALSE,Major,84785744,981d07h35m44,1
LOG4J2-675,TRUE,FALSE,Major,3964,00d01h06m04,0
LOG4J2-676,FALSE,FALSE,Major,36068,00d10h01m08,0
LOG4J2-1251,TRUE,FALSE,Major,44521,00d12h22m01,0
LOG4J2-670,TRUE,FALSE,Major,3498299,40d11h44m59,0
LOG4J2-1850,TRUE,FALSE,Minor,6028,00d01h40m28,0
LOG4J2-678,FALSE,FALSE,Minor,7739808,89d13h56m48,0
LOG4J2-679,FALSE,FALSE,Critical,4150106,48d00h48m26,0
LOG4J2-1929,TRUE,FALSE,Major,2769,00d00h46m09,0
LOG4J2-1380,FALSE,FALSE,Major,826,00d00h13m46,0
LOG4J2-1382,TRUE,FALSE,Major,18130,00d05h02m10,0
LOG4J2-1422,FALSE,FALSE,Major,1745,00d00h29m05,0
LOG4J2-1786,FALSE,FALSE,Major,404,00d00h06m44,0
LOG4J2-1542,FALSE,FALSE,Critical,1139109,13d04h25m09,0
LOG4J2-1541,FALSE,FALSE,Major,57283,00d15h54m43,0
LOG4J2-1019,FALSE,FALSE,Major,1385,00d00h23m05,1
LOG4J2-1548,TRUE,FALSE,Blocker,17303,00d04h48m23,0
LOG4J2-177,TRUE,FALSE,Major,790812,09d03h40m12,0
LOG4J2-968,FALSE,FALSE,Major,114482,01d07h48m02,1
LOG4J2-175,TRUE,FALSE,Major,914,00d00h15m14,0
LOG4J2-1948,TRUE,FALSE,Major,1313,00d00h21m53,0
LOG4J2-198,FALSE,FALSE,Major,884537,10d05h42m17,0
LOG4J2-1946,FALSE,FALSE,Major,66786969,772d23h56m09,0
LOG4J2-1943,FALSE,FALSE,Major,4832,00d01h20m32,0
LOG4J2-178,TRUE,FALSE,Major,83732,00d23h15m32,0
LOG4J2-373,TRUE,FALSE,Critical,28234642,326d18h57m22,0
LOG4J2-1994,FALSE,FALSE,Major,589,00d00h09m49,0
LOG4J2-377,FALSE,FALSE,Critical,11267214,130d09h46m54,0
LOG4J2-378,FALSE,FALSE,Major,15827333,183d04h28m53,0
LOG4J2-830,FALSE,FALSE,Minor,321858,03d17h24m18,0
LOG4J2-2522,TRUE,FALSE,Minor,1381987,15d23h53m07,0
LOG4J2-2527,TRUE,FALSE,Major,249238,02d21h13m58,0
LOG4J2-257,FALSE,FALSE,Major,965,00d00h16m05,0
LOG4J2-2441,TRUE,FALSE,Major,2425,00d00h40m25,0
LOG4J2-2444,FALSE,FALSE,Major,6070,00d01h41m10,0
LOG4J2-142,TRUE,FALSE,Critical,405929,04d16h45m29,0
LOG4J2-1769,TRUE,FALSE,Major,53472,00d14h51m12,0
LOG4J2-1339,FALSE,FALSE,Major,3056,00d00h50m56,1
LOG4J2-775,FALSE,FALSE,Major,152,00d00h02m32,0
LOG4J2-1336,TRUE,FALSE,Major,524157,06d01h35m57,0
LOG4J2-1330,FALSE,FALSE,Major,24478,00d06h47m58,0
LOG4J2-773,FALSE,FALSE,Major,1767,00d00h29m27,0
LOG4J2-292,TRUE,FALSE,Minor,679407,07d20h43m27,0
LOG4J2-293,TRUE,FALSE,Major,6097703,70d13h48m23,1
LOG4J2-291,TRUE,FALSE,Minor,2273552,26d07h32m32,0
LOG4J2-296,FALSE,FALSE,Major,287815,03d07h56m55,0
LOG4J2-297,FALSE,FALSE,Major,206661,02d09h24m21,0
LOG4J2-295,TRUE,FALSE,Major,149125,01d17h25m25,0
LOG4J2-195,TRUE,FALSE,Major,381098,04d09h51m38,0
LOG4J2-298,FALSE,FALSE,Major,201534,02d07h58m54,0
LOG4J2-194,FALSE,FALSE,Major,61749,00d17h09m09,0
LOG4J2-102,TRUE,FALSE,Critical,34759,00d09h39m19,0
LOG4J2-1833,TRUE,FALSE,Minor,15014409,173d18h40m09,0
LOG4J2-517,FALSE,FALSE,Major,11097,00d03h04m57,0
LOG4J2-1831,TRUE,FALSE,Major,7266,00d02h01m06,0
LOG4J2-1836,FALSE,FALSE,Major,1271,00d00h21m11,0
LOG4J2-1723,FALSE,FALSE,Minor,6022,00d01h40m22,0
LOG4J2-104,FALSE,FALSE,Major,178298,02d01h31m38,0
LOG4J2-105,TRUE,FALSE,Major,336817,03d21h33m37,0
LOG4J2-108,FALSE,FALSE,Major,152267,01d18h17m47,0
LOG4J2-862,FALSE,FALSE,Major,339927,03d22h25m27,1
LOG4J2-1936,FALSE,FALSE,Blocker,7368937,85d06h55m37,0
LOG4J2-452,TRUE,FALSE,Critical,6450132,74d15h42m12,0
LOG4J2-1934,TRUE,FALSE,Critical,1642668,19d00h17m48,0
LOG4J2-897,FALSE,FALSE,Major,189,00d00h03m09,0
LOG4J2-890,FALSE,FALSE,Major,19402108,224d13h28m28,0
LOG4J2-891,TRUE,TRUE,Major,2414123,27d22h35m23,0
LOG4J2-892,TRUE,FALSE,Major,2427,00d00h40m27,0
LOG4J2-2629,TRUE,FALSE,Major,443680,05d03h14m40,1
LOG4J2-268,TRUE,FALSE,Major,78765,00d21h52m45,0
LOG4J2-2622,FALSE,FALSE,Major,1732422,20d01h13m42,0
LOG4J2-464,TRUE,FALSE,Major,1460300,16d21h38m20,0
LOG4J2-581,TRUE,FALSE,Major,7512040,86d22h40m40,0
LOG4J2-2018,FALSE,FALSE,Major,25327,00d07h02m07,0
LOG4J2-619,FALSE,FALSE,Critical,4205429,48d16h10m29,0
LOG4J2-2158,TRUE,FALSE,Critical,1446284,16d17h44m44,0
LOG4J2-2013,TRUE,FALSE,Major,182521,02d02h42m01,0
LOG4J2-2012,FALSE,FALSE,Major,802957,09d07h02m37,0
LOG4J2-1591,TRUE,FALSE,Blocker,81501,00d22h38m21,0
LOG4J2-1590,TRUE,FALSE,Major,77802,00d21h36m42,0
LOG4J2-1618,FALSE,FALSE,Major,224099,02d14h14m59,0
LOG4J2-1619,FALSE,FALSE,Major,1681,00d00h28m01,0
LOG4J2-1599,FALSE,FALSE,Major,77593,00d21h33m13,1
LOG4J2-200,FALSE,FALSE,Minor,23622,00d06h33m42,0
LOG4J2-1610,FALSE,FALSE,Major,179,00d00h02m59,0
LOG4J2-205,FALSE,FALSE,Critical,839300,09d17h08m20,0
LOG4J2-206,FALSE,FALSE,Major,70,00d00h01m10,0
LOG4J2-1753,FALSE,FALSE,Major,6479645,74d23h54m05,0
LOG4J2-1731,FALSE,FALSE,Major,54148,00d15h02m28,0
LOG4J2-1756,FALSE,FALSE,Major,275,00d00h04m35,0
LOG4J2-190,FALSE,FALSE,Major,275337,03d04h28m57,0
LOG4J2-962,TRUE,FALSE,Major,16342335,189d03h32m15,0
LOG4J2-192,TRUE,FALSE,Minor,2730581,31d14h29m41,0
LOG4J2-964,TRUE,FALSE,Major,22991,00d06h23m11,0
LOG4J2-965,FALSE,FALSE,Critical,4984160,57d16h29m20,1
LOG4J2-966,FALSE,FALSE,Major,105,00d00h01m45,0
LOG4J2-967,TRUE,FALSE,Minor,40385,00d11h13m05,0
LOG4J2-801,TRUE,TRUE,Major,36412898,421d10h41m38,0
LOG4J2-2658,FALSE,FALSE,Major,10340,00d02h52m20,0
LOG4J2-807,TRUE,FALSE,Major,2076098,24d00h41m38,0
LOG4J2-2301,TRUE,FALSE,Major,2456940,28d10h29m00,0
LOG4J2-2650,FALSE,FALSE,Major,2296652,26d13h57m32,0
LOG4J2-2305,TRUE,FALSE,Major,8011237,92d17h20m37,1
LOG4J2-2304,FALSE,FALSE,Major,35345,00d09h49m05,0
LOG4J2-2307,TRUE,FALSE,Major,212202,02d10h56m42,0
