BugID, #isArch, #isInduce, #Priority, #TimeSec, #Time, #Reopen
MAHOUT-276,FALSE,FALSE,Major,104305,01d04h58m25,0
MAHOUT-581,FALSE,FALSE,Major,29,00d00h00m29,0
MAHOUT-272,FALSE,FALSE,Major,242193,02d19h16m33,0
MAHOUT-273,FALSE,FALSE,Major,24851,00d06h54m11,0
MAHOUT-1793,FALSE,FALSE,Trivial,6997,00d01h56m37,0
MAHOUT-1797,FALSE,FALSE,Trivial,14327,00d03h58m47,0
MAHOUT-587,TRUE,FALSE,Minor,263904,03d01h18m24,0
MAHOUT-937,FALSE,FALSE,Minor,75095,00d20h51m35,0
MAHOUT-936,FALSE,FALSE,Minor,27505,00d07h38m25,0
MAHOUT-2039,FALSE,FALSE,Major,1300000,15d01h06m40,0
MAHOUT-839,FALSE,FALSE,Trivial,1097610,12d16h53m30,0
MAHOUT-834,TRUE,FALSE,Minor,18232743,211d00h39m03,0
MAHOUT-585,TRUE,FALSE,Major,6326,00d01h45m26,0
MAHOUT-939,TRUE,FALSE,Major,13596960,157d08h56m00,1
MAHOUT-1926,FALSE,FALSE,Major,2251487,26d01h24m47,0
MAHOUT-1920,FALSE,FALSE,Minor,86467,01d00h01m07,0
MAHOUT-1259,FALSE,FALSE,Trivial,5648,00d01h34m08,0
MAHOUT-269,TRUE,FALSE,Minor,49331,00d13h42m11,0
MAHOUT-1315,FALSE,FALSE,Trivial,4435,00d01h13m55,0
MAHOUT-1313,FALSE,FALSE,Minor,8053,00d02h14m13,0
MAHOUT-1312,FALSE,FALSE,Minor,9492604,109d20h50m04,0
MAHOUT-1319,TRUE,FALSE,Major,10018265,115d22h51m05,0
MAHOUT-576,TRUE,FALSE,Major,884470,10d05h41m10,0
MAHOUT-1428,FALSE,FALSE,Major,5559261,64d08h14m21,1
MAHOUT-477,TRUE,FALSE,Minor,22640,00d06h17m20,0
MAHOUT-1427,TRUE,FALSE,Minor,11809017,136d16h16m57,0
MAHOUT-472,FALSE,FALSE,Minor,76539,00d21h15m39,0
MAHOUT-470,FALSE,FALSE,Major,9248,00d02h34m08,0
MAHOUT-775,FALSE,FALSE,Major,58472371,676d18h19m31,0
MAHOUT-774,FALSE,FALSE,Trivial,2134,00d00h35m34,0
MAHOUT-864,FALSE,FALSE,Minor,530,00d00h08m50,0
MAHOUT-2042,TRUE,FALSE,Major,1987948,23d00h12m28,0
MAHOUT-2043,FALSE,FALSE,Major,1986555,22d23h49m15,0
MAHOUT-2040,FALSE,FALSE,Major,1381626,15d23h47m06,0
MAHOUT-2041,FALSE,FALSE,Major,1212581,14d00h49m41,0
MAHOUT-946,FALSE,FALSE,Major,2054238,23d18h37m18,0
MAHOUT-2045,TRUE,FALSE,Major,1987827,23d00h10m27,0
MAHOUT-1491,FALSE,FALSE,Minor,10704,00d02h58m24,0
MAHOUT-1229,FALSE,FALSE,Major,21120,00d05h52m00,0
MAHOUT-379,TRUE,FALSE,Minor,13904104,160d22h15m04,1
MAHOUT-378,FALSE,FALSE,Minor,14183235,164d03h47m15,0
MAHOUT-1496,FALSE,FALSE,Major,1974344,22d20h25m44,0
MAHOUT-1497,TRUE,FALSE,Major,1785216,20d15h53m36,0
MAHOUT-1498,TRUE,FALSE,Major,4242797,49d02h33m17,0
MAHOUT-1222,FALSE,FALSE,Major,62599,00d17h23m19,0
MAHOUT-1221,FALSE,FALSE,Minor,7188,00d01h59m48,0
MAHOUT-1555,FALSE,FALSE,Minor,441309,05d02h35m09,0
MAHOUT-370,FALSE,FALSE,Major,625,00d00h10m25,0
MAHOUT-1225,TRUE,FALSE,Major,963727,11d03h42m07,0
MAHOUT-691,FALSE,FALSE,Major,544065,06d07h07m45,0
MAHOUT-694,FALSE,FALSE,Major,949438,10d23h43m58,0
MAHOUT-114,FALSE,FALSE,Minor,16925851,195d21h37m31,0
MAHOUT-501,FALSE,FALSE,Trivial,749638,08d16h13m58,0
MAHOUT-504,TRUE,FALSE,Major,845056,09d18h44m16,1
MAHOUT-112,FALSE,FALSE,Major,648878,07d12h14m38,0
MAHOUT-508,FALSE,FALSE,Trivial,7079545,81d22h32m25,1
MAHOUT-509,FALSE,FALSE,Minor,365645,04d05h34m05,0
MAHOUT-118,FALSE,FALSE,Major,269739,03d02h55m39,0
MAHOUT-230,FALSE,FALSE,Major,408658,04d17h30m58,0
MAHOUT-186,TRUE,FALSE,Major,992032,11d11h33m52,0
MAHOUT-1379,TRUE,FALSE,Minor,5516,00d01h31m56,0
MAHOUT-183,FALSE,FALSE,Major,343305,03d23h21m45,0
MAHOUT-235,TRUE,FALSE,Major,497436,05d18h10m36,0
MAHOUT-1593,FALSE,FALSE,Minor,23201512,268d12h51m52,0
MAHOUT-601,FALSE,FALSE,Major,3911,00d01h05m11,0
MAHOUT-600,FALSE,FALSE,Major,165845,01d22h04m05,0
MAHOUT-602,FALSE,FALSE,Major,403441,04d16h04m01,0
MAHOUT-604,FALSE,FALSE,Major,1135088,13d03h18m08,0
MAHOUT-1033,FALSE,FALSE,Major,247847,02d20h50m47,0
MAHOUT-1030,TRUE,FALSE,Major,47217590,546d11h59m50,0
MAHOUT-1031,FALSE,FALSE,Major,23731577,274d16h06m17,0
MAHOUT-591,TRUE,FALSE,Major,886453,10d06h14m13,0
MAHOUT-1136,FALSE,FALSE,Major,355323,04d02h42m03,0
MAHOUT-1132,FALSE,FALSE,Major,13263271,153d12h14m31,0
MAHOUT-1038,FALSE,FALSE,Minor,17482,00d04h51m22,0
MAHOUT-1130,FALSE,FALSE,Major,7063681,81d18h08m01,0
MAHOUT-1610,FALSE,FALSE,Minor,95072,01d02h24m32,0
MAHOUT-1611,FALSE,FALSE,Minor,6344896,73d10h28m16,0
MAHOUT-1888,FALSE,FALSE,Major,357497,04d03h18m17,0
MAHOUT-1881,FALSE,FALSE,Blocker,6687,00d01h51m27,0
MAHOUT-1292,TRUE,FALSE,Major,9854587,114d01h23m07,1
MAHOUT-1293,FALSE,FALSE,Major,10208555,118d03h42m35,0
MAHOUT-1290,FALSE,FALSE,Major,139356,01d14h42m36,0
MAHOUT-1729,TRUE,FALSE,Major,1278744,14d19h12m24,0
MAHOUT-1047,FALSE,FALSE,Minor,27367816,316d18h10m16,0
MAHOUT-1046,FALSE,FALSE,Blocker,976,00d00h16m16,0
MAHOUT-1045,TRUE,FALSE,Major,28070331,324d21h18m51,0
MAHOUT-1044,FALSE,FALSE,Major,17390,00d04h49m50,0
MAHOUT-1502,FALSE,FALSE,Minor,2564738,29d16h25m38,0
MAHOUT-1503,TRUE,FALSE,Minor,1122673,12d23h51m13,0
MAHOUT-1501,FALSE,FALSE,Trivial,324852,03d18h14m12,0
MAHOUT-738,FALSE,FALSE,Minor,93388,01d01h56m28,0
MAHOUT-1505,TRUE,FALSE,Major,5083398,58d20h03m18,0
MAHOUT-1662,FALSE,FALSE,Major,391767,04d12h49m27,0
MAHOUT-1508,TRUE,FALSE,Blocker,107552,01d05h52m32,0
MAHOUT-1660,TRUE,FALSE,Minor,7056816,81d16h13m36,0
MAHOUT-1667,FALSE,FALSE,Critical,253134,02d22h18m54,0
MAHOUT-1665,FALSE,FALSE,Critical,611656,07d01h54m16,0
MAHOUT-907,FALSE,FALSE,Minor,2040,00d00h34m00,0
MAHOUT-903,TRUE,FALSE,Major,187681,02d04h08m01,0
MAHOUT-900,FALSE,FALSE,Minor,29626,00d08h13m46,0
MAHOUT-584,TRUE,FALSE,Minor,354677,04d02h31m17,1
MAHOUT-861,FALSE,FALSE,Minor,1017,00d00h16m57,0
MAHOUT-1815,FALSE,FALSE,Blocker,178222,02d01h30m22,0
MAHOUT-1810,FALSE,FALSE,Blocker,549591,06d08h39m51,0
MAHOUT-1811,FALSE,FALSE,Major,2689,00d00h44m49,0
MAHOUT-1955,FALSE,FALSE,Blocker,224137,02d14h15m37,0
MAHOUT-1956,FALSE,FALSE,Critical,62161966,719d11h12m46,0
MAHOUT-1950,FALSE,FALSE,Blocker,102863,01d04h34m23,0
MAHOUT-1953,FALSE,FALSE,Major,9204956,106d12h55m56,0
MAHOUT-1595,FALSE,FALSE,Major,4278502,49d12h28m22,0
MAHOUT-1349,TRUE,FALSE,Minor,3234977,37d10h36m17,0
MAHOUT-1597,FALSE,FALSE,Major,505949,05d20h32m29,0
MAHOUT-1596,FALSE,FALSE,Major,1193018,13d19h23m38,0
MAHOUT-1263,TRUE,FALSE,Major,55307,00d15h21m47,0
MAHOUT-1590,TRUE,FALSE,Major,23476237,271d17h10m37,0
MAHOUT-1261,TRUE,FALSE,Minor,14513884,167d23h38m04,0
MAHOUT-1619,FALSE,FALSE,Minor,15072579,174d10h49m39,0
MAHOUT-1340,FALSE,FALSE,Major,49456,00d13h44m16,0
MAHOUT-1615,FALSE,FALSE,Major,2328135,26d22h42m15,0
MAHOUT-1613,FALSE,FALSE,Major,28577896,330d18h18m16,0
MAHOUT-1269,FALSE,FALSE,Minor,1490,00d00h24m50,0
MAHOUT-1268,TRUE,FALSE,Major,30091,00d08h21m31,0
MAHOUT-395,FALSE,FALSE,Critical,4648,00d01h17m28,0
MAHOUT-546,FALSE,FALSE,Minor,19155764,221d17h02m44,0
MAHOUT-545,TRUE,FALSE,Major,3841188,44d10h59m48,0
MAHOUT-421,FALSE,FALSE,Minor,23391,00d06h29m51,0
MAHOUT-392,TRUE,FALSE,Major,1603138,18d13h18m58,0
MAHOUT-427,FALSE,FALSE,Major,8076999,93d11h36m39,0
MAHOUT-426,FALSE,FALSE,Major,1372966,15d21h22m46,0
MAHOUT-780,FALSE,FALSE,Major,180490,02d02h08m10,0
MAHOUT-428,FALSE,FALSE,Major,1164830,13d11h33m50,0
MAHOUT-784,FALSE,FALSE,Major,15592652,180d11h17m32,0
MAHOUT-786,FALSE,FALSE,Major,225953,02d14h45m53,0
MAHOUT-994,FALSE,FALSE,Major,3636067,42d02h01m07,0
MAHOUT-788,FALSE,FALSE,Trivial,41298,00d11h28m18,0
MAHOUT-993,FALSE,FALSE,Minor,38414123,444d14h35m23,0
MAHOUT-999,TRUE,FALSE,Minor,154230,01d18h50m30,0
MAHOUT-1467,FALSE,FALSE,Major,18135,00d05h02m15,0
MAHOUT-1466,FALSE,FALSE,Major,49154,00d13h39m14,0
MAHOUT-647,FALSE,FALSE,Minor,4311,00d01h11m51,0
MAHOUT-646,TRUE,FALSE,Minor,267722,03d02h22m02,0
MAHOUT-641,TRUE,FALSE,Major,144198,01d16h03m18,0
MAHOUT-649,TRUE,FALSE,Minor,30217,00d08h23m37,0
MAHOUT-498,FALSE,FALSE,Major,3194240,36d23h17m20,0
MAHOUT-495,TRUE,FALSE,Major,1783884,20d15h31m24,0
MAHOUT-497,FALSE,FALSE,Major,7416,00d02h03m36,0
MAHOUT-491,TRUE,FALSE,Major,222,00d00h03m42,0
MAHOUT-492,TRUE,FALSE,Major,759,00d00h12m39,0
MAHOUT-1097,FALSE,FALSE,Trivial,31396,00d08h43m16,0
MAHOUT-1091,TRUE,FALSE,Major,207256,02d09h34m16,0
MAHOUT-1093,FALSE,FALSE,Major,13274440,153d15h20m40,0
MAHOUT-1098,FALSE,FALSE,Major,20780895,240d12h28m15,0
MAHOUT-1396,FALSE,FALSE,Major,34080,00d09h28m00,0
MAHOUT-1392,FALSE,FALSE,Trivial,149,00d00h02m29,0
MAHOUT-1390,TRUE,FALSE,Critical,80250,00d22h17m30,0
MAHOUT-1006,TRUE,FALSE,Critical,2759379,31d22h29m39,0
MAHOUT-1005,TRUE,FALSE,Major,346143,04d00h09m03,1
MAHOUT-1003,FALSE,FALSE,Minor,4809539,55d15h58m59,0
MAHOUT-1163,TRUE,FALSE,Major,7548393,87d08h46m33,0
MAHOUT-1164,TRUE,TRUE,Major,7455776,86d07h02m56,0
MAHOUT-1165,FALSE,FALSE,Major,35320,00d09h48m40,0
MAHOUT-1622,FALSE,FALSE,Minor,14757624,170d19h20m24,0
MAHOUT-1859,FALSE,FALSE,Minor,3429,00d00h57m09,0
MAHOUT-1062,FALSE,FALSE,Major,12308395,142d10h59m55,0
MAHOUT-1787,FALSE,FALSE,Critical,7138,00d01h58m58,0
MAHOUT-1919,FALSE,FALSE,Critical,2512224,29d01h50m24,0
MAHOUT-829,FALSE,TRUE,Major,63137,00d17h32m17,0
MAHOUT-828,FALSE,FALSE,Major,63720,00d17h42m00,0
MAHOUT-1911,FALSE,FALSE,Blocker,678177,07d20h22m57,0
MAHOUT-1913,FALSE,FALSE,Blocker,2836776,32d19h59m36,0
MAHOUT-1912,FALSE,FALSE,Blocker,2668421,30d21h13m41,0
MAHOUT-820,FALSE,FALSE,Minor,410,00d00h06m50,0
MAHOUT-1306,TRUE,FALSE,Major,3413830,39d12h17m10,0
MAHOUT-1301,TRUE,FALSE,Trivial,26205,00d07h16m45,0
MAHOUT-1302,FALSE,FALSE,Minor,2787346,32d06h15m46,0
MAHOUT-1308,FALSE,FALSE,Minor,9036278,104d14h04m38,0
MAHOUT-469,TRUE,FALSE,Major,1743,00d00h29m03,0
MAHOUT-1532,FALSE,FALSE,Major,1559689,18d01h14m49,0
MAHOUT-1537,FALSE,FALSE,Minor,73701,00d20h28m21,0
MAHOUT-296,FALSE,FALSE,Major,903,00d00h15m03,0
MAHOUT-745,FALSE,FALSE,Minor,23518,00d06h31m58,0
MAHOUT-290,FALSE,FALSE,Trivial,848,00d00h14m08,0
MAHOUT-1560,TRUE,FALSE,Minor,55862,00d15h31m02,0
MAHOUT-2037,FALSE,FALSE,Major,92141,01d01h35m41,0
MAHOUT-2033,TRUE,FALSE,Major,2165784,25d01h36m24,0
MAHOUT-954,TRUE,FALSE,Major,12951726,149d21h42m06,0
MAHOUT-957,FALSE,FALSE,Major,348126,04d00h42m06,0
MAHOUT-956,TRUE,FALSE,Minor,257574,02d23h32m54,0
MAHOUT-890,TRUE,FALSE,Major,5017276,58d01h41m16,0
MAHOUT-958,FALSE,FALSE,Major,43182801,499d19h13m21,0
MAHOUT-893,FALSE,FALSE,Minor,4445,00d01h14m05,0
MAHOUT-894,FALSE,FALSE,Minor,377492,04d08h51m32,0
MAHOUT-895,FALSE,FALSE,Minor,377225,04d08h47m05,0
MAHOUT-1863,FALSE,FALSE,Minor,83729,00d23h15m29,0
MAHOUT-2038,FALSE,FALSE,Major,1381642,15d23h47m22,0
MAHOUT-1238,FALSE,FALSE,Major,12764,00d03h32m44,0
MAHOUT-75,FALSE,FALSE,Critical,61814,00d17h10m14,0
MAHOUT-268,TRUE,FALSE,Major,80742,00d22h25m42,0
MAHOUT-344,TRUE,FALSE,Major,16675001,192d23h56m41,0
MAHOUT-1548,FALSE,FALSE,Major,6489,00d01h48m09,0
MAHOUT-347,FALSE,FALSE,Critical,21449,00d05h57m29,0
MAHOUT-1230,TRUE,FALSE,Minor,155028,01d19h03m48,0
MAHOUT-1232,FALSE,FALSE,Major,13493,00d03h44m53,0
MAHOUT-267,TRUE,FALSE,Minor,83730,00d23h15m30,0
MAHOUT-266,TRUE,FALSE,Major,26741,00d07h25m41,0
MAHOUT-265,TRUE,FALSE,Major,642249,07d10h24m09,1
MAHOUT-1237,FALSE,FALSE,Minor,450,00d00h07m30,0
MAHOUT-128,FALSE,FALSE,Major,527682,06d02h34m42,0
MAHOUT-685,FALSE,FALSE,Major,611089,07d01h44m49,0
MAHOUT-511,TRUE,FALSE,Major,194,00d00h03m14,0
MAHOUT-1223,FALSE,FALSE,Minor,69862,00d19h24m22,0
MAHOUT-513,TRUE,FALSE,Major,171204,01d23h33m24,0
MAHOUT-516,FALSE,FALSE,Major,9486132,109d19h02m12,0
MAHOUT-377,FALSE,FALSE,Major,3913481,45d07h04m41,0
MAHOUT-197,FALSE,FALSE,Minor,2340115,27d02h01m55,0
MAHOUT-191,FALSE,FALSE,Major,3453593,39d23h19m53,0
MAHOUT-193,FALSE,FALSE,Major,3762071,43d13h01m11,0
MAHOUT-192,TRUE,FALSE,Major,1067,00d00h17m47,0
MAHOUT-638,TRUE,FALSE,Major,1905720,22d01h22m00,0
MAHOUT-630,TRUE,FALSE,Minor,2406,00d00h40m06,0
MAHOUT-632,TRUE,FALSE,Major,7957644,92d02h27m24,0
MAHOUT-1125,FALSE,FALSE,Blocker,3461425,40d01h30m25,0
MAHOUT-1126,FALSE,FALSE,Major,15666768,181d07h52m48,0
MAHOUT-1127,FALSE,FALSE,Major,188,00d00h03m08,0
MAHOUT-208,TRUE,FALSE,Major,5569848,64d11h10m48,1
MAHOUT-25,TRUE,FALSE,Minor,1202058,13d21h54m18,0
MAHOUT-1895,FALSE,FALSE,Minor,3152234,36d11h37m14,0
MAHOUT-1896,FALSE,FALSE,Minor,3135406,36d06h56m46,0
MAHOUT-1139,TRUE,FALSE,Major,12253368,141d19h42m48,1
MAHOUT-1696,FALSE,FALSE,Major,4213,00d01h10m13,0
MAHOUT-1697,FALSE,FALSE,Trivial,3192,00d00h53m12,0
MAHOUT-1693,FALSE,FALSE,Blocker,92922,01d01h48m42,0
MAHOUT-1690,FALSE,FALSE,Minor,3995343,46d05h49m03,0
MAHOUT-1191,TRUE,FALSE,Major,248109,02d20h55m09,0
MAHOUT-1197,FALSE,FALSE,Major,121376,01d09h42m56,0
MAHOUT-1196,TRUE,FALSE,Trivial,3543733,41d00h22m13,0
MAHOUT-700,FALSE,FALSE,Minor,1463296,16d22h28m16,0
MAHOUT-701,FALSE,FALSE,Minor,12951077,149d21h31m17,0
MAHOUT-1575,FALSE,FALSE,Major,170,00d00h02m50,0
MAHOUT-1574,TRUE,FALSE,Major,10283,00d02h51m23,1
MAHOUT-1572,FALSE,FALSE,Major,506262,05d20h37m42,0
MAHOUT-1571,FALSE,FALSE,Major,504936,05d20h15m36,0
MAHOUT-1828,FALSE,FALSE,Major,4120,00d01h08m40,0
MAHOUT-919,FALSE,FALSE,Minor,4889,00d01h21m29,0
MAHOUT-1939,FALSE,FALSE,Critical,1393477,16d03h04m37,0
MAHOUT-915,FALSE,FALSE,Major,5614687,64d23h38m07,0
MAHOUT-1826,FALSE,FALSE,Blocker,11151,00d03h05m51,0
MAHOUT-855,TRUE,FALSE,Minor,2446,00d00h40m46,0
MAHOUT-856,FALSE,FALSE,Minor,3741,00d01h02m21,0
MAHOUT-1589,FALSE,FALSE,Major,23997404,277d17h56m44,0
MAHOUT-454,FALSE,FALSE,Trivial,58743,00d16h19m03,0
MAHOUT-1947,FALSE,FALSE,Minor,5105124,59d02h05m24,0
MAHOUT-1581,FALSE,FALSE,Major,2694847,31d04h34m07,0
MAHOUT-1276,FALSE,FALSE,Trivial,11625320,134d13h15m20,0
MAHOUT-223,TRUE,FALSE,Major,636682,07d08h51m22,0
MAHOUT-1378,TRUE,FALSE,Major,29084,00d08h04m44,0
MAHOUT-1371,TRUE,TRUE,Major,929767,10d18h16m07,1
MAHOUT-1370,FALSE,FALSE,Minor,362,00d00h06m02,0
MAHOUT-1409,TRUE,FALSE,Major,64154,00d17h49m14,0
MAHOUT-1402,FALSE,FALSE,Major,15336,00d04h15m36,0
MAHOUT-1401,TRUE,FALSE,Critical,4123,00d01h08m43,0
MAHOUT-1400,FALSE,FALSE,Major,1579,00d00h26m19,0
MAHOUT-552,TRUE,FALSE,Minor,11868799,137d08h53m19,1
MAHOUT-414,TRUE,FALSE,Major,9405813,108d20h43m33,0
MAHOUT-410,FALSE,FALSE,Trivial,1690,00d00h28m10,0
MAHOUT-799,TRUE,FALSE,Major,2297462,26d14h11m02,0
MAHOUT-795,FALSE,FALSE,Minor,1411514,16d08h05m14,0
MAHOUT-793,TRUE,TRUE,Major,84356,00d23h25m56,0
MAHOUT-2068,FALSE,FALSE,Major,3968,00d01h06m08,0
MAHOUT-312,TRUE,FALSE,Major,463595,05d08h46m35,0
MAHOUT-678,FALSE,FALSE,Major,10482057,121d07h40m57,0
MAHOUT-679,FALSE,FALSE,Major,208,00d00h03m28,0
MAHOUT-1332,FALSE,FALSE,Trivial,21505,00d05h58m25,0
MAHOUT-561,FALSE,FALSE,Minor,3123423,36d03h37m03,0
MAHOUT-677,FALSE,FALSE,Minor,17034,00d04h43m54,0
MAHOUT-172,FALSE,FALSE,Major,829784,09d14h29m44,0
MAHOUT-177,FALSE,FALSE,Minor,1977370,22d21h16m10,0
MAHOUT-386,TRUE,FALSE,Major,1428,00d00h23m48,0
MAHOUT-482,FALSE,FALSE,Trivial,43802,00d12h10m02,0
MAHOUT-481,FALSE,FALSE,Trivial,888,00d00h14m48,0
MAHOUT-486,FALSE,FALSE,Major,8807,00d02h26m47,0
MAHOUT-489,FALSE,FALSE,Major,2427214,28d02h13m34,0
MAHOUT-488,FALSE,FALSE,Trivial,43653,00d12h07m33,0
MAHOUT-569,FALSE,FALSE,Minor,1691876,19d13h57m56,0
MAHOUT-1994,FALSE,FALSE,Blocker,259304,03d00h01m44,0
MAHOUT-1998,FALSE,FALSE,Blocker,134189,01d13h16m29,0
MAHOUT-406,TRUE,FALSE,Minor,6305,00d01h45m05,0
MAHOUT-1389,FALSE,FALSE,Major,8825,00d02h27m05,0
MAHOUT-1384,FALSE,FALSE,Minor,812,00d00h13m32,0
MAHOUT-1385,TRUE,FALSE,Minor,12882546,149d02h29m06,0
MAHOUT-1380,TRUE,FALSE,Minor,359,00d00h05m59,0
MAHOUT-1015,FALSE,FALSE,Minor,2311,00d00h38m31,0
MAHOUT-1017,TRUE,FALSE,Major,2215578,25d15h26m18,0
MAHOUT-1011,FALSE,FALSE,Minor,2460,00d00h41m00,0
MAHOUT-1157,TRUE,FALSE,Major,271704,03d03h28m24,0
MAHOUT-1150,TRUE,FALSE,Major,1023498,11d20h18m18,0
MAHOUT-181,TRUE,FALSE,Major,1218833,14d02h33m53,0
MAHOUT-1635,FALSE,FALSE,Major,9245116,107d00h05m16,0
MAHOUT-1630,FALSE,FALSE,Major,11539814,133d13h30m14,0
MAHOUT-1638,FALSE,FALSE,Blocker,5762472,66d16h41m12,0
MAHOUT-1639,FALSE,FALSE,Minor,4928961,57d01h09m21,1
MAHOUT-811,FALSE,FALSE,Major,2659518,30d18h45m18,1
MAHOUT-814,FALSE,FALSE,Minor,769869,08d21h51m09,0
MAHOUT-816,FALSE,FALSE,Major,108323,01d06h05m23,0
MAHOUT-819,FALSE,FALSE,Major,2595,00d00h43m15,0
MAHOUT-1903,FALSE,FALSE,Major,4055716,46d22h35m16,0
MAHOUT-1333,FALSE,FALSE,Major,66553,00d18h29m13,0
MAHOUT-92,TRUE,FALSE,Minor,611444,07d01h50m44,0
MAHOUT-1335,FALSE,FALSE,Major,11346,00d03h09m06,0
MAHOUT-1337,TRUE,FALSE,Minor,2895,00d00h48m15,0
MAHOUT-1336,FALSE,FALSE,Major,4344,00d01h12m24,0
MAHOUT-452,TRUE,TRUE,Major,438250,05d01h44m10,0
MAHOUT-96,FALSE,FALSE,Major,62626,00d17h23m46,0
MAHOUT-91,FALSE,FALSE,Minor,7404,00d02h03m24,0
MAHOUT-455,FALSE,FALSE,Minor,474539,05d11h48m59,1
MAHOUT-324,FALSE,FALSE,Minor,1851,00d00h30m51,0
MAHOUT-457,TRUE,FALSE,Major,409229,04d17h40m29,0
MAHOUT-1521,TRUE,FALSE,Major,7365098,85d05h51m38,0
MAHOUT-1522,FALSE,FALSE,Critical,29702067,343d18h34m27,0
MAHOUT-1523,FALSE,FALSE,Major,441747,05d02h42m27,0
MAHOUT-756,TRUE,FALSE,Minor,172694,01d23h58m14,0
MAHOUT-755,FALSE,FALSE,Minor,11331,00d03h08m51,0
MAHOUT-754,FALSE,FALSE,Minor,3062,00d00h51m02,0
MAHOUT-281,FALSE,FALSE,Major,383807,04d10h36m47,0
MAHOUT-289,TRUE,FALSE,Major,2257,00d00h37m37,0
MAHOUT-967,FALSE,FALSE,Trivial,647976,07d11h59m36,0
MAHOUT-1876,FALSE,FALSE,Major,1950054,22d13h40m54,0
MAHOUT-961,TRUE,FALSE,Minor,42943323,497d00h42m03,0
MAHOUT-889,TRUE,FALSE,Major,18821481,217d20h11m21,0
MAHOUT-1973,FALSE,FALSE,Minor,5573816,64d12h16m56,0
MAHOUT-886,FALSE,FALSE,Major,47381,00d13h09m41,0
MAHOUT-885,FALSE,FALSE,Major,11026,00d03h03m46,0
MAHOUT-882,FALSE,FALSE,Minor,12489,00d03h28m09,0
MAHOUT-355,FALSE,FALSE,Trivial,82489,00d22h54m49,0
MAHOUT-353,TRUE,FALSE,Major,163939,01d21h32m19,0
MAHOUT-1201,TRUE,TRUE,Major,2773412,32d02h23m32,0
MAHOUT-1200,TRUE,TRUE,Major,2773591,32d02h26m31,0
MAHOUT-359,TRUE,FALSE,Major,2160630,25d00h10m30,0
MAHOUT-211,TRUE,FALSE,Minor,4369681,50d13h48m01,0
MAHOUT-1577,FALSE,FALSE,Major,4564,00d01h16m04,0
MAHOUT-1576,TRUE,FALSE,Major,9399,00d02h36m39,0
MAHOUT-524,TRUE,FALSE,Major,38834779,449d11h26m19,0
MAHOUT-526,TRUE,FALSE,Major,1385839,16d00h57m19,0
MAHOUT-523,FALSE,FALSE,Minor,2409,00d00h40m09,0
MAHOUT-528,TRUE,FALSE,Major,11019,00d03h03m39,0
MAHOUT-212,TRUE,FALSE,Major,308976,03d13h49m36,0
MAHOUT-625,TRUE,FALSE,Major,6090104,70d11h41m44,0
MAHOUT-141,FALSE,FALSE,Minor,14321357,165d18h09m17,0
MAHOUT-144,FALSE,FALSE,Major,12770535,147d19h22m15,0
MAHOUT-1111,FALSE,FALSE,Blocker,10498860,121d12h21m00,0
MAHOUT-962,FALSE,FALSE,Minor,42493950,491d19h52m30,0
MAHOUT-1116,TRUE,FALSE,Minor,26138,00d07h15m38,0
MAHOUT-1119,FALSE,FALSE,Major,9462125,109d12h22m05,0
MAHOUT-1118,FALSE,FALSE,Major,87683,01d00h21m23,0
MAHOUT-1138,FALSE,FALSE,Major,409,00d00h06m49,0
MAHOUT-361,TRUE,FALSE,Major,4855915,56d04h51m55,0
MAHOUT-1971,FALSE,FALSE,Major,1381,00d00h23m01,0
MAHOUT-2007,FALSE,FALSE,Major,11749109,135d23h38m29,0
MAHOUT-1492,FALSE,FALSE,Major,6031,00d01h40m31,0
MAHOUT-594,FALSE,FALSE,Minor,141182,01d15h13m02,0
MAHOUT-1131,FALSE,FALSE,Major,6255001,72d09h30m01,0
MAHOUT-1039,FALSE,FALSE,Minor,10645,00d02h57m25,0
MAHOUT-1064,FALSE,FALSE,Minor,16463489,190d13h11m29,0
MAHOUT-1067,TRUE,FALSE,Trivial,23347082,270d05h18m02,0
MAHOUT-1061,FALSE,FALSE,Major,16818373,194d15h46m13,0
MAHOUT-1063,FALSE,FALSE,Minor,31431,00d08h43m51,0
MAHOUT-1189,TRUE,FALSE,Minor,2060224,23d20h17m04,0
MAHOUT-1186,FALSE,FALSE,Major,16868,00d04h41m08,0
MAHOUT-1185,FALSE,FALSE,Minor,10625,00d02h57m05,1
MAHOUT-1180,FALSE,FALSE,Minor,3023315,34d23h48m35,0
MAHOUT-714,FALSE,FALSE,Minor,489126,05d15h52m06,0
MAHOUT-912,TRUE,FALSE,Trivial,78767,00d21h52m47,0
MAHOUT-1561,FALSE,FALSE,Minor,4316,00d01h11m56,0
MAHOUT-247,TRUE,FALSE,Minor,26580,00d07h23m00,0
MAHOUT-1563,FALSE,FALSE,Minor,26515726,306d21h28m46,0
MAHOUT-951,FALSE,FALSE,Major,1661818,19d05h36m58,0
MAHOUT-1642,TRUE,FALSE,Major,14691261,170d00h54m21,0
MAHOUT-849,FALSE,FALSE,Trivial,27376,00d07h36m16,0
MAHOUT-1836,FALSE,FALSE,Trivial,46436,00d12h53m56,0
MAHOUT-842,TRUE,FALSE,Major,18419,00d05h06m59,0
MAHOUT-844,FALSE,FALSE,Major,792,00d00h13m12,0
MAHOUT-1936,FALSE,FALSE,Major,300170,03d11h22m50,0
MAHOUT-26,TRUE,FALSE,Major,435334,05d00h55m34,0
MAHOUT-22,FALSE,FALSE,Minor,407684,04d17h14m44,0
MAHOUT-23,TRUE,FALSE,Major,1459376,16d21h22m56,0
MAHOUT-1240,TRUE,FALSE,Major,3254,00d00h54m14,0
MAHOUT-1243,TRUE,FALSE,Major,194972,02d06h09m32,0
MAHOUT-1247,TRUE,FALSE,Major,32468,00d09h01m08,0
MAHOUT-1938,FALSE,FALSE,Blocker,1884134,21d19h22m14,0
MAHOUT-1367,FALSE,FALSE,Minor,165796,01d22h03m16,0
MAHOUT-1368,TRUE,FALSE,Major,223909,02d14h11m49,0
MAHOUT-1419,TRUE,FALSE,Major,585189,06d18h33m09,0
MAHOUT-409,FALSE,FALSE,Major,115847,01d08h10m47,0
MAHOUT-408,FALSE,FALSE,Minor,130672,01d12h17m52,0
MAHOUT-564,TRUE,FALSE,Major,2502364,28d23h06m04,0
MAHOUT-565,TRUE,FALSE,Major,20131,00d05h35m31,0
MAHOUT-566,FALSE,FALSE,Major,3023691,34d23h54m51,0
MAHOUT-1410,TRUE,FALSE,Major,119408,01d09h10m08,0
MAHOUT-402,TRUE,FALSE,Minor,20377722,235d20h28m42,0
MAHOUT-401,TRUE,FALSE,Major,10577548,122d10h12m28,1
MAHOUT-1415,TRUE,FALSE,Minor,10831,00d03h00m31,0
MAHOUT-405,TRUE,FALSE,Major,207129,02d09h32m09,0
MAHOUT-1417,FALSE,FALSE,Major,249698,02d21h21m38,0
MAHOUT-762,FALSE,FALSE,Trivial,3015,00d00h50m15,0
MAHOUT-1848,FALSE,FALSE,Major,11001,00d03h03m21,0
MAHOUT-1841,TRUE,FALSE,Major,103265,01d04h41m05,0
MAHOUT-1847,FALSE,FALSE,Major,5481,00d01h31m21,0
MAHOUT-369,TRUE,FALSE,Major,31316075,362d10h54m35,0
MAHOUT-367,FALSE,FALSE,Major,2564,00d00h42m44,0
MAHOUT-1488,FALSE,FALSE,Major,43111,00d11h58m31,0
MAHOUT-360,FALSE,FALSE,Major,1049,00d00h17m29,0
MAHOUT-1271,FALSE,FALSE,Major,2525,00d00h42m05,0
MAHOUT-669,FALSE,FALSE,Major,63678,00d17h41m18,0
MAHOUT-666,TRUE,FALSE,Minor,288022,03d08h00m22,1
MAHOUT-660,FALSE,FALSE,Major,1891,00d00h31m31,0
MAHOUT-101,FALSE,FALSE,Minor,10692,00d02h58m12,0
MAHOUT-1988,FALSE,FALSE,Blocker,2844234,32d22h03m54,0
MAHOUT-618,FALSE,FALSE,Major,66675,00d18h31m15,0
MAHOUT-610,TRUE,FALSE,Major,3088319,35d17h51m59,0
MAHOUT-616,TRUE,FALSE,Minor,1219446,14d02h44m06,0
MAHOUT-614,FALSE,FALSE,Major,123408,01d10h16m48,0
MAHOUT-1020,TRUE,FALSE,Major,928137,10d17h48m57,0
MAHOUT-1148,TRUE,FALSE,Major,151136,01d17h58m56,1
MAHOUT-589,TRUE,FALSE,Major,168760,01d22h52m40,0
MAHOUT-1024,FALSE,FALSE,Major,114986,01d07h56m26,0
MAHOUT-1142,FALSE,FALSE,Minor,373024,04d07h37m04,1
MAHOUT-1028,TRUE,FALSE,Major,279089,03d05h31m29,0
MAHOUT-580,TRUE,FALSE,Major,90314,01d01h05m14,0
MAHOUT-1141,FALSE,FALSE,Minor,4761480,55d02h38m00,0
MAHOUT-1146,FALSE,FALSE,Critical,3079141,35d15h19m01,0
MAHOUT-1147,FALSE,FALSE,Major,11003236,127d08h27m16,0
MAHOUT-1144,FALSE,FALSE,Major,3387767,39d05h02m47,0
MAHOUT-1145,TRUE,FALSE,Minor,41911,00d11h38m31,0
MAHOUT-557,FALSE,FALSE,Major,1100565,12d17h42m45,0
MAHOUT-556,TRUE,FALSE,Minor,4195254,48d13h20m54,1
MAHOUT-1411,FALSE,FALSE,Minor,395,00d00h06m35,0
MAHOUT-807,FALSE,FALSE,Minor,64426,00d17h53m46,0
MAHOUT-806,FALSE,FALSE,Trivial,36145,00d10h02m25,0
MAHOUT-805,FALSE,FALSE,Trivial,41799,00d11h36m39,0
MAHOUT-802,TRUE,FALSE,Minor,1699436,19d16h03m56,1
MAHOUT-801,FALSE,FALSE,Major,428572,04d23h02m52,0
MAHOUT-800,FALSE,FALSE,Minor,1815532,21d00h18m52,0
MAHOUT-809,FALSE,FALSE,Major,422,00d00h07m02,0
MAHOUT-808,TRUE,FALSE,Critical,4174,00d01h09m34,0
MAHOUT-1285,FALSE,FALSE,Major,11828106,136d21h35m06,0
MAHOUT-1284,TRUE,FALSE,Minor,1467068,16d23h31m08,1
MAHOUT-1287,FALSE,FALSE,Minor,732565,08d11h29m25,0
MAHOUT-1325,TRUE,FALSE,Minor,6059872,70d03h17m52,0
MAHOUT-1320,TRUE,FALSE,Minor,1675742,19d09h29m02,0
MAHOUT-461,FALSE,FALSE,Minor,1813654,20d23h47m34,0
MAHOUT-444,TRUE,FALSE,Major,5569434,64d11h03m54,0
MAHOUT-443,TRUE,FALSE,Major,5578899,64d13h41m39,0
MAHOUT-339,FALSE,FALSE,Critical,1384484,16d00h34m44,0
MAHOUT-727,FALSE,FALSE,Major,3799139,43d23h18m59,0
MAHOUT-1517,FALSE,FALSE,Major,55734,00d15h28m54,0
MAHOUT-1516,FALSE,FALSE,Minor,30044288,347d17h38m08,1
MAHOUT-723,FALSE,FALSE,Major,7175,00d01h59m35,0
MAHOUT-449,TRUE,FALSE,Major,5117624,59d05h33m44,0
MAHOUT-448,FALSE,FALSE,Major,146,00d00h02m26,0
MAHOUT-2018,FALSE,FALSE,Major,586076,06d18h47m56,0
MAHOUT-973,TRUE,FALSE,Major,5169355,59d19h55m55,0
MAHOUT-971,FALSE,FALSE,Major,342933,03d23h15m33,0
MAHOUT-2012,FALSE,FALSE,Major,1697567,19d15h32m47,0
MAHOUT-1807,FALSE,FALSE,Major,3055,00d00h50m55,0
MAHOUT-871,TRUE,FALSE,Major,2113832,24d11h10m32,0
MAHOUT-1960,FALSE,FALSE,Blocker,2840459,32d21h00m59,0
MAHOUT-11,TRUE,FALSE,Major,55641911,644d00h05m11,0
MAHOUT-1809,FALSE,FALSE,Blocker,551964,06d09h19m24,0
MAHOUT-1808,FALSE,FALSE,Trivial,2195,00d00h36m35,0
MAHOUT-1213,TRUE,FALSE,Minor,948335,10d23h25m35,0
MAHOUT-1358,TRUE,FALSE,Major,35823,00d09h57m03,0
MAHOUT-1217,TRUE,FALSE,Major,313678,03d15h07m58,0
MAHOUT-1602,FALSE,FALSE,Minor,20628702,238d18h11m42,0
MAHOUT-1357,FALSE,FALSE,Minor,1541,00d00h25m41,0
MAHOUT-203,FALSE,FALSE,Trivial,3926595,45d10h43m15,0
MAHOUT-48,FALSE,FALSE,Trivial,421481,04d21h04m41,0
MAHOUT-532,FALSE,FALSE,Major,118326,01d08h52m06,0
MAHOUT-534,FALSE,FALSE,Major,26710,00d07h25m10,0
MAHOUT-430,TRUE,FALSE,Minor,110815,01d06h46m55,1
MAHOUT-431,FALSE,FALSE,Major,107823,01d05h57m03,0
MAHOUT-436,FALSE,FALSE,Major,28191,00d07h49m51,0
MAHOUT-437,FALSE,FALSE,Minor,607,00d00h10m07,0
MAHOUT-434,TRUE,TRUE,Major,1522,00d00h25m22,0
MAHOUT-438,FALSE,FALSE,Trivial,34806,00d09h40m06,0
MAHOUT-439,FALSE,FALSE,Minor,34643,00d09h37m23,0
MAHOUT-380,FALSE,FALSE,Major,1851,00d00h30m51,0
MAHOUT-985,FALSE,FALSE,Minor,10228841,118d09h20m41,0
MAHOUT-82,FALSE,FALSE,Major,297336,03d10h35m36,0
MAHOUT-159,TRUE,FALSE,Critical,2427581,28d02h19m41,0
MAHOUT-152,FALSE,FALSE,Trivial,141,00d00h02m21,0
MAHOUT-659,FALSE,FALSE,Major,15083,00d04h11m23,0
MAHOUT-1105,FALSE,FALSE,Trivial,7264283,84d01h51m23,0
MAHOUT-1103,TRUE,FALSE,Major,19866291,229d22h24m51,0
MAHOUT-1100,TRUE,FALSE,Trivial,2401,00d00h40m01,0
MAHOUT-1101,FALSE,FALSE,Trivial,477,00d00h07m57,0
MAHOUT-1108,FALSE,FALSE,Minor,18531542,214d11h39m02,0
MAHOUT-1109,FALSE,FALSE,Major,1481,00d00h24m41,0
MAHOUT-1086,TRUE,FALSE,Major,1022849,11d20h07m29,0
MAHOUT-1084,FALSE,FALSE,Major,21804142,252d08h42m22,0
MAHOUT-1083,TRUE,FALSE,Major,116370,01d08h19m30,0
MAHOUT-1023,FALSE,FALSE,Minor,1409,00d00h23m29,0
MAHOUT-1771,FALSE,FALSE,Minor,54010,00d15h00m10,0
MAHOUT-1773,FALSE,FALSE,Trivial,90,00d00h01m30,0
MAHOUT-1772,FALSE,FALSE,Major,4734890,54d19h14m50,0
MAHOUT-1775,FALSE,FALSE,Trivial,339289,03d22h14m49,0
MAHOUT-1072,FALSE,FALSE,Major,1451132,16d19h05m32,0
MAHOUT-1073,FALSE,FALSE,Major,1449299,16d18h34m59,0
MAHOUT-1070,FALSE,FALSE,Minor,22024225,254d21h50m25,0
MAHOUT-1077,FALSE,FALSE,Major,9885059,114d09h50m59,0
MAHOUT-1075,FALSE,FALSE,Major,14606559,169d01h22m39,0
MAHOUT-1171,TRUE,FALSE,Major,5276,00d01h27m56,0
MAHOUT-1174,FALSE,FALSE,Major,11525,00d03h12m05,1
