BugID, #isArch, #isInduce, #Priority, #TimeSec, #Time, #Reopen
MNG-5314,FALSE,FALSE,Minor,57556,00d15h59m16,1
MNG-5312,FALSE,TRUE,Major,58394,00d16h13m14,1
MNG-5313,FALSE,FALSE,Trivial,57803,00d16h03m23,1
MNG-1658,FALSE,FALSE,Trivial,9277156,107d08h59m16,0
MNG-5096,FALSE,FALSE,Major,5928553,68d14h49m13,0
MNG-1499,FALSE,TRUE,Major,616477,07d03h14m37,0
MNG-874,FALSE,FALSE,Major,156458,01d19h27m38,0
MNG-4433,FALSE,FALSE,Major,8493,00d02h21m33,0
MNG-4651,TRUE,FALSE,Major,5177,00d01h26m17,0
MNG-508,FALSE,TRUE,Major,3528780,40d20h13m00,0
MNG-5796,FALSE,FALSE,Minor,2702094,31d06h34m54,0
MNG-5797,FALSE,FALSE,Major,2075766,24d00h36m06,0
MNG-5795,TRUE,FALSE,Major,239167,02d18h26m07,0
MNG-500,FALSE,FALSE,Major,3052,00d00h50m52,0
MNG-579,FALSE,FALSE,Minor,868793,10d01h19m53,0
MNG-5550,FALSE,FALSE,Major,110554,01d06h42m34,0
MNG-5003,TRUE,FALSE,Major,239999,02d18h39m59,0
MNG-3846,FALSE,FALSE,Minor,31097,00d08h38m17,0
MNG-5553,FALSE,FALSE,Major,3484107,40d07h48m27,1
MNG-5006,FALSE,FALSE,Major,1377826,15d22h43m46,0
MNG-1394,FALSE,FALSE,Major,1244914,14d09h48m34,0
MNG-5557,TRUE,FALSE,Major,65350,00d18h09m10,0
MNG-1011,TRUE,FALSE,Major,485696,05d14h54m56,0
MNG-5559,FALSE,FALSE,Major,1811,00d00h30m11,0
MNG-3921,FALSE,FALSE,Major,4883,00d01h21m23,0
MNG-5009,FALSE,FALSE,Major,45507,00d12h38m27,0
MNG-3927,FALSE,TRUE,Major,4114383,47d14h53m03,0
MNG-3925,FALSE,FALSE,Major,8143497,94d06h04m57,0
MNG-4536,FALSE,FALSE,Major,869853,10d01h37m33,0
MNG-5895,TRUE,TRUE,Major,46148151,534d02h55m51,0
MNG-5779,FALSE,FALSE,Critical,126033,01d11h00m33,0
MNG-5958,FALSE,FALSE,Minor,33931157,392d17h19m17,1
MNG-294,TRUE,FALSE,Major,5704866,66d00h41m06,1
MNG-5677,FALSE,FALSE,Major,366,00d00h06m06,0
MNG-5676,FALSE,FALSE,Major,3349404,38d18h23m24,0
MNG-2603,FALSE,FALSE,Major,163908,01d21h31m48,0
MNG-2276,FALSE,FALSE,Major,123200922,1425d22h28m42,0
MNG-2277,FALSE,TRUE,Major,46777685,541d09h48m05,0
MNG-5898,FALSE,FALSE,Major,2244981,25d23h36m21,1
MNG-1349,FALSE,FALSE,Trivial,100382042,1161d19h54m02,0
MNG-2829,FALSE,FALSE,Major,1055461,12d05h11m01,0
MNG-2174,FALSE,FALSE,Major,91076842,1054d03h07m22,0
MNG-5389,FALSE,FALSE,Major,36051324,417d06h15m24,0
MNG-2820,TRUE,FALSE,Major,1737,00d00h28m57,0
MNG-2988,TRUE,FALSE,Major,1798875,20d19h41m15,0
MNG-2178,FALSE,FALSE,Major,59115047,684d04h50m47,0
MNG-2827,FALSE,FALSE,Major,1137225,13d03h53m45,0
MNG-4350,FALSE,FALSE,Major,16981,00d04h43m01,0
MNG-614,TRUE,FALSE,Major,5876205,68d00h16m45,0
MNG-619,TRUE,FALSE,Major,11799,00d03h16m39,0
MNG-2408,TRUE,FALSE,Blocker,5732347,66d08h19m07,1
MNG-229,FALSE,FALSE,Major,11483510,132d21h51m50,1
MNG-598,TRUE,FALSE,Blocker,890581,10d07h23m01,0
MNG-5258,FALSE,FALSE,Major,206636,02d09h23m56,1
MNG-225,TRUE,FALSE,Major,1716142,19d20h42m22,0
MNG-5707,TRUE,FALSE,Minor,170510,01d23h21m50,0
MNG-592,TRUE,FALSE,Critical,2179415,25d05h23m35,0
MNG-5700,FALSE,FALSE,Major,266,00d00h04m26,0
MNG-5702,FALSE,FALSE,Minor,6196946,71d17h22m26,0
MNG-3621,FALSE,FALSE,Major,22449778,259d20h02m58,0
MNG-3622,FALSE,TRUE,Major,4289484,49d15h31m24,1
MNG-916,TRUE,FALSE,Major,57744734,668d08h12m14,1
MNG-914,FALSE,FALSE,Trivial,1695436,19d14h57m16,0
MNG-915,FALSE,FALSE,Major,896281,10d08h58m01,0
MNG-2098,FALSE,FALSE,Major,113331014,1311d16h50m14,0
MNG-6370,TRUE,FALSE,Trivial,178800,02d01h40m00,0
MNG-918,FALSE,FALSE,Trivial,152444,01d18h20m44,0
MNG-6372,FALSE,FALSE,Major,5908302,68d09h11m42,0
MNG-4106,TRUE,FALSE,Major,4500,00d01h15m00,0
MNG-2330,TRUE,FALSE,Major,23670649,273d23h10m49,0
MNG-2302,FALSE,FALSE,Major,6119625,70d19h53m45,0
MNG-3498,TRUE,FALSE,Major,5209168,60d06h59m28,0
MNG-2712,FALSE,FALSE,Major,2074090,24d00h08m10,1
MNG-6117,FALSE,FALSE,Major,5544127,64d04h02m07,1
MNG-2309,FALSE,TRUE,Major,535,00d00h08m55,0
MNG-2919,TRUE,FALSE,Critical,5632462,65d04h34m22,1
MNG-1979,FALSE,FALSE,Major,9303067,107d16h11m07,0
MNG-2871,FALSE,FALSE,Major,15051921,174d05h05m21,0
MNG-761,FALSE,FALSE,Major,363804,04d05h03m24,0
MNG-3654,FALSE,FALSE,Major,183111,02d02h51m51,0
MNG-825,TRUE,FALSE,Major,3395,00d00h56m35,0
MNG-3651,FALSE,FALSE,Major,520867,06d00h41m07,0
MNG-3719,FALSE,FALSE,Critical,25826587,298d22h03m07,1
MNG-3653,TRUE,FALSE,Major,7709367,89d05h29m27,0
MNG-766,TRUE,FALSE,Critical,154869,01d19h01m09,0
MNG-985,FALSE,FALSE,Major,485861,05d14h57m41,0
MNG-2780,FALSE,FALSE,Major,748,00d00h12m28,0
MNG-4773,FALSE,FALSE,Minor,1723,00d00h28m43,0
MNG-4772,FALSE,FALSE,Minor,2370,00d00h39m30,0
MNG-4771,FALSE,FALSE,Minor,11501,00d03h11m41,0
MNG-2088,FALSE,FALSE,Blocker,11769005,136d05h10m05,0
MNG-4776,TRUE,FALSE,Major,31021,00d08h37m01,0
MNG-4775,FALSE,FALSE,Minor,6896,00d01h54m56,0
MNG-5793,FALSE,FALSE,Major,3840,00d01h04m00,0
MNG-4779,FALSE,FALSE,Major,372189,04d07h23m09,0
MNG-967,FALSE,FALSE,Trivial,42043876,486d14h51m16,0
MNG-3027,TRUE,FALSE,Blocker,18953,00d05h15m53,0
MNG-2006,TRUE,FALSE,Blocker,2439292,28d05h34m52,1
MNG-6386,FALSE,TRUE,Major,3352512,38d19h15m12,0
MNG-490,FALSE,FALSE,Major,5881116,68d01h38m36,0
MNG-6382,FALSE,FALSE,Major,4728163,54d17h22m43,1
MNG-5877,TRUE,FALSE,Major,3132307,36d06h05m07,0
MNG-4274,TRUE,FALSE,Major,57939,00d16h05m39,0
MNG-4275,FALSE,FALSE,Minor,304039,03d12h27m19,0
MNG-4273,FALSE,FALSE,Major,531932,06d03h45m32,0
MNG-4385,FALSE,FALSE,Major,1576,00d00h26m16,0
MNG-2961,FALSE,FALSE,Minor,9656707,111d18h25m07,0
MNG-1443,FALSE,FALSE,Major,2594811,30d00h46m51,0
MNG-4500,FALSE,FALSE,Major,182998,02d02h49m58,0
MNG-4116,FALSE,FALSE,Minor,2509,00d00h41m49,0
MNG-1022,FALSE,FALSE,Major,16698,00d04h38m18,0
MNG-1751,FALSE,FALSE,Major,137062112,1586d08h48m32,0
MNG-406,TRUE,FALSE,Major,150620,01d17h50m20,0
MNG-1007,FALSE,FALSE,Major,280623,03d05h57m03,0
MNG-4509,FALSE,FALSE,Major,43236,00d12h00m36,0
MNG-4973,FALSE,FALSE,Major,161855,01d20h57m35,0
MNG-4055,FALSE,FALSE,Major,17807841,206d02h37m21,0
MNG-4975,FALSE,FALSE,Major,132052,01d12h40m52,0
MNG-4053,TRUE,FALSE,Major,2232044,25d20h00m44,0
MNG-4050,FALSE,FALSE,Major,6900655,79d20h50m55,0
MNG-467,TRUE,FALSE,Major,793688,09d04h28m08,0
MNG-4874,FALSE,FALSE,Major,691508,08d00h05m08,0
MNG-4877,FALSE,FALSE,Major,470225,05d10h37m05,1
MNG-6653,FALSE,FALSE,Minor,6937044,80d06h57m24,0
MNG-546,FALSE,FALSE,Major,582400,06d17h46m40,0
MNG-541,FALSE,FALSE,Major,339,00d00h05m39,0
MNG-6127,FALSE,FALSE,Major,22892115,264d22h55m15,1
MNG-5456,TRUE,FALSE,Critical,102222,01d04h23m42,0
MNG-3885,TRUE,FALSE,Major,4588289,53d02h31m29,0
MNG-3886,FALSE,FALSE,Minor,4703263,54d10h27m43,0
MNG-3887,FALSE,FALSE,Major,4699999,54d09h33m19,0
MNG-6559,FALSE,FALSE,Minor,264388,03d01h26m28,0
MNG-6558,TRUE,FALSE,Major,1489999,17d05h53m19,0
MNG-5459,TRUE,FALSE,Major,12398049,143d11h54m09,0
MNG-5000,FALSE,FALSE,Major,1722595,19d22h29m55,1
MNG-5513,FALSE,FALSE,Major,1306446,15d02h54m06,0
MNG-1055,TRUE,FALSE,Major,409599,04d17h46m39,0
MNG-4574,FALSE,FALSE,Major,1109648,12d20h14m08,1
MNG-3965,FALSE,FALSE,Major,1367529,15d19h52m09,0
MNG-1056,FALSE,FALSE,Major,408124,04d17h22m04,0
MNG-4571,TRUE,FALSE,Major,200738,02d07h45m38,1
MNG-4570,TRUE,FALSE,Major,343816,03d23h30m16,0
MNG-3961,FALSE,FALSE,Major,298350,03d10h52m30,0
MNG-3960,FALSE,FALSE,Major,541976,06d06h32m56,0
MNG-4474,FALSE,FALSE,Major,61615,00d17h06m55,0
MNG-4475,FALSE,FALSE,Major,25464,00d07h04m24,0
MNG-4470,FALSE,FALSE,Major,7679,00d02h07m59,0
MNG-4472,FALSE,FALSE,Minor,48365,00d13h26m05,0
MNG-5224,TRUE,FALSE,Major,106171,01d05h29m31,0
MNG-5225,FALSE,FALSE,Major,1087,00d00h18m07,0
MNG-2503,FALSE,FALSE,Minor,25062300,290d01h45m00,0
MNG-478,FALSE,FALSE,Major,6127544,70d22h05m44,0
MNG-2136,FALSE,FALSE,Blocker,184685,02d03h18m05,0
MNG-3843,FALSE,FALSE,Major,693620,08d00h40m20,0
MNG-1233,TRUE,FALSE,Major,22517,00d06h15m17,0
MNG-2341,FALSE,FALSE,Major,13224583,153d01h29m43,0
MNG-790,FALSE,FALSE,Major,63554,00d17h39m14,0
MNG-1335,TRUE,FALSE,Major,486353,05d15h05m53,0
MNG-6233,FALSE,FALSE,Major,781329,09d01h02m09,0
MNG-2860,TRUE,FALSE,Minor,7559214,87d11h46m54,0
MNG-1620,FALSE,FALSE,Minor,70517,00d19h35m17,0
MNG-1333,FALSE,FALSE,Major,20349479,235d12h37m59,0
MNG-4592,FALSE,FALSE,Major,15330530,177d10h28m50,0
MNG-4590,FALSE,FALSE,Major,40542,00d11h15m42,1
MNG-6149,FALSE,FALSE,Major,9333473,108d00h37m53,0
MNG-260,FALSE,FALSE,Major,407501,04d17h11m41,0
MNG-261,FALSE,FALSE,Trivial,5826737,67d10h32m17,0
MNG-1122,TRUE,FALSE,Major,348050,04d00h40m50,0
MNG-4987,FALSE,FALSE,Major,2950176,34d03h29m36,0
MNG-689,FALSE,FALSE,Major,659561,07d15h12m41,1
MNG-4982,FALSE,FALSE,Major,3323544,38d11h12m24,0
MNG-1249,TRUE,FALSE,Minor,307132,03d13h18m52,0
MNG-6723,FALSE,FALSE,Major,187105,02d03h58m25,0
MNG-6720,FALSE,FALSE,Major,597049,06d21h50m49,0
MNG-3819,FALSE,FALSE,Major,30105059,348d10h30m59,1
MNG-4695,FALSE,FALSE,Major,5595,00d01h33m15,0
MNG-4696,TRUE,FALSE,Major,11016,00d03h03m36,0
MNG-1041,FALSE,TRUE,Major,379342,04d09h22m22,0
MNG-493,FALSE,FALSE,Major,97480,01d03h04m40,0
MNG-3811,FALSE,FALSE,Minor,10176192,117d18h43m12,0
MNG-3924,FALSE,FALSE,Blocker,44379,00d12h19m39,0
MNG-496,TRUE,FALSE,Major,64242,00d17h50m42,0
MNG-835,TRUE,FALSE,Major,672635,07d18h50m35,1
MNG-3814,TRUE,FALSE,Major,23216745,268d17h05m45,0
MNG-5648,FALSE,FALSE,Major,656,00d00h10m56,0
MNG-6205,FALSE,TRUE,Major,3043499,35d05h24m59,0
MNG-2619,FALSE,FALSE,Major,19470577,225d08h29m37,0
MNG-6330,FALSE,FALSE,Critical,238233,02d18h10m33,0
MNG-5053,FALSE,FALSE,Minor,51924669,600d23h31m09,0
MNG-818,TRUE,FALSE,Major,2848311,32d23h11m51,0
MNG-817,TRUE,FALSE,Major,2335488,27d00h44m48,1
MNG-816,TRUE,FALSE,Major,2867709,33d04h35m09,0
MNG-815,FALSE,FALSE,Major,1100046,12d17h34m06,0
MNG-2347,FALSE,FALSE,Major,30968834,358d10h27m14,0
MNG-5645,FALSE,FALSE,Trivial,196500,02d06h35m00,0
MNG-811,FALSE,FALSE,Major,252989,02d22h16m29,0
MNG-5647,FALSE,FALSE,Minor,9517,00d02h38m37,0
MNG-2591,FALSE,FALSE,Blocker,21191730,245d06h35m30,0
MNG-2222,TRUE,FALSE,Major,124865396,1445d04h49m56,0
MNG-2221,FALSE,FALSE,Critical,7960789,92d03h19m49,0
MNG-5907,TRUE,FALSE,Major,227883,02d15h18m03,0
MNG-1529,FALSE,FALSE,Major,2809502,32d12h25m02,0
MNG-5891,FALSE,FALSE,Major,17492,00d04h51m32,0
MNG-2228,TRUE,FALSE,Blocker,22750846,263d07h40m46,1
MNG-2186,FALSE,FALSE,Critical,101541,01d04h12m21,0
MNG-1245,FALSE,TRUE,Major,22406823,259d08h07m03,0
MNG-1246,FALSE,FALSE,Major,387980,04d11h46m20,0
MNG-2813,FALSE,FALSE,Critical,9837451,113d20h37m31,0
MNG-297,FALSE,FALSE,Major,57047,00d15h50m47,0
MNG-722,FALSE,FALSE,Major,479852,05d13h17m32,0
MNG-2819,FALSE,FALSE,Major,57,00d00h00m57,0
MNG-729,TRUE,FALSE,Major,741641,08d14h00m41,1
MNG-4526,TRUE,FALSE,Major,1564169,18d02h29m29,0
MNG-869,FALSE,FALSE,Minor,787129,09d02h38m49,0
MNG-5638,TRUE,FALSE,Major,1688407,19d13h00m07,0
MNG-316,FALSE,FALSE,Major,425952,04d22h19m12,0
MNG-861,FALSE,FALSE,Major,98588,01d03h23m08,0
MNG-4565,FALSE,FALSE,Major,135959957,1573d14h39m17,0
MNG-3106,TRUE,FALSE,Major,26564852,307d11h07m32,0
MNG-3260,TRUE,TRUE,Major,57754364,668d10h52m44,0
MNG-885,FALSE,FALSE,Major,1089409,12d14h36m49,0
MNG-929,FALSE,FALSE,Major,37316,00d10h21m56,0
MNG-3265,FALSE,FALSE,Major,53615400,620d13h10m00,1
MNG-3266,FALSE,FALSE,Minor,68600181,793d23h36m21,0
MNG-5836,FALSE,FALSE,Major,51748253,598d22h30m53,1
MNG-4231,TRUE,FALSE,Major,1966797,22d18h19m57,0
MNG-5670,TRUE,FALSE,Major,78616075,909d21h47m55,1
MNG-6176,TRUE,FALSE,Minor,1978794,22d21h39m54,0
MNG-772,FALSE,FALSE,Major,61495,00d17h04m55,0
MNG-4238,FALSE,FALSE,Major,465,00d00h07m45,0
MNG-4239,FALSE,FALSE,Major,3417,00d00h56m57,0
MNG-3585,FALSE,FALSE,Major,6963256,80d14h14m16,0
MNG-2925,FALSE,FALSE,Major,24071289,278d14h28m09,0
MNG-2926,FALSE,FALSE,Major,322945,03d17h42m25,0
MNG-3586,FALSE,FALSE,Major,20250307,234d09h05m07,1
MNG-2921,FALSE,FALSE,Blocker,5048484,58d10h21m24,0
MNG-2923,FALSE,FALSE,None,5378736,62d06h05m36,1
MNG-3664,FALSE,FALSE,Minor,11594861,134d04h47m41,0
MNG-2880,FALSE,FALSE,Major,1889565,21d20h52m45,0
MNG-3194,TRUE,FALSE,Blocker,2922956,33d19h55m56,0
MNG-1415,FALSE,FALSE,Critical,10262460,118d18h41m00,0
MNG-5965,TRUE,TRUE,Major,92438578,1069d21h22m58,0
MNG-4788,TRUE,FALSE,Major,613064,07d02h17m44,0
MNG-4789,FALSE,FALSE,Major,993291,11d11h54m51,0
MNG-4427,TRUE,FALSE,Minor,43620,00d12h07m00,0
MNG-4426,FALSE,FALSE,Major,123635,01d10h20m35,1
MNG-4933,FALSE,FALSE,Major,1822262,21d02h11m02,0
MNG-4396,FALSE,FALSE,Major,221767,02d13h36m07,0
MNG-4834,TRUE,FALSE,Minor,180868,02d02h14m28,1
MNG-4836,FALSE,FALSE,Major,13916,00d03h51m56,0
MNG-4837,FALSE,FALSE,Minor,143,00d00h02m23,0
MNG-4786,FALSE,FALSE,Major,28764,00d07h59m24,0
MNG-4832,FALSE,FALSE,Blocker,177382,02d01h16m22,0
MNG-4785,FALSE,FALSE,Major,853769,09d21h09m29,0
MNG-6166,FALSE,FALSE,Major,258856,02d23h54m16,0
MNG-3400,TRUE,FALSE,Major,3012,00d00h50m12,0
MNG-3401,FALSE,FALSE,Major,41524311,480d14h31m51,0
MNG-5961,FALSE,FALSE,Major,33630824,389d05h53m44,1
MNG-420,TRUE,FALSE,Major,9677481,112d00h11m21,1
MNG-6168,FALSE,FALSE,Major,3576375,41d09h26m15,0
MNG-1372,FALSE,FALSE,Major,190807,02d05h00m07,0
MNG-424,FALSE,FALSE,Minor,11675,00d03h14m35,0
MNG-1999,FALSE,FALSE,Major,86359540,999d12h45m40,1
MNG-2254,FALSE,TRUE,Major,46308462,535d23h27m42,0
MNG-3813,FALSE,TRUE,Major,956076,11d01h34m36,0
MNG-5747,FALSE,FALSE,Minor,410,00d00h06m50,0
MNG-4321,FALSE,FALSE,Major,5219,00d01h26m59,0
MNG-5962,FALSE,TRUE,Minor,33081610,382d21h20m10,1
MNG-6198,FALSE,FALSE,Major,397492,04d14h24m52,0
MNG-4304,TRUE,FALSE,Major,2514,00d00h41m54,0
MNG-4305,TRUE,FALSE,Major,1659,00d00h27m39,0
MNG-4738,TRUE,TRUE,Minor,325466,03d18h24m26,0
MNG-6190,FALSE,FALSE,Major,66765,00d18h32m45,0
MNG-6192,FALSE,FALSE,Major,11516,00d03h11m56,0
MNG-6195,FALSE,FALSE,Major,597773,06d22h02m53,0
MNG-2560,TRUE,FALSE,Major,1737732,20d02h42m12,0
MNG-5064,FALSE,TRUE,Critical,9082483,105d02h54m43,0
MNG-4454,TRUE,FALSE,Minor,7949,00d02h12m29,0
MNG-3997,FALSE,FALSE,Major,4447,00d01h14m07,0
MNG-4166,FALSE,FALSE,Major,1329962,15d09h26m02,0
MNG-1703,FALSE,FALSE,Major,7243209,83d20h00m09,0
MNG-4648,FALSE,FALSE,Major,6273,00d01h44m33,0
MNG-4941,FALSE,FALSE,Major,118,00d00h01m58,0
MNG-515,FALSE,FALSE,Major,360,00d00h06m00,0
MNG-513,TRUE,FALSE,Major,1591882,18d10h11m22,0
MNG-510,FALSE,FALSE,Major,2571,00d00h42m51,0
MNG-3310,FALSE,FALSE,Major,2591810,29d23h56m50,0
MNG-6760,FALSE,FALSE,Major,13758,00d03h49m18,0
MNG-4495,FALSE,FALSE,Major,859,00d00h14m19,0
MNG-3316,FALSE,FALSE,Blocker,6380297,73d20h18m17,0
MNG-692,TRUE,FALSE,Blocker,5116,00d01h25m16,0
MNG-5787,FALSE,FALSE,Blocker,17274163,199d22h22m43,0
MNG-5783,TRUE,FALSE,Critical,51545,00d14h19m05,0
MNG-781,FALSE,FALSE,Major,3008671,34d19h44m31,0
MNG-5014,FALSE,FALSE,Major,3549,00d00h59m09,0
MNG-5016,FALSE,FALSE,Major,55188664,638d18h11m04,1
MNG-3853,FALSE,FALSE,Major,6889349,79d17h42m29,0
MNG-3919,TRUE,FALSE,Minor,4242872,49d02h34m32,0
MNG-4544,FALSE,FALSE,Major,165843,01d22h04m03,0
MNG-4013,TRUE,FALSE,Major,14343,00d03h59m03,0
MNG-4010,TRUE,FALSE,Major,3580,00d00h59m40,0
MNG-5019,FALSE,FALSE,Major,231171,02d16h12m51,0
MNG-4542,TRUE,FALSE,Major,271,00d00h04m31,0
MNG-4543,FALSE,TRUE,Major,1716,00d00h28m36,0
MNG-5605,FALSE,FALSE,Blocker,34172232,395d12h17m12,1
MNG-5762,TRUE,FALSE,Major,80,00d00h01m20,0
MNG-285,TRUE,FALSE,Major,323401,03d17h50m01,0
MNG-282,TRUE,FALSE,Blocker,9901706,114d14h28m26,0
MNG-5766,TRUE,FALSE,Major,3531,00d00h58m51,0
MNG-2146,FALSE,FALSE,Major,4807891,55d15h31m31,0
MNG-2994,TRUE,FALSE,Major,91257275,1056d05h14m35,0
MNG-2145,TRUE,FALSE,Blocker,59793907,692d01h25m07,0
MNG-3998,FALSE,FALSE,Major,277300,03d05h01m40,0
MNG-1363,FALSE,FALSE,Major,1382026,15d23h53m46,1
MNG-789,FALSE,FALSE,Major,536,00d00h08m56,0
MNG-602,FALSE,FALSE,Major,124767,01d10h39m27,0
MNG-473,TRUE,FALSE,Major,74811,00d20h46m51,0
MNG-608,FALSE,FALSE,Critical,1888216,21d20h30m16,0
MNG-5261,FALSE,FALSE,Major,21934601,253d20h56m41,0
MNG-3680,FALSE,FALSE,Major,85220,00d23h40m20,0
MNG-2083,TRUE,FALSE,Blocker,337199,03d21h39m59,1
MNG-4269,FALSE,FALSE,Critical,3146,00d00h52m26,0
MNG-2729,FALSE,FALSE,Major,7544,00d02h05m44,0
MNG-3141,FALSE,FALSE,Major,1089577,12d14h39m37,0
MNG-6305,FALSE,FALSE,Major,3985719,46d03h08m39,0
MNG-2720,FALSE,FALSE,Major,66750093,772d13h41m33,0
MNG-5113,FALSE,FALSE,Major,4307319,49d20h28m39,0
MNG-6300,TRUE,FALSE,Critical,4163962,48d04h39m22,0
MNG-6261,TRUE,FALSE,Minor,46092120,533d11h22m00,0
MNG-1849,FALSE,FALSE,Major,46008162,532d12h02m42,0
MNG-5280,FALSE,FALSE,Major,9137254,105d18h07m34,0
MNG-2648,FALSE,FALSE,Major,12358638,143d00h57m18,0
MNG-2318,FALSE,FALSE,Critical,66405176,768d13h52m56,0
MNG-226,TRUE,TRUE,Critical,10395797,120d07h43m17,1
MRM-4,FALSE,FALSE,Major,2149857,24d21h10m57,0
MRM-5,TRUE,FALSE,Major,2530990,29d07h03m10,0
MRM-1,TRUE,FALSE,Major,1104721,12d18h52m01,0
MRM-3,TRUE,FALSE,Major,1137009,13d03h50m09,0
MNG-4180,TRUE,FALSE,Major,1161433,13d10h37m13,0
MNG-593,FALSE,FALSE,Critical,618943,07d03h55m43,0
MNG-677,FALSE,FALSE,Minor,5260449,60d21h14m09,0
MNG-372,FALSE,FALSE,Major,172686,01d23h58m06,1
MNG-851,FALSE,FALSE,Blocker,357258,04d03h14m18,1
MNG-674,FALSE,FALSE,Major,1195054,13d19h57m34,0
MNG-373,FALSE,FALSE,Major,102722,01d04h32m02,0
MNG-5164,FALSE,TRUE,Minor,904229,10d11h10m29,0
MNG-2793,FALSE,FALSE,Critical,3838228,44d10h10m28,0
MNG-773,TRUE,FALSE,Blocker,174990,02d00h36m30,0
MNG-5163,FALSE,FALSE,Major,910745,10d12h59m05,0
MNG-2790,FALSE,FALSE,Major,1735,00d00h28m55,0
MNG-3039,FALSE,FALSE,Blocker,49797,00d13h49m57,1
MNG-4747,FALSE,FALSE,Blocker,201058,02d07h50m58,1
MNG-4262,FALSE,FALSE,Minor,1700,00d00h28m20,0
MNG-4291,TRUE,FALSE,Major,5620,00d01h33m40,0
MNG-4740,FALSE,FALSE,Major,123636,01d10h20m36,0
MNG-913,TRUE,FALSE,Major,829966,09d14h32m46,0
MNG-291,TRUE,FALSE,Major,91861,01d01h31m01,0
MNG-838,TRUE,FALSE,Minor,2720875,31d11h47m55,0
MNG-3037,FALSE,FALSE,Minor,3441,00d00h57m21,0
MNG-6410,TRUE,FALSE,Minor,801767,09d06h42m47,0
MNG-3131,TRUE,FALSE,Major,176086046,2038d00h47m26,1
MNG-3133,TRUE,FALSE,Critical,83918662,971d06h44m22,0
MNG-3134,FALSE,FALSE,Critical,774039,08d23h00m39,0
MNG-6415,TRUE,FALSE,Major,10829293,125d08h08m13,0
MNG-2037,FALSE,FALSE,Blocker,1128753,13d01h32m33,1
MNG-3682,FALSE,FALSE,Minor,15595,00d04h19m55,0
MNG-3529,FALSE,FALSE,Trivial,61498157,711d18h49m17,0
MNG-4342,TRUE,FALSE,Major,157315,01d19h41m55,0
MNG-4343,TRUE,FALSE,Major,927646,10d17h40m46,0
MNG-4341,FALSE,FALSE,Major,18419,00d05h06m59,0
MNG-4344,FALSE,FALSE,Major,64912,00d18h01m52,0
MNG-4345,TRUE,FALSE,Major,11361,00d03h09m21,1
MNG-4348,FALSE,FALSE,Major,4368,00d01h12m48,0
MNG-4349,FALSE,FALSE,Major,4330,00d01h12m10,0
MNG-5840,TRUE,FALSE,Major,3155,00d00h52m35,0
MNG-4266,TRUE,FALSE,Blocker,38413,00d10h40m13,0
MNG-5005,FALSE,FALSE,Minor,536,00d00h08m56,0
MNG-3012,FALSE,FALSE,Blocker,396989,04d14h16m29,0
MNG-3845,FALSE,FALSE,Major,638131,07d09h15m31,0
MNG-1033,TRUE,FALSE,Major,219363,02d12h56m03,0
MNG-1032,TRUE,FALSE,Major,219293,02d12h54m53,0
MNG-4511,TRUE,FALSE,Major,1988,00d00h33m08,0
MNG-4328,FALSE,FALSE,Major,1490518,17d06h01m58,0
MNG-1424,FALSE,FALSE,Critical,896528,10d09h02m08,0
MNG-6242,FALSE,FALSE,Minor,9844441,113d22h34m01,0
MNG-4518,FALSE,FALSE,Major,161,00d00h02m41,0
MNG-4900,FALSE,FALSE,Major,66989,00d18h36m29,0
MNG-3354,FALSE,FALSE,Major,2358892,27d07h14m52,0
MNG-3355,TRUE,FALSE,Major,5581600,64d14h26m40,0
MNG-558,FALSE,FALSE,Critical,1108688,12d19h58m08,0
MNG-410,FALSE,FALSE,Major,8692926,100d14h42m06,0
MNG-4867,FALSE,FALSE,Major,11137,00d03h05m37,0
MNG-4866,TRUE,FALSE,Major,586,00d00h09m46,0
MNG-4864,FALSE,FALSE,Major,329382,03d19h29m42,0
MNG-6644,FALSE,FALSE,Major,1044655,12d02h10m55,1
MNG-6642,TRUE,FALSE,Major,512100,05d22h15m00,0
MNG-3803,FALSE,FALSE,Minor,8658821,100d05h13m41,0
MNG-5509,TRUE,FALSE,Critical,6679,00d01h51m19,0
MNG-4197,TRUE,FALSE,Blocker,4678074,54d03h27m54,0
MNG-6090,TRUE,FALSE,Major,15572672,180d05h44m32,0
MNG-3899,FALSE,FALSE,Minor,3809,00d01h03m29,0
MNG-3898,FALSE,FALSE,Major,689,00d00h11m29,0
MNG-5503,TRUE,FALSE,Blocker,2091935,24d05h05m35,0
MNG-6529,FALSE,FALSE,Critical,2491113,28d19h58m33,0
MNG-4191,FALSE,FALSE,Major,1021756,11d19h49m16,0
MNG-5500,FALSE,FALSE,Trivial,297,00d00h04m57,0
MNG-560,FALSE,FALSE,Major,5622832,65d01h53m52,0
MNG-4469,TRUE,FALSE,Major,1129289,13d01h41m29,0
MNG-1108,FALSE,FALSE,Major,91682,01d01h28m02,0
MNG-1107,FALSE,FALSE,Blocker,10983,00d03h03m03,0
MNG-4466,FALSE,FALSE,Major,2520,00d00h42m00,0
MNG-4465,FALSE,FALSE,Major,13029,00d03h37m09,0
MNG-1804,TRUE,FALSE,Major,60003,00d16h40m03,0
MNG-4461,TRUE,FALSE,Minor,1788,00d00h29m48,0
MNG-5727,FALSE,FALSE,Major,27356325,316d14h58m45,0
MNG-4041,TRUE,FALSE,Major,9286408,107d11h33m28,0
MNG-565,FALSE,FALSE,Major,68806,00d19h06m46,0
MNG-5721,FALSE,FALSE,Minor,29225877,338d06h17m57,0
MNG-4512,FALSE,FALSE,Major,66579,00d18h29m39,0
MNG-1630,FALSE,FALSE,Major,1445575,16d17h32m55,0
MNG-4632,FALSE,FALSE,Major,19873,00d05h31m13,0
MNG-247,FALSE,FALSE,Minor,15585081,180d09h11m21,0
MNG-4489,TRUE,FALSE,Major,3218,00d00h53m38,0
MNG-1323,TRUE,TRUE,Major,97660882,1130d08h01m22,1
MNG-1088,TRUE,FALSE,Major,122463,01d10h01m03,0
MNG-1320,FALSE,TRUE,Major,1211637,14d00h33m57,0
MNG-4410,FALSE,FALSE,Minor,4573,00d01h16m13,0
MNG-3831,FALSE,FALSE,Major,1964,00d00h32m44,0
MNG-4190,TRUE,FALSE,Major,1110616,12d20h30m16,0
MNG-258,FALSE,FALSE,Major,68373,00d18h59m33,0
MNG-4991,TRUE,FALSE,Major,2876447,33d07h00m47,0
MNG-4990,TRUE,FALSE,Major,2869887,33d05h11m27,0
MNG-255,FALSE,FALSE,Major,87298,01d00h14m58,0
MNG-6631,FALSE,FALSE,Major,1411216,16d08h00m16,0
MNG-6632,FALSE,FALSE,Major,1411138,16d07h58m58,0
MNG-6633,TRUE,FALSE,Major,3796751,43d22h39m11,0
MNG-522,FALSE,FALSE,Major,4352,00d01h12m32,0
MNG-6636,FALSE,FALSE,Major,1394733,16d03h25m33,0
MNG-520,FALSE,FALSE,Major,255535,02d22h58m55,0
MNG-2425,FALSE,FALSE,Major,339260,03d22h14m20,0
MNG-4682,FALSE,FALSE,Major,2608628,30d04h37m08,0
MNG-4129,FALSE,FALSE,Critical,3574728,41d08h58m48,1
MNG-4684,FALSE,FALSE,Major,10797,00d02h59m57,0
MNG-480,FALSE,FALSE,Major,412658,04d18h37m38,1
MNG-3827,TRUE,TRUE,Major,254465,02d22h41m05,0
MNG-482,TRUE,FALSE,Major,2455568,28d10h06m08,0
MNG-483,TRUE,FALSE,Blocker,5308185,61d10h29m45,1
MNG-5349,FALSE,FALSE,Minor,56531284,654d07h08m04,0
MNG-486,FALSE,FALSE,Major,1250,00d00h20m50,0
MNG-5023,FALSE,FALSE,Minor,124343,01d10h32m23,0
MNG-5155,FALSE,FALSE,Major,517467,05d23h44m27,0
MNG-5157,FALSE,FALSE,Major,4348,00d01h12m28,0
MNG-5153,FALSE,FALSE,Major,2949,00d00h49m09,1
MNG-2605,FALSE,FALSE,Major,71354169,825d20h36m09,0
MNG-6223,FALSE,TRUE,Minor,871386,10d02h03m06,0
MNG-5655,TRUE,FALSE,Major,999,00d00h16m39,0
MNG-3930,FALSE,FALSE,Major,46245,00d12h50m45,0
MNG-1884,TRUE,FALSE,Major,21184722,245d04h38m42,0
MNG-5935,FALSE,TRUE,Major,46294762,535d19h39m22,2
MNG-1205,FALSE,FALSE,Major,2308637,26d17h17m17,0
MNG-1927,TRUE,FALSE,Blocker,709625,08d05h07m05,0
MNG-5131,FALSE,FALSE,Major,1278020,14d19h00m20,0
MNG-1559,FALSE,FALSE,Minor,1236112,14d07h21m52,0
MNG-767,TRUE,FALSE,Major,2790469,32d07h07m49,0
MNG-737,FALSE,FALSE,Trivial,373,00d00h06m13,0
MNG-2809,TRUE,FALSE,Major,29170507,337d14h55m07,0
MNG-739,FALSE,FALSE,Major,182667,02d02h44m27,1
MNG-4895,TRUE,FALSE,Major,119971,01d09h19m31,0
MNG-3973,FALSE,FALSE,Major,1261827,14d14h30m27,0
MNG-2692,FALSE,TRUE,Major,2244112,25d23h21m52,0
MNG-328,FALSE,FALSE,Critical,74965,00d20h49m25,0
MNG-639,TRUE,FALSE,Critical,3484288,40d07h51m28,0
MNG-5687,TRUE,FALSE,Major,170,00d00h02m50,0
MNG-3863,FALSE,FALSE,Minor,649890,07d12h31m30,1
MNG-633,FALSE,FALSE,Major,427203,04d22h40m03,0
MNG-5233,FALSE,FALSE,Major,1229,00d00h20m29,0
MNG-599,FALSE,FALSE,Major,846601,09d19h10m01,0
MNG-326,FALSE,FALSE,Critical,8580350,99d07h25m50,0
MNG-2690,FALSE,FALSE,Major,70075757,811d01h29m17,0
MNG-2078,FALSE,TRUE,Major,416151,04d19h35m51,0
MNG-1898,TRUE,FALSE,Blocker,31882776,369d00h19m36,1
MNG-6599,FALSE,FALSE,Major,1534194,17d18h09m54,0
MNG-4393,TRUE,FALSE,Major,8929,00d02h28m49,0
MNG-3272,FALSE,FALSE,Blocker,11432,00d03h10m32,0
MNG-6298,FALSE,FALSE,Critical,6830817,79d01h26m57,0
MNG-1207,FALSE,FALSE,Blocker,465703,05d09h21m43,0
MNG-931,FALSE,FALSE,Major,650,00d00h10m50,0
MNG-6358,FALSE,FALSE,Minor,18588239,215d03h23m59,0
MNG-6296,FALSE,TRUE,Major,2299324,26d14h42m04,0
MNG-936,FALSE,FALSE,Minor,724415,08d09h13m35,0
MNG-2281,FALSE,FALSE,Major,116709647,1350d19h20m47,0
MNG-4227,FALSE,FALSE,Minor,10501,00d02h55m01,0
MNG-2282,FALSE,FALSE,Blocker,634260,07d08h11m00,1
MNG-5418,FALSE,FALSE,Major,1725754,19d23h22m34,0
MNG-1412,TRUE,TRUE,Major,70999782,821d18h09m42,1
MNG-3365,FALSE,FALSE,Major,664,00d00h11m04,0
MNG-2935,TRUE,FALSE,Minor,12966037,150d01h40m37,0
MNG-2934,FALSE,FALSE,None,5192175,60d02h16m15,1
MNG-3679,FALSE,FALSE,Major,7943,00d02h12m23,0
MNG-3677,TRUE,FALSE,Major,6182386,71d13h19m46,0
MNG-4009,TRUE,TRUE,Major,793832,09d04h30m32,0
MNG-4429,FALSE,FALSE,Major,56130,00d15h35m30,0
MNG-3904,FALSE,TRUE,Major,93731,01d02h02m11,0
MNG-4416,FALSE,FALSE,Major,2921,00d00h48m41,0
MNG-3391,TRUE,FALSE,Blocker,49318321,570d19h32m01,1
MNG-3392,FALSE,FALSE,Minor,20370950,235d18h35m50,0
MNG-4415,FALSE,FALSE,Major,35770,00d09h56m10,0
MNG-4413,TRUE,FALSE,Major,235289,02d17h21m29,0
MNG-4829,FALSE,FALSE,Major,2008,00d00h33m28,0
MNG-4411,FALSE,FALSE,Minor,4189,00d01h09m49,0
MNG-4795,TRUE,FALSE,Major,609677,07d01h21m17,0
MNG-4794,FALSE,FALSE,Blocker,2004723,23d04h52m03,1
MNG-4791,FALSE,FALSE,Minor,2889,00d00h48m09,0
MNG-4418,FALSE,FALSE,Minor,13076719,151d08h25m19,0
MNG-6177,FALSE,FALSE,Critical,145,00d00h02m25,0
MNG-2784,FALSE,FALSE,Critical,11605147,134d07h39m07,0
MNG-1232,FALSE,FALSE,Critical,1278782,14d19h13m02,1
MNG-6173,TRUE,FALSE,Major,1268568,14d16h22m48,0
MNG-6171,FALSE,FALSE,Major,533365,06d04h09m25,0
MNG-6170,FALSE,FALSE,Major,2428985,28d02h43m05,0
MNG-4007,FALSE,FALSE,Minor,6708,00d01h51m48,0
MNG-820,FALSE,FALSE,Blocker,2134975,24d17h02m55,0
MNG-4318,FALSE,FALSE,Major,34756,00d09h39m16,0
MNG-3995,FALSE,FALSE,Major,1419928,16d10h25m28,0
MNG-4199,TRUE,FALSE,Major,4781,00d01h19m41,0
MNG-3991,FALSE,TRUE,Minor,19454108,225d03h55m08,0
MNG-1073,TRUE,FALSE,Major,1942,00d00h32m22,0
MNG-4313,TRUE,FALSE,Trivial,131,00d00h02m11,0
MNG-4312,FALSE,TRUE,Major,12243,00d03h24m03,0
MNG-4314,FALSE,FALSE,Major,258214,02d23h43m34,0
MNG-4317,TRUE,FALSE,Major,6294,00d01h44m54,0
MNG-4196,TRUE,FALSE,Major,3206,00d00h53m26,0
MNG-3484,FALSE,FALSE,Major,1394,00d00h23m14,0
MNG-3482,TRUE,FALSE,Major,1898361,21d23h19m21,0
MNG-3483,TRUE,FALSE,Major,45178266,522d21h31m06,0
MNG-4078,FALSE,FALSE,Major,276948,03d04h55m48,0
MNG-1677,FALSE,FALSE,Major,5421801,62d18h03m21,0
MNG-4172,FALSE,FALSE,Minor,1728,00d00h28m48,0
MNG-5075,TRUE,FALSE,Major,85456335,989d01h52m15,0
MNG-4070,FALSE,FALSE,Minor,181050,02d02h17m30,0
MNG-4072,FALSE,FALSE,Major,174493,02d00h28m13,0
MNG-4952,TRUE,FALSE,Major,966986,11d04h36m26,0
MNG-561,FALSE,FALSE,Major,268579,03d02h36m19,0
MNG-4482,TRUE,FALSE,Major,10467,00d02h54m27,0
MNG-567,FALSE,FALSE,Major,878374,10d03h59m34,0
MNG-4956,FALSE,FALSE,Major,3863372,44d17h09m32,0
MNG-4955,FALSE,FALSE,Major,511981,05d22h13m01,0
MNG-564,FALSE,FALSE,Major,72438,00d20h07m18,0
MNG-4892,TRUE,FALSE,Minor,732,00d00h12m12,0
MNG-4488,TRUE,FALSE,Major,5975,00d01h39m35,0
MNG-680,FALSE,FALSE,Major,3800778,43d23h46m18,0
MNG-3955,TRUE,FALSE,Major,773845,08d22h57m25,0
MNG-687,FALSE,FALSE,Blocker,34487,00d09h34m47,0
MNG-684,TRUE,FALSE,Major,826041,09d13h27m21,0
MNG-4800,FALSE,FALSE,Major,431714,04d23h55m14,0
MNG-3099,FALSE,FALSE,Blocker,55616939,643d17h08m59,1
MNG-449,TRUE,FALSE,Major,10999938,127d07h32m18,1
MNG-5479,FALSE,FALSE,Major,22941829,265d12h43m49,0
MNG-5477,TRUE,FALSE,Minor,3500104,40d12h15m04,0
MNG-3567,TRUE,FALSE,Major,23571811,272d19h43m31,0
MNG-446,TRUE,FALSE,Major,190952,02d05h02m32,0
MNG-447,FALSE,FALSE,Major,183,00d00h03m03,0
MNG-3864,FALSE,FALSE,Major,5726224,66d06h37m04,0
MNG-5572,FALSE,FALSE,Major,866668,10d00h44m28,0
MNG-4008,FALSE,FALSE,Major,642067,07d10h21m07,0
MNG-3906,FALSE,FALSE,Minor,7316,00d02h01m56,0
MNG-4555,TRUE,FALSE,Major,5072647,58d17h04m07,0
MNG-4554,TRUE,FALSE,Major,68125,00d18h55m25,0
MNG-4553,FALSE,FALSE,Major,2338561,27d01h36m01,0
MNG-4000,FALSE,FALSE,Major,202075,02d08h07m55,0
MNG-4003,FALSE,FALSE,Major,69360,00d19h16m00,0
MNG-5613,TRUE,FALSE,Major,3855939,44d15h05m39,0
MNG-5612,FALSE,FALSE,Major,12998,00d03h36m38,0
MNG-5206,FALSE,FALSE,Major,649466,07d12h24m26,0
MNG-5208,FALSE,FALSE,Major,31764018,367d15h20m18,0
MNG-5209,FALSE,FALSE,Minor,741557,08d13h59m17,0
MNG-1159,FALSE,FALSE,Minor,64536,00d17h55m36,0
MNG-4107,TRUE,FALSE,Major,858111,09d22h21m51,0
MNG-711,FALSE,FALSE,Major,149,00d00h02m29,0
MNG-2847,FALSE,FALSE,Major,107,00d00h01m47,0
MNG-444,FALSE,FALSE,Major,26146,00d07h15m46,0
MNG-207,TRUE,FALSE,Major,66343,00d18h25m43,0
MNG-204,FALSE,FALSE,Major,9486,00d02h38m06,0
MNG-6700,FALSE,FALSE,Major,73747,00d20h29m07,0
MNG-5686,FALSE,FALSE,Major,11667128,135d00h52m08,1
MNG-366,TRUE,FALSE,Blocker,6759917,78d05h45m17,1
MNG-6704,FALSE,FALSE,Trivial,1344384,15d13h26m24,0
MNG-5681,TRUE,FALSE,Minor,35429903,410d01h38m23,0
MNG-209,TRUE,FALSE,Blocker,5448,00d01h30m48,0
MNG-4678,TRUE,FALSE,Major,457183,05d06h59m43,0
MNG-4679,TRUE,FALSE,Major,5033,00d01h23m53,0
MNG-167,TRUE,FALSE,Major,4321183,50d00h19m43,0
MNG-4677,FALSE,FALSE,Major,9286,00d02h34m46,0
MNG-2413,TRUE,FALSE,Major,11357549,131d10h52m29,0
MNG-2739,TRUE,FALSE,Major,49527936,573d05h45m36,1
MNG-2103,FALSE,FALSE,Major,129936596,1503d21h29m56,0
MNG-6240,FALSE,TRUE,Major,420164,04d20h42m44,0
MNG-2848,FALSE,FALSE,Major,32912511,380d22h21m51,1
MNG-4793,FALSE,FALSE,Major,1119870,12d23h04m30,0
MNG-6311,TRUE,TRUE,Major,25462150,294d16h49m10,0
MNG-6256,FALSE,FALSE,Major,47128369,545d11h12m49,0
MNG-1509,FALSE,FALSE,Major,8832156,102d05h22m36,1
MNG-6255,FALSE,FALSE,Major,18483156,213d22h12m36,1
MNG-1856,FALSE,FALSE,Minor,5753727,66d14h15m27,0
MNG-5297,FALSE,FALSE,Minor,147336894,1705d06h54m54,1
MNG-1355,FALSE,FALSE,Major,3362848,38d22h07m28,0
MNG-5336,FALSE,FALSE,Major,7523076,87d01h44m36,0
MNG-1697,FALSE,FALSE,Major,20747607,240d03h13m27,0
MNG-3732,FALSE,FALSE,Major,24295846,281d04h50m46,1
MNG-666,TRUE,FALSE,Critical,2446249,28d07h30m49,0
MNG-844,TRUE,FALSE,Minor,2213715,25d14h55m15,0
MNG-847,TRUE,FALSE,Major,320721,03d17h05m21,0
MNG-584,FALSE,FALSE,Major,24532,00d06h48m52,0
MNG-4283,FALSE,FALSE,Major,2759,00d00h45m59,0
MNG-4281,FALSE,FALSE,Major,13067,00d03h37m47,0
MNG-4280,FALSE,FALSE,Major,4758,00d01h19m18,0
MNG-3046,FALSE,FALSE,Major,5517424,63d20h37m04,0
MNG-3043,TRUE,FALSE,Major,67966972,786d15h42m52,1
MNG-6403,FALSE,FALSE,Major,382450,04d10h14m10,0
MNG-6405,FALSE,FALSE,Major,29450618,340d20h43m38,0
MNG-3281,TRUE,FALSE,Major,58303960,674d19h32m40,0
MNG-3286,TRUE,FALSE,Major,10836294,125d10h04m54,0
MNG-2746,FALSE,FALSE,Major,218,00d00h03m38,0
MNG-4355,TRUE,FALSE,Major,241749,02d19h09m09,0
MNG-5852,FALSE,FALSE,Major,49570265,573d17h31m05,1
MNG-4379,TRUE,FALSE,Critical,8627679,99d20h34m39,0
MNG-4353,TRUE,FALSE,Major,5508,00d01h31m48,0
MNG-4214,TRUE,FALSE,Major,2480,00d00h41m20,0
MNG-5858,FALSE,TRUE,Major,5203135,60d05h18m55,0
MNG-4217,TRUE,FALSE,Major,76464,00d21h14m24,0
MNG-4359,TRUE,FALSE,Major,6989,00d01h56m29,0
MNG-5995,TRUE,FALSE,Critical,88632397,1025d20h06m37,0
MNG-1827,FALSE,FALSE,Major,24914928,288d08h48m48,0
MNG-1109,TRUE,FALSE,Major,6811,00d01h53m31,0
MNG-4034,FALSE,FALSE,Major,3347656,38d17h54m16,1
MNG-4035,TRUE,FALSE,Major,398247,04d14h37m27,0
MNG-797,FALSE,FALSE,Major,530481,06d03h21m21,0
MNG-6703,FALSE,FALSE,Major,162499,01d21h08m19,0
MNG-4522,TRUE,FALSE,Major,1448852,16d18h27m32,0
MNG-891,FALSE,FALSE,Critical,4771,00d01h19m31,0
MNG-4919,TRUE,FALSE,Major,3435810,39d18h23m30,0
MNG-4918,FALSE,FALSE,Major,2388,00d00h39m48,0
MNG-4915,FALSE,FALSE,Major,37080,00d10h18m00,0
MNG-4913,FALSE,FALSE,Major,3734,00d01h02m14,0
MNG-1432,FALSE,FALSE,Major,5964,00d01h39m24,0
MNG-4528,TRUE,FALSE,Major,136648,01d13h57m28,0
MNG-4529,TRUE,FALSE,Major,302231,03d11h57m11,0
MNG-1417,FALSE,TRUE,Critical,1675844,19d09h30m44,1
MNG-191,TRUE,FALSE,Major,344667,03d23h44m27,0
MNG-4850,FALSE,FALSE,Minor,3908523,45d05h42m03,0
MNG-6109,FALSE,TRUE,Major,9112157,105d11h09m17,1
MNG-4643,FALSE,FALSE,Major,2878858,33d07h40m58,0
MNG-6105,TRUE,FALSE,Major,9232469,106d20h34m29,1
MNG-4858,TRUE,FALSE,Major,2218,00d00h36m58,0
MNG-900,FALSE,FALSE,Major,488148,05d15h35m48,0
MNG-6533,TRUE,TRUE,Major,4033828,46d16h30m28,0
MNG-6530,TRUE,FALSE,Critical,3587228,41d12h27m08,0
MNG-3944,FALSE,FALSE,Minor,1101393,12d17h56m33,0
MNG-3947,FALSE,FALSE,Minor,6064426,70d04h33m46,0
MNG-3940,FALSE,FALSE,Minor,4760,00d01h19m20,0
MNG-3943,FALSE,FALSE,Major,1212269,14d00h44m29,0
MNG-4320,FALSE,FALSE,Major,18189,00d05h03m09,0
MNG-4453,FALSE,FALSE,Major,12352473,142d23h14m33,0
MNG-4450,TRUE,FALSE,Major,29108,00d08h05m08,0
MNG-4326,FALSE,FALSE,Major,18559157,214d19h19m17,0
MNG-4327,FALSE,FALSE,Major,12342,00d03h25m42,0
MNG-4751,TRUE,FALSE,Blocker,3558142,41d04h22m22,0
MNG-4750,FALSE,FALSE,Major,20499,00d05h41m39,0
MNG-4459,TRUE,FALSE,Major,3804,00d01h03m24,0
MNG-4755,FALSE,FALSE,Major,1113714,12d21h21m54,0
MNG-1318,FALSE,FALSE,Major,11155777,129d02h49m37,0
MNG-4625,FALSE,FALSE,Major,5485,00d01h31m25,0
MNG-4629,FALSE,FALSE,Major,1283,00d00h21m23,0
MNG-1311,FALSE,FALSE,Major,3920187,45d08h56m27,0
MNG-3574,FALSE,FALSE,Major,737241,08d12h47m21,0
MNG-1317,FALSE,FALSE,Major,11158275,129d03h31m15,0
MNG-1666,FALSE,FALSE,Critical,24025,00d06h40m25,0
MNG-1094,FALSE,TRUE,Major,42496,00d11h48m16,1
MNG-1177,FALSE,FALSE,Major,12887161,149d03h46m01,0
MNG-6629,FALSE,FALSE,Major,1411448,16d08h04m08,0
MNG-243,FALSE,FALSE,Major,9204,00d02h33m24,0
MNG-4208,FALSE,FALSE,Major,3670,00d01h01m10,0
MNG-530,TRUE,FALSE,Blocker,2085947,24d03h25m47,0
MNG-6626,TRUE,FALSE,Minor,3274857,37d21h40m57,0
MNG-4036,TRUE,FALSE,Major,3124,00d00h52m04,0
MNG-533,FALSE,FALSE,Major,10447,00d02h54m07,0
MNG-3938,FALSE,FALSE,Minor,1366030,15d19h27m10,0
MNG-6630,FALSE,FALSE,Major,1411267,16d08h01m07,0
MNG-3833,FALSE,FALSE,Major,36635,00d10h10m35,0
MNG-5403,FALSE,FALSE,Trivial,1175,00d00h19m35,0
MNG-3836,FALSE,FALSE,Major,11302145,130d19h29m05,0
MNG-3839,FALSE,FALSE,Major,25516,00d07h05m16,0
MNG-3838,FALSE,FALSE,Blocker,3337237,38d15h00m37,0
MNG-3933,FALSE,FALSE,Major,599703,06d22h35m03,0
MNG-3937,TRUE,FALSE,Minor,2558608,29d14h43m28,0
MNG-5882,FALSE,FALSE,Major,5849946,67d16h59m06,0
MNG-2363,TRUE,FALSE,Critical,95798025,1108d18h33m45,0
MNG-6210,TRUE,FALSE,Major,2617840,30d07h10m40,1
MNG-5886,FALSE,FALSE,Major,2093,00d00h34m53,0
MNG-2364,TRUE,FALSE,Major,321575,03d17h19m35,0
MNG-1021,TRUE,FALSE,Major,787346,09d02h42m26,1
MNG-1891,FALSE,FALSE,Major,18692579,216d08h22m59,0
MNG-833,FALSE,FALSE,Major,8752,00d02h25m52,0
MNG-832,TRUE,FALSE,Minor,2624893,30d09h08m13,0
MNG-1895,TRUE,FALSE,Blocker,2675713,30d23h15m13,0
MNG-5663,FALSE,FALSE,Major,278677,03d05h24m37,0
MNG-5149,FALSE,FALSE,Major,35758,00d09h55m58,0
MNG-836,TRUE,FALSE,Major,47194,00d13h06m34,0
MNG-695,FALSE,FALSE,Major,290117,03d08h35m17,1
MNG-527,TRUE,FALSE,Major,4151394,48d01h09m54,0
MNG-5398,FALSE,FALSE,Minor,8027,00d02h13m47,0
MNG-2167,FALSE,FALSE,Blocker,5414813,62d16h06m53,0
MNG-5396,FALSE,FALSE,Major,933,00d00h15m33,0
MNG-5395,FALSE,FALSE,Major,1932,00d00h32m12,0
MNG-5390,TRUE,FALSE,Minor,168671,01d22h51m11,0
MNG-1261,FALSE,FALSE,Major,1629,00d00h27m09,0
MNG-488,TRUE,FALSE,Major,3519483,40d17h38m03,0
MNG-2835,TRUE,FALSE,Major,51110914,591d13h28m34,1
MNG-1470,FALSE,FALSE,Major,842499,09d18h01m39,1
MNG-6505,FALSE,FALSE,Critical,629543,07d06h52m23,0
MNG-489,TRUE,FALSE,Major,108962,01d06h16m02,0
MNG-1797,TRUE,FALSE,Major,23316166,269d20h42m46,0
MNG-628,TRUE,FALSE,Major,523671,06d01h27m51,0
MNG-629,TRUE,FALSE,Critical,5336181,61d18h16m21,0
MNG-2687,FALSE,TRUE,Major,15242895,176d10h08m15,0
MNG-582,FALSE,FALSE,Major,58679,00d16h17m59,0
MNG-585,FALSE,FALSE,Major,24355,00d06h45m55,0
MNG-693,FALSE,FALSE,Minor,1979915,22d21h58m35,0
MNG-588,TRUE,FALSE,Major,1065052,12d07h50m52,0
MNG-2985,TRUE,FALSE,Major,186087,02d03h41m27,0
MNG-5812,FALSE,FALSE,Minor,4768121,55d04h28m41,1
MNG-5716,TRUE,FALSE,Minor,22638,00d06h17m18,0
MNG-2068,TRUE,FALSE,Critical,75312644,871d16h10m44,1
MNG-4052,TRUE,TRUE,Major,13126222,151d22h10m22,0
MNG-2061,FALSE,FALSE,Major,49541713,573d09h35m13,0
MNG-908,FALSE,FALSE,Major,119180,01d09h06m20,0
MNG-3796,FALSE,TRUE,Major,3116466,36d01h41m06,0
MNG-3797,FALSE,FALSE,Major,2407018,27d20h36m58,0
MNG-3637,FALSE,FALSE,Major,8161251,94d11h00m51,0
MNG-2733,TRUE,FALSE,Major,3409,00d00h56m49,0
MNG-3240,FALSE,FALSE,Major,250232,02d21h30m32,0
MNG-5815,FALSE,FALSE,Major,55432524,641d13h55m24,1
MNG-5816,FALSE,FALSE,Minor,5915186,68d11h06m26,0
MNG-5813,FALSE,FALSE,Major,5182808,59d23h40m08,0
MNG-6282,FALSE,FALSE,Major,13135775,152d00h49m35,0
MNG-1943,TRUE,TRUE,Blocker,97030218,1123d00h50m18,0
MNG-3822,FALSE,TRUE,Major,2111500,24d10h31m40,0
MNG-6148,FALSE,FALSE,Minor,19347842,223d22h24m02,0
MNG-3769,TRUE,FALSE,Blocker,10163744,117d15h15m44,0
MNG-755,FALSE,FALSE,Critical,1732256,20d01h10m56,0
MNG-3641,FALSE,FALSE,Major,21300198,246d12h43m18,1
MNG-3821,TRUE,FALSE,Major,6446366,74d14h39m26,1
MNG-4761,FALSE,FALSE,Major,14070,00d03h54m30,0
MNG-4762,FALSE,FALSE,Major,8052,00d02h14m12,0
MNG-4811,FALSE,FALSE,Blocker,517447,05d23h44m07,0
MNG-4765,TRUE,FALSE,Major,276721,03d04h52m01,0
MNG-4814,FALSE,FALSE,Major,3334,00d00h55m34,0
MNG-4767,FALSE,FALSE,Major,693608,08d00h40m08,0
MNG-4818,FALSE,FALSE,Major,244594,02d19h56m34,0
MNG-709,FALSE,FALSE,Blocker,889288,10d07h01m28,0
MNG-6144,FALSE,FALSE,Minor,2141383,24d18h49m43,1
MNG-3988,FALSE,TRUE,Major,308,00d00h05m08,0
MNG-1153,FALSE,FALSE,Major,888504,10d06h48m24,0
MNG-3545,FALSE,TRUE,Minor,1864108,21d13h48m28,0
MNG-3983,FALSE,FALSE,Major,714468,08d06h27m48,0
MNG-3018,FALSE,FALSE,Major,69746112,807d05h55m12,1
MNG-3985,FALSE,FALSE,Major,724352,08d09h12m32,0
MNG-4040,FALSE,FALSE,Major,16599,00d04h36m39,0
MNG-3642,FALSE,FALSE,Blocker,134653,01d13h24m13,0
MNG-4087,FALSE,FALSE,Minor,103,00d00h01m43,0
MNG-3856,FALSE,FALSE,Major,4281773,49d13h22m53,0
MNG-1157,FALSE,FALSE,Minor,91971,01d01h32m51,0
MNG-4360,FALSE,FALSE,Major,3819,00d01h03m39,0
MNG-4361,FALSE,FALSE,Major,24119,00d06h41m59,0
MNG-4363,TRUE,FALSE,Major,230187,02d15h56m27,0
MNG-4717,TRUE,FALSE,Major,1135176,13d03h19m36,0
MNG-757,TRUE,FALSE,Blocker,2200545,25d11h15m45,1
MNG-4246,FALSE,FALSE,Major,25305,00d07h01m45,0
MNG-4245,TRUE,FALSE,Major,891231,10d07h33m51,0
MNG-4840,TRUE,FALSE,Major,8565160,99d03h12m40,0
MNG-3497,FALSE,FALSE,Major,692494,08d00h21m34,0
MNG-3193,FALSE,FALSE,Major,5462577,63d05h22m57,0
MNG-469,TRUE,FALSE,Major,447593,05d04h19m53,0
MNG-4718,TRUE,FALSE,Major,9138,00d02h32m18,0
MNG-823,TRUE,FALSE,Major,2225267,25d18h07m47,1
MNG-5595,FALSE,FALSE,Trivial,2958,00d00h49m18,0
MNG-5596,FALSE,FALSE,Major,184,00d00h03m04,0
MNG-4068,FALSE,FALSE,Major,5212,00d01h26m52,0
MNG-5590,FALSE,FALSE,Major,3154486,36d12h14m46,1
MNG-5591,TRUE,FALSE,Major,677498,07d20h11m38,0
MNG-4102,TRUE,FALSE,Minor,74320,00d20h38m40,0
MNG-800,FALSE,FALSE,Major,2716666,31d10h37m46,0
MNG-4966,FALSE,FALSE,Major,5848,00d01h37m28,0
MNG-3916,FALSE,FALSE,Major,235841,02d17h30m41,0
MNG-4963,TRUE,FALSE,Major,4072403,47d03h13m23,0
MNG-4960,TRUE,FALSE,Major,260275,03d00h17m55,0
MNG-4884,FALSE,FALSE,Major,1417997,16d09h53m17,0
MNG-1244,FALSE,FALSE,Minor,382969,04d10h22m49,1
MNG-4883,FALSE,FALSE,Major,1478278,17d02h37m58,0
MNG-479,FALSE,FALSE,Blocker,5774212,66d19h56m52,1
MNG-5568,FALSE,TRUE,Critical,26839315,310d15h21m55,0
MNG-3649,TRUE,FALSE,Blocker,7860905,90d23h35m05,0
MNG-5444,TRUE,FALSE,Major,851,00d00h14m11,0
MNG-5445,FALSE,FALSE,Major,686284,07d22h38m04,0
MNG-3877,FALSE,FALSE,Minor,6234048,72d03h40m48,0
MNG-1057,FALSE,FALSE,Major,4803,00d01h20m03,0
MNG-6543,FALSE,FALSE,Major,7936075,91d20h27m55,0
MNG-477,TRUE,FALSE,Major,3451196,39d22h39m56,0
MNG-476,FALSE,FALSE,Critical,5509027,63d18h17m07,1
MNG-3974,FALSE,FALSE,Major,187774,02d04h09m34,0
MNG-4408,FALSE,FALSE,Major,84500,00d23h28m20,0
MNG-4561,TRUE,FALSE,Major,457032,05d06h57m12,1
MNG-4564,FALSE,FALSE,Major,11401425,131d23h03m45,1
MNG-1045,FALSE,FALSE,Major,300133,03d11h22m13,0
MNG-4401,FALSE,FALSE,Major,17560,00d04h52m40,0
MNG-4400,FALSE,FALSE,Major,5891,00d01h38m11,0
MNG-1048,FALSE,FALSE,Major,362552,04d04h42m32,0
MNG-1049,FALSE,FALSE,Major,470433,05d10h40m33,0
MNG-3978,FALSE,FALSE,Major,1848,00d00h30m48,0
MNG-3979,FALSE,TRUE,Major,970538,11d05h35m38,0
MNG-5658,FALSE,FALSE,Major,854455,09d21h20m55,0
MNG-4618,FALSE,FALSE,Major,228400,02d15h26m40,1
MNG-5212,FALSE,FALSE,Major,1551,00d00h25m51,0
MNG-5742,TRUE,FALSE,Major,150531,01d17h48m51,1
MNG-5745,FALSE,FALSE,Major,5008,00d01h23m28,0
MNG-1586,FALSE,FALSE,Minor,2134871,24d17h01m11,0
MNG-5963,FALSE,FALSE,Major,33066321,382d17h05m21,1
MNG-5214,FALSE,FALSE,Major,66864447,773d21h27m27,1
MNG-2124,FALSE,FALSE,Blocker,198241,02d07h04m01,0
MNG-1995,FALSE,FALSE,Major,92424585,1069d17h29m45,0
MNG-2539,FALSE,FALSE,Major,11433205,132d07h53m25,0
MNG-4615,TRUE,FALSE,Critical,11061178,128d00h32m58,0
MNG-6495,FALSE,FALSE,Major,10641162,123d03h52m42,0
MNG-1341,FALSE,FALSE,Major,261550,03d00h39m10,0
MNG-1343,FALSE,FALSE,Major,258743,02d23h52m23,0
MNG-3380,FALSE,FALSE,Major,14087140,163d01h05m40,0
MNG-787,FALSE,FALSE,Blocker,2662497,30d19h34m57,0
MNG-2877,FALSE,TRUE,Major,336101,03d21h21m41,0
MNG-4580,FALSE,FALSE,Major,570303,06d14h25m03,0
MNG-2878,FALSE,FALSE,Major,15508511,179d11h55m11,0
MNG-814,TRUE,FALSE,Major,1103461,12d18h31m01,0
MNG-1251,TRUE,FALSE,Blocker,1153867,13d08h31m07,0
MNG-4586,FALSE,FALSE,Minor,8584,00d02h23m04,0
MNG-4781,FALSE,FALSE,Blocker,328418,03d19h13m38,0
MNG-664,FALSE,FALSE,Major,100,00d00h01m40,0
MNG-2936,FALSE,FALSE,Major,3873535,44d19h58m55,0
MNG-6713,TRUE,TRUE,Major,1644943,19d00h55m43,0
MNG-5696,FALSE,FALSE,Minor,27126,00d07h32m06,0
MNG-5695,TRUE,FALSE,Major,7140,00d01h59m00,0
MNG-6716,TRUE,FALSE,Minor,2454899,28d09h54m59,0
MNG-374,FALSE,FALSE,Major,89677,01d00h54m37,0
MNG-2244,FALSE,TRUE,Major,151991,01d18h13m11,0
MNG-5368,FALSE,FALSE,Major,133719724,1547d16h22m04,1
MNG-4666,FALSE,FALSE,Major,882440,10d05h07m20,0
MNG-1291,FALSE,FALSE,Trivial,49636,00d13h47m16,0
MNG-3807,FALSE,FALSE,Major,31347255,362d19h34m15,0
MNG-2339,TRUE,TRUE,Critical,55038763,637d00h32m43,1
MNG-6323,FALSE,FALSE,Major,5522776,63d22h06m16,0
MNG-6320,FALSE,FALSE,Minor,5016246,58d01h24m06,0
MNG-397,TRUE,FALSE,Major,5258177,60d20h36m17,0
MNG-3757,FALSE,FALSE,Minor,7878982,91d04h36m22,0
MNG-5137,FALSE,FALSE,Major,139693,01d14h48m13,0
MNG-5135,FALSE,FALSE,Major,570219,06d14h23m39,0
MNG-5609,FALSE,FALSE,Major,43973,00d12h12m53,0
MNG-2234,FALSE,FALSE,Major,59133282,684d09h54m42,0
MNG-1008,FALSE,FALSE,Major,299893,03d11h18m13,0
MNG-487,FALSE,FALSE,Blocker,51769,00d14h22m49,0
MNG-2147,FALSE,FALSE,Major,4810599,55d16h16m39,0
MNG-1110,TRUE,FALSE,Major,81192,00d22h33m12,0
MNG-1908,TRUE,FALSE,Blocker,39447928,456d13h45m28,1
MNG-651,FALSE,FALSE,Major,146237,01d16h37m17,0
MNG-5629,FALSE,FALSE,Major,85208322,986d04h58m42,1
MNG-1112,FALSE,FALSE,Major,66504,00d18h28m24,0
MNG-309,TRUE,FALSE,Major,1044136,12d02h02m16,0
MNG-5623,FALSE,FALSE,Major,471138,05d10h52m18,1
MNG-5620,FALSE,FALSE,Major,4926057,57d00h20m57,0
MNG-5624,FALSE,FALSE,Minor,2365115,27d08h58m35,0
MNG-717,TRUE,FALSE,Major,1527017,17d16h10m17,1
MNG-1052,TRUE,FALSE,Major,277094,03d04h58m14,0
MNG-5748,FALSE,FALSE,Major,134,00d00h02m14,0
MNG-6183,FALSE,FALSE,Trivial,378,00d00h06m18,0
MNG-6180,FALSE,FALSE,Major,581223,06d17h27m03,0
MNG-6181,FALSE,FALSE,Critical,171087,01d23h31m27,0
MNG-2054,TRUE,FALSE,Critical,4297744,49d17h49m04,1
MNG-19,TRUE,FALSE,Major,3625911,41d23h11m51,0
MNG-895,TRUE,TRUE,Major,1574652,18d05h24m12,0
MNG-2051,TRUE,FALSE,Major,33291951,385d07h45m51,0
MNG-2052,FALSE,FALSE,Major,2443535,28d06h45m35,0
MNG-2753,FALSE,FALSE,Blocker,20375402,235d19h50m02,0
MNG-3296,FALSE,FALSE,Major,6677149,77d06h45m49,0
MNG-950,TRUE,FALSE,Minor,1377557,15d22h39m17,0
MNG-951,FALSE,FALSE,Major,520280,06d00h31m20,0
MNG-754,FALSE,FALSE,Major,424225,04d21h50m25,0
MNG-432,FALSE,FALSE,Major,1976157,22d20h55m57,0
MNG-5823,FALSE,FALSE,Major,54208316,627d09h51m56,1
MNG-5981,FALSE,FALSE,Major,50612062,585d18h54m22,1
MNG-4203,FALSE,FALSE,Major,4383,00d01h13m03,0
MNG-5829,FALSE,FALSE,Minor,53456971,618d17h09m31,1
MNG-4201,FALSE,FALSE,Blocker,3262844,37d18h20m44,0
MNG-3984,FALSE,FALSE,Major,704182,08d03h36m22,0
MNG-786,TRUE,FALSE,Major,3136695,36d07h18m15,1
MNG-3616,TRUE,FALSE,Major,57338989,663d15h29m49,0
MNG-4027,FALSE,FALSE,Major,4888250,56d13h50m50,0
MNG-4923,FALSE,FALSE,Major,16481,00d04h34m41,0
MNG-4600,FALSE,FALSE,Major,21486,00d05h58m06,0
MNG-4430,FALSE,FALSE,Minor,2645,00d00h44m05,0
MNG-4022,FALSE,FALSE,Major,36738229,425d05h03m49,0
MNG-4436,FALSE,FALSE,Major,25204,00d07h00m04,0
MNG-4925,FALSE,FALSE,Major,97302,01d03h01m42,0
MNG-4386,FALSE,FALSE,Major,5123,00d01h25m23,0
MNG-4387,FALSE,FALSE,Major,5032,00d01h23m52,0
MNG-4842,TRUE,FALSE,Major,30493,00d08h28m13,0
MNG-4845,FALSE,FALSE,Major,1618,00d00h26m58,0
MNG-4383,FALSE,FALSE,Major,547833,06d08h10m33,0
MNG-3470,TRUE,FALSE,Minor,64266606,743d19h50m06,0
MNG-3473,TRUE,FALSE,Major,521475,06d00h51m15,1
MNG-2087,FALSE,FALSE,Major,56088,00d15h34m48,0
MNG-3477,FALSE,FALSE,Major,63853942,739d01h12m22,0
MNG-3410,TRUE,FALSE,Major,1020365,11d19h26m05,0
MNG-2130,FALSE,FALSE,Blocker,49101,00d13h38m21,0
MNG-6506,FALSE,FALSE,Major,12498073,144d15h41m13,0
MNG-6057,TRUE,TRUE,Critical,21893067,253d09h24m27,1
MNG-1900,FALSE,FALSE,Major,3822831,44d05h53m51,0
MNG-86,FALSE,FALSE,Trivial,21590038,249d21h13m58,0
MNG-5528,FALSE,FALSE,Minor,6495403,75d04h16m43,0
MNG-4332,TRUE,FALSE,Major,34263,00d09h31m03,0
MNG-1127,FALSE,FALSE,Major,45162,00d12h32m42,1
MNG-4729,TRUE,FALSE,Major,264096,03d01h21m36,0
MNG-4335,TRUE,FALSE,Minor,243565,02d19h39m25,0
MNG-4334,TRUE,FALSE,Major,138638,01d14h30m38,0
MNG-2861,FALSE,FALSE,Major,31829751,368d09h35m51,0
MNG-4338,FALSE,FALSE,Major,7839,00d02h10m39,0
