BugID, #isArch, #isInduce, #Priority, #TimeSec, #Time, #Reopen
TOBAGO-1769,TRUE,FALSE,Major,510822,05d21h53m42,0
TOBAGO-1645,TRUE,FALSE,Minor,38620730,446d23h58m50,0
TOBAGO-1647,FALSE,FALSE,Minor,3475036,40d05h17m16,0
TOBAGO-1649,FALSE,FALSE,Minor,3472861,40d04h41m01,0
TOBAGO-1763,FALSE,FALSE,Minor,741557,08d13h59m17,0
TOBAGO-1761,FALSE,FALSE,Major,599768,06d22h36m08,0
TOBAGO-1764,FALSE,FALSE,Minor,8703,00d02h25m03,0
TOBAGO-1765,FALSE,FALSE,Minor,1617,00d00h26m57,0
TOBAGO-1642,TRUE,FALSE,Major,271969,03d03h32m49,0
TOBAGO-1058,FALSE,FALSE,Minor,503466,05d19h51m06,0
TOBAGO-1059,TRUE,FALSE,Major,242483,02d19h21m23,0
TOBAGO-1054,FALSE,FALSE,Trivial,337992,03d21h53m12,0
TOBAGO-1055,TRUE,FALSE,Major,859432,09d22h43m52,0
TOBAGO-1056,FALSE,FALSE,Major,232454,02d16h34m14,0
TOBAGO-758,FALSE,TRUE,Major,22666,00d06h17m46,0
TOBAGO-964,FALSE,FALSE,Minor,2376822,27d12h13m42,0
TOBAGO-965,FALSE,FALSE,Minor,1944445,22d12h07m25,0
TOBAGO-1052,FALSE,FALSE,Major,166412,01d22h13m32,0
TOBAGO-1053,TRUE,FALSE,Major,1126,00d00h18m46,0
TOBAGO-803,FALSE,FALSE,Minor,1243,00d00h20m43,0
TOBAGO-1114,FALSE,FALSE,Minor,49,00d00h00m49,0
TOBAGO-1116,FALSE,FALSE,Major,2359,00d00h39m19,0
TOBAGO-1110,FALSE,FALSE,Minor,3094,00d00h51m34,0
TOBAGO-1299,FALSE,FALSE,Major,3027,00d00h50m27,0
TOBAGO-1296,TRUE,FALSE,Minor,107234,01d05h47m14,0
TOBAGO-1996,FALSE,FALSE,Major,936787,10d20h13m07,0
TOBAGO-1294,FALSE,FALSE,Major,435,00d00h07m15,0
TOBAGO-1295,TRUE,FALSE,Major,3374515,39d01h21m55,0
TOBAGO-1293,FALSE,FALSE,Major,150160,01d17h42m40,0
TOBAGO-1291,FALSE,FALSE,Major,414,00d00h06m54,0
TOBAGO-1648,FALSE,FALSE,Minor,6320573,73d03h42m53,0
TOBAGO-697,TRUE,FALSE,Major,281857,03d06h17m37,1
TOBAGO-694,FALSE,FALSE,Critical,645772,07d11h22m52,0
TOBAGO-347,FALSE,FALSE,Major,119,00d00h01m59,0
TOBAGO-1499,TRUE,FALSE,Minor,598363,06d22h12m43,0
TOBAGO-690,TRUE,FALSE,Major,1736606,20d02h23m26,0
TOBAGO-1459,TRUE,FALSE,Major,13690,00d03h48m10,0
TOBAGO-349,FALSE,FALSE,Major,171360,01d23h36m00,0
TOBAGO-936,FALSE,FALSE,Minor,2872,00d00h47m52,0
TOBAGO-1797,FALSE,FALSE,Minor,575790,06d15h56m30,0
TOBAGO-741,TRUE,FALSE,Major,484807,05d14h40m07,0
TOBAGO-668,FALSE,FALSE,Major,9171,00d02h32m51,0
TOBAGO-748,FALSE,FALSE,Major,8774193,101d13h16m33,0
TOBAGO-749,FALSE,FALSE,Major,5400897,62d12h14m57,0
TOBAGO-620,FALSE,FALSE,Minor,57885716,669d23h21m56,0
TOBAGO-666,FALSE,FALSE,Major,64015,00d17h46m55,0
TOBAGO-1798,FALSE,FALSE,Major,87272,01d00h14m32,0
TOBAGO-1186,FALSE,FALSE,Major,3144,00d00h52m24,0
TOBAGO-442,FALSE,FALSE,Minor,270,00d00h04m30,0
TOBAGO-1975,FALSE,FALSE,Minor,2350110,27d04h48m30,0
TOBAGO-1974,TRUE,FALSE,Minor,5177378,59d22h09m38,0
TOBAGO-1973,FALSE,FALSE,Major,2912341,33d16h59m01,0
TOBAGO-1972,TRUE,FALSE,Minor,182423,02d02h40m23,0
TOBAGO-117,FALSE,FALSE,Minor,3166,00d00h52m46,0
TOBAGO-1381,TRUE,FALSE,Major,15731,00d04h22m11,0
TOBAGO-1385,FALSE,FALSE,Major,1631,00d00h27m11,0
TOBAGO-1387,FALSE,FALSE,Trivial,167228,01d22h27m08,0
TOBAGO-1388,FALSE,FALSE,Major,146477,01d16h41m17,0
TOBAGO-1423,FALSE,FALSE,Major,3572836,41d08h27m16,2
TOBAGO-1422,TRUE,FALSE,Minor,3969320,45d22h35m20,1
TOBAGO-1425,FALSE,FALSE,Major,252522,02d22h08m42,0
TOBAGO-1424,FALSE,FALSE,Minor,123543,01d10h19m03,0
TOBAGO-1427,FALSE,FALSE,Trivial,506107,05d20h35m07,0
TOBAGO-1426,FALSE,FALSE,Major,600,00d00h10m00,0
TOBAGO-1988,TRUE,FALSE,Major,672639,07d18h50m39,0
TOBAGO-598,FALSE,FALSE,Major,1630,00d00h27m10,0
TOBAGO-1891,FALSE,FALSE,Major,166476,01d22h14m36,0
TOBAGO-1548,FALSE,FALSE,Minor,807,00d00h13m27,0
TOBAGO-596,FALSE,TRUE,Major,342420,03d23h07m00,0
TOBAGO-238,FALSE,FALSE,Minor,151459,01d18h04m19,0
TOBAGO-234,FALSE,FALSE,Critical,708581,08d04h49m41,1
TOBAGO-235,TRUE,FALSE,Trivial,139,00d00h02m19,0
TOBAGO-1801,TRUE,FALSE,Major,49802,00d13h50m02,0
TOBAGO-230,FALSE,FALSE,Critical,2038,00d00h33m58,0
TOBAGO-231,TRUE,FALSE,Minor,151557,01d18h05m57,0
TOBAGO-232,TRUE,FALSE,Minor,26500,00d07h21m40,0
TOBAGO-800,TRUE,FALSE,Major,6136944,71d00h42m24,0
TOBAGO-132,FALSE,FALSE,Major,352,00d00h05m52,0
TOBAGO-1339,FALSE,FALSE,Minor,4570,00d01h16m10,0
TOBAGO-1112,TRUE,FALSE,Trivial,10698,00d02h58m18,0
TOBAGO-528,FALSE,FALSE,Major,801,00d00h13m21,0
TOBAGO-282,FALSE,FALSE,Major,1211789,14d00h36m29,1
TOBAGO-284,FALSE,FALSE,Trivial,7448083,86d04h54m43,1
TOBAGO-1878,TRUE,FALSE,Minor,1133287,13d02h48m07,0
TOBAGO-520,FALSE,FALSE,Major,703933,08d03h32m13,0
TOBAGO-995,FALSE,FALSE,Minor,168830,01d22h53m50,0
TOBAGO-522,FALSE,FALSE,Major,3972534,45d23h28m54,0
TOBAGO-524,TRUE,FALSE,Major,8887890,102d20h51m30,0
TOBAGO-1873,FALSE,FALSE,Major,3148,00d00h52m28,0
TOBAGO-1870,TRUE,FALSE,Major,6140783,71d01h46m23,0
TOBAGO-1871,FALSE,FALSE,Minor,7155,00d01h59m15,0
TOBAGO-1726,TRUE,FALSE,Minor,21483,00d05h58m03,0
TOBAGO-1727,FALSE,FALSE,Trivial,3408,00d00h56m48,0
TOBAGO-1724,FALSE,FALSE,Minor,21997,00d06h06m37,0
TOBAGO-1723,FALSE,FALSE,Minor,15630025,180d21h40m25,0
TOBAGO-1721,TRUE,FALSE,Major,19799037,229d03h43m57,0
TOBAGO-1728,TRUE,FALSE,Minor,1030933,11d22h22m13,0
TOBAGO-1729,TRUE,FALSE,Minor,687056,07d22h50m56,0
TOBAGO-1151,FALSE,FALSE,Minor,150746,01d17h52m26,0
TOBAGO-1150,TRUE,FALSE,Minor,160633,01d20h37m13,0
TOBAGO-1258,TRUE,TRUE,Major,253540,02d22h25m40,0
TOBAGO-1152,TRUE,FALSE,Major,911,00d00h15m11,0
TOBAGO-1157,FALSE,FALSE,Minor,1067,00d00h17m47,0
TOBAGO-1250,FALSE,FALSE,Minor,258509,02d23h48m29,1
TOBAGO-1251,TRUE,FALSE,Minor,526890,06d02h21m30,0
TOBAGO-1257,TRUE,FALSE,Trivial,1484,00d00h24m44,0
TOBAGO-629,TRUE,FALSE,Major,314186,03d15h16m26,0
TOBAGO-1899,FALSE,FALSE,Minor,178463,02d01h34m23,0
TOBAGO-1619,TRUE,FALSE,Minor,1188503,13d18h08m23,0
TOBAGO-1612,FALSE,FALSE,Major,2934616,33d23h10m16,0
TOBAGO-1598,FALSE,FALSE,Minor,619641,07d04h07m21,0
TOBAGO-1616,FALSE,FALSE,Minor,12040661,139d08h37m41,0
TOBAGO-1752,FALSE,FALSE,Major,4233323,48d23h55m23,1
TOBAGO-1750,TRUE,FALSE,Major,3813,00d01h03m33,0
TOBAGO-1758,FALSE,FALSE,Trivial,7831402,90d15h23m22,0
TOBAGO-933,TRUE,FALSE,Trivial,1058,00d00h17m38,0
TOBAGO-1024,TRUE,FALSE,Major,6841496,79d04h24m56,0
TOBAGO-624,FALSE,FALSE,Minor,17976322,208d01h25m22,0
TOBAGO-1021,FALSE,FALSE,Trivial,343489,03d23h24m49,0
TOBAGO-1020,FALSE,FALSE,Trivial,2866,00d00h47m46,0
TOBAGO-934,TRUE,FALSE,Trivial,324,00d00h05m24,0
TOBAGO-1028,TRUE,FALSE,Major,3042735,35d05h12m15,0
TOBAGO-834,TRUE,FALSE,Major,1441269,16d16h21m09,0
TOBAGO-628,FALSE,FALSE,Major,5841333,67d14h35m33,1
TOBAGO-811,TRUE,FALSE,Major,53374155,617d18h09m15,1
TOBAGO-75,FALSE,FALSE,Minor,704896,08d03h48m16,0
TOBAGO-399,FALSE,FALSE,Minor,126624,01d11h10m24,0
TOBAGO-345,TRUE,FALSE,Major,1252,00d00h20m52,0
TOBAGO-396,FALSE,FALSE,Major,524722,06d01h45m22,0
TOBAGO-346,FALSE,FALSE,Major,863,00d00h14m23,0
TOBAGO-391,FALSE,FALSE,Minor,5629,00d01h33m49,0
TOBAGO-73,FALSE,FALSE,Major,414,00d00h06m54,0
TOBAGO-72,TRUE,TRUE,Major,3466482,40d02h54m42,0
TOBAGO-71,FALSE,FALSE,Major,320134,03d16h55m34,0
TOBAGO-70,FALSE,FALSE,Major,414965,04d19h16m05,0
TOBAGO-76,TRUE,FALSE,Major,638862,07d09h27m42,0
TOBAGO-1508,FALSE,FALSE,Minor,81,00d00h01m21,0
TOBAGO-1509,TRUE,FALSE,Minor,184,00d00h03m04,0
TOBAGO-1507,FALSE,FALSE,Minor,94,00d00h01m34,0
TOBAGO-495,TRUE,FALSE,Major,377185,04d08h46m25,0
TOBAGO-497,FALSE,FALSE,Major,979100,11d07h58m20,0
TOBAGO-712,FALSE,FALSE,Minor,1815520,21d00h18m40,0
TOBAGO-717,FALSE,FALSE,Trivial,6727,00d01h52m07,0
TOBAGO-302,FALSE,FALSE,Major,756756,08d18h12m36,0
TOBAGO-303,FALSE,FALSE,Major,15228,00d04h13m48,0
TOBAGO-304,FALSE,FALSE,Major,112066163,1297d01h29m23,0
TOBAGO-149,FALSE,FALSE,Minor,399043,04d14h50m43,0
TOBAGO-309,FALSE,FALSE,Major,2799768,32d09h42m48,0
TOBAGO-1928,FALSE,FALSE,Major,515766,05d23h16m06,0
TOBAGO-1929,FALSE,FALSE,Minor,5859340,67d19h35m40,0
TOBAGO-1842,FALSE,FALSE,Major,571550,06d14h45m50,0
TOBAGO-473,FALSE,FALSE,Major,901245,10d10h20m45,1
TOBAGO-1922,FALSE,FALSE,Major,1370557,15d20h42m37,0
TOBAGO-1923,FALSE,FALSE,Major,1294456,14d23h34m16,0
TOBAGO-477,FALSE,FALSE,Major,7868,00d02h11m08,0
TOBAGO-474,FALSE,FALSE,Minor,337694,03d21h48m14,0
TOBAGO-475,FALSE,FALSE,Minor,52001343,601d20h49m03,0
TOBAGO-1379,FALSE,FALSE,Critical,22344,00d06h12m24,0
TOBAGO-1370,FALSE,FALSE,Major,1290609,14d22h30m09,0
TOBAGO-1375,FALSE,FALSE,Minor,151591,01d18h06m31,0
TOBAGO-1374,FALSE,FALSE,Major,506627,05d20h43m47,0
TOBAGO-1377,FALSE,TRUE,Minor,3335,00d00h55m35,0
TOBAGO-1376,FALSE,FALSE,Major,1566561,18d03h09m21,0
TOBAGO-1578,FALSE,FALSE,Major,8277497,95d19h18m17,0
TOBAGO-1572,TRUE,FALSE,Major,12288049,142d05h20m49,0
TOBAGO-1570,FALSE,FALSE,Minor,15354,00d04h15m54,0
TOBAGO-1575,FALSE,FALSE,Minor,1983502,22d22h58m22,0
TOBAGO-1574,TRUE,FALSE,Major,1117297,12d22h21m37,0
TOBAGO-147,FALSE,FALSE,Major,646,00d00h10m46,0
TOBAGO-409,TRUE,FALSE,Critical,22837,00d06h20m37,0
TOBAGO-407,FALSE,FALSE,Major,85429,00d23h43m49,0
TOBAGO-406,FALSE,FALSE,Minor,989,00d00h16m29,0
TOBAGO-157,FALSE,FALSE,Minor,524,00d00h08m44,0
TOBAGO-153,FALSE,FALSE,Major,681,00d00h11m21,0
TOBAGO-400,TRUE,FALSE,Major,5970,00d01h39m30,0
TOBAGO-888,FALSE,FALSE,Critical,7708,00d02h08m28,0
TOBAGO-1215,FALSE,FALSE,Major,86712,01d00h05m12,0
TOBAGO-1549,TRUE,FALSE,Major,19966968,231d02h22m48,0
TOBAGO-1210,FALSE,FALSE,Major,638882,07d09h28m02,0
TOBAGO-1211,FALSE,FALSE,Major,544884,06d07h21m24,0
TOBAGO-1218,FALSE,FALSE,Major,1047206,12d02h53m26,0
TOBAGO-279,FALSE,FALSE,Major,628244,07d06h30m44,1
TOBAGO-91,FALSE,FALSE,Major,403211,04d16h00m11,0
TOBAGO-272,FALSE,FALSE,Major,13141301,152d02h21m41,0
TOBAGO-229,TRUE,FALSE,Major,873106,10d02h31m46,0
MYFACES-576,FALSE,FALSE,Minor,98733,01d03h25m33,0
TOBAGO-1657,TRUE,FALSE,Major,73067,00d20h17m47,0
TOBAGO-1655,FALSE,FALSE,Minor,518238,05d23h57m18,0
TOBAGO-1650,FALSE,FALSE,Minor,415057,04d19h17m37,0
TOBAGO-1651,TRUE,TRUE,Major,39714323,459d15h45m23,0
TOBAGO-1713,FALSE,FALSE,Minor,3610018,41d18h46m58,0
TOBAGO-1710,FALSE,FALSE,Minor,5000949,57d21h09m09,0
TOBAGO-1060,FALSE,FALSE,Minor,458752,05d07h25m52,0
TOBAGO-1108,TRUE,FALSE,Major,9916,00d02h45m16,0
TOBAGO-1067,FALSE,FALSE,Minor,375,00d00h06m15,0
TOBAGO-1066,FALSE,FALSE,Trivial,97251,01d03h00m51,0
TOBAGO-1102,TRUE,FALSE,Major,395720,04d13h55m20,0
TOBAGO-1103,TRUE,FALSE,Major,195379,02d06h16m19,0
TOBAGO-973,FALSE,FALSE,Major,429390,04d23h16m30,0
TOBAGO-971,TRUE,FALSE,Major,3627,00d01h00m27,0
TOBAGO-1105,TRUE,FALSE,Major,1907886,22d01h58m06,0
TOBAGO-1263,TRUE,FALSE,Major,116,00d00h01m56,0
TOBAGO-874,FALSE,FALSE,Minor,4569,00d01h16m09,0
TOBAGO-1265,FALSE,FALSE,Major,259,00d00h04m19,0
TOBAGO-1269,FALSE,FALSE,Major,762,00d00h12m42,0
TOBAGO-1268,FALSE,FALSE,Major,21093,00d05h51m33,0
TOBAGO-2002,TRUE,FALSE,Minor,24577,00d06h49m37,0
TOBAGO-663,FALSE,FALSE,Major,417385,04d19h56m25,0
TOBAGO-683,FALSE,FALSE,Major,5441613,62d23h33m33,0
TOBAGO-688,FALSE,FALSE,Major,3289290,38d01h41m30,0
TOBAGO-1622,TRUE,FALSE,Major,640310,07d09h51m50,0
TOBAGO-1628,TRUE,FALSE,Minor,17372233,201d01h37m13,0
TOBAGO-1784,FALSE,FALSE,Major,60284,00d16h44m44,0
TOBAGO-909,TRUE,FALSE,Critical,1902639,22d00h30m39,0
TOBAGO-752,FALSE,FALSE,Major,1490,00d00h24m50,0
TOBAGO-1783,FALSE,FALSE,Minor,62594,00d17h23m14,0
TOBAGO-901,FALSE,FALSE,Trivial,4756725,55d01h18m45,0
TOBAGO-904,TRUE,FALSE,Trivial,1754828,20d07h27m08,0
TOBAGO-611,FALSE,FALSE,Major,96470,01d02h47m50,0
TOBAGO-124,FALSE,FALSE,Major,6848808,79d06h26m48,0
TOBAGO-437,FALSE,FALSE,Major,633393,07d07h56m33,0
TOBAGO-1966,FALSE,FALSE,Major,3247,00d00h54m07,0
TOBAGO-433,TRUE,FALSE,Major,1208031,13d23h33m51,0
TOBAGO-122,FALSE,FALSE,Minor,114,00d00h01m54,0
TOBAGO-1963,TRUE,FALSE,Major,615290,07d02h54m50,0
TOBAGO-1449,TRUE,FALSE,Major,11190,00d03h06m30,0
TOBAGO-438,FALSE,FALSE,Trivial,59038,00d16h23m58,0
TOBAGO-439,TRUE,FALSE,Major,165,00d00h02m45,0
TOBAGO-1436,FALSE,FALSE,Minor,221,00d00h03m41,0
TOBAGO-1437,FALSE,FALSE,Minor,94476,01d02h14m36,0
TOBAGO-1431,FALSE,FALSE,Major,605,00d00h10m05,0
TOBAGO-1534,FALSE,FALSE,Major,50640343,586d02h45m43,0
TOBAGO-87,FALSE,FALSE,Major,91849,01d01h30m49,0
TOBAGO-638,FALSE,FALSE,Minor,17653,00d04h54m13,0
TOBAGO-1088,FALSE,FALSE,Minor,3476,00d00h57m56,0
TOBAGO-724,FALSE,FALSE,Major,7601247,87d23h27m27,0
TOBAGO-1082,FALSE,FALSE,Major,245938,02d20h18m58,0
TOBAGO-351,FALSE,FALSE,Major,4196,00d01h09m56,0
TOBAGO-350,FALSE,FALSE,Major,3372622,39d00h50m22,0
TOBAGO-1087,FALSE,FALSE,Trivial,1544,00d00h25m44,0
TOBAGO-354,FALSE,FALSE,Major,2874,00d00h47m54,0
TOBAGO-223,FALSE,FALSE,Major,174211,02d00h23m31,0
TOBAGO-222,FALSE,FALSE,Major,376,00d00h06m16,0
TOBAGO-227,FALSE,FALSE,Major,470,00d00h07m50,0
TOBAGO-224,FALSE,FALSE,Major,945,00d00h15m45,0
TOBAGO-542,TRUE,FALSE,Major,608831,07d01h07m11,0
TOBAGO-540,FALSE,FALSE,Minor,317437770,3674d01h09m30,0
TOBAGO-541,TRUE,FALSE,Minor,609261,07d01h14m21,0
TOBAGO-544,FALSE,FALSE,Major,595638,06d21h27m18,0
TOBAGO-545,TRUE,FALSE,Major,1792034,20d17h47m14,0
TOBAGO-447,FALSE,FALSE,Major,1471936,17d00h52m16,0
TOBAGO-446,FALSE,FALSE,Major,84561,00d23h29m21,0
TOBAGO-1322,FALSE,FALSE,Major,55449,00d15h24m09,0
TOBAGO-1323,FALSE,FALSE,Major,284,00d00h04m44,0
TOBAGO-1320,TRUE,FALSE,Minor,1099,00d00h18m19,0
TOBAGO-1321,FALSE,FALSE,Major,55666,00d15h27m46,0
TOBAGO-1324,FALSE,FALSE,Trivial,424,00d00h07m04,0
TOBAGO-1447,FALSE,FALSE,Minor,611921,07d01h58m41,0
TOBAGO-1446,TRUE,FALSE,Major,614460,07d02h41m00,0
TOBAGO-1445,FALSE,FALSE,Minor,1563081,18d02h11m21,0
TOBAGO-1444,FALSE,FALSE,Minor,1563405,18d02h16m45,0
TOBAGO-1883,TRUE,TRUE,Minor,3088,00d00h51m28,0
TOBAGO-1880,FALSE,FALSE,Major,16330944,189d00h22m24,0
TOBAGO-1887,TRUE,FALSE,Minor,6219,00d01h43m39,0
TOBAGO-1886,FALSE,FALSE,Major,7533,00d02h05m33,0
TOBAGO-539,FALSE,FALSE,Major,7512467,86d22h47m47,0
TOBAGO-1884,TRUE,FALSE,Minor,4736827,54d19h47m07,0
TOBAGO-1288,FALSE,FALSE,Major,504172,05d20h02m52,0
TOBAGO-538,TRUE,FALSE,Major,1522194,17d14h49m54,0
TOBAGO-1147,FALSE,FALSE,Major,1632662,18d21h31m02,0
TOBAGO-1142,TRUE,FALSE,Minor,157453,01d19h44m13,0
TOBAGO-1981,TRUE,FALSE,Major,1211789,14d00h36m29,0
TOBAGO-1227,FALSE,FALSE,Minor,54946,00d15h15m46,0
TOBAGO-1226,FALSE,FALSE,Minor,590722,06d20h05m22,0
TOBAGO-1225,TRUE,FALSE,Minor,1107981,12d19h46m21,0
TOBAGO-1223,FALSE,FALSE,Minor,1432,00d00h23m52,0
TOBAGO-1148,TRUE,FALSE,Major,1632399,18d21h26m39,0
TOBAGO-1149,FALSE,FALSE,Major,254295,02d22h38m15,0
TOBAGO-983,TRUE,FALSE,Major,2792706,32d07h45m06,0
TOBAGO-815,TRUE,FALSE,Major,80275101,929d02h38m21,0
TOBAGO-388,TRUE,FALSE,Minor,582764,06d17h52m44,0
TOBAGO-1582,FALSE,FALSE,Minor,516809,05d23h33m29,0
TOBAGO-1583,FALSE,FALSE,Minor,516100,05d23h21m40,0
TOBAGO-1669,FALSE,FALSE,Major,73244,00d20h20m44,0
TOBAGO-1581,FALSE,FALSE,Major,620834,07d04h27m14,0
TOBAGO-1667,FALSE,FALSE,Minor,1562,00d00h26m02,0
TOBAGO-1662,FALSE,FALSE,Minor,43447727,502d20h48m47,0
TOBAGO-1660,FALSE,FALSE,Minor,82773,00d22h59m33,0
TOBAGO-1740,FALSE,FALSE,Minor,10882137,125d22h48m57,0
TOBAGO-1741,TRUE,FALSE,Major,1796377,20d18h59m37,1
TOBAGO-1032,FALSE,FALSE,Major,1131122,13d02h12m02,0
TOBAGO-1749,FALSE,FALSE,Major,704333,08d03h38m53,1
TOBAGO-1031,FALSE,FALSE,Minor,47012,00d13h03m32,0
TOBAGO-1037,FALSE,FALSE,Major,688576,07d23h16m16,0
TOBAGO-946,FALSE,FALSE,Minor,4512,00d01h15m12,0
TOBAGO-1132,FALSE,FALSE,Critical,72846,00d20h14m06,0
TOBAGO-1136,TRUE,FALSE,Critical,162372,01d21h06m12,0
TOBAGO-1134,TRUE,FALSE,Minor,2341507,27d02h25m07,0
TOBAGO-820,FALSE,FALSE,Major,356,00d00h05m56,0
TOBAGO-826,FALSE,FALSE,Major,294440,03d09h47m20,0
TOBAGO-1079,FALSE,FALSE,Major,945823,10d22h43m43,0
TOBAGO-1823,FALSE,FALSE,Major,590721,06d20h05m21,0
TOBAGO-64,FALSE,FALSE,Major,132,00d00h02m12,0
TOBAGO-65,TRUE,FALSE,Minor,17887461,207d00h44m21,0
TOBAGO-60,TRUE,FALSE,Minor,782377,09d01h19m37,0
TOBAGO-61,TRUE,FALSE,Major,58654,00d16h17m34,0
TOBAGO-62,FALSE,FALSE,Major,49620,00d13h47m00,0
TOBAGO-68,FALSE,FALSE,Major,264770,03d01h32m50,1
TOBAGO-69,FALSE,FALSE,Minor,1412317,16d08h18m37,0
TOBAGO-484,FALSE,FALSE,Major,5158,00d01h25m58,0
TOBAGO-483,FALSE,FALSE,Minor,1613,00d00h26m53,0
TOBAGO-482,FALSE,FALSE,Major,492,00d00h08m12,0
TOBAGO-763,FALSE,FALSE,Minor,18690,00d05h11m30,0
TOBAGO-489,TRUE,FALSE,Major,693771,08d00h42m51,0
TOBAGO-643,TRUE,FALSE,Major,1328,00d00h22m08,0
TOBAGO-642,FALSE,FALSE,Critical,14302,00d03h58m22,0
TOBAGO-647,FALSE,FALSE,Minor,2217456,25d15h57m36,0
TOBAGO-648,FALSE,FALSE,Minor,200805010,2324d03h10m10,0
TOBAGO-318,FALSE,TRUE,Major,146,00d00h02m26,0
TOBAGO-469,FALSE,FALSE,Major,2640,00d00h44m00,0
TOBAGO-468,TRUE,FALSE,Major,2693,00d00h44m53,0
TOBAGO-1857,TRUE,FALSE,Minor,19522,00d05h25m22,0
TOBAGO-1918,TRUE,FALSE,Major,575638,06d15h53m58,0
TOBAGO-1852,TRUE,FALSE,Major,3524741,40d19h05m41,0
TOBAGO-461,FALSE,FALSE,Major,585980,06d18h46m20,0
TOBAGO-1914,FALSE,FALSE,Major,8061223,93d07h13m43,0
TOBAGO-463,FALSE,FALSE,Major,395,00d00h06m35,0
TOBAGO-1911,TRUE,FALSE,Major,681635,07d21h20m35,0
TOBAGO-509,FALSE,FALSE,Major,89179217,1032d04h00m17,0
MYFACES-4199,FALSE,FALSE,Major,423387,04d21h36m27,0
TOBAGO-1364,FALSE,FALSE,Critical,35887,00d09h58m07,0
TOBAGO-1365,FALSE,FALSE,Minor,261037,03d00h30m37,0
TOBAGO-1568,TRUE,FALSE,Major,13905206,160d22h33m26,0
TOBAGO-1406,FALSE,FALSE,Major,778,00d00h12m58,0
TOBAGO-12,FALSE,FALSE,Trivial,25307799,292d21h56m39,0
TOBAGO-1401,FALSE,FALSE,Major,117202,01d08h33m22,0
TOBAGO-16,FALSE,FALSE,Trivial,2233162,25d20h19m22,0
TOBAGO-1560,TRUE,FALSE,Major,15119208,174d23h46m48,0
TOBAGO-163,FALSE,FALSE,Minor,2897651,33d12h54m11,0
TOBAGO-168,TRUE,FALSE,Major,2506688,29d00h18m08,1
TOBAGO-169,FALSE,FALSE,Major,253,00d00h04m13,0
TOBAGO-218,FALSE,FALSE,Major,1470162,17d00h22m42,0
TOBAGO-212,FALSE,FALSE,Minor,5465727,63d06h15m27,0
TOBAGO-211,FALSE,FALSE,Minor,34902,00d09h41m42,0
TOBAGO-186,TRUE,FALSE,Major,504,00d00h08m24,0
TOBAGO-1319,TRUE,FALSE,Major,611410,07d01h50m10,0
TOBAGO-1318,FALSE,FALSE,Minor,17217,00d04h46m57,0
TOBAGO-1312,FALSE,FALSE,Major,3389,00d00h56m29,0
TOBAGO-1317,FALSE,FALSE,Minor,91,00d00h01m31,0
TOBAGO-1316,TRUE,FALSE,Major,1098803,12d17h13m23,0
TOBAGO-1315,FALSE,TRUE,Major,1477,00d00h24m37,0
TOBAGO-1314,TRUE,FALSE,Minor,478237,05d12h50m37,0
TOBAGO-88,FALSE,FALSE,Major,91478,01d01h24m38,0
TOBAGO-81,FALSE,FALSE,Major,112,00d00h01m52,0
TOBAGO-86,FALSE,FALSE,Major,92116,01d01h35m16,0
TOBAGO-262,FALSE,FALSE,Major,159,00d00h02m39,0
TOBAGO-85,FALSE,FALSE,Major,1023628,11d20h20m28,0
TOBAGO-1708,FALSE,FALSE,Minor,1788405,20d16h46m45,0
TOBAGO-1709,FALSE,FALSE,Major,3624908,41d22h55m08,0
TOBAGO-1705,FALSE,FALSE,Major,10200031,118d01h20m31,1
TOBAGO-1700,FALSE,FALSE,Major,1645993,19d01h13m13,0
TOBAGO-1702,FALSE,FALSE,Minor,788718,09d03h05m18,0
TOBAGO-1703,TRUE,FALSE,Major,1443814,16d17h03m34,0
TOBAGO-1077,FALSE,FALSE,Minor,1124556,13d00h22m36,0
TOBAGO-980,FALSE,FALSE,Minor,3630,00d01h00m30,0
TOBAGO-1073,FALSE,FALSE,Minor,2770132,32d01h28m52,0
TOBAGO-1071,FALSE,FALSE,Trivial,576,00d00h09m36,0
TOBAGO-1170,TRUE,FALSE,Major,161608,01d20h53m28,0
TOBAGO-1270,FALSE,FALSE,Minor,70847,00d19h40m47,0
TOBAGO-1271,FALSE,FALSE,Minor,585565,06d18h39m25,0
TOBAGO-1274,TRUE,FALSE,Minor,1504,00d00h25m04,0
TOBAGO-1278,FALSE,FALSE,Major,111,00d00h01m51,0
TOBAGO-1279,TRUE,FALSE,Major,22711997,262d20h53m17,1
TOBAGO-236,TRUE,FALSE,Major,170820,01d23h27m00,0
TOBAGO-999,FALSE,FALSE,Major,17265800,199d20h03m20,0
TOBAGO-1634,FALSE,FALSE,Trivial,772697,08d22h38m17,0
TOBAGO-500,FALSE,FALSE,Major,739,00d00h12m19,0
TOBAGO-1002,FALSE,FALSE,Major,239164,02d18h26m04,0
TOBAGO-1000,FALSE,FALSE,Major,922907,10d16h21m47,0
TOBAGO-1006,FALSE,FALSE,Minor,1179,00d00h19m39,0
TOBAGO-1005,FALSE,FALSE,Major,331196,03d19h59m56,0
TOBAGO-910,TRUE,FALSE,Minor,1208661,13d23h44m21,0
TOBAGO-913,FALSE,FALSE,Major,255370,02d22h56m10,0
TOBAGO-601,FALSE,FALSE,Major,121532963,1406d15h09m23,0
TOBAGO-916,FALSE,FALSE,Major,9384,00d02h36m24,0
TOBAGO-425,FALSE,FALSE,Major,3767168,43d14h26m08,0
TOBAGO-788,FALSE,FALSE,Major,1897965,21d23h12m45,0
TOBAGO-420,FALSE,FALSE,Major,128430982,1486d11h16m22,0
TOBAGO-423,FALSE,FALSE,Major,149,00d00h02m29,0
TOBAGO-422,FALSE,FALSE,Major,3616811,41d20h40m11,0
TOBAGO-429,FALSE,FALSE,Major,166377,01d22h12m57,0
TOBAGO-428,FALSE,FALSE,Major,10348587,119d18h36m27,0
TOBAGO-59,TRUE,FALSE,Minor,354090,04d02h21m30,0
TOBAGO-55,FALSE,FALSE,Trivial,81572,00d22h39m32,0
TOBAGO-1689,FALSE,FALSE,Major,1468054,16d23h47m34,1
TOBAGO-1522,FALSE,FALSE,Major,1900350,21d23h52m30,1
TOBAGO-1684,FALSE,FALSE,Minor,1616,00d00h26m56,0
TOBAGO-1687,FALSE,FALSE,Major,510163,05d21h42m43,0
TOBAGO-1668,FALSE,FALSE,Minor,1336,00d00h22m16,0
TOBAGO-1680,FALSE,FALSE,Minor,98,00d00h01m38,0
TOBAGO-1682,FALSE,FALSE,Critical,81199,00d22h33m19,0
TOBAGO-735,FALSE,FALSE,Major,158152,01d19h55m52,0
TOBAGO-737,TRUE,FALSE,Minor,2941468,34d01h04m28,0
TOBAGO-329,FALSE,FALSE,Major,1931905,22d08h38m25,0
TOBAGO-1090,TRUE,FALSE,Major,536202,06d04h56m42,0
TOBAGO-1091,TRUE,FALSE,Major,434064,05d00h34m24,0
TOBAGO-324,FALSE,FALSE,Major,4923090,56d23h31m30,1
TOBAGO-325,FALSE,FALSE,Major,36542954,422d22h49m14,1
TOBAGO-1094,FALSE,FALSE,Major,2683631,31d01h27m11,0
TOBAGO-1097,FALSE,FALSE,Major,654,00d00h10m54,0
TOBAGO-558,FALSE,FALSE,Major,1844,00d00h30m44,0
TOBAGO-255,FALSE,FALSE,Major,916,00d00h15m16,0
TOBAGO-252,FALSE,FALSE,Minor,1387590,16d01h26m30,1
TOBAGO-250,FALSE,FALSE,Major,430228,04d23h30m28,0
TOBAGO-850,TRUE,FALSE,Major,1275041,14d18h10m41,0
TOBAGO-557,FALSE,FALSE,Critical,128840,01d11h47m20,0
TOBAGO-556,FALSE,FALSE,Trivial,14105,00d03h55m05,0
TOBAGO-1589,TRUE,FALSE,Minor,49664266,574d19h37m46,0
TOBAGO-905,TRUE,FALSE,Major,234645,02d17h10m45,0
TOBAGO-1458,TRUE,FALSE,Major,3022689,34d23h38m09,0
TOBAGO-1356,FALSE,FALSE,Major,3289537,38d01h45m37,0
TOBAGO-1354,TRUE,FALSE,Minor,7260625,84d00h50m25,0
TOBAGO-1350,FALSE,FALSE,Major,14911,00d04h08m31,0
TOBAGO-1450,FALSE,FALSE,Major,154023,01d18h47m03,0
TOBAGO-1451,FALSE,FALSE,Trivial,53222,00d14h47m02,0
TOBAGO-260,FALSE,FALSE,Major,346032,04d00h07m12,0
TOBAGO-1453,FALSE,FALSE,Major,5632366,65d04h32m46,1
TOBAGO-1359,TRUE,FALSE,Major,5162722,59d18h05m22,0
TOBAGO-94,TRUE,FALSE,Major,890,00d00h14m50,0
TOBAGO-1890,FALSE,FALSE,Major,146532,01d16h42m12,0
TOBAGO-1958,FALSE,FALSE,Major,3287,00d00h54m47,0
TOBAGO-1892,FALSE,TRUE,Major,69318,00d19h15m18,0
TOBAGO-1895,FALSE,FALSE,Major,65181,00d18h06m21,0
TOBAGO-1896,FALSE,FALSE,Major,173612,02d00h13m32,0
TOBAGO-133,FALSE,FALSE,Major,43906054,508d04h07m34,0
TOBAGO-1950,FALSE,FALSE,Major,10362115,119d22h21m55,0
TOBAGO-1953,FALSE,FALSE,Trivial,7812755,90d10h12m35,0
TOBAGO-1952,FALSE,TRUE,Major,4375767,50d15h29m27,0
TOBAGO-123,FALSE,FALSE,Minor,106,00d00h01m46,0
TOBAGO-136,TRUE,FALSE,Major,8290712,95d22h58m32,0
TOBAGO-134,TRUE,TRUE,Major,145696325,1686d07h12m05,0
TOBAGO-852,TRUE,FALSE,Major,3114612,36d01h10m12,0
TOBAGO-517,TRUE,FALSE,Minor,70264,00d19h31m04,0
DELTASPIKE-1306,FALSE,FALSE,Major,12,00d00h00m12,0
TOBAGO-1239,FALSE,FALSE,Major,5222,00d01h27m02,0
TOBAGO-1234,FALSE,FALSE,Major,60783,00d16h53m03,0
TOBAGO-1235,FALSE,FALSE,Major,60677,00d16h51m17,0
TOBAGO-1230,TRUE,FALSE,Trivial,17166,00d04h46m06,0
TOBAGO-1233,FALSE,FALSE,Trivial,1525,00d00h25m25,0
TOBAGO-1718,TRUE,FALSE,Trivial,2758,00d00h45m58,0
TOBAGO-1679,FALSE,FALSE,Major,1399778,16d04h49m38,0
TOBAGO-1676,FALSE,FALSE,Minor,774665,08d23h11m05,0
TOBAGO-1677,TRUE,FALSE,Major,85964,00d23h52m44,0
TOBAGO-1670,FALSE,FALSE,Trivial,2236,00d00h37m16,0
TOBAGO-1671,FALSE,FALSE,Major,2067850,23d22h24m10,0
TOBAGO-1672,FALSE,FALSE,Major,2067802,23d22h23m22,0
TOBAGO-1775,FALSE,FALSE,Major,48923,00d13h35m23,0
TOBAGO-1774,FALSE,FALSE,Minor,1216566,14d01h56m06,0
TOBAGO-1048,FALSE,FALSE,Minor,1268364,14d16h19m24,0
TOBAGO-1046,FALSE,FALSE,Minor,16142,00d04h29m02,0
TOBAGO-1043,FALSE,FALSE,Major,487,00d00h08m07,0
TOBAGO-1042,FALSE,FALSE,Trivial,1412,00d00h23m32,0
TOBAGO-1041,TRUE,FALSE,Major,10316475,119d09h41m15,0
TOBAGO-1040,FALSE,FALSE,Minor,3301706,38d05h08m26,0
TOBAGO-955,TRUE,FALSE,Major,27809565,321d20h52m45,0
TOBAGO-1121,FALSE,TRUE,Major,1697,00d00h28m17,0
TOBAGO-1124,TRUE,FALSE,Major,7179,00d01h59m39,0
TOBAGO-1126,FALSE,FALSE,Major,102567,01d04h29m27,0
TOBAGO-228,FALSE,TRUE,Major,86271,00d23h57m51,0
TOBAGO-1280,FALSE,FALSE,Major,140602,01d15h03m22,0
TOBAGO-1282,FALSE,FALSE,Major,6112,00d01h41m52,0
TOBAGO-1285,FALSE,FALSE,Major,160061,01d20h27m41,0
TOBAGO-1284,FALSE,FALSE,Major,520487,06d00h34m47,0
TOBAGO-1286,FALSE,FALSE,Major,99,00d00h01m39,0
TOBAGO-960,FALSE,FALSE,Major,66008,00d18h20m08,0
TOBAGO-375,FALSE,FALSE,Trivial,503819,05d19h56m59,0
TOBAGO-6,FALSE,FALSE,Trivial,3147263,36d10h14m23,1
TOBAGO-1461,FALSE,FALSE,Major,2708390,31d08h19m50,0
TOBAGO-1484,FALSE,FALSE,Minor,3107113,35d23h05m13,0
TOBAGO-1460,TRUE,FALSE,Major,1488791,17d05h33m11,0
TOBAGO-1068,FALSE,FALSE,Minor,127,00d00h02m07,0
TOBAGO-421,FALSE,FALSE,Major,2472,00d00h41m12,0
TOBAGO-789,TRUE,FALSE,Major,523128,06d01h18m48,0
TOBAGO-777,FALSE,FALSE,Major,323929,03d17h58m49,0
TOBAGO-675,FALSE,FALSE,Major,6524461,75d12h21m01,0
TOBAGO-1457,TRUE,FALSE,Minor,3128574,36d05h02m54,0
TOBAGO-671,TRUE,FALSE,Minor,2265,00d00h37m45,0
TOBAGO-1195,FALSE,FALSE,Major,666539,07d17h08m59,0
TOBAGO-1194,FALSE,FALSE,Major,263574,03d01h12m54,0
TOBAGO-1197,FALSE,FALSE,Major,83812,00d23h16m52,0
TOBAGO-970,FALSE,FALSE,Minor,2242,00d00h37m22,0
TOBAGO-1191,FALSE,FALSE,Minor,2916,00d00h48m36,0
TOBAGO-1193,FALSE,FALSE,Major,1058006,12d05h53m26,0
TOBAGO-1192,TRUE,TRUE,Major,23229333,268d20h35m33,0
TOBAGO-1900,FALSE,FALSE,Minor,7227979,83d15h46m19,0
TOBAGO-516,FALSE,FALSE,Major,8648785,100d02h26m25,0
TOBAGO-458,FALSE,FALSE,Major,1648,00d00h27m28,0
TOBAGO-510,FALSE,FALSE,Minor,1094,00d00h18m14,0
TOBAGO-512,TRUE,FALSE,Major,45962,00d12h46m02,0
TOBAGO-1909,FALSE,FALSE,Major,2869023,33d04h57m03,0
TOBAGO-1393,FALSE,FALSE,Major,89609,01d00h53m29,0
TOBAGO-146,FALSE,FALSE,Major,78,00d00h01m18,0
TOBAGO-1390,FALSE,FALSE,Major,66205,00d18h23m25,0
TOBAGO-1394,FALSE,FALSE,Trivial,746547,08d15h22m27,0
TOBAGO-1559,TRUE,FALSE,Minor,15211951,176d01h32m31,0
TOBAGO-1416,FALSE,FALSE,Minor,63747,00d17h42m27,0
TOBAGO-1417,TRUE,FALSE,Major,2168,00d00h36m08,0
TOBAGO-1410,FALSE,FALSE,Major,2274241,26d07h44m01,1
TOBAGO-1411,FALSE,FALSE,Major,57850,00d16h04m10,0
TOBAGO-1413,FALSE,FALSE,Minor,3060,00d00h51m00,0
TOBAGO-414,FALSE,FALSE,Major,18025,00d05h00m25,0
TOBAGO-582,FALSE,FALSE,Minor,1077661,12d11h21m01,1
TOBAGO-583,TRUE,FALSE,Minor,1079635,12d11h53m55,0
TOBAGO-580,FALSE,FALSE,Minor,27286906,315d19h41m46,0
TOBAGO-1259,FALSE,FALSE,Minor,8121,00d02h15m21,0
TOBAGO-170,FALSE,FALSE,Major,217,00d00h03m37,0
TOBAGO-417,FALSE,FALSE,Major,531,00d00h08m51,0
TOBAGO-209,FALSE,FALSE,Major,35006,00d09h43m26,0
TOBAGO-202,FALSE,FALSE,Major,1684,00d00h28m04,0
TOBAGO-206,FALSE,FALSE,Critical,121033,01d09h37m13,0
TOBAGO-191,FALSE,FALSE,Major,806375,09d07h59m35,0
TOBAGO-193,FALSE,FALSE,Major,127,00d00h02m07,0
TOBAGO-192,FALSE,TRUE,Major,794900,09d04h48m20,0
TOBAGO-197,FALSE,FALSE,Major,524576,06d01h42m56,0
TOBAGO-1309,FALSE,FALSE,Major,68087,00d18h54m47,0
TOBAGO-2003,FALSE,FALSE,Minor,228,00d00h03m48,0
TOBAGO-1303,FALSE,FALSE,Major,1180,00d00h19m40,0
TOBAGO-1304,TRUE,FALSE,Major,4662,00d01h17m42,0
TOBAGO-1305,FALSE,FALSE,Major,852,00d00h14m12,0
TOBAGO-291,FALSE,FALSE,Major,49153,00d13h39m13,0
TOBAGO-296,TRUE,FALSE,Minor,1737763,20d02h42m43,0
TOBAGO-297,FALSE,FALSE,Major,1376,00d00h22m56,0
TOBAGO-1860,FALSE,FALSE,Trivial,2978,00d00h49m38,0
TOBAGO-1862,TRUE,FALSE,Minor,172674,01d23h57m54,0
TOBAGO-1865,TRUE,FALSE,Major,474879,05d11h54m39,0
TOBAGO-1866,TRUE,FALSE,Major,530416,06d03h20m16,0
TOBAGO-1731,FALSE,FALSE,Major,2606,00d00h43m26,0
MYFACES-3537,FALSE,FALSE,Major,1797796,20d19h23m16,0
TOBAGO-1735,TRUE,FALSE,Major,12865591,148d21h46m31,1
TOBAGO-1734,TRUE,FALSE,Minor,863170,09d23h46m10,0
TOBAGO-1739,FALSE,FALSE,Major,8415,00d02h20m15,0
TOBAGO-858,TRUE,FALSE,Major,54080,00d15h01m20,0
TOBAGO-993,FALSE,FALSE,Minor,209060541,2419d16h22m21,0
TOBAGO-1168,FALSE,FALSE,Minor,40585,00d11h16m25,0
TOBAGO-1169,FALSE,FALSE,Trivial,3157,00d00h52m37,0
TOBAGO-996,FALSE,FALSE,Minor,1686752,19d12h32m32,1
TOBAGO-1164,FALSE,FALSE,Major,94831,01d02h20m31,0
TOBAGO-1165,FALSE,FALSE,Major,7180,00d01h59m40,0
TOBAGO-1166,FALSE,FALSE,Major,28622,00d07h57m02,0
TOBAGO-1167,FALSE,FALSE,Minor,24149,00d06h42m29,0
TOBAGO-1160,FALSE,FALSE,Critical,340394,03d22h33m14,0
TOBAGO-1161,FALSE,FALSE,Minor,337686,03d21h48m06,0
TOBAGO-1162,TRUE,FALSE,Minor,62062,00d17h14m22,0
TOBAGO-1245,TRUE,FALSE,Minor,6851,00d01h54m11,0
TOBAGO-1246,FALSE,FALSE,Major,8741,00d02h25m41,0
TOBAGO-1241,FALSE,FALSE,Minor,949665,10d23h47m45,0
TOBAGO-1240,FALSE,FALSE,Major,25106,00d06h58m26,0
TOBAGO-1243,TRUE,FALSE,Major,9224,00d02h33m44,0
TOBAGO-1249,TRUE,FALSE,Minor,1004,00d00h16m44,0
TOBAGO-1607,FALSE,FALSE,Minor,157440,01d19h44m00,0
TOBAGO-1602,TRUE,FALSE,Major,84,00d00h01m24,0
TOBAGO-1014,FALSE,FALSE,Major,12110984,140d04h09m44,0
TOBAGO-929,TRUE,FALSE,Major,22371824,258d22h23m44,0
TOBAGO-1016,FALSE,FALSE,Minor,1727,00d00h28m47,0
TOBAGO-1018,FALSE,FALSE,Major,193,00d00h03m13,0
TOBAGO-1019,TRUE,FALSE,Major,161,00d00h02m41,0
TOBAGO-927,FALSE,FALSE,Major,200254,02d07h37m34,0
TOBAGO-922,FALSE,FALSE,Major,35512988,411d00h43m08,0
TOBAGO-793,FALSE,FALSE,Trivial,109445,01d06h24m05,0
TOBAGO-791,FALSE,FALSE,Critical,60245,00d16h44m05,0
TOBAGO-790,TRUE,FALSE,Minor,345,00d00h05m45,0
TOBAGO-383,FALSE,FALSE,Major,276315,03d04h45m15,0
TOBAGO-384,FALSE,FALSE,Major,7245373,83d20h36m13,0
TOBAGO-45,FALSE,FALSE,Major,8516,00d02h21m56,0
TOBAGO-43,FALSE,FALSE,Minor,4027551,46d14h45m51,0
TOBAGO-1517,TRUE,FALSE,Major,21779281,252d01h48m01,0
TOBAGO-155,FALSE,FALSE,Minor,79317,00d22h01m57,0
TOBAGO-322,FALSE,FALSE,Major,2505768,29d00h02m48,0
TOBAGO-703,FALSE,FALSE,Minor,245116779,2836d23h59m39,0
TOBAGO-330,TRUE,FALSE,Critical,230937,02d16h08m57,0
TOBAGO-333,FALSE,FALSE,Minor,943506,10d22h05m06,1
TOBAGO-332,TRUE,FALSE,Major,115335262,1334d21h34m22,0
TOBAGO-1831,FALSE,FALSE,Major,73781,00d20h29m41,0
TOBAGO-1834,FALSE,FALSE,Minor,147077,01d16h51m17,1
TOBAGO-1835,FALSE,FALSE,Major,146897,01d16h48m17,0
TOBAGO-567,FALSE,FALSE,Minor,514268,05d22h51m08,0
TOBAGO-562,TRUE,FALSE,Major,6923,00d01h55m23,0
TOBAGO-627,TRUE,FALSE,Major,3096043,35d20h00m43,0
TOBAGO-1469,TRUE,FALSE,Major,19214,00d05h20m14,0
TOBAGO-1468,FALSE,FALSE,Major,855690,09d21h41m30,0
TOBAGO-1467,FALSE,FALSE,Major,192302,02d05h25m02,0
TOBAGO-1466,FALSE,FALSE,Minor,82479,00d22h54m39,0
TOBAGO-1348,FALSE,FALSE,Major,14366,00d03h59m26,0
TOBAGO-1349,FALSE,TRUE,Minor,3600,00d01h00m00,0
TOBAGO-419,FALSE,FALSE,Major,26984664,312d07h44m24,0
TOBAGO-1196,TRUE,FALSE,Major,600726,06d22h52m06,0
TOBAGO-1949,FALSE,FALSE,Trivial,540,00d00h09m00,0
TOBAGO-410,TRUE,FALSE,Major,16445,00d04h34m05,0
TOBAGO-1947,FALSE,FALSE,Major,8649,00d02h24m09,0
TOBAGO-145,FALSE,FALSE,Major,334,00d00h05m34,0
TOBAGO-1942,FALSE,FALSE,Major,516220,05d23h23m40,0
TOBAGO-1941,FALSE,FALSE,Minor,97932,01d03h12m12,1
TOBAGO-141,FALSE,FALSE,Minor,111,00d00h01m51,0
TOBAGO-276,FALSE,FALSE,Major,1192510,13d19h15m10,0
TOBAGO-1201,FALSE,FALSE,Minor,3530,00d00h58m50,0
TOBAGO-1205,FALSE,FALSE,Trivial,245206,02d20h06m46,0
TOBAGO-258,TRUE,FALSE,Minor,8537,00d02h22m17,0
TOBAGO-1206,FALSE,FALSE,Trivial,2184,00d00h36m24,0
TOBAGO-951,FALSE,FALSE,Trivial,432,00d00h07m12,0
TOBAGO-759,FALSE,FALSE,Trivial,533,00d00h08m53,0
