BugID, #isArch, #isInduce, #Priority, #TimeSec, #Time, #Reopen
TOMAHAWK-1539,FALSE,FALSE,Major,281,00d00h04m41,0
TOMAHAWK-1531,FALSE,FALSE,Major,55,00d00h00m55,0
TOMAHAWK-1439,FALSE,FALSE,Major,59,00d00h00m59,0
MYFACES-1273,FALSE,FALSE,Major,885647,10d06h00m47,0
TOMAHAWK-1535,TRUE,FALSE,Major,531,00d00h08m51,0
TOMAHAWK-1534,FALSE,FALSE,Major,291,00d00h04m51,0
TOMAHAWK-1537,FALSE,FALSE,Major,300,00d00h05m00,0
TOMAHAWK-1536,TRUE,FALSE,Major,88,00d00h01m28,0
TOMAHAWK-726,FALSE,FALSE,Major,27142099,314d03h28m19,0
TOMAHAWK-1287,FALSE,FALSE,Major,531404,06d03h36m44,0
MYFACES-907,FALSE,FALSE,Blocker,1159761,13d10h09m21,0
TOMAHAWK-1329,FALSE,FALSE,Minor,1758387,20d08h26m27,0
TOMAHAWK-1325,FALSE,FALSE,Minor,2348,00d00h39m08,0
TOMAHAWK-1326,FALSE,FALSE,Major,85971,00d23h52m51,0
TOMAHAWK-1320,FALSE,FALSE,Minor,24574997,284d10h23m17,0
TOMAHAWK-1321,FALSE,FALSE,Major,4538,00d01h15m38,0
TOMAHAWK-1289,TRUE,FALSE,Major,3049,00d00h50m49,0
TOMAHAWK-1447,FALSE,FALSE,Major,16479405,190d17h36m45,0
TOMAHAWK-262,FALSE,FALSE,Minor,291646,03d09h00m46,0
TOMAHAWK-1443,TRUE,FALSE,Major,29559462,342d02h57m42,0
MYFACES-308,FALSE,FALSE,Major,1589913,18d09h38m33,0
MYFACES-305,TRUE,FALSE,Major,1848371,21d09h26m11,0
TOMAHAWK-462,TRUE,FALSE,Major,108999,01d06h16m39,0
TOMAHAWK-468,FALSE,FALSE,Major,5446982,63d01h03m02,0
TOMAHAWK-1240,FALSE,FALSE,Major,3437,00d00h57m17,0
TOMAHAWK-942,FALSE,FALSE,Minor,179724,02d01h55m24,0
TOMAHAWK-1218,TRUE,FALSE,Major,1954,00d00h32m34,0
TOMAHAWK-1219,FALSE,FALSE,Major,6930598,80d05h09m58,0
TOMAHAWK-1210,FALSE,FALSE,Major,71,00d00h01m11,0
TOMAHAWK-1211,FALSE,FALSE,Major,772,00d00h12m52,0
TOMAHAWK-1290,FALSE,FALSE,Major,131,00d00h02m11,0
TOMAHAWK-1198,FALSE,FALSE,Major,10163132,117d15h05m32,0
MYFACES-413,FALSE,FALSE,Critical,7457,00d02h04m17,0
TOMAHAWK-215,TRUE,FALSE,Major,58757,00d16h19m17,0
MYFACES-417,FALSE,FALSE,Minor,5961,00d01h39m21,0
MYFACES-416,FALSE,FALSE,Major,11610,00d03h13m30,0
MYFACES-415,FALSE,FALSE,Major,2197,00d00h36m37,0
TOMAHAWK-592,FALSE,FALSE,Major,3490438,40d09h33m58,0
TOMAHAWK-590,FALSE,FALSE,Major,448993,05d04h43m13,0
TOMAHAWK-596,FALSE,FALSE,Major,89172226,1032d02h03m46,0
TOMAHAWK-17,FALSE,FALSE,Major,36717773,424d23h22m53,0
TOMAHAWK-15,FALSE,FALSE,Major,94551881,1094d08h24m41,0
TOMAHAWK-955,TRUE,FALSE,Critical,11254205,130d06h10m05,0
TOMAHAWK-1064,FALSE,FALSE,Critical,63130835,730d16h20m35,0
TOMAHAWK-898,FALSE,FALSE,Major,490235,05d16h10m35,0
TOMAHAWK-1266,FALSE,FALSE,Major,2255908,26d02h38m28,1
TOMAHAWK-1108,FALSE,FALSE,Major,55540519,642d19h55m19,0
TOMAHAWK-1260,FALSE,FALSE,Major,143519393,1661d02h29m53,0
TOMAHAWK-322,TRUE,FALSE,Major,38378642,444d04h44m02,1
MYFACES-520,FALSE,FALSE,Major,37278,00d10h21m18,0
TOMAHAWK-66,TRUE,FALSE,Minor,18132395,209d20h46m35,0
TOMAHAWK-64,TRUE,FALSE,Minor,82580555,955d19h02m35,0
MYFACES-528,FALSE,FALSE,Critical,19020,00d05h17m00,0
TOMAHAWK-764,FALSE,FALSE,Major,13179,00d03h39m39,1
TOMAHAWK-765,FALSE,FALSE,Major,13,00d00h00m13,0
TOMAHAWK-647,FALSE,FALSE,Blocker,27154,00d07h32m34,0
TOMAHAWK-644,FALSE,FALSE,Major,7606,00d02h06m46,0
TOMAHAWK-640,FALSE,FALSE,Major,4441,00d01h14m01,0
MYFACES-639,FALSE,FALSE,Minor,529531,06d03h05m31,1
TOMAHAWK-136,FALSE,FALSE,Minor,1888934,21d20h42m14,0
MYFACES-739,FALSE,FALSE,Major,836424,09d16h20m24,0
MYFACES-636,FALSE,FALSE,Major,100912,01d04h01m52,0
TOMAHAWK-1365,FALSE,FALSE,Major,959344,11d02h29m04,0
TOMAHAWK-1400,FALSE,FALSE,Minor,62759,00d17h25m59,0
TOMAHAWK-1403,FALSE,FALSE,Major,23777280,275d04h48m00,0
TOMAHAWK-1402,FALSE,FALSE,Major,6445190,74d14h19m50,0
TOMAHAWK-1405,FALSE,FALSE,Major,253889,02d22h31m29,0
TOMAHAWK-1567,FALSE,FALSE,Major,42,00d00h00m42,0
TOMAHAWK-429,FALSE,FALSE,Trivial,144548,01d16h09m08,0
TOMAHAWK-1565,FALSE,FALSE,Major,417,00d00h06m57,0
TOMAHAWK-1562,FALSE,FALSE,Major,4593531,53d03h58m51,0
TOMAHAWK-1563,FALSE,FALSE,Major,885,00d00h14m45,0
TOMAHAWK-1560,FALSE,FALSE,Critical,2345898,27d03h38m18,0
TOMAHAWK-423,FALSE,FALSE,Major,12186011,141d01h00m11,1
MYFACES-404,FALSE,FALSE,Critical,857489,09d22h11m29,0
TOMAHAWK-390,FALSE,FALSE,Major,561385,06d11h56m25,1
MYFACES-385,FALSE,FALSE,Minor,39453,00d10h57m33,0
MYFACES-118,FALSE,FALSE,Major,14746387,170d16h13m07,1
TOMAHAWK-869,TRUE,FALSE,Major,284040,03d06h54m00,0
TOMAHAWK-161,FALSE,FALSE,Major,9076154,105d01h09m14,0
TOMAHAWK-258,FALSE,FALSE,Major,27294658,315d21h50m58,0
TOMAHAWK-1314,FALSE,FALSE,Major,36250,00d10h04m10,0
MYFACES-592,FALSE,TRUE,Major,529731,06d03h08m51,1
MYFACES-458,FALSE,FALSE,Critical,59470873,688d07h41m13,1
MYFACES-456,FALSE,FALSE,Major,796203,09d05h10m03,0
TOMAHAWK-253,FALSE,FALSE,Major,684278,07d22h04m38,0
TOMAHAWK-1319,TRUE,FALSE,Minor,16540,00d04h35m40,0
TOMAHAWK-554,FALSE,FALSE,Major,1615,00d00h26m55,0
TOMAHAWK-1496,FALSE,FALSE,Major,12877199,149d00h59m59,0
MYFACES-356,FALSE,FALSE,Major,156642,01d19h30m42,0
TOMAHAWK-497,FALSE,FALSE,Major,519073,06d00h11m13,1
TOMAHAWK-494,FALSE,FALSE,Major,8319067,96d06h51m07,0
TOMAHAWK-493,FALSE,FALSE,Major,8469433,98d00h37m13,0
TOMAHAWK-491,FALSE,FALSE,Major,10715626,124d00h33m46,0
MYFACES-654,FALSE,FALSE,Major,97906537,1133d04h15m37,0
TOMAHAWK-50,TRUE,FALSE,Major,22806639,263d23h10m39,0
TOMAHAWK-695,FALSE,FALSE,Minor,218597,02d12h43m17,0
TOMAHAWK-917,FALSE,FALSE,Major,442,00d00h07m22,0
TOMAHAWK-916,FALSE,FALSE,Critical,722372,08d08h39m32,0
MYFACES-688,FALSE,FALSE,Major,612470,07d02h07m50,0
TOMAHAWK-914,FALSE,TRUE,Major,2495784,28d21h16m24,0
TOMAHAWK-910,FALSE,FALSE,Minor,93697,01d02h01m37,0
TOMAHAWK-1637,TRUE,FALSE,Minor,1863234,21d13h33m54,0
TOMAHAWK-1143,FALSE,FALSE,Major,21640850,250d11h20m50,1
TOMAHAWK-1633,TRUE,FALSE,Major,466009,05d09h26m49,0
TOMAHAWK-1147,FALSE,FALSE,Major,349715,04d01h08m35,0
TOMAHAWK-498,FALSE,FALSE,Major,8197927,94d21h12m07,0
TOMAHAWK-1388,FALSE,FALSE,Major,50277,00d13h57m57,0
TOMAHAWK-1389,FALSE,FALSE,Major,77512123,897d03h08m43,1
TOMAHAWK-1384,FALSE,FALSE,Critical,22667,00d06h17m47,0
TOMAHAWK-1383,FALSE,FALSE,Major,4481534,51d20h52m14,0
TOMAHAWK-1381,TRUE,TRUE,Major,15412251,178d09h10m51,0
TOMAHAWK-986,FALSE,FALSE,Minor,61961,00d17h12m41,0
TOMAHAWK-1479,FALSE,FALSE,Minor,40269798,466d02h03m18,0
TOMAHAWK-1035,FALSE,FALSE,Major,4229278,48d22h47m58,0
TOMAHAWK-605,FALSE,FALSE,Major,288,00d00h04m48,0
TOMAHAWK-170,FALSE,FALSE,Major,12781,00d03h33m01,0
TOMAHAWK-833,FALSE,FALSE,Minor,941,00d00h15m41,0
TOMAHAWK-172,FALSE,FALSE,Minor,2351406,27d05h10m06,0
TOMAHAWK-1038,FALSE,FALSE,Minor,43764,00d12h09m24,0
TOMAHAWK-176,TRUE,FALSE,Major,17422473,201d15h34m33,0
MYFACES-675,FALSE,FALSE,Minor,1595,00d00h26m35,0
TOMAHAWK-1487,FALSE,FALSE,Major,98888,01d03h28m08,0
TOMAHAWK-1520,FALSE,FALSE,Major,164,00d00h02m44,0
MYFACES-1049,FALSE,FALSE,Major,529866,06d03h11m06,0
TOMAHAWK-181,FALSE,FALSE,Major,1983583,22d22h59m43,0
TOMAHAWK-738,FALSE,TRUE,Major,301028,03d11h37m08,1
TOMAHAWK-1129,FALSE,FALSE,Major,21560476,249d13h01m16,0
MYFACES-134,TRUE,FALSE,Major,8813102,102d00h05m02,0
TOMAHAWK-108,FALSE,FALSE,Critical,364038,04d05h07m18,0
TOMAHAWK-104,FALSE,FALSE,Minor,8038558,93d00h55m58,0
MYFACES-332,FALSE,FALSE,Major,1041792,12d01h23m12,0
TOMAHAWK-1359,FALSE,FALSE,Major,79885902,924d14h31m42,0
TOMAHAWK-1358,FALSE,FALSE,Major,35863618,415d02h06m58,1
TOMAHAWK-1294,FALSE,FALSE,Trivial,2437369,28d05h02m49,0
MYFACES-330,FALSE,FALSE,Minor,1651210,19d02h40m10,0
TOMAHAWK-1351,FALSE,FALSE,Major,253943,02d22h32m23,0
TOMAHAWK-1355,FALSE,FALSE,Major,907,00d00h15m07,0
TOMAHAWK-1357,FALSE,FALSE,Major,110413,01d06h40m13,0
TOMAHAWK-189,FALSE,FALSE,Major,2695,00d00h44m55,0
TOMAHAWK-1599,FALSE,TRUE,Major,59285,00d16h28m05,0
TOMAHAWK-1598,FALSE,FALSE,Minor,50,00d00h00m50,0
TOMAHAWK-1597,FALSE,FALSE,Trivial,1404047,16d06h00m47,0
TOMAHAWK-1595,FALSE,FALSE,Minor,47697487,552d01h18m07,0
TOMAHAWK-1592,FALSE,FALSE,Major,89,00d00h01m29,0
TOMAHAWK-450,FALSE,FALSE,Major,10596203,122d15h23m23,1
TOMAHAWK-1188,FALSE,FALSE,Major,15600166,180d13h22m46,0
MYFACES-791,FALSE,FALSE,Major,265064,03d01h37m44,0
TOMAHAWK-1184,FALSE,FALSE,Minor,699266,08d02h14m26,1
TOMAHAWK-1186,FALSE,FALSE,Major,2390,00d00h39m50,0
TOMAHAWK-1187,FALSE,FALSE,Major,489746,05d16h02m26,0
TOMAHAWK-1182,TRUE,FALSE,Minor,24135201,279d08h13m21,0
TOMAHAWK-1183,TRUE,FALSE,Major,21302302,246d13h18m22,0
TOMAHAWK-813,FALSE,FALSE,Minor,6379,00d01h46m19,0
TOMAHAWK-817,FALSE,FALSE,Minor,7188,00d01h59m48,0
TOMAHAWK-818,FALSE,FALSE,Major,5148,00d01h25m48,0
TOMAHAWK-880,FALSE,FALSE,Major,105776,01d05h22m56,0
MYFACES-206,FALSE,FALSE,Major,9665425,111d20h50m25,0
TOMAHAWK-205,FALSE,FALSE,Major,59490891,688d13h14m51,0
TOMAHAWK-203,FALSE,FALSE,Minor,1235008,14d07h03m28,1
TOMAHAWK-1176,FALSE,FALSE,Major,3603752,41d17h02m32,0
MYFACES-60,FALSE,FALSE,Major,4435538,51d08h05m38,0
TOMAHAWK-1639,TRUE,FALSE,Minor,1064581,12d07h43m01,0
TOMAHAWK-953,FALSE,FALSE,Major,6796,00d01h53m16,0
TOMAHAWK-1074,FALSE,FALSE,Major,1643,00d00h27m23,0
TOMAHAWK-1076,FALSE,FALSE,Minor,12685518,146d19h45m18,0
TOMAHAWK-1170,TRUE,FALSE,Major,23773949,275d03h52m29,0
TOMAHAWK-46,FALSE,FALSE,Major,20019465,231d16h57m45,0
TOMAHAWK-886,FALSE,FALSE,Critical,10930,00d03h02m10,0
TOMAHAWK-1174,TRUE,FALSE,Minor,14428,00d04h00m28,0
TOMAHAWK-882,FALSE,FALSE,Critical,52979056,613d04h24m16,0
TOMAHAWK-1179,FALSE,FALSE,Blocker,4163934,48d04h38m54,0
TOMAHAWK-97,FALSE,FALSE,Major,20565494,238d00h38m14,0
TOMAHAWK-96,FALSE,FALSE,Major,164958301,1909d05h45m01,0
TOMAHAWK-1631,FALSE,FALSE,Major,6451390,74d16h03m10,0
MYFACES-531,FALSE,FALSE,Major,1135,00d00h18m55,0
MYFACES-1000,FALSE,FALSE,Critical,4638,00d01h17m18,0
TOMAHAWK-1009,FALSE,FALSE,Major,1029215,11d21h53m35,0
TOMAHAWK-1192,FALSE,FALSE,Major,628,00d00h10m28,0
TOMAHAWK-672,TRUE,FALSE,Major,349098,04d00h58m18,0
TOMAHAWK-676,FALSE,FALSE,Major,188400,02d04h20m00,0
MYFACES-621,FALSE,FALSE,Minor,98370,01d03h19m30,0
MYFACES-622,FALSE,FALSE,Major,681894,07d21h24m54,0
TOMAHAWK-1418,TRUE,FALSE,Major,2042184,23d15h16m24,0
TOMAHAWK-1414,FALSE,FALSE,Major,1297,00d00h21m37,0
TOMAHAWK-1553,FALSE,FALSE,Major,38,00d00h00m38,0
TOMAHAWK-1551,TRUE,FALSE,Major,13442623,155d14h03m43,0
TOMAHAWK-1557,FALSE,FALSE,Major,13854870,160d08h34m30,0
TOMAHAWK-418,FALSE,FALSE,Major,4011,00d01h06m51,0
TOMAHAWK-870,FALSE,FALSE,Major,528769,06d02h52m49,0
TOMAHAWK-852,FALSE,FALSE,Major,878611,10d04h03m31,0
MYFACES-412,FALSE,FALSE,Major,440399,05d02h19m59,0
MYFACES-928,FALSE,FALSE,Major,4332977,50d03h36m17,0
TOMAHAWK-1306,FALSE,FALSE,Major,5888087,68d03h34m47,0
TOMAHAWK-1307,FALSE,FALSE,Major,28103070,325d06h24m30,0
TOMAHAWK-249,FALSE,FALSE,Major,26658,00d07h24m18,0
TOMAHAWK-1302,FALSE,FALSE,Major,97522,01d03h05m22,0
TOMAHAWK-1303,FALSE,FALSE,Trivial,147221,01d16h53m41,0
TOMAHAWK-1300,FALSE,FALSE,Minor,1222119,14d03h28m39,0
MYFACES-445,FALSE,FALSE,Blocker,2210135,25d13h55m35,1
TOMAHAWK-246,TRUE,FALSE,Minor,605393,07d00h09m53,0
TOMAHAWK-245,TRUE,FALSE,Minor,605492,07d00h11m32,0
TOMAHAWK-1309,FALSE,FALSE,Major,2947752,34d02h49m12,0
MYFACES-360,FALSE,FALSE,Major,99300,01d03h35m00,0
TOMAHAWK-565,FALSE,TRUE,Major,29065,00d08h04m25,0
MYFACES-286,FALSE,FALSE,Major,6826916,79d00h21m56,1
TOMAHAWK-569,FALSE,FALSE,Trivial,4713683,54d13h21m23,0
MYFACES-282,FALSE,FALSE,Minor,4678221,54d03h30m21,0
TOMAHAWK-689,FALSE,FALSE,Minor,38416334,444d15h12m14,0
TOMAHAWK-47,TRUE,FALSE,Major,9495369,109d21h36m09,0
TOMAHAWK-41,TRUE,FALSE,Major,18350639,212d09h23m59,0
TOMAHAWK-683,FALSE,FALSE,Critical,36006,00d10h00m06,0
TOMAHAWK-682,FALSE,FALSE,Blocker,539439,06d05h50m39,1
TOMAHAWK-685,FALSE,FALSE,Minor,549,00d00h09m09,0
TOMAHAWK-922,TRUE,FALSE,Major,71745689,830d09h21m29,0
TOMAHAWK-1609,FALSE,FALSE,Major,8316532,96d06h08m52,0
TOMAHAWK-1608,FALSE,FALSE,Major,8582028,99d07h53m48,0
MYFACES-423,FALSE,FALSE,Major,24424,00d06h47m04,0
MYFACES-934,FALSE,FALSE,Minor,631864,07d07h31m04,0
TOMAHAWK-928,FALSE,FALSE,Major,86422,01d00h00m22,0
TOMAHAWK-929,FALSE,FALSE,Minor,69654718,806d04h31m58,0
TOMAHAWK-1607,TRUE,FALSE,Major,29952754,346d16h12m34,0
TOMAHAWK-1234,FALSE,FALSE,Major,1913,00d00h31m53,0
MYFACES-1876,FALSE,FALSE,Critical,4264,00d01h11m04,0
MYFACES-1510,FALSE,FALSE,Major,204801,02d08h53m21,1
TOMAHAWK-3,FALSE,FALSE,Major,107838051,1248d03h00m51,0
TOMAHAWK-777,TRUE,FALSE,Major,30181694,349d07h48m14,1
TOMAHAWK-6,TRUE,FALSE,Major,67696633,783d12h37m13,0
TOMAHAWK-5,TRUE,FALSE,Major,10562654,122d06h04m14,0
MYFACES-346,FALSE,FALSE,Major,1287,00d00h21m27,0
TOMAHAWK-184,FALSE,FALSE,Major,8987741,104d00h35m41,0
TOMAHAWK-187,FALSE,FALSE,Major,1172909,13d13h48m29,0
TOMAHAWK-1044,FALSE,FALSE,Blocker,36427,00d10h07m07,0
TOMAHAWK-1047,FALSE,FALSE,Major,3456771,40d00h12m51,0
TOMAHAWK-1046,TRUE,FALSE,Major,30807393,356d13h36m33,0
TOMAHAWK-774,FALSE,FALSE,Critical,28775,00d07h59m35,0
TOMAHAWK-1123,FALSE,FALSE,Major,199946,02d07h32m26,0
TOMAHAWK-349,FALSE,FALSE,Major,391530,04d12h45m30,0
TOMAHAWK-1337,FALSE,FALSE,Minor,643998,07d10h53m18,0
TOMAHAWK-1517,FALSE,FALSE,Major,33,00d00h00m33,0
TOMAHAWK-1516,FALSE,FALSE,Major,33,00d00h00m33,0
TOMAHAWK-1515,FALSE,FALSE,Major,4858799,56d05h39m59,0
TOMAHAWK-1510,TRUE,FALSE,Major,58,00d00h00m58,0
TOMAHAWK-1519,FALSE,FALSE,Major,1553,00d00h25m53,0
TOMAHAWK-803,FALSE,FALSE,Major,32630,00d09h03m50,0
TOMAHAWK-117,TRUE,FALSE,Major,61918124,716d15h28m44,0
MYFACES-840,FALSE,FALSE,Minor,6250475,72d08h14m35,0
TOMAHAWK-1342,FALSE,FALSE,Major,463716,05d08h48m36,0
TOMAHAWK-1343,FALSE,FALSE,Major,3042866,35d05h14m26,0
TOMAHAWK-1340,FALSE,FALSE,Major,42638,00d11h50m38,0
TOMAHAWK-1341,FALSE,FALSE,Major,39705,00d11h01m45,0
TOMAHAWK-1346,TRUE,FALSE,Minor,1926200,22d07h03m20,0
TOMAHAWK-1347,FALSE,FALSE,Minor,285127,03d07h12m07,0
TOMAHAWK-1344,FALSE,FALSE,Major,52898494,612d06h01m34,0
TOMAHAWK-1345,TRUE,FALSE,Minor,1941785,22d11h23m05,0
TOMAHAWK-1463,FALSE,FALSE,Major,26650318,308d10h51m58,0
MYFACES-320,FALSE,FALSE,Minor,12765942,147d18h05m42,1
TOMAHAWK-524,FALSE,FALSE,Major,893,00d00h14m53,0
TOMAHAWK-1460,FALSE,FALSE,Major,29647480,343d03h24m40,1
TOMAHAWK-520,FALSE,FALSE,Major,22993395,266d03h03m15,0
TOMAHAWK-521,FALSE,FALSE,Critical,10904181,126d04h56m21,1
MYFACES-329,FALSE,FALSE,Major,40336,00d11h12m16,0
TOMAHAWK-1581,FALSE,FALSE,Major,43,00d00h00m43,0
TOMAHAWK-1469,FALSE,FALSE,Major,12459706,144d05h01m46,0
TOMAHAWK-1584,FALSE,FALSE,Major,46,00d00h00m46,0
TOMAHAWK-443,FALSE,FALSE,Blocker,10608263,122d18h44m23,0
MYFACES-323,FALSE,FALSE,Major,3537591,40d22h39m51,0
TOMAHAWK-966,FALSE,FALSE,Major,45955,00d12h45m55,0
TOMAHAWK-964,FALSE,FALSE,Major,11203388,129d16h03m08,1
TOMAHAWK-962,FALSE,FALSE,Minor,3129394,36d05h16m34,0
TOMAHAWK-961,TRUE,FALSE,Major,123992587,1435d02h23m07,0
TOMAHAWK-804,FALSE,FALSE,Major,1289,00d00h21m29,0
TOMAHAWK-1645,FALSE,FALSE,Major,324,00d00h05m24,0
TOMAHAWK-1644,FALSE,FALSE,Major,506982,05d20h49m42,0
TOMAHAWK-1643,TRUE,FALSE,Major,3170393,36d16h39m53,0
TOMAHAWK-1642,FALSE,FALSE,Major,529293,06d03h01m33,0
TOMAHAWK-968,FALSE,FALSE,Major,2332471,26d23h54m31,0
TOMAHAWK-969,FALSE,FALSE,Major,2194906,25d09h41m46,0
MYFACES-2035,FALSE,FALSE,Major,1207916,13d23h31m56,0
TOMAHAWK-236,FALSE,FALSE,Major,10545872,122d01h24m32,0
MYFACES-432,FALSE,FALSE,Major,182719,02d02h45m19,0
TOMAHAWK-238,FALSE,FALSE,Minor,493,00d00h08m13,0
MYFACES-569,FALSE,FALSE,Major,1582,00d00h26m22,0
TOMAHAWK-36,TRUE,FALSE,Minor,26485275,306d13h01m15,2
TOMAHAWK-33,FALSE,FALSE,Major,119310779,1380d21h52m59,0
TOMAHAWK-1085,TRUE,FALSE,Minor,1211,00d00h20m11,0
TOMAHAWK-1087,FALSE,FALSE,Minor,25880881,299d13h08m01,0
MYFACES-508,FALSE,FALSE,Minor,999,00d00h16m39,0
TOMAHAWK-1167,TRUE,FALSE,Major,15319502,177d07h25m02,0
TOMAHAWK-1168,FALSE,FALSE,Major,227,00d00h03m47,0
TOMAHAWK-1169,FALSE,FALSE,Trivial,8900097,103d00h14m57,0
TOMAHAWK-414,FALSE,FALSE,Minor,85343,00d23h42m23,0
TOMAHAWK-80,TRUE,FALSE,Minor,29944577,346d13h56m17,0
TOMAHAWK-412,FALSE,FALSE,Major,11615603,134d10h33m23,0
MYFACES-1543,FALSE,FALSE,Minor,239110,02d18h25m10,0
TOMAHAWK-1109,FALSE,FALSE,Major,2031187,23d12h13m07,0
TOMAHAWK-1625,FALSE,FALSE,Blocker,45,00d00h00m45,0
TOMAHAWK-748,FALSE,FALSE,Major,2283454,26d10h17m34,0
TOMAHAWK-749,FALSE,FALSE,Trivial,4349015,50d08h03m35,0
TOMAHAWK-745,FALSE,FALSE,Major,28,00d00h00m28,0
TOMAHAWK-660,FALSE,FALSE,Minor,938601,10d20h43m21,0
TOMAHAWK-1016,FALSE,FALSE,Major,56,00d00h00m56,0
TOMAHAWK-1014,FALSE,FALSE,Major,54326607,628d18h43m27,1
TOMAHAWK-668,FALSE,FALSE,Major,773172,08d22h46m12,0
TOMAHAWK-982,FALSE,FALSE,Trivial,41275643,477d17h27m23,0
TOMAHAWK-152,FALSE,FALSE,Minor,346765,04d00h19m25,0
TOMAHAWK-150,FALSE,FALSE,Minor,801726,09d06h42m06,0
TOMAHAWK-1151,FALSE,FALSE,Major,50618,00d14h03m38,0
MYFACES-615,FALSE,FALSE,Major,70389,00d19h33m09,0
MYFACES-2744,FALSE,FALSE,Major,3442488,39d20h14m48,1
TOMAHAWK-1426,FALSE,FALSE,Major,32534800,376d13h26m40,0
TOMAHAWK-1424,FALSE,FALSE,Major,1850430,21d10h00m30,0
TOMAHAWK-1549,FALSE,FALSE,Major,60,00d00h01m00,0
TOMAHAWK-1420,TRUE,FALSE,Critical,2146707,24d20h18m27,0
TOMAHAWK-1544,FALSE,FALSE,Major,201234,02d07h53m54,0
TOMAHAWK-1545,TRUE,FALSE,Major,257,00d00h04m17,0
TOMAHAWK-1540,FALSE,FALSE,Major,209,00d00h03m29,0
TOMAHAWK-1541,FALSE,FALSE,Major,34,00d00h00m34,0
TOMAHAWK-1429,FALSE,FALSE,Major,15548,00d04h19m08,0
TOMAHAWK-1428,FALSE,FALSE,Major,56,00d00h00m56,0
TOMAHAWK-401,FALSE,FALSE,Major,7895,00d02h11m35,0
TOMAHAWK-405,FALSE,FALSE,Major,224708,02d14h25m08,0
TOMAHAWK-406,TRUE,FALSE,Major,67905488,785d22h38m08,0
MYFACES-1065,TRUE,FALSE,Major,494,00d00h08m14,0
MYFACES-1308,FALSE,FALSE,Major,3679,00d01h01m19,0
TOMAHAWK-834,FALSE,FALSE,Minor,104,00d00h01m44,0
TOMAHAWK-1611,FALSE,FALSE,Major,3100123,35d21h08m43,0
MYFACES-931,FALSE,FALSE,Minor,32313,00d08h58m33,0
TOMAHAWK-845,FALSE,FALSE,Major,44874,00d12h27m54,0
TOMAHAWK-832,FALSE,FALSE,Minor,91,00d00h01m31,0
TOMAHAWK-848,FALSE,FALSE,Major,248725,02d21h05m25,0
TOMAHAWK-1208,TRUE,FALSE,Major,39758751,460d04h05m51,0
TOMAHAWK-1332,FALSE,FALSE,Major,1993455,23d01h44m15,0
TOMAHAWK-1331,FALSE,FALSE,Major,22769081,263d12h44m41,0
TOMAHAWK-579,FALSE,FALSE,Critical,3445840,39d21h10m40,0
TOMAHAWK-1336,FALSE,FALSE,Minor,3230789,37d09h26m29,0
TOMAHAWK-1335,FALSE,FALSE,Minor,712060,08d05h47m40,0
TOMAHAWK-1339,FALSE,FALSE,Major,16418,00d04h33m38,0
TOMAHAWK-1338,FALSE,FALSE,Major,6158,00d01h42m38,0
TOMAHAWK-570,FALSE,FALSE,Minor,48461048,560d21h24m08,0
MYFACES-271,FALSE,FALSE,Minor,6348400,73d11h26m40,0
TOMAHAWK-1648,FALSE,FALSE,Major,2719,00d00h45m19,0
TOMAHAWK-479,FALSE,FALSE,Major,203525,02d08h32m05,0
TOMAHAWK-932,FALSE,FALSE,Major,422045,04d21h14m05,0
TOMAHAWK-1614,FALSE,FALSE,Minor,75,00d00h01m15,0
TOMAHAWK-835,TRUE,FALSE,Minor,134,00d00h02m14,0
TOMAHAWK-1610,TRUE,FALSE,Major,7266581,84d02h29m41,0
TOMAHAWK-831,FALSE,FALSE,Minor,66,00d00h01m06,0
TOMAHAWK-1209,FALSE,FALSE,Major,111,00d00h01m51,0
TOMAHAWK-1613,FALSE,FALSE,Major,37003,00d10h16m43,0
TOMAHAWK-1204,FALSE,FALSE,Major,65,00d00h01m05,0
TOMAHAWK-1200,FALSE,FALSE,Major,2540054,29d09h34m14,0
TOMAHAWK-581,FALSE,FALSE,Minor,4008593,46d09h29m53,0
TOMAHAWK-582,FALSE,FALSE,Major,4093817,47d09h10m17,0
TOMAHAWK-589,TRUE,FALSE,Major,523730,06d01h28m50,0
MYFACES-388,FALSE,FALSE,Major,1256787,14d13h06m27,0
TOMAHAWK-628,FALSE,FALSE,Minor,5120623,59d06h23m43,0
TOMAHAWK-780,FALSE,FALSE,Major,244194,02d19h49m54,0
TOMAHAWK-784,FALSE,FALSE,Minor,16152057,186d22h40m57,0
TOMAHAWK-1052,TRUE,FALSE,Minor,18947,00d05h15m47,0
TOMAHAWK-1053,FALSE,FALSE,Minor,2713634,31d09h47m14,0
TOMAHAWK-1050,FALSE,FALSE,Major,3043671,35d05h27m51,0
TOMAHAWK-1055,FALSE,FALSE,Major,22001,00d06h06m41,0
MYFACES-1590,FALSE,FALSE,Major,326,00d00h05m26,0
TOMAHAWK-1111,FALSE,FALSE,Major,26997,00d07h29m57,0
TOMAHAWK-1110,TRUE,FALSE,Major,25283189,292d15h06m29,0
TOMAHAWK-1116,FALSE,FALSE,Blocker,23212903,268d16h01m43,0
MYFACES-491,TRUE,FALSE,Major,209,00d00h03m29,0
TOMAHAWK-1509,TRUE,FALSE,Major,76,00d00h01m16,0
TOMAHAWK-715,FALSE,FALSE,Major,241,00d00h04m01,0
TOMAHAWK-714,FALSE,FALSE,Minor,9142,00d02h32m22,1
TOMAHAWK-717,FALSE,FALSE,Major,57900524,670d03h28m44,0
TOMAHAWK-710,FALSE,FALSE,Major,2544135,29d10h42m15,0
TOMAHAWK-656,FALSE,FALSE,Major,461600,05d08h13m20,0
TOMAHAWK-650,FALSE,FALSE,Major,136586,01d13h56m26,0
TOMAHAWK-651,FALSE,FALSE,Major,2656038,30d17h47m18,0
TOMAHAWK-652,FALSE,FALSE,Major,1639676,18d23h27m56,0
TOMAHAWK-128,FALSE,FALSE,Major,20486380,237d02h39m40,0
MYFACES-721,FALSE,FALSE,Major,8865,00d02h27m45,0
MYFACES-2895,FALSE,FALSE,Major,392972,04d13h09m32,0
MYFACES-881,FALSE,FALSE,Critical,217069,02d12h17m49,0
TOMAHAWK-1376,FALSE,FALSE,Major,510,00d00h08m30,0
TOMAHAWK-1374,FALSE,FALSE,Major,27433,00d07h37m13,0
MYFACES-871,FALSE,FALSE,Major,3620332,41d21h38m52,0
TOMAHAWK-1372,FALSE,FALSE,Major,134686,01d13h24m46,0
TOMAHAWK-1371,FALSE,FALSE,Major,301627,03d11h47m07,0
TOMAHAWK-1475,FALSE,FALSE,Major,11813237,136d17h27m17,0
TOMAHAWK-1379,FALSE,FALSE,Major,6288780,72d18h53m00,0
TOMAHAWK-531,FALSE,FALSE,Major,6004127,69d11h48m47,0
TOMAHAWK-530,FALSE,FALSE,Major,34501435,399d07h43m55,0
TOMAHAWK-1577,FALSE,FALSE,Major,1659893,19d05h04m53,0
TOMAHAWK-1576,FALSE,FALSE,Major,1987880,23d00h11m20,0
TOMAHAWK-1571,FALSE,FALSE,Major,77,00d00h01m17,0
TOMAHAWK-534,FALSE,FALSE,Major,6702276,77d13h44m36,1
TOMAHAWK-1573,TRUE,FALSE,Major,3725386,43d02h49m46,0
MYFACES-331,FALSE,FALSE,Major,1096589,12d16h36m29,0
TOMAHAWK-433,FALSE,FALSE,Major,20361,00d05h39m21,1
TOMAHAWK-1578,FALSE,FALSE,Major,31901596,369d05h33m16,1
TOMAHAWK-436,FALSE,FALSE,Major,4317,00d01h11m57,0
TOMAHAWK-437,FALSE,FALSE,Minor,2933787,33d22h56m27,0
TOMAHAWK-1279,FALSE,FALSE,Major,122,00d00h02m02,0
TOMAHAWK-1574,FALSE,FALSE,Major,3001094,34d17h38m14,1
TOMAHAWK-971,FALSE,FALSE,Major,7769399,89d22h09m59,0
TOMAHAWK-974,FALSE,FALSE,Major,5526383,63d23h06m23,0
TOMAHAWK-979,FALSE,FALSE,Minor,922154,10d16h09m14,0
TOMAHAWK-872,FALSE,FALSE,Major,9177186,106d05h13m06,0
TOMAHAWK-1653,FALSE,FALSE,Major,13033,00d03h37m13,1
TOMAHAWK-1029,FALSE,FALSE,Trivial,1513451,17d12h24m11,0
MYFACES-580,FALSE,FALSE,Blocker,396679,04d14h11m19,0
MYFACES-429,FALSE,FALSE,Major,266885,03d02h08m05,0
MYFACES-586,FALSE,FALSE,Major,105054,01d05h10m54,0
MYFACES-588,FALSE,FALSE,Trivial,699509,08d02h18m29,1
TOMAHAWK-220,FALSE,FALSE,Major,1509167,17d11h12m47,1
TOMAHAWK-1480,FALSE,FALSE,Minor,39860658,461d08h24m18,0
TOMAHAWK-1483,FALSE,FALSE,Major,5657912,65d11h38m32,0
MYFACES-340,FALSE,FALSE,Minor,21278,00d05h54m38,0
TOMAHAWK-540,FALSE,FALSE,Major,5885396,68d02h49m56,0
TOMAHAWK-541,FALSE,FALSE,Major,2286586,26d11h09m46,0
TOMAHAWK-542,TRUE,FALSE,Minor,67130018,776d23h13m38,0
TOMAHAWK-1022,FALSE,FALSE,Major,30954411,358d06h26m51,0
MYFACES-347,FALSE,FALSE,Major,2498928,28d22h08m48,0
TOMAHAWK-23,TRUE,FALSE,Major,26053062,301d12h57m42,0
TOMAHAWK-27,FALSE,FALSE,Major,10087736,116d18h08m56,0
TOMAHAWK-162,FALSE,FALSE,Major,5552859,64d06h27m39,0
TOMAHAWK-1451,FALSE,FALSE,Major,50604842,585d16h54m02,0
TOMAHAWK-1096,FALSE,FALSE,Major,220,00d00h03m40,0
TOMAHAWK-905,FALSE,FALSE,Trivial,462247,05d08h24m07,0
TOMAHAWK-906,FALSE,FALSE,Major,418055,04d20h07m35,0
TOMAHAWK-907,FALSE,FALSE,Major,7258253,84d00h10m53,0
TOMAHAWK-901,FALSE,FALSE,Major,180,00d00h03m00,0
TOMAHAWK-903,FALSE,FALSE,Major,1904735,22d01h05m35,0
TOMAHAWK-1157,FALSE,FALSE,Major,17241844,199d13h24m04,0
TOMAHAWK-1156,FALSE,FALSE,Blocker,10403694,120d09h54m54,0
TOMAHAWK-1626,FALSE,FALSE,Major,18942843,219d05h54m03,0
TOMAHAWK-909,FALSE,FALSE,Major,298068,03d10h47m48,0
TOMAHAWK-1623,TRUE,FALSE,Major,983,00d00h16m23,0
TOMAHAWK-1398,FALSE,FALSE,Major,8430417,97d13h46m57,0
MYFACES-518,FALSE,FALSE,Major,26703,00d07h25m03,0
TOMAHAWK-1395,FALSE,FALSE,Minor,8312102,96d04h55m02,0
MYFACES-512,FALSE,FALSE,Major,1070065,12d09h14m25,0
TOMAHAWK-1390,FALSE,FALSE,Minor,11364244,131d12h44m04,0
TOMAHAWK-1392,FALSE,FALSE,Major,459836,05d07h43m56,0
TOMAHAWK-1494,FALSE,FALSE,Critical,5575694,64d12h48m14,0
TOMAHAWK-759,FALSE,FALSE,Major,3387327,39d04h55m27,0
TOMAHAWK-750,FALSE,FALSE,Major,52185099,603d23h51m39,0
TOMAHAWK-752,FALSE,FALSE,Critical,1351624,15d15h27m04,0
MYFACES-768,TRUE,FALSE,Major,885068,10d05h51m08,1
TOMAHAWK-612,FALSE,FALSE,Major,5335,00d01h28m55,0
TOMAHAWK-1023,FALSE,FALSE,Major,30956683,358d07h04m43,0
TOMAHAWK-996,FALSE,FALSE,Major,8143516,94d06h05m16,1
TOMAHAWK-190,FALSE,FALSE,Blocker,4212863,48d18h14m23,0
TOMAHAWK-1027,FALSE,FALSE,Major,842044,09d17h54m04,0
TOMAHAWK-1026,FALSE,FALSE,Major,101,00d00h01m41,0
MYFACES-767,FALSE,FALSE,Minor,84722,00d23h32m02,0
TOMAHAWK-990,FALSE,FALSE,Minor,374,00d00h06m14,0
MYFACES-600,FALSE,FALSE,Minor,5166,00d01h26m06,0
MYFACES-601,FALSE,FALSE,Minor,689,00d00h11m29,0
MYFACES-606,FALSE,FALSE,Major,398748,04d14h45m48,0
MYFACES-228,TRUE,FALSE,Critical,7398958,85d15h15m58,0
MYFACES-1155,FALSE,FALSE,Major,2506682,29d00h18m02,0
MYFACES-565,TRUE,FALSE,Major,52882,00d14h41m22,0
MYFACES-564,TRUE,FALSE,Major,1033885,11d23h11m25,1
