BugID, #isArch, #isInduce, #Priority, #TimeSec, #Time, #Reopen
TRINIDAD-1820,FALSE,FALSE,Major,495,00d00h08m15,0
TRINIDAD-2482,FALSE,FALSE,Major,177018,02d01h10m18,0
TRINIDAD-2429,FALSE,FALSE,Major,3104,00d00h51m44,0
TRINIDAD-2428,FALSE,FALSE,Major,895378,10d08h42m58,0
TRINIDAD-2421,FALSE,FALSE,Major,264459,03d01h27m39,0
TRINIDAD-2423,FALSE,FALSE,Minor,42352,00d11h45m52,0
TRINIDAD-2480,TRUE,FALSE,Major,432746,05d00h12m26,0
TRINIDAD-2425,FALSE,FALSE,Blocker,10037,00d02h47m17,0
TRINIDAD-721,FALSE,FALSE,Major,12905,00d03h35m05,0
TRINIDAD-1040,FALSE,FALSE,Major,480432,05d13h27m12,0
TRINIDAD-1768,FALSE,FALSE,Critical,10291,00d02h51m31,0
TRINIDAD-831,FALSE,FALSE,Trivial,218,00d00h03m38,0
TRINIDAD-939,FALSE,FALSE,Minor,1146219,13d06h23m39,0
TRINIDAD-1044,FALSE,FALSE,Major,942,00d00h15m42,0
TRINIDAD-1045,FALSE,FALSE,Minor,730,00d00h12m10,0
TRINIDAD-934,FALSE,FALSE,Critical,61883,00d17h11m23,0
TRINIDAD-935,FALSE,FALSE,Major,1141043,13d04h57m23,0
TRINIDAD-839,FALSE,FALSE,Trivial,207,00d00h03m27,0
TRINIDAD-931,FALSE,FALSE,Trivial,21101581,244d05h33m01,0
TRINIDAD-932,FALSE,FALSE,Trivial,7011,00d01h56m51,0
TRINIDAD-1764,TRUE,FALSE,Major,24196817,280d01h20m17,0
TRINIDAD-1298,FALSE,FALSE,Minor,213089,02d11h11m29,0
TRINIDAD-1823,FALSE,FALSE,Trivial,5713746,66d03h09m06,0
TRINIDAD-2068,FALSE,FALSE,Major,379,00d00h06m19,0
TRINIDAD-2380,FALSE,FALSE,Major,1024642,11d20h37m22,0
TRINIDAD-113,FALSE,FALSE,Minor,215,00d00h03m35,0
TRINIDAD-2382,FALSE,FALSE,Minor,457126,05d06h58m46,0
TRINIDAD-2383,FALSE,FALSE,Major,16407725,189d21h42m05,0
TRINIDAD-2385,FALSE,FALSE,Minor,15910624,184d03h37m04,0
TRINIDAD-2386,FALSE,FALSE,Minor,1205633,13d22h53m53,0
TRINIDAD-2387,FALSE,FALSE,Blocker,15651499,181d03h38m19,0
TRINIDAD-2388,FALSE,FALSE,Major,144,00d00h02m24,0
TRINIDAD-2389,FALSE,FALSE,Minor,15332908,177d11h08m28,0
TRINIDAD-2063,FALSE,FALSE,Major,24254,00d06h44m14,0
TRINIDAD-2064,FALSE,FALSE,Minor,582905,06d17h55m05,0
TRINIDAD-2067,FALSE,FALSE,Major,321843,03d17h24m03,0
TRINIDAD-2147,TRUE,FALSE,Major,516390,05d23h26m30,0
TRINIDAD-2144,FALSE,FALSE,Minor,10384828,120d04h40m28,0
TRINIDAD-2142,FALSE,FALSE,Minor,1988251,23d00h17m31,0
TRINIDAD-1101,FALSE,FALSE,Minor,1120,00d00h18m40,0
TRINIDAD-1100,FALSE,FALSE,Minor,75673,00d21h01m13,0
TRINIDAD-1873,FALSE,FALSE,Major,9581,00d02h39m41,0
TRINIDAD-92,FALSE,FALSE,Minor,191,00d00h03m11,0
TRINIDAD-1109,FALSE,FALSE,Major,22491890,260d07h44m50,0
TRINIDAD-809,TRUE,FALSE,Major,1370444,15d20h40m44,0
TRINIDAD-94,FALSE,FALSE,Major,1351703,15d15h28m23,0
TRINIDAD-659,FALSE,FALSE,Major,118,00d00h01m58,0
TRINIDAD-205,TRUE,FALSE,Major,53149981,615d03h53m01,1
TRINIDAD-758,FALSE,FALSE,Major,4565679,52d20h14m39,0
TRINIDAD-1419,FALSE,FALSE,Major,26952631,311d22h50m31,0
TRINIDAD-1545,FALSE,FALSE,Major,128575,01d11h42m55,0
TRINIDAD-1543,FALSE,FALSE,Minor,498099,05d18h21m39,0
TRINIDAD-1467,FALSE,FALSE,Major,537,00d00h08m57,0
TRINIDAD-715,FALSE,FALSE,Minor,47484,00d13h11m24,0
TRINIDAD-1359,FALSE,FALSE,Minor,265203,03d01h40m03,0
TRINIDAD-181,FALSE,FALSE,Major,51321516,593d23h58m36,0
TRINIDAD-1350,FALSE,FALSE,Major,1453,00d00h24m13,0
TRINIDAD-1351,TRUE,FALSE,Major,5008813,57d23h20m13,0
TRINIDAD-1357,FALSE,FALSE,Minor,10831129,125d08h38m49,0
TRINIDAD-1355,FALSE,FALSE,Major,1439036,16d15h43m56,0
TRINIDAD-1211,TRUE,FALSE,Major,2608,00d00h43m28,0
TRINIDAD-1210,FALSE,FALSE,Minor,3915907,45d07h45m07,0
TRINIDAD-1217,TRUE,FALSE,Major,14239903,164d19h31m43,0
TRINIDAD-1216,TRUE,FALSE,Major,3099653,35d21h00m53,0
TRINIDAD-1215,TRUE,FALSE,Major,4758876,55d01h54m36,0
TRINIDAD-17,TRUE,FALSE,Major,101785528,1178d01h45m28,0
TRINIDAD-18,FALSE,FALSE,Major,1199899,13d21h18m19,0
TRINIDAD-1193,FALSE,FALSE,Major,41738,00d11h35m38,0
TRINIDAD-1195,FALSE,FALSE,Major,61987,00d17h13m07,0
TRINIDAD-835,FALSE,FALSE,Major,113516,01d07h31m56,0
TRINIDAD-1412,TRUE,FALSE,Minor,202367,02d08h12m47,0
TRINIDAD-986,FALSE,FALSE,Major,6313710,73d01h48m30,1
TRINIDAD-1796,FALSE,FALSE,Major,336973,03d21h36m13,0
TRINIDAD-735,TRUE,FALSE,Minor,36288,00d10h04m48,0
TRINIDAD-1416,TRUE,FALSE,Minor,3391067,39d05h57m47,1
TRINIDAD-2118,TRUE,FALSE,Major,85,00d00h01m25,0
TRINIDAD-830,FALSE,FALSE,Minor,2411111,27d21h45m11,0
TRINIDAD-1859,FALSE,FALSE,Minor,105412,01d05h16m52,0
TRINIDAD-1991,FALSE,FALSE,Major,1005882,11d15h24m42,0
TRINIDAD-1493,FALSE,FALSE,Major,3894,00d01h04m54,0
TRINIDAD-1993,FALSE,FALSE,Major,612648,07d02h10m48,0
TRINIDAD-1995,FALSE,FALSE,Major,2442,00d00h40m42,0
TRINIDAD-1996,FALSE,FALSE,Major,1769719,20d11h35m19,0
TRINIDAD-2369,FALSE,FALSE,Major,955,00d00h15m55,0
TRINIDAD-1851,FALSE,FALSE,Major,1872692,21d16h11m32,0
TRINIDAD-2367,FALSE,FALSE,Major,68582,00d19h03m02,0
TRINIDAD-2360,FALSE,FALSE,Minor,2015770,23d07h56m10,0
TRINIDAD-1285,FALSE,FALSE,Major,953,00d00h15m53,0
TRINIDAD-1287,FALSE,FALSE,Major,9043877,104d16h11m17,0
TRINIDAD-1280,TRUE,FALSE,Minor,201512,02d07h58m32,0
TRINIDAD-1288,FALSE,FALSE,Major,102436,01d04h27m16,0
TRINIDAD-1289,FALSE,FALSE,Major,38965,00d10h49m25,0
TRINIDAD-1090,FALSE,FALSE,Major,527138,06d02h25m38,0
TRINIDAD-1978,FALSE,FALSE,Minor,2420822,28d00h27m02,1
TRINIDAD-1979,FALSE,FALSE,Minor,2510611,29d01h23m31,0
TRINIDAD-1976,FALSE,FALSE,Critical,4867,00d01h21m07,0
TRINIDAD-1972,FALSE,FALSE,Minor,67391,00d18h43m11,0
TRINIDAD-1973,FALSE,FALSE,Major,6347,00d01h45m47,0
TRINIDAD-1971,FALSE,FALSE,Major,15884,00d04h24m44,0
TRINIDAD-1086,TRUE,FALSE,Major,11136779,128d21h32m59,0
TRINIDAD-1083,FALSE,FALSE,Major,41975,00d11h39m35,0
TRINIDAD-1728,FALSE,FALSE,Minor,787058,09d02h37m38,0
TRINIDAD-873,FALSE,FALSE,Major,701,00d00h11m41,0
TRINIDAD-933,FALSE,FALSE,Major,17019,00d04h43m39,0
TRINIDAD-874,FALSE,FALSE,Major,753,00d00h12m33,0
TRINIDAD-1721,FALSE,FALSE,Major,4051699,46d21h28m19,0
TRINIDAD-1720,FALSE,FALSE,Major,3550918,41d02h21m58,0
TRINIDAD-972,FALSE,FALSE,Major,8951,00d02h29m11,0
TRINIDAD-1647,TRUE,FALSE,Major,275158,03d04h25m58,0
TRINIDAD-1640,FALSE,FALSE,Major,40000,00d11h06m40,0
TRINIDAD-1642,FALSE,FALSE,Major,1381607,15d23h46m47,0
TRINIDAD-2515,TRUE,FALSE,Major,99924,01d03h45m24,0
TRINIDAD-2511,FALSE,FALSE,Major,523392,06d01h23m12,0
TRINIDAD-2512,FALSE,FALSE,Major,37025,00d10h17m05,0
TRINIDAD-1202,TRUE,FALSE,Minor,451494,05d05h24m54,0
TRINIDAD-783,TRUE,FALSE,Major,164631,01d21h43m51,0
TRINIDAD-785,FALSE,FALSE,Trivial,148,00d00h02m28,0
TRINIDAD-24,FALSE,FALSE,Major,395716,04d13h55m16,0
TRINIDAD-2102,FALSE,FALSE,Major,82110,00d22h48m30,0
TRINIDAD-2100,TRUE,FALSE,Major,12087335,139d21h35m35,1
TRINIDAD-2107,FALSE,FALSE,Critical,4050997,46d21h16m37,0
TRINIDAD-900,FALSE,FALSE,Minor,1437,00d00h23m57,0
TRINIDAD-718,FALSE,FALSE,Major,875461,10d03h11m01,0
TRINIDAD-2477,FALSE,FALSE,Major,339379,03d22h16m19,0
TRINIDAD-2474,TRUE,FALSE,Major,256,00d00h04m16,0
TRINIDAD-2475,FALSE,FALSE,Minor,58425,00d16h13m45,0
TRINIDAD-2472,FALSE,FALSE,Minor,1270238,14d16h50m38,0
TRINIDAD-2473,TRUE,FALSE,Major,2271859,26d07h04m19,0
TRINIDAD-2470,FALSE,FALSE,Major,717854,08d07h24m14,0
TRINIDAD-849,FALSE,FALSE,Major,61729,00d17h08m49,0
TRINIDAD-804,TRUE,FALSE,Major,442251,05d02h50m51,0
TRINIDAD-658,TRUE,FALSE,Minor,1239353,14d08h15m53,0
TRINIDAD-713,FALSE,FALSE,Major,2254613,26d02h16m53,0
TRINIDAD-800,FALSE,FALSE,Major,41,00d00h00m41,0
TRINIDAD-1036,FALSE,FALSE,Minor,692236,08d00h17m16,0
TRINIDAD-2478,FALSE,FALSE,Trivial,352502,04d01h55m02,0
TRINIDAD-803,FALSE,FALSE,Major,99122,01d03h32m02,0
TRINIDAD-118,FALSE,FALSE,Minor,180976,02d02h16m16,0
TRINIDAD-59,FALSE,FALSE,Minor,144,00d00h02m24,0
TRINIDAD-1420,FALSE,FALSE,Critical,7542,00d02h05m42,0
TRINIDAD-1421,TRUE,FALSE,Minor,11475284,132d19h34m44,0
TRINIDAD-1423,TRUE,FALSE,Minor,2877021,33d07h10m21,1
TRINIDAD-1240,FALSE,FALSE,Major,823,00d00h13m43,0
TRINIDAD-1425,TRUE,FALSE,Minor,2808314,32d12h05m14,1
TRINIDAD-1426,TRUE,FALSE,Minor,2714281,31d09h58m01,1
TRINIDAD-1427,TRUE,FALSE,Minor,2709271,31d08h34m31,1
TRINIDAD-1250,TRUE,FALSE,Major,262279,03d00h51m19,0
TRINIDAD-2036,FALSE,FALSE,Major,574,00d00h09m34,0
TRINIDAD-2037,FALSE,FALSE,Blocker,7226,00d02h00m26,0
TRINIDAD-2034,FALSE,FALSE,Major,64043,00d17h47m23,0
TRINIDAD-2035,FALSE,FALSE,Major,16076,00d04h27m56,0
TRINIDAD-1253,TRUE,FALSE,Major,32568,00d09h02m48,0
TRINIDAD-2033,FALSE,FALSE,Major,4318,00d01h11m58,0
TRINIDAD-1251,FALSE,FALSE,Major,15226,00d04h13m46,0
TRINIDAD-2031,FALSE,FALSE,Minor,54550,00d15h09m10,0
TRINIDAD-1155,FALSE,FALSE,Major,8313,00d02h18m33,0
TRINIDAD-1156,FALSE,FALSE,Minor,2457503,28d10h38m23,0
TRINIDAD-57,FALSE,FALSE,Minor,856,00d00h14m16,0
TRINIDAD-50,FALSE,FALSE,Major,38094,00d10h34m54,0
TRINIDAD-56,FALSE,FALSE,Minor,171923,01d23h45m23,0
TRINIDAD-2038,TRUE,FALSE,Major,1717059,19d20h57m39,0
TRINIDAD-117,FALSE,FALSE,Major,121,00d00h02m01,0
TRINIDAD-1489,FALSE,FALSE,Major,2855187,33d01h06m27,0
TRINIDAD-624,FALSE,FALSE,Trivial,61,00d00h01m01,0
TRINIDAD-2061,TRUE,FALSE,Major,2741232,31d17h27m12,0
TRINIDAD-626,FALSE,FALSE,Major,46672964,540d04h42m44,0
TRINIDAD-627,FALSE,FALSE,Major,61615,00d17h06m55,0
TRINIDAD-621,FALSE,FALSE,Minor,994,00d00h16m34,0
TRINIDAD-622,FALSE,FALSE,Major,22188,00d06h09m48,0
TRINIDAD-1258,TRUE,FALSE,Critical,15853117,183d11h38m37,1
TRINIDAD-628,FALSE,FALSE,Major,99127,01d03h32m07,0
TRINIDAD-629,FALSE,FALSE,Minor,86315,00d23h58m35,0
TRINIDAD-1696,FALSE,FALSE,Minor,351420,04d01h37m00,0
TRINIDAD-1695,FALSE,FALSE,Critical,40416,00d11h13m36,0
TRINIDAD-1690,TRUE,FALSE,Major,110078,01d06h34m38,0
TRINIDAD-1514,FALSE,FALSE,Major,2200520,25d11h15m20,1
MYFACES-1782,FALSE,FALSE,Major,40621,00d11h17m01,0
TRINIDAD-1512,FALSE,FALSE,Minor,3543975,41d00h26m15,0
TRINIDAD-294,FALSE,FALSE,Minor,50070636,579d12h30m36,0
TRINIDAD-1455,FALSE,FALSE,Major,38741,00d10h45m41,0
TRINIDAD-1454,TRUE,FALSE,Major,41136,00d11h25m36,0
TRINIDAD-1456,FALSE,FALSE,Major,520778,06d00h39m38,0
TRINIDAD-2322,FALSE,FALSE,Minor,1119307,12d22h55m07,0
TRINIDAD-2320,FALSE,FALSE,Critical,140,00d00h02m20,0
TRINIDAD-2326,TRUE,FALSE,Major,35187677,407d06h21m17,0
TRINIDAD-2327,FALSE,FALSE,Minor,193422,02d05h43m42,0
TRINIDAD-2324,FALSE,FALSE,Major,35334679,408d23h11m19,0
TRINIDAD-1324,FALSE,FALSE,Minor,75467,00d20h57m47,0
TRINIDAD-2082,FALSE,FALSE,Major,6726,00d01h52m06,0
TRINIDAD-1329,FALSE,FALSE,Major,45575,00d12h39m35,0
TRINIDAD-2080,FALSE,FALSE,Major,105871,01d05h24m31,0
TRINIDAD-2042,FALSE,FALSE,Major,774414,08d23h06m54,0
TRINIDAD-2085,FALSE,FALSE,Major,78691,00d21h51m31,0
TRINIDAD-1933,FALSE,FALSE,Minor,6307638,73d00h07m18,0
TRINIDAD-1931,FALSE,FALSE,Major,3632062,42d00h54m22,0
TRINIDAD-1934,FALSE,FALSE,Major,2368,00d00h39m28,0
TRINIDAD-1935,TRUE,FALSE,Major,1051898,12d04h11m38,1
TRINIDAD-1939,FALSE,FALSE,Major,345606,04d00h00m06,0
TRINIDAD-1609,FALSE,FALSE,Major,1828,00d00h30m28,0
TRINIDAD-793,FALSE,FALSE,Minor,1977093,22d21h11m33,0
TRINIDAD-1600,TRUE,FALSE,Major,16510195,191d02h09m55,0
TRINIDAD-1603,FALSE,FALSE,Major,2322119,26d21h01m59,0
TRINIDAD-2555,FALSE,FALSE,Major,1033668,11d23h07m48,0
TRINIDAD-2554,FALSE,FALSE,Minor,6973499,80d17h04m59,0
TRINIDAD-2557,FALSE,FALSE,Major,1328201,15d08h56m41,0
TRINIDAD-2556,FALSE,FALSE,Major,1403735,16d05h55m35,0
TRINIDAD-2256,FALSE,FALSE,Major,135,00d00h02m15,0
TRINIDAD-2558,FALSE,FALSE,Major,39017,00d10h50m17,0
TRINIDAD-2254,FALSE,FALSE,Major,92923,01d01h48m43,0
TRINIDAD-797,TRUE,FALSE,Minor,1134638,13d03h10m38,0
TRINIDAD-798,FALSE,FALSE,Major,7011187,81d03h33m07,0
TRINIDAD-1802,TRUE,FALSE,Major,501970,05d19h26m10,0
TRINIDAD-739,TRUE,FALSE,Minor,46610,00d12h56m50,0
TRINIDAD-2268,TRUE,FALSE,Major,47691197,551d23h33m17,0
TRINIDAD-76,FALSE,FALSE,Major,1456,00d00h24m16,0
TRINIDAD-1012,FALSE,FALSE,Major,22895609,264d23h53m29,0
TRINIDAD-2433,TRUE,FALSE,Minor,130919,01d12h21m59,0
TRINIDAD-2430,TRUE,FALSE,Major,608270,07d00h57m50,0
TRINIDAD-1074,FALSE,FALSE,Major,693509,08d00h38m29,0
TRINIDAD-2437,FALSE,FALSE,Minor,125449,01d10h50m49,0
TRINIDAD-2434,FALSE,FALSE,Critical,104680103,1211d13h48m23,0
TRINIDAD-841,FALSE,FALSE,Major,38282,00d10h38m02,0
TRINIDAD-1776,FALSE,FALSE,Major,24565,00d06h49m25,0
TRINIDAD-999,FALSE,FALSE,Major,2269034,26d06h17m14,0
TRINIDAD-1678,FALSE,FALSE,Minor,3031460,35d02h04m20,0
TRINIDAD-927,FALSE,FALSE,Major,177919,02d01h25m19,0
TRINIDAD-1674,FALSE,FALSE,Major,182667,02d02h44m27,0
TRINIDAD-1671,FALSE,FALSE,Major,1017643,11d18h40m43,1
TRINIDAD-1779,FALSE,FALSE,Major,1926447,22d07h07m27,1
TRINIDAD-921,TRUE,FALSE,Minor,6321973,73d04h06m13,0
TRINIDAD-920,FALSE,FALSE,Blocker,13194,00d03h39m54,0
TRINIDAD-2078,TRUE,FALSE,Major,792267,09d04h04m27,0
TRINIDAD-2072,FALSE,FALSE,Major,500986,05d19h09m46,0
TRINIDAD-2073,TRUE,FALSE,Major,14494009,167d18h06m49,0
TRINIDAD-2070,FALSE,FALSE,Trivial,23524700,272d06h38m20,1
TRINIDAD-2076,TRUE,FALSE,Minor,420623,04d20h50m23,0
TRINIDAD-2173,FALSE,FALSE,Major,7190296,83d05h18m16,0
TRINIDAD-2170,TRUE,FALSE,Major,2510934,29d01h28m54,0
TRINIDAD-1116,FALSE,FALSE,Major,328144,03d19h09m04,0
TRINIDAD-1119,FALSE,FALSE,Major,57075,00d15h51m15,0
TRINIDAD-2179,FALSE,FALSE,Minor,133100,01d12h58m20,0
TRINIDAD-2178,FALSE,FALSE,Major,6476,00d01h47m56,0
TRINIDAD-2489,FALSE,FALSE,Minor,502412,05d19h33m32,0
TRINIDAD-2488,FALSE,FALSE,Major,88023,01d00h27m03,0
TRINIDAD-2487,FALSE,FALSE,Major,137637,01d14h13m57,0
TRINIDAD-2486,FALSE,FALSE,Major,105829,01d05h23m49,0
TRINIDAD-2485,TRUE,FALSE,Major,644372,07d10h59m32,0
TRINIDAD-2484,TRUE,FALSE,Major,301256,03d11h40m56,0
TRINIDAD-2483,FALSE,FALSE,Major,1115261,12d21h47m41,1
TRINIDAD-665,FALSE,FALSE,Major,2261650,26d04h14m10,0
TRINIDAD-667,FALSE,FALSE,Major,417174,04d19h52m54,0
TRINIDAD-747,FALSE,FALSE,Major,37134862,429d19h14m22,0
TRINIDAD-746,FALSE,FALSE,Major,512,00d00h08m32,0
TRINIDAD-757,FALSE,FALSE,Major,1543919,17d20h51m59,0
TRINIDAD-743,FALSE,FALSE,Major,128986,01d11h49m46,0
TRINIDAD-749,FALSE,FALSE,Minor,67700,00d18h48m20,0
TRINIDAD-748,TRUE,FALSE,Minor,4453661,51d13h07m41,0
TRINIDAD-2289,FALSE,FALSE,Major,515577,05d23h12m57,0
TRINIDAD-1551,TRUE,FALSE,Minor,4036903,46d17h21m43,0
TRINIDAD-1552,TRUE,FALSE,Minor,4036145,46d17h09m05,0
TRINIDAD-1553,TRUE,FALSE,Minor,4035813,46d17h03m33,0
TRINIDAD-1554,TRUE,FALSE,Minor,4034066,46d16h34m26,0
TRINIDAD-1555,TRUE,FALSE,Minor,4030936,46d15h42m16,0
TRINIDAD-1556,FALSE,FALSE,Minor,3955456,45d18h44m16,0
TRINIDAD-1557,TRUE,FALSE,Major,722214,08d08h36m54,0
TRINIDAD-1413,FALSE,FALSE,Major,7528,00d02h05m28,0
TRINIDAD-2282,FALSE,FALSE,Major,150854442,1746d00h00m42,0
TRINIDAD-2285,TRUE,FALSE,Minor,1159635,13d10h07m15,1
TRINIDAD-2210,FALSE,FALSE,Major,442565,05d02h56m05,0
TRINIDAD-2286,FALSE,FALSE,Minor,908464,10d12h21m04,0
TRINIDAD-1366,FALSE,FALSE,Minor,2793723,32d08h02m03,0
TRINIDAD-1365,TRUE,FALSE,Minor,1353247,15d15h54m07,0
TRINIDAD-1849,FALSE,FALSE,Major,339804,03d22h23m24,0
TRINIDAD-1208,FALSE,FALSE,Minor,114894,01d07h54m54,0
TRINIDAD-1360,FALSE,FALSE,Major,68835,00d19h07m15,0
TRINIDAD-1204,TRUE,FALSE,Minor,435222,05d00h53m42,0
TRINIDAD-1205,TRUE,FALSE,Minor,438209,05d01h43m29,0
TRINIDAD-1206,FALSE,FALSE,Minor,431222,04d23h47m02,0
TRINIDAD-1207,TRUE,FALSE,Minor,433692,05d00h28m12,0
TRINIDAD-81,FALSE,FALSE,Major,2792902,32d07h48m22,1
TRINIDAD-1369,FALSE,FALSE,Major,37372,00d10h22m52,0
TRINIDAD-1203,TRUE,FALSE,Minor,105660173,1222d22h02m53,1
TRINIDAD-25,TRUE,FALSE,Major,840,00d00h14m00,0
TRINIDAD-1164,TRUE,FALSE,Major,2569040,29d17h37m20,0
TRINIDAD-27,FALSE,FALSE,Critical,170,00d00h02m50,0
TRINIDAD-1166,FALSE,FALSE,Major,8895355,102d22h55m55,0
TRINIDAD-21,TRUE,FALSE,Major,14557,00d04h02m37,0
TRINIDAD-77,FALSE,FALSE,Minor,229,00d00h03m49,1
TRINIDAD-1169,FALSE,FALSE,Major,1016203,11d18h16m43,0
TRINIDAD-1168,FALSE,FALSE,Major,1966,00d00h32m46,0
TRINIDAD-108,FALSE,FALSE,Major,589604,06d19h46m44,0
TRINIDAD-105,TRUE,FALSE,Major,1220260,14d02h57m40,0
TRINIDAD-104,FALSE,FALSE,Critical,26108,00d07h15m08,1
TRINIDAD-107,FALSE,FALSE,Major,589653,06d19h47m33,0
TRINIDAD-101,FALSE,FALSE,Major,276413,03d04h46m53,0
TRINIDAD-102,FALSE,FALSE,Major,275269,03d04h27m49,0
TRINIDAD-1841,FALSE,FALSE,Minor,634631,07d08h17m11,0
TRINIDAD-2356,FALSE,FALSE,Major,7670,00d02h07m50,0
TRINIDAD-1524,FALSE,FALSE,Major,1052548,12d04h22m28,0
TRINIDAD-1521,FALSE,FALSE,Trivial,11550,00d03h12m30,0
TRINIDAD-1520,FALSE,FALSE,Minor,8138583,94d04h43m03,1
TRINIDAD-1522,FALSE,FALSE,Major,4968,00d01h22m48,0
TRINIDAD-1845,FALSE,FALSE,Major,502673,05d19h37m53,0
TRINIDAD-1482,TRUE,FALSE,Major,55522,00d15h25m22,0
TRINIDAD-2213,FALSE,FALSE,Major,1153,00d00h19m13,0
TRINIDAD-1480,FALSE,FALSE,Major,6206576,71d20h02m56,0
TRINIDAD-2211,FALSE,FALSE,Major,55868425,646d15h00m25,0
TRINIDAD-2216,FALSE,FALSE,Major,29676568,343d11h29m28,0
TRINIDAD-2217,TRUE,FALSE,Major,16288,00d04h31m28,0
TRINIDAD-2214,FALSE,FALSE,Major,54,00d00h00m54,0
TRINIDAD-2218,TRUE,FALSE,Major,1721893,19d22h18m13,0
TRINIDAD-2219,FALSE,FALSE,Minor,352953,04d02h02m33,0
TRINIDAD-73,TRUE,FALSE,Major,35732585,413d13h43m05,1
TRINIDAD-1847,FALSE,FALSE,Major,270707,03d03h11m47,0
TRINIDAD-2355,TRUE,FALSE,Major,3306556,38d06h29m16,0
TRINIDAD-2354,FALSE,FALSE,Minor,2407902,27d20h51m42,0
TRINIDAD-1323,FALSE,FALSE,Minor,2466,00d00h41m06,0
TRINIDAD-1949,TRUE,FALSE,Major,6978,00d01h56m18,0
TRINIDAD-1942,FALSE,FALSE,Major,247972,02d20h52m52,0
TRINIDAD-1941,FALSE,FALSE,Trivial,3089783,35d18h16m23,0
TRINIDAD-1940,TRUE,FALSE,Major,74390378,860d23h59m38,1
TRINIDAD-1947,FALSE,FALSE,Minor,1479,00d00h24m39,0
TRINIDAD-2089,FALSE,FALSE,Major,12352919,142d23h21m59,0
TRINIDAD-1738,FALSE,FALSE,Blocker,10519,00d02h55m19,0
TRINIDAD-887,FALSE,FALSE,Minor,6602,00d01h50m02,0
TRINIDAD-883,TRUE,FALSE,Major,4762853,55d03h00m53,0
TRINIDAD-1734,TRUE,FALSE,Minor,16731,00d04h38m51,1
TRINIDAD-1735,TRUE,FALSE,Major,35681773,412d23h36m13,0
TRINIDAD-733,FALSE,FALSE,Major,17986,00d04h59m46,0
TRINIDAD-961,TRUE,FALSE,Major,31421430,363d16h10m30,1
TRINIDAD-1632,FALSE,FALSE,Major,38351690,443d21h14m50,1
TRINIDAD-1635,TRUE,FALSE,Major,2408460,27d21h01m00,0
TRINIDAD-1325,FALSE,FALSE,Major,72374,00d20h06m14,0
TRINIDAD-2508,TRUE,FALSE,Major,81300402,940d23h26m42,0
TRINIDAD-2509,FALSE,FALSE,Major,1139547,13d04h32m27,0
TRINIDAD-2506,FALSE,FALSE,Major,98740,01d03h25m40,0
TRINIDAD-2504,FALSE,FALSE,Minor,75144,00d20h52m24,0
TRINIDAD-2325,FALSE,FALSE,Major,153,00d00h02m33,0
TRINIDAD-2500,TRUE,FALSE,Major,13019,00d03h36m59,0
TRINIDAD-1059,FALSE,FALSE,Critical,1897793,21d23h09m53,0
TRINIDAD-1385,FALSE,FALSE,Major,26365,00d07h19m25,0
TRINIDAD-1387,FALSE,FALSE,Minor,30155,00d08h22m35,0
TRINIDAD-1381,FALSE,FALSE,Major,690018,07d23h40m18,0
TRINIDAD-2136,FALSE,FALSE,Major,9600360,111d02h46m00,1
TRINIDAD-2329,FALSE,FALSE,Minor,246526,02d20h28m46,0
TRINIDAD-2139,FALSE,FALSE,Minor,6830341,79d01h19m01,0
TRINIDAD-2138,FALSE,FALSE,Major,878,00d00h14m38,0
TRINIDAD-825,FALSE,FALSE,Trivial,5042,00d01h24m02,0
TRINIDAD-2443,FALSE,FALSE,Minor,81157,00d22h32m37,0
TRINIDAD-709,FALSE,FALSE,Major,251,00d00h04m11,0
TRINIDAD-708,TRUE,FALSE,Blocker,49576425,573d19h13m45,0
TRINIDAD-1749,FALSE,FALSE,Major,620,00d00h10m20,0
TRINIDAD-2446,FALSE,FALSE,Major,84,00d00h01m24,0
TRINIDAD-2444,FALSE,FALSE,Major,622187,07d04h49m47,0
TRINIDAD-703,TRUE,FALSE,Major,246619,02d20h30m19,0
TRINIDAD-2449,FALSE,FALSE,Trivial,57547,00d15h59m07,0
TRINIDAD-700,FALSE,FALSE,Major,198229,02d07h03m49,0
TRINIDAD-1740,TRUE,FALSE,Major,619,00d00h10m19,0
TRINIDAD-705,TRUE,FALSE,Major,3182,00d00h53m02,0
TRINIDAD-1742,FALSE,FALSE,Trivial,1545822,17d21h23m42,0
TRINIDAD-1927,FALSE,FALSE,Critical,76394,00d21h13m14,0
TRINIDAD-1067,FALSE,FALSE,Minor,242274,02d19h17m54,0
TRINIDAD-134,TRUE,FALSE,Major,17568973,203d08h16m13,1
TRINIDAD-681,FALSE,FALSE,Major,275,00d00h04m35,0
TRINIDAD-138,FALSE,FALSE,Minor,80392,00d22h19m52,0
TRINIDAD-1129,TRUE,FALSE,Major,417089,04d19h51m29,1
TRINIDAD-2001,FALSE,FALSE,Minor,347146,04d00h25m46,0
TRINIDAD-62,FALSE,FALSE,Major,30421,00d08h27m01,0
TRINIDAD-64,FALSE,FALSE,Minor,460374,05d07h52m54,0
TRINIDAD-1247,TRUE,FALSE,Major,6577,00d01h49m37,0
TRINIDAD-69,FALSE,FALSE,Major,491907,05d16h38m27,1
TRINIDAD-1120,FALSE,FALSE,Minor,226568,02d14h56m08,0
TRINIDAD-2009,FALSE,FALSE,Trivial,697997,08d01h53m17,0
TRINIDAD-2008,TRUE,FALSE,Major,18738,00d05h12m18,1
TRINIDAD-1125,FALSE,FALSE,Minor,723,00d00h12m03,0
TRINIDAD-1124,FALSE,FALSE,Major,2348,00d00h39m08,0
TRINIDAD-1127,FALSE,FALSE,Major,116052014,1343d04h40m14,0
TRINIDAD-1126,TRUE,FALSE,Critical,1367637,15d19h53m57,0
TRINIDAD-1214,FALSE,FALSE,Minor,1740411,20d03h26m51,0
TRINIDAD-141,FALSE,FALSE,Major,152,00d00h02m32,0
TRINIDAD-636,TRUE,FALSE,Minor,92446536,1069d23h35m36,0
TRINIDAD-145,TRUE,FALSE,Major,152486,01d18h21m26,0
TRINIDAD-144,TRUE,FALSE,Minor,6906706,79d22h31m46,0
TRINIDAD-631,FALSE,FALSE,Major,16497,00d04h34m57,0
TRINIDAD-859,FALSE,FALSE,Minor,664003,07d16h26m43,0
TRINIDAD-639,FALSE,FALSE,Major,1830434,21d04h27m14,0
TRINIDAD-638,FALSE,FALSE,Minor,1833785,21d05h23m05,0
TRINIDAD-1681,FALSE,FALSE,Major,3009789,34d20h03m09,0
TRINIDAD-49,FALSE,FALSE,Major,3517092,40d16h58m12,0
TRINIDAD-1686,FALSE,FALSE,Major,1078,00d00h17m58,0
TRINIDAD-1561,FALSE,FALSE,Major,339997,03d22h26m37,0
TRINIDAD-1563,FALSE,FALSE,Major,140243,01d14h57m23,0
TRINIDAD-1562,FALSE,FALSE,Major,12356136,143d00h15m36,0
TRINIDAD-1566,FALSE,FALSE,Major,70390,00d19h33m10,0
TRINIDAD-2447,FALSE,FALSE,Minor,80566,00d22h22m46,0
TRINIDAD-1338,FALSE,FALSE,Major,960607,11d02h50m07,0
TRINIDAD-2319,FALSE,FALSE,Critical,458,00d00h07m38,0
TRINIDAD-1441,TRUE,FALSE,Major,1255556,14d12h45m56,0
TRINIDAD-123,FALSE,FALSE,Minor,35755,00d09h55m55,0
TRINIDAD-2315,FALSE,FALSE,Minor,1511978,17d11h59m38,0
TRINIDAD-915,FALSE,FALSE,Major,865139,10d00h18m59,1
TRINIDAD-1331,FALSE,FALSE,Minor,44429,00d12h20m29,0
TRINIDAD-1332,FALSE,FALSE,Minor,44111,00d12h15m11,0
TRINIDAD-1333,FALSE,FALSE,Minor,2980965,34d12h02m45,0
TRINIDAD-1234,FALSE,FALSE,Critical,1520742,17d14h25m42,1
TRINIDAD-1237,FALSE,FALSE,Minor,3544,00d00h59m04,0
TRINIDAD-1236,FALSE,FALSE,Major,15846,00d04h24m06,0
TRINIDAD-1231,TRUE,FALSE,Minor,6708889,77d15h34m49,1
TRINIDAD-42,FALSE,FALSE,Major,699,00d00h11m39,0
TRINIDAD-2543,FALSE,FALSE,Major,13084205,151d10h30m05,0
TRINIDAD-2269,FALSE,FALSE,Minor,268060,03d02h27m40,0
TRINIDAD-2541,FALSE,FALSE,Major,48976,00d13h36m16,0
TRINIDAD-2546,FALSE,FALSE,Major,4402185,50d22h49m45,0
TRINIDAD-2545,TRUE,FALSE,Major,4933967,57d02h32m47,0
TRINIDAD-2263,FALSE,FALSE,Major,251941,02d21h59m01,0
TRINIDAD-2262,FALSE,FALSE,Major,269643,03d02h54m03,0
TRINIDAD-2549,FALSE,FALSE,Major,1196862,13d20h27m42,0
TRINIDAD-2267,FALSE,FALSE,Minor,506622,05d20h43m42,0
TRINIDAD-2266,FALSE,FALSE,Trivial,1122551,12d23h49m11,0
TRINIDAD-1833,FALSE,FALSE,Major,177787,02d01h23m07,0
TRINIDAD-1832,FALSE,FALSE,Minor,773148,08d22h45m48,0
TRINIDAD-1831,FALSE,FALSE,Minor,773869,08d22h57m49,0
TRINIDAD-1830,FALSE,FALSE,Major,6530,00d01h48m50,0
TRINIDAD-2372,TRUE,FALSE,Major,6458165,74d17h56m05,0
TRINIDAD-83,FALSE,FALSE,Major,63566,00d17h39m26,0
TRINIDAD-1839,FALSE,FALSE,Major,5281,00d01h28m01,0
TRINIDAD-87,FALSE,FALSE,Major,2671,00d00h44m31,0
TRINIDAD-1149,FALSE,FALSE,Major,37617,00d10h26m57,0
TRINIDAD-85,TRUE,FALSE,Major,3027134,35d00h52m14,0
TRINIDAD-84,FALSE,FALSE,Minor,68131,00d18h55m31,0
TRINIDAD-70,TRUE,FALSE,Major,139668,01d14h47m48,1
TRINIDAD-71,FALSE,FALSE,Major,77456,00d21h30m56,0
TRINIDAD-2401,TRUE,FALSE,Minor,10421932,120d14h58m52,0
TRINIDAD-1060,FALSE,FALSE,Minor,3629531,42d00h12m11,0
TRINIDAD-2168,FALSE,FALSE,Minor,13678,00d03h47m58,0
TRINIDAD-1062,TRUE,FALSE,Major,516090,05d23h21m30,0
TRINIDAD-1063,FALSE,FALSE,Minor,71173003,823d18h16m43,0
TRINIDAD-1064,FALSE,FALSE,Minor,316905,03d16h01m45,0
TRINIDAD-2408,FALSE,FALSE,Major,7969079,92d05h37m59,1
TRINIDAD-853,TRUE,FALSE,Major,30859,00d08h34m19,0
TRINIDAD-852,TRUE,FALSE,Major,35721,00d09h55m21,0
TRINIDAD-1703,FALSE,FALSE,Major,1559,00d00h25m59,0
TRINIDAD-855,FALSE,FALSE,Trivial,18547788,214d16h09m48,0
TRINIDAD-1708,FALSE,FALSE,Major,4741474,54d21h04m34,1
TRINIDAD-1664,FALSE,FALSE,Major,1100,00d00h18m20,0
TRINIDAD-1665,FALSE,FALSE,Major,640037,07d09h47m17,0
TRINIDAD-917,FALSE,FALSE,Major,13738393,159d00h13m13,0
TRINIDAD-914,FALSE,FALSE,Major,3221,00d00h53m41,0
TRINIDAD-1661,FALSE,FALSE,Major,1532502,17d17h41m42,0
TRINIDAD-78,FALSE,FALSE,Major,319,00d00h05m19,0
TRINIDAD-1908,TRUE,FALSE,Major,1143,00d00h19m03,0
TRINIDAD-1907,FALSE,FALSE,Blocker,889,00d00h14m49,0
TRINIDAD-1900,FALSE,FALSE,Critical,624409,07d05h26m49,0
TRINIDAD-2047,TRUE,FALSE,Major,4735693,54d19h28m13,1
TRINIDAD-2045,FALSE,FALSE,Major,477317,05d12h35m17,0
TRINIDAD-2044,FALSE,FALSE,Trivial,609977,07d01h26m17,0
TRINIDAD-2043,FALSE,FALSE,Major,88343,01d00h32m23,0
TRINIDAD-2169,TRUE,FALSE,Major,675544,07d19h39m04,0
TRINIDAD-2040,FALSE,FALSE,Major,123,00d00h02m03,0
TRINIDAD-2048,TRUE,FALSE,Major,1015519,11d18h05m19,0
TRINIDAD-651,FALSE,FALSE,Minor,73238,00d20h20m38,0
TRINIDAD-2498,FALSE,FALSE,Major,854,00d00h14m14,0
TRINIDAD-2499,FALSE,FALSE,Major,1273893,14d17h51m33,0
TRINIDAD-679,FALSE,FALSE,Major,50156,00d13h55m56,0
TRINIDAD-678,FALSE,FALSE,Major,726410,08d09h46m50,0
TRINIDAD-1018,FALSE,FALSE,Minor,4346,00d01h12m26,1
TRINIDAD-2490,TRUE,FALSE,Major,42984,00d11h56m24,0
TRINIDAD-672,FALSE,FALSE,Major,1287,00d00h21m27,0
TRINIDAD-2492,FALSE,FALSE,Major,7494,00d02h04m54,0
TRINIDAD-1016,FALSE,FALSE,Trivial,2266,00d00h37m46,0
TRINIDAD-1010,TRUE,FALSE,Minor,12181235,140d23h40m35,0
TRINIDAD-674,FALSE,FALSE,Major,1837117,21d06h18m37,0
TRINIDAD-772,FALSE,FALSE,Major,71359,00d19h49m19,0
TRINIDAD-773,FALSE,FALSE,Major,2527001,29d05h56m41,0
TRINIDAD-770,FALSE,FALSE,Major,383,00d00h06m23,0
TRINIDAD-777,FALSE,FALSE,Major,342240,03d23h04m00,0
TRINIDAD-2299,TRUE,FALSE,Major,3129352,36d05h15m52,0
TRINIDAD-61,TRUE,FALSE,Major,15207999,176d00h26m39,0
TRINIDAD-1402,TRUE,FALSE,Major,253150,02d22h19m10,0
TRINIDAD-1403,FALSE,FALSE,Major,37972,00d10h32m52,0
TRINIDAD-2290,FALSE,FALSE,Major,41815258,483d23h20m58,1
TRINIDAD-2291,FALSE,TRUE,Minor,11576,00d03h12m56,0
TRINIDAD-1407,FALSE,FALSE,Blocker,510941,05d21h55m41,1
TRINIDAD-2294,FALSE,FALSE,Major,41285688,477d20h14m48,0
TRINIDAD-1371,FALSE,FALSE,Minor,1980152,22d22h02m32,0
TRINIDAD-1373,TRUE,FALSE,Major,2952613,34d04h10m13,1
TRINIDAD-1374,FALSE,FALSE,Minor,697737,08d01h48m57,0
TRINIDAD-1375,TRUE,FALSE,Major,654095,07d13h41m35,0
TRINIDAD-1376,TRUE,TRUE,Major,1865726,21d14h15m26,0
TRINIDAD-1377,TRUE,FALSE,Major,1865417,21d14h10m17,1
TRINIDAD-1271,FALSE,FALSE,Minor,2274,00d00h37m54,0
TRINIDAD-1379,TRUE,FALSE,Minor,193433,02d05h43m53,0
TRINIDAD-30,TRUE,FALSE,Minor,1996,00d00h33m16,0
TRINIDAD-31,TRUE,FALSE,Minor,1950,00d00h32m30,0
TRINIDAD-1275,TRUE,FALSE,Major,157335,01d19h42m15,0
TRINIDAD-34,FALSE,FALSE,Major,214,00d00h03m34,0
TRINIDAD-1276,FALSE,FALSE,Major,5797,00d01h36m37,0
TRINIDAD-2191,FALSE,FALSE,Blocker,173308,02d00h08m28,0
TRINIDAD-2190,FALSE,FALSE,Major,173811,02d00h16m51,1
TRINIDAD-1174,FALSE,FALSE,Critical,8467965,98d00h12m45,1
TRINIDAD-2192,FALSE,FALSE,Major,1164,00d00h19m24,0
TRINIDAD-1172,TRUE,FALSE,Major,1265,00d00h21m05,0
TRINIDAD-1170,FALSE,FALSE,Major,21182,00d05h53m02,0
TRINIDAD-2196,TRUE,FALSE,Major,291686,03d09h01m26,0
TRINIDAD-1179,FALSE,FALSE,Minor,37350,00d10h22m30,0
TRINIDAD-32,TRUE,FALSE,Major,1788,00d00h29m48,0
TRINIDAD-637,FALSE,FALSE,Critical,12727,00d03h32m07,0
TRINIDAD-1106,FALSE,FALSE,Minor,619,00d00h10m19,0
TRINIDAD-1858,FALSE,FALSE,Major,8908090,103d02h28m10,0
TRINIDAD-1536,TRUE,FALSE,Major,61987,00d17h13m07,0
TRINIDAD-1537,FALSE,FALSE,Major,111053,01d06h50m53,0
TRINIDAD-1534,TRUE,FALSE,Minor,311579,03d14h32m59,0
TRINIDAD-1532,FALSE,FALSE,Major,1705652,19d17h47m32,0
TRINIDAD-1530,FALSE,FALSE,Major,152644,01d18h24m04,0
TRINIDAD-1531,FALSE,FALSE,Minor,86375,00d23h59m35,0
TRINIDAD-2224,FALSE,FALSE,Minor,792263,09d04h04m23,0
TRINIDAD-2222,FALSE,FALSE,Major,970,00d00h16m10,0
TRINIDAD-2221,TRUE,FALSE,Minor,2508,00d00h41m48,0
TRINIDAD-1539,FALSE,FALSE,Major,17572,00d04h52m52,0
TRINIDAD-1304,FALSE,FALSE,Minor,2446461,28d07h34m21,0
TRINIDAD-2347,TRUE,FALSE,Major,4228877,48d22h41m17,0
TRINIDAD-2340,FALSE,FALSE,Major,91278,01d01h21m18,0
TRINIDAD-2341,FALSE,FALSE,Major,31026495,359d02h28m15,0
TRINIDAD-1303,TRUE,FALSE,Minor,1938565,22d10h29m25,0
TRINIDAD-1302,FALSE,FALSE,Minor,13260,00d03h41m00,0
TRINIDAD-1997,FALSE,FALSE,Minor,439187,05d01h59m47,0
TRINIDAD-2348,FALSE,FALSE,Minor,2425916,28d01h51m56,0
TRINIDAD-2349,FALSE,FALSE,Trivial,2400907,27d18h55m07,0
TRINIDAD-673,FALSE,FALSE,Major,65737,00d18h15m37,0
TRINIDAD-790,FALSE,FALSE,Major,21400647,247d16h37m27,0
TRINIDAD-1956,FALSE,FALSE,Major,4785,00d01h19m45,0
TRINIDAD-670,FALSE,FALSE,Major,5230,00d01h27m10,0
TRINIDAD-1950,FALSE,FALSE,Minor,1469673,17d00h14m33,0
TRINIDAD-1898,TRUE,FALSE,Major,12449229,144d02h07m09,1
TRINIDAD-1895,FALSE,FALSE,Major,20659,00d05h44m19,0
TRINIDAD-1894,FALSE,FALSE,Minor,349313,04d01h01m53,0
TRINIDAD-1958,FALSE,FALSE,Minor,8045456,93d02h50m56,0
TRINIDAD-1893,FALSE,FALSE,Major,89256,01d00h47m36,0
TRINIDAD-676,FALSE,FALSE,Major,1831952,21d04h52m32,0
TRINIDAD-891,TRUE,FALSE,Major,1985285,22d23h28m05,0
TRINIDAD-956,FALSE,FALSE,Major,2330513,26d23h21m53,0
TRINIDAD-955,FALSE,FALSE,Critical,302194,03d11h56m34,0
TRINIDAD-952,FALSE,FALSE,Minor,42890,00d11h54m50,0
TRINIDAD-951,TRUE,FALSE,Minor,4691651,54d07h14m11,0
TRINIDAD-1622,FALSE,FALSE,Major,30336,00d08h25m36,0
TRINIDAD-1588,FALSE,FALSE,Major,8673196,100d09h13m16,0
TRINIDAD-2370,FALSE,FALSE,Major,22374394,258d23h06m34,0
TRINIDAD-1629,FALSE,FALSE,Major,545786,06d07h36m26,0
TRINIDAD-2537,FALSE,FALSE,Major,134863,01d13h27m43,0
TRINIDAD-1398,TRUE,FALSE,Major,73605,00d20h26m45,0
TRINIDAD-1399,TRUE,FALSE,Major,73183,00d20h19m43,0
TRINIDAD-1397,FALSE,FALSE,Major,31653046,366d08h30m46,0
TRINIDAD-1395,FALSE,FALSE,Minor,1604,00d00h26m44,0
TRINIDAD-1393,FALSE,FALSE,Trivial,65010,00d18h03m30,0
TRINIDAD-1390,FALSE,FALSE,Major,684746,07d22h12m26,0
TRINIDAD-2331,FALSE,FALSE,Minor,4767525,55d04h18m45,0
TRINIDAD-1317,FALSE,FALSE,Major,79305,00d22h01m45,0
TRINIDAD-2128,FALSE,FALSE,Minor,387,00d00h06m27,0
TRINIDAD-2129,FALSE,FALSE,Major,12823,00d03h33m43,0
TRINIDAD-66,FALSE,FALSE,Major,351,00d00h05m51,0
TRINIDAD-1020,FALSE,FALSE,Minor,90611,01d01h10m11,0
TRINIDAD-1150,FALSE,FALSE,Major,21815,00d06h03m35,0
TRINIDAD-2457,FALSE,FALSE,Major,17939,00d04h58m59,0
TRINIDAD-2450,FALSE,FALSE,Blocker,99420789,1150d16h53m09,0
TRINIDAD-2453,TRUE,FALSE,Major,281277,03d06h07m57,0
TRINIDAD-736,TRUE,FALSE,Major,180383,02d02h06m23,0
TRINIDAD-734,FALSE,FALSE,Major,238437,02d18h13m57,0
TRINIDAD-829,FALSE,FALSE,Major,442648,05d02h57m28,0
TRINIDAD-1054,TRUE,FALSE,Major,1381824,15d23h50m24,0
TRINIDAD-1758,FALSE,FALSE,Major,226210,02d14h50m10,0
TRINIDAD-1756,FALSE,FALSE,Critical,7404,00d02h03m24,0
TRINIDAD-1023,TRUE,FALSE,Minor,62128,00d17h15m28,0
TRINIDAD-826,FALSE,FALSE,Minor,987278,11d10h14m38,0
TRINIDAD-1751,FALSE,FALSE,Major,623136,07d05h05m36,0
TRINIDAD-2397,TRUE,FALSE,Major,4286726,49d14h45m26,0
TRINIDAD-126,FALSE,FALSE,Minor,75217,00d20h53m37,0
TRINIDAD-125,FALSE,FALSE,Minor,445101,05d03h38m21,0
TRINIDAD-2393,TRUE,FALSE,Major,284,00d00h04m44,0
TRINIDAD-2019,FALSE,FALSE,Major,3137318,36d07h28m38,0
TRINIDAD-693,TRUE,FALSE,Major,12082,00d03h21m22,0
TRINIDAD-2014,FALSE,FALSE,Major,1548,00d00h25m48,0
TRINIDAD-2016,FALSE,FALSE,Major,139,00d00h02m19,0
TRINIDAD-2017,FALSE,FALSE,Major,711,00d00h11m51,0
TRINIDAD-2010,FALSE,FALSE,Major,3382,00d00h56m22,0
TRINIDAD-812,FALSE,TRUE,Major,11135637,128d21h13m57,0
TRINIDAD-2155,FALSE,FALSE,Major,589459,06d19h44m19,0
TRINIDAD-2154,TRUE,FALSE,Major,2059,00d00h34m19,0
TRINIDAD-75,FALSE,FALSE,Major,24180,00d06h43m00,0
TRINIDAD-2151,FALSE,FALSE,Major,2243806,25d23h16m46,0
TRINIDAD-2150,FALSE,FALSE,Major,5442856,62d23h54m16,0
TRINIDAD-2153,FALSE,FALSE,Major,22585,00d06h16m25,0
TRINIDAD-2152,FALSE,FALSE,Major,38102,00d10h35m02,0
TRINIDAD-704,FALSE,FALSE,Major,4036364,46d17h12m44,1
TRINIDAD-1075,FALSE,FALSE,Minor,9664690,111d20h38m10,0
TRINIDAD-1134,FALSE,FALSE,Major,5714033,66d03h13m53,0
TRINIDAD-1071,TRUE,FALSE,Major,46596887,539d07h34m47,0
TRINIDAD-2158,FALSE,FALSE,Major,2262344,26d04h25m44,0
TRINIDAD-1400,FALSE,FALSE,Minor,18150,00d05h02m30,0
TRINIDAD-1578,FALSE,FALSE,Major,236583,02d17h43m03,0
TRINIDAD-1227,FALSE,FALSE,Major,679,00d00h11m19,0
TRINIDAD-842,FALSE,FALSE,Major,10481,00d02h54m41,0
TRINIDAD-1574,TRUE,FALSE,Minor,167530,01d22h32m10,0
TRINIDAD-1349,FALSE,FALSE,Minor,3666731,42d10h32m11,0
TRINIDAD-2309,TRUE,FALSE,Minor,555941,06d10h25m41,0
TRINIDAD-1471,TRUE,FALSE,Major,56976803,659d10h53m23,0
TRINIDAD-1477,FALSE,FALSE,Major,53525,00d14h52m05,0
TRINIDAD-1341,TRUE,FALSE,Minor,4275097,49d11h31m37,0
TRINIDAD-2301,TRUE,FALSE,Minor,211232,02d10h40m32,0
TRINIDAD-2302,FALSE,FALSE,Major,12989434,150d08h10m34,0
TRINIDAD-2303,FALSE,FALSE,Major,11668943,135d01h22m23,0
TRINIDAD-1344,FALSE,FALSE,Major,350544,04d01h22m24,0
TRINIDAD-195,FALSE,FALSE,Minor,139269521,1611d21h58m41,0
TRINIDAD-879,TRUE,FALSE,Major,86132,00d23h55m32,0
TRINIDAD-1224,TRUE,FALSE,Major,59360,00d16h29m20,0
TRINIDAD-1225,FALSE,FALSE,Minor,8377,00d02h19m37,0
TRINIDAD-1222,FALSE,FALSE,Major,106,00d00h01m46,0
TRINIDAD-1278,FALSE,FALSE,Minor,1128254,13d01h24m14,0
TRINIDAD-1181,FALSE,FALSE,Minor,10507,00d02h55m07,0
TRINIDAD-1229,FALSE,FALSE,Major,83959,00d23h19m19,0
TRINIDAD-2493,FALSE,FALSE,Trivial,375765,04d08h22m45,0
TRINIDAD-1781,FALSE,FALSE,Major,423565,04d21h39m25,0
TRINIDAD-923,FALSE,FALSE,Major,12013897,139d01h11m37,0
TRINIDAD-1782,FALSE,FALSE,Major,796061,09d05h07m41,0
TRINIDAD-1784,TRUE,FALSE,Major,2417084,27d23h24m44,0
TRINIDAD-992,FALSE,FALSE,Major,21945613,254d00h00m13,0
TRINIDAD-1378,FALSE,FALSE,Major,545,00d00h09m05,0
TRINIDAD-1228,FALSE,FALSE,Major,921,00d00h15m21,0
TRINIDAD-995,FALSE,FALSE,Major,1978,00d00h32m58,0
TRINIDAD-1672,FALSE,FALSE,Major,123,00d00h02m03,0
TRINIDAD-1987,FALSE,FALSE,Major,14839,00d04h07m19,0
TRINIDAD-1986,FALSE,FALSE,Major,511,00d00h08m31,0
TRINIDAD-1982,FALSE,FALSE,Minor,54124,00d15h02m04,0
TRINIDAD-2273,TRUE,FALSE,Major,1373043,15d21h24m03,1
TRINIDAD-1824,FALSE,FALSE,Minor,10620229,122d22h03m49,1
TRINIDAD-36,FALSE,FALSE,Major,7137,00d01h58m57,0
TRINIDAD-2377,FALSE,FALSE,Major,18722963,216d16h49m23,0
TRINIDAD-1827,TRUE,FALSE,Major,66620,00d18h30m20,0
TRINIDAD-2371,FALSE,FALSE,Major,40013,00d11h06m53,0
TRINIDAD-1821,FALSE,FALSE,Minor,54430640,629d23h37m20,0
TRINIDAD-1989,FALSE,FALSE,Major,1914078,22d03h41m18,0
TRINIDAD-1722,FALSE,FALSE,Major,330847,03d19h54m07,0
TRINIDAD-1299,FALSE,FALSE,Minor,41616,00d11h33m36,0
TRINIDAD-2495,FALSE,FALSE,Major,122624,01d10h03m44,0
TRINIDAD-695,FALSE,FALSE,Major,25078496,290d06h14m56,0
TRINIDAD-1291,FALSE,FALSE,Major,32749,00d09h05m49,0
TRINIDAD-727,FALSE,FALSE,Major,136,00d00h02m16,0
TRINIDAD-1297,FALSE,FALSE,Trivial,5893,00d01h38m13,0
TRINIDAD-1967,TRUE,FALSE,Major,99734,01d03h42m14,0
TRINIDAD-1961,FALSE,FALSE,Critical,6661,00d01h51m01,0
TRINIDAD-1963,FALSE,FALSE,Major,3440,00d00h57m20,0
TRINIDAD-1095,FALSE,FALSE,Minor,3567416,41d06h56m56,0
TRINIDAD-973,TRUE,FALSE,Major,1899,00d00h31m39,0
TRINIDAD-1091,FALSE,FALSE,Major,280037701,3241d04h15m01,0
TRINIDAD-2415,FALSE,FALSE,Major,1024799,11d20h39m59,0
TRINIDAD-2418,FALSE,FALSE,Major,3551060,41d02h24m20,0
TRINIDAD-2419,FALSE,FALSE,Major,166867,01d22h21m07,0
TRINIDAD-860,FALSE,FALSE,Major,418126,04d20h08m46,0
TRINIDAD-1713,TRUE,FALSE,Major,199,00d00h03m19,0
TRINIDAD-901,FALSE,FALSE,Minor,3019114,34d22h38m34,1
TRINIDAD-2197,FALSE,FALSE,Major,3575,00d00h59m35,0
TRINIDAD-903,FALSE,FALSE,Minor,608550,07d01h02m30,0
TRINIDAD-1715,TRUE,FALSE,Major,6065056,70d04h44m16,0
TRINIDAD-1653,TRUE,FALSE,Major,5833,00d01h37m13,0
TRINIDAD-1718,FALSE,FALSE,Major,91317,01d01h21m57,0
TRINIDAD-1657,FALSE,FALSE,Minor,10196928,118d00h28m48,0
TRINIDAD-908,FALSE,FALSE,Minor,4158,00d01h09m18,0
TRINIDAD-1655,FALSE,FALSE,Major,23467,00d06h31m07,0
TRINIDAD-1918,FALSE,FALSE,Minor,352984,04d02h03m04,0
TRINIDAD-1919,TRUE,FALSE,Major,1835632,21d05h53m52,0
TRINIDAD-1167,FALSE,FALSE,Major,1348,00d00h22m28,0
TRINIDAD-1915,TRUE,FALSE,Major,325,00d00h05m25,0
TRINIDAD-2050,FALSE,FALSE,Major,3359754,38d21h15m54,0
TRINIDAD-2051,FALSE,FALSE,Major,41700,00d11h35m00,0
TRINIDAD-2052,TRUE,FALSE,Major,46139698,534d00h34m58,0
TRINIDAD-2053,FALSE,FALSE,Major,8545,00d02h22m25,0
TRINIDAD-2054,FALSE,FALSE,Minor,698501,08d02h01m41,0
TRINIDAD-2057,FALSE,FALSE,Major,146734,01d16h45m34,0
TRINIDAD-2058,FALSE,FALSE,Major,2862381,33d03h06m21,0
TRINIDAD-2059,FALSE,FALSE,Major,2857769,33d01h49m29,0
TRINIDAD-2112,FALSE,FALSE,Major,5417017,62d16h43m37,0
TRINIDAD-2114,FALSE,FALSE,Major,469,00d00h07m49,0
TRINIDAD-2117,TRUE,FALSE,Major,101,00d00h01m41,0
TRINIDAD-1829,FALSE,FALSE,Major,5804,00d01h36m44,0
TRINIDAD-2465,FALSE,FALSE,Critical,95299000,1102d23h56m40,0
TRINIDAD-644,FALSE,FALSE,Major,194692,02d06h04m52,0
TRINIDAD-2466,FALSE,FALSE,Major,24310,00d06h45m10,0
TRINIDAD-642,TRUE,FALSE,Major,13251017,153d08h50m17,0
TRINIDAD-1009,TRUE,FALSE,Minor,8950,00d02h29m10,0
TRINIDAD-2469,FALSE,FALSE,Major,502114,05d19h28m34,0
TRINIDAD-648,FALSE,FALSE,Minor,301,00d00h05m01,0
TRINIDAD-762,FALSE,FALSE,Blocker,695,00d00h11m35,0
TRINIDAD-646,FALSE,FALSE,Major,63763,00d17h42m43,0
TRINIDAD-1437,FALSE,FALSE,Major,7937,00d02h12m17,0
TRINIDAD-1435,FALSE,FALSE,Major,707,00d00h11m47,0
TRINIDAD-1434,FALSE,FALSE,Minor,361673,04d04h27m53,0
TRINIDAD-1431,FALSE,TRUE,Major,33076,00d09h11m16,0
TRINIDAD-1430,TRUE,FALSE,Major,1721868,19d22h17m48,0
TRINIDAD-1876,TRUE,FALSE,Major,1474052,17d01h27m32,0
TRINIDAD-2024,FALSE,FALSE,Major,16961,00d04h42m41,0
TRINIDAD-1268,FALSE,FALSE,Major,7200206,83d08h03m26,0
TRINIDAD-1269,FALSE,FALSE,Major,3647007,42d05h03m27,0
TRINIDAD-2021,FALSE,FALSE,Minor,588707,06d19h31m47,0
TRINIDAD-2020,TRUE,FALSE,Blocker,18742,00d05h12m22,0
TRINIDAD-2023,TRUE,FALSE,Major,21093,00d05h51m33,0
TRINIDAD-1262,FALSE,FALSE,Minor,551819,06d09h16m59,0
TRINIDAD-1263,FALSE,FALSE,Minor,2273346,26d07h29m06,0
TRINIDAD-44,FALSE,FALSE,Major,768,00d00h12m48,0
TRINIDAD-2029,FALSE,FALSE,Minor,80417,00d22h20m17,0
TRINIDAD-2028,FALSE,FALSE,Minor,3379145,39d02h39m05,0
TRINIDAD-1264,FALSE,FALSE,Minor,2262993,26d04h36m33,0
TRINIDAD-1265,FALSE,FALSE,Minor,1890867,21d21h14m27,0
TRINIDAD-2182,TRUE,FALSE,Minor,361,00d00h06m01,0
TRINIDAD-2181,FALSE,FALSE,Major,87278,01d00h14m38,1
TRINIDAD-1146,FALSE,FALSE,Minor,25401,00d07h03m21,0
TRINIDAD-1144,FALSE,FALSE,Blocker,9860300,114d02h58m20,1
TRINIDAD-2188,TRUE,FALSE,Minor,1276066,14d18h27m46,0
TRINIDAD-974,TRUE,FALSE,Major,22813705,264d01h08m25,0
TRINIDAD-969,TRUE,FALSE,Major,40276,00d11h11m16,0
TRINIDAD-1826,TRUE,FALSE,Major,6654704,77d00h31m44,0
TRINIDAD-2069,FALSE,FALSE,Major,23514276,272d03h44m36,1
TRINIDAD-1598,FALSE,FALSE,Major,1476017,17d02h00m17,0
TRINIDAD-1506,FALSE,FALSE,Minor,3621890,41d22h04m50,0
TRINIDAD-2230,FALSE,FALSE,Major,363705,04d05h01m45,0
TRINIDAD-1509,TRUE,FALSE,Major,11628,00d03h13m48,0
TRINIDAD-2233,TRUE,FALSE,Major,240,00d00h04m00,0
TRINIDAD-1860,FALSE,FALSE,Trivial,1932014,22d08h40m14,0
TRINIDAD-1861,FALSE,FALSE,Major,5264404,60d22h20m04,0
TRINIDAD-2333,FALSE,FALSE,Major,4016101,46d11h35m01,0
TRINIDAD-1863,FALSE,FALSE,Major,17887481,207d00h44m41,0
TRINIDAD-2337,FALSE,FALSE,Major,1935,00d00h32m15,0
TRINIDAD-1867,TRUE,FALSE,Major,2360124,27d07h35m24,0
TRINIDAD-2339,FALSE,FALSE,Critical,138697082,1605d06h58m02,0
TRINIDAD-1261,TRUE,FALSE,Major,684449,07d22h07m29,0
TRINIDAD-1580,FALSE,FALSE,Major,2019,00d00h33m39,0
TRINIDAD-1920,FALSE,FALSE,Minor,2077163,24d00h59m23,0
TRINIDAD-1923,FALSE,FALSE,Minor,407250,04d17h07m30,0
TRINIDAD-1922,TRUE,FALSE,Major,11308538,130d21h15m38,0
TRINIDAD-1888,FALSE,FALSE,Major,368964,04d06h29m24,0
TRINIDAD-1889,FALSE,FALSE,Major,75674,00d21h01m14,0
TRINIDAD-1886,FALSE,FALSE,Major,522634,06d01h10m34,0
TRINIDAD-1928,FALSE,FALSE,Major,1192,00d00h19m52,0
TRINIDAD-1885,FALSE,FALSE,Major,3105,00d00h51m45,0
TRINIDAD-1619,TRUE,FALSE,Minor,7875929,91d03h45m29,0
TRINIDAD-1618,TRUE,FALSE,Minor,7876605,91d03h56m45,0
TRINIDAD-1617,TRUE,FALSE,Minor,7877185,91d04h06m25,0
TRINIDAD-1616,TRUE,FALSE,Minor,7877867,91d04h17m47,0
TRINIDAD-943,FALSE,FALSE,Critical,127308917,1473d11h35m17,0
TRINIDAD-2410,FALSE,FALSE,Minor,6138740,71d01h12m20,0
TRINIDAD-2378,FALSE,FALSE,Major,17946865,207d17h14m25,0
TRINIDAD-2525,FALSE,FALSE,Blocker,1757271,20d08h07m51,0
TRINIDAD-2526,FALSE,FALSE,Major,12630370,146d04h26m10,0
TRINIDAD-2523,FALSE,FALSE,Major,82963,00d23h02m43,0
TRINIDAD-2245,FALSE,FALSE,Major,6852,00d01h54m12,0
TRINIDAD-2528,FALSE,FALSE,Blocker,1701186,19d16h33m06,0
TRINIDAD-1814,FALSE,FALSE,Minor,24288223,281d02h43m43,0
TRINIDAD-1817,FALSE,FALSE,Major,64136,00d17h48m56,0
TRINIDAD-1813,FALSE,FALSE,Blocker,49008335,567d05h25m35,0
TRINIDAD-1819,TRUE,FALSE,Minor,9731176,112d15h06m16,1
TRINIDAD-1818,FALSE,FALSE,Minor,54793292,634d04h21m32,0
