BugID, #isArch, #isInduce, #Priority, #TimeSec, #Time, #Reopen
OWB-192,TRUE,FALSE,Major,88,00d00h01m28,0
OWB-1042,TRUE,FALSE,Major,93640,01d02h00m40,0
OWB-211,TRUE,FALSE,Major,1200,00d00h20m00,0
OWB-210,TRUE,FALSE,Major,1117,00d00h18m37,0
OWB-199,FALSE,FALSE,Major,66,00d00h01m06,0
OWB-215,FALSE,FALSE,Major,1245570,14d09h59m30,0
OWB-217,FALSE,FALSE,Major,54,00d00h00m54,0
OWB-216,FALSE,FALSE,Major,255,00d00h04m15,0
OWB-1204,TRUE,FALSE,Major,318,00d00h05m18,0
OWB-1205,FALSE,TRUE,Major,2431163,28d03h19m23,0
OWB-514,TRUE,FALSE,Major,4311929,49d21h45m29,1
OWB-1207,TRUE,FALSE,Major,1946028,22d12h33m48,0
OWB-698,FALSE,FALSE,Major,282828,03d06h33m48,0
OWB-510,FALSE,FALSE,Major,9906,00d02h45m06,0
OWB-1203,TRUE,FALSE,Major,459,00d00h07m39,0
OWB-694,FALSE,FALSE,Trivial,3400820,39d08h40m20,0
OWB-697,FALSE,FALSE,Major,284390,03d06h59m50,0
OWB-696,TRUE,FALSE,Major,62967,00d17h29m27,0
OWB-1209,TRUE,FALSE,Major,1500075,17d08h41m15,1
OWB-693,FALSE,FALSE,Major,244620,02d19h57m00,0
OWB-519,TRUE,FALSE,Critical,5446557,63d00h55m57,0
OWB-457,TRUE,FALSE,Major,116105,01d08h15m05,0
OWB-456,TRUE,FALSE,Major,586349,06d18h52m29,0
OWB-455,FALSE,FALSE,Minor,1325,00d00h22m05,0
OWB-454,FALSE,FALSE,Major,67,00d00h01m07,0
OWB-450,FALSE,FALSE,Major,507283,05d20h54m43,0
OWB-677,FALSE,FALSE,Major,4434,00d01h13m54,0
OWB-998,FALSE,FALSE,Major,20088,00d05h34m48,0
OWB-850,TRUE,FALSE,Major,20,00d00h00m20,0
OWB-857,TRUE,FALSE,Major,1196,00d00h19m56,0
OWB-672,TRUE,FALSE,Critical,5479685,63d10h08m05,0
OWB-855,TRUE,FALSE,Major,179,00d00h02m59,0
OWB-992,TRUE,FALSE,Major,3539937,40d23h18m57,1
OWB-993,TRUE,FALSE,Major,130435,01d12h13m55,0
OWB-774,TRUE,FALSE,Major,23576679,272d21h04m39,0
OWB-991,TRUE,FALSE,Major,7700860,89d03h07m40,0
OWB-997,TRUE,FALSE,Major,39274,00d10h54m34,0
OWB-994,FALSE,FALSE,Major,1978,00d00h32m58,0
OWB-771,FALSE,FALSE,Trivial,72691941,841d08h12m21,0
OWB-289,TRUE,FALSE,Minor,7646596,88d12h03m16,1
OWB-284,TRUE,FALSE,Major,165173,01d21h52m53,0
OWB-285,TRUE,FALSE,Major,813153,09d09h52m33,0
OWB-283,FALSE,FALSE,Major,39339,00d10h55m39,0
OWB-958,TRUE,FALSE,Major,28370142,328d08h35m42,0
OWB-351,TRUE,FALSE,Blocker,1378178,15d22h49m38,1
OWB-600,FALSE,FALSE,Major,2461076,28d11h37m56,0
TOMEE-1531,TRUE,FALSE,Major,50071,00d13h54m31,0
OWB-354,FALSE,FALSE,Major,4291093,49d15h58m13,0
OWB-208,FALSE,FALSE,Major,4369,00d01h12m49,0
OWB-359,TRUE,FALSE,Blocker,71336,00d19h48m56,0
OWB-608,FALSE,FALSE,Major,539,00d00h08m59,0
OWB-84,FALSE,FALSE,Blocker,635,00d00h10m35,0
OWB-83,FALSE,FALSE,Major,42280,00d11h44m40,0
OWB-82,FALSE,FALSE,Major,1494456,17d07h07m36,0
OWB-81,FALSE,FALSE,Major,103,00d00h01m43,0
OWB-80,FALSE,FALSE,Major,1801,00d00h30m01,0
OWB-1264,FALSE,FALSE,Critical,289,00d00h04m49,0
OWB-1103,TRUE,FALSE,Blocker,4670102,54d01h15m02,0
OWB-1102,TRUE,FALSE,Major,5936809,68d17h06m49,1
OWB-1100,FALSE,FALSE,Major,50,00d00h00m50,0
OWB-143,FALSE,FALSE,Major,456230,05d06h43m50,0
OWB-153,FALSE,FALSE,Major,359,00d00h05m59,0
OWB-142,TRUE,FALSE,Major,83003,00d23h03m23,0
OWB-150,TRUE,FALSE,Major,1991921,23d01h18m41,0
OWB-1033,TRUE,FALSE,Major,7501049,86d19h37m29,1
OWB-515,TRUE,FALSE,Minor,28475640,329d13h54m00,0
OWB-1036,TRUE,FALSE,Major,453,00d00h07m33,0
OWB-1035,FALSE,FALSE,Critical,9151823,105d22h10m23,0
OWB-1039,TRUE,FALSE,Major,3410326,39d11h18m46,0
OWB-974,TRUE,FALSE,Major,439,00d00h07m19,0
OWB-975,FALSE,FALSE,Major,76,00d00h01m16,0
OWB-976,TRUE,FALSE,Major,24962300,288d21h58m20,0
OWB-970,FALSE,FALSE,Major,390,00d00h06m30,0
OWB-971,TRUE,FALSE,Major,4098,00d01h08m18,0
OWB-511,TRUE,FALSE,Major,416695,04d19h44m55,0
OWB-679,TRUE,FALSE,Major,86230579,998d00h56m19,0
OWB-979,TRUE,FALSE,Major,98,00d00h01m38,0
OWB-158,TRUE,FALSE,Major,3265695,37d19h08m15,0
OWB-317,FALSE,FALSE,Major,2938313,34d00h11m53,0
OWB-489,TRUE,FALSE,Minor,159639,01d20h20m39,0
OWB-480,FALSE,FALSE,Major,561868,06d12h04m28,0
OWB-482,FALSE,FALSE,Major,691313,08d00h01m53,0
OWB-486,TRUE,FALSE,Major,39697,00d11h01m37,0
OWB-690,TRUE,FALSE,Major,535065,06d04h37m45,0
OWB-54,FALSE,FALSE,Major,700967,08d02h42m47,0
OWB-558,TRUE,FALSE,Major,169676,01d23h07m56,0
OWB-417,FALSE,FALSE,Major,21249446,245d22h37m26,0
OWB-416,FALSE,FALSE,Major,95345,01d02h29m05,1
OWB-415,FALSE,FALSE,Major,95485,01d02h31m25,1
OWB-1084,FALSE,FALSE,Major,2642070,30d13h54m30,1
OWB-418,TRUE,FALSE,Major,34248,00d09h30m48,1
OWB-1082,TRUE,FALSE,Major,117240,01d08h34m00,0
OWB-1083,FALSE,FALSE,Major,48196,00d13h23m16,0
OWB-554,FALSE,FALSE,Major,1131384,13d02h16m24,0
OWB-329,TRUE,FALSE,Critical,750058,08d16h20m58,1
OWB-633,FALSE,FALSE,Major,1211887,14d00h38m07,0
OWB-631,FALSE,FALSE,Major,36372,00d10h06m12,0
OWB-630,TRUE,FALSE,Major,11884,00d03h18m04,0
OWB-636,FALSE,FALSE,Minor,9373971,108d11h52m51,0
OWB-634,TRUE,FALSE,Major,1192644,13d19h17m24,0
OWB-1251,FALSE,FALSE,Major,54,00d00h00m54,0
OWB-1257,FALSE,FALSE,Major,6029,00d01h40m29,0
OWB-156,FALSE,FALSE,Major,20692,00d05h44m52,0
OWB-157,TRUE,FALSE,Major,66685,00d18h31m25,0
OWB-154,TRUE,FALSE,Major,2004368,23d04h46m08,0
OWB-155,FALSE,FALSE,Major,1358,00d00h22m38,0
OWB-152,TRUE,FALSE,Major,7994949,92d12h49m09,0
OWB-258,TRUE,FALSE,Major,536,00d00h08m56,0
OWB-529,FALSE,FALSE,Major,66,00d00h01m06,0
OWB-151,TRUE,FALSE,Major,101824944,1178d12h42m24,1
OWB-524,FALSE,FALSE,Major,2336159,27d00h55m59,0
OWB-523,FALSE,FALSE,Minor,2456687,28d10h24m47,0
OWB-522,FALSE,FALSE,Minor,5296,00d01h28m16,0
OWB-521,FALSE,FALSE,Major,957,00d00h15m57,0
OWB-252,TRUE,FALSE,Major,264,00d00h04m24,0
OWB-747,TRUE,FALSE,Major,71741250,830d08h07m30,0
OWB-745,TRUE,FALSE,Major,71742158,830d08h22m38,0
OWB-743,TRUE,FALSE,Major,34932,00d09h42m12,0
OWB-742,TRUE,FALSE,Major,81685,00d22h41m25,0
OWB-675,FALSE,FALSE,Major,39415091,456d04h38m11,0
OWB-749,TRUE,FALSE,Major,3116,00d00h51m56,0
OWB-748,TRUE,FALSE,Major,1598,00d00h26m38,0
OWB-673,TRUE,FALSE,Major,3480496,40d06h48m16,1
OWB-807,TRUE,FALSE,Major,129,00d00h02m09,0
OWB-801,FALSE,FALSE,Major,202,00d00h03m22,0
OWB-802,FALSE,FALSE,Major,3869779,44d18h56m19,1
OWB-856,FALSE,FALSE,Major,1334,00d00h22m14,0
OWB-778,FALSE,FALSE,Major,307,00d00h05m07,0
OWB-733,TRUE,FALSE,Major,3959716,45d19h55m16,0
OWB-730,TRUE,FALSE,Major,8787,00d02h26m27,0
OWB-736,FALSE,FALSE,Major,351471,04d01h37m51,0
OWB-777,TRUE,FALSE,Major,36794,00d10h13m14,0
OWB-858,TRUE,FALSE,Major,119188,01d09h06m28,0
OWB-643,TRUE,FALSE,Major,3025861,35d00h31m01,0
OWB-1077,FALSE,FALSE,Major,218567,02d12h42m47,0
OWB-1076,FALSE,FALSE,Major,66283,00d18h24m43,0
OWB-764,TRUE,FALSE,Major,1138,00d00h18m58,0
OWB-1071,TRUE,FALSE,Blocker,501643,05d19h20m43,0
OWB-1177,TRUE,FALSE,Major,463,00d00h07m43,0
OWB-1175,TRUE,FALSE,Major,1283168,14d20h26m08,0
OWB-1172,FALSE,FALSE,Major,127,00d00h02m07,0
OWB-1173,TRUE,FALSE,Major,1197,00d00h19m57,0
OWB-1170,TRUE,FALSE,Major,265,00d00h04m25,0
OWB-1171,TRUE,FALSE,Major,23607858,273d05h44m18,0
OWB-995,FALSE,FALSE,Major,2809764,32d12h29m24,0
OWB-1179,TRUE,FALSE,Major,6524660,75d12h24m20,0
OWB-938,FALSE,FALSE,Major,22085809,255d14h56m49,1
OWB-939,TRUE,FALSE,Major,1192,00d00h19m52,0
OWB-930,TRUE,FALSE,Major,24796325,286d23h52m05,1
OWB-933,TRUE,FALSE,Major,40700972,471d01h49m32,0
OWB-934,TRUE,FALSE,Major,16973795,196d10h56m35,0
OWB-861,TRUE,FALSE,Major,168936,01d22h55m36,0
OWB-169,FALSE,FALSE,Major,299,00d00h04m59,0
OWB-166,TRUE,FALSE,Major,61198,00d16h59m58,0
OWB-165,FALSE,FALSE,Major,114223,01d07h43m43,1
OWB-161,TRUE,FALSE,Minor,10119,00d02h48m39,0
OWB-311,FALSE,FALSE,Major,133,00d00h02m13,0
OWB-1215,TRUE,FALSE,Major,9325527,107d22h25m27,0
OWB-689,TRUE,FALSE,Major,368317,04d06h18m37,0
OWB-1213,FALSE,FALSE,Major,861400,09d23h16m40,0
OWB-566,TRUE,FALSE,Major,54200,00d15h03m20,0
OWB-1211,TRUE,FALSE,Major,904371,10d11h12m51,0
OWB-1210,TRUE,FALSE,Major,206218,02d09h16m58,0
OWB-682,TRUE,FALSE,Major,1066,00d00h17m46,0
OWB-683,TRUE,FALSE,Major,1215009,14d01h30m09,0
OWB-680,TRUE,FALSE,Major,1353,00d00h22m33,0
OWB-681,TRUE,FALSE,Major,5074,00d01h24m34,0
OWB-686,TRUE,FALSE,Major,91,00d00h01m31,0
OWB-687,FALSE,FALSE,Major,1848,00d00h30m48,0
OWB-1219,TRUE,FALSE,Major,1827103,21d03h31m43,0
OWB-449,TRUE,FALSE,Minor,337,00d00h05m37,0
OWB-444,TRUE,FALSE,Major,18424529,213d05h55m29,0
OWB-445,TRUE,FALSE,Major,2072604,23d23h43m24,0
OWB-446,TRUE,FALSE,Major,338,00d00h05m38,0
OWB-447,TRUE,FALSE,Major,46807,00d13h00m07,0
OWB-440,FALSE,FALSE,Major,7808,00d02h10m08,0
OWB-442,FALSE,FALSE,Major,77766,00d21h36m06,0
OWB-443,TRUE,FALSE,Major,14260,00d03h57m40,0
OWB-664,TRUE,FALSE,Critical,7861765,90d23h49m25,0
OWB-841,TRUE,FALSE,Major,1271280,14d17h08m00,0
OWB-842,TRUE,FALSE,Major,17,00d00h00m17,0
OWB-708,FALSE,FALSE,Major,48,00d00h00m48,0
OWB-660,FALSE,FALSE,Major,48522,00d13h28m42,0
OWB-845,TRUE,FALSE,Major,52,00d00h00m52,0
OWB-663,FALSE,FALSE,Major,8300780,96d01h46m20,0
OWB-848,TRUE,FALSE,Major,33,00d00h00m33,0
OWB-849,TRUE,FALSE,Major,78,00d00h01m18,0
OWB-707,TRUE,FALSE,Major,25074,00d06h57m54,0
OWB-669,TRUE,FALSE,Major,7457825,86d07h37m05,1
OWB-705,TRUE,FALSE,Major,101414274,1173d18h37m54,1
OWB-181,TRUE,FALSE,Major,3152,00d00h52m32,0
OWB-182,FALSE,FALSE,Major,75,00d00h01m15,0
OWB-352,TRUE,FALSE,Major,3026883,35d00h48m03,0
OWB-206,TRUE,FALSE,Blocker,21319,00d05h55m19,0
OWB-207,FALSE,FALSE,Major,2163056,25d00h50m56,0
OWB-601,TRUE,FALSE,Major,2020741,23d09h19m01,0
OWB-369,TRUE,FALSE,Major,4945176,57d05h39m36,2
OWB-200,FALSE,FALSE,Major,42,00d00h00m42,0
OWB-201,FALSE,FALSE,Major,2409897,27d21h24m57,0
OWB-366,FALSE,FALSE,Minor,11847,00d03h17m27,0
OWB-361,FALSE,FALSE,Minor,11367,00d03h09m27,0
OWB-363,TRUE,FALSE,Minor,50761,00d14h06m01,0
OWB-1130,FALSE,FALSE,Blocker,1831384,21d04h43m04,0
OWB-1131,FALSE,FALSE,Trivial,112432,01d07h13m52,0
OWB-1136,TRUE,FALSE,Major,79085,00d21h58m05,0
OWB-1139,FALSE,FALSE,Major,355,00d00h05m55,0
OWB-387,TRUE,FALSE,Major,2182,00d00h36m22,0
OWB-385,TRUE,FALSE,Major,8257218,95d13h40m18,0
OWB-384,TRUE,FALSE,Major,10979840,127d01h57m20,0
OWB-382,TRUE,FALSE,Critical,23423,00d06h30m23,0
OWB-381,TRUE,FALSE,Major,1206694,13d23h11m34,0
OWB-380,FALSE,FALSE,Major,577,00d00h09m37,0
OWB-85,FALSE,FALSE,Major,6646,00d01h50m46,0
OWB-654,TRUE,FALSE,Major,101388036,1173d11h20m36,1
OWB-1006,FALSE,FALSE,Major,307012,03d13h16m52,0
OWB-1007,FALSE,FALSE,Major,74848,00d20h47m28,0
OWB-1005,FALSE,FALSE,Major,131008,01d12h23m28,0
OWB-1002,FALSE,FALSE,Major,57566,00d15h59m26,0
OWB-1003,TRUE,FALSE,Major,8869,00d02h27m49,0
OWB-1001,TRUE,FALSE,Major,31781,00d08h49m41,0
OWB-1008,TRUE,FALSE,Major,164338,01d21h38m58,0
OWB-1009,FALSE,FALSE,Major,1019028,11d19h03m48,0
OWB-945,TRUE,FALSE,Major,653654,07d13h34m14,0
OWB-261,TRUE,FALSE,Major,85234,00d23h40m34,0
OWB-948,FALSE,FALSE,Major,4932,00d01h22m12,0
OWB-42,FALSE,FALSE,Major,5019512,58d02h18m32,0
OWB-400,TRUE,FALSE,Major,937183,10d20h19m43,0
OWB-1095,FALSE,FALSE,Critical,940353,10d21h12m33,0
OWB-405,TRUE,FALSE,Major,3493,00d00h58m13,0
OWB-406,FALSE,FALSE,Major,285263,03d07h14m23,1
OWB-658,TRUE,FALSE,Major,610224,07d01h30m24,1
OWB-581,TRUE,FALSE,Major,8684,00d02h24m44,0
OWB-629,FALSE,FALSE,Major,1369514,15d20h25m14,0
OWB-587,TRUE,FALSE,Major,258,00d00h04m18,0
OWB-586,TRUE,FALSE,Major,4316282,49d22h58m02,0
OWB-620,TRUE,FALSE,Blocker,10027,00d02h47m07,0
OWB-588,TRUE,FALSE,Major,53,00d00h00m53,0
OWB-624,TRUE,FALSE,Major,1057,00d00h17m37,0
OWB-625,TRUE,FALSE,Critical,112357,01d07h12m37,0
OWB-231,TRUE,FALSE,Major,10778067,124d17h54m27,0
OWB-78,FALSE,TRUE,Major,2551414,29d12h43m34,0
OWB-38,FALSE,FALSE,Major,1331215,15d09h46m55,0
OWB-1269,FALSE,FALSE,Major,31,00d00h00m31,0
OWB-34,FALSE,FALSE,Major,75650,00d21h00m50,0
OWB-33,FALSE,FALSE,Major,75833,00d21h03m53,0
OWB-123,TRUE,FALSE,Major,1022,00d00h17m02,0
OWB-122,TRUE,FALSE,Major,15472487,179d01h54m47,0
OWB-121,FALSE,FALSE,Major,2937716,34d00h01m56,0
OWB-249,TRUE,FALSE,Major,7737,00d02h08m57,0
OWB-127,TRUE,FALSE,Major,10081166,116d16h19m26,1
OWB-126,FALSE,FALSE,Major,2422846,28d01h00m46,0
OWB-124,FALSE,FALSE,Major,98603,01d03h23m23,0
OWB-129,FALSE,FALSE,Major,1786415,20d16h13m35,0
OWB-241,FALSE,FALSE,Major,7440,00d02h04m00,0
OWB-530,TRUE,FALSE,Critical,919925,10d15h32m05,0
OWB-247,FALSE,FALSE,Major,1252,00d00h20m52,0
OWB-244,TRUE,FALSE,Major,833286,09d15h28m06,0
OWB-533,FALSE,FALSE,Critical,142,00d00h02m22,0
OWB-750,TRUE,FALSE,Major,129,00d00h02m09,0
OWB-751,TRUE,TRUE,Major,283,00d00h04m43,0
OWB-759,FALSE,TRUE,Major,3435,00d00h57m15,0
OWB-839,FALSE,FALSE,Major,26,00d00h00m26,0
OWB-838,FALSE,FALSE,Major,27,00d00h00m27,0
OWB-831,FALSE,FALSE,Major,42,00d00h00m42,0
OWB-833,TRUE,FALSE,Major,103,00d00h01m43,0
OWB-832,TRUE,FALSE,Major,16,00d00h00m16,0
OWB-835,FALSE,FALSE,Major,25,00d00h00m25,0
OWB-834,TRUE,FALSE,Major,18,00d00h00m18,0
OWB-837,TRUE,FALSE,Major,48,00d00h00m48,0
OWB-836,TRUE,FALSE,Major,106,00d00h01m46,0
OWB-336,TRUE,FALSE,Major,64073,00d17h47m53,0
OWB-337,FALSE,FALSE,Minor,35030,00d09h43m50,0
OWB-334,FALSE,FALSE,Minor,191424,02d05h10m24,0
OWB-332,TRUE,FALSE,Major,68,00d00h01m08,0
OWB-333,TRUE,FALSE,Major,610,00d00h10m10,0
OWB-339,TRUE,FALSE,Major,62653,00d17h24m13,0
OWB-1169,FALSE,FALSE,Major,8452589,97d19h56m29,0
OWB-1043,FALSE,FALSE,Major,26674,00d07h24m34,0
OWB-1040,TRUE,FALSE,Critical,6828793,79d00h53m13,0
OWB-1041,TRUE,FALSE,Major,2895531,33d12h18m51,0
OWB-1046,TRUE,FALSE,Major,208791,02d09h59m51,0
OWB-1047,FALSE,FALSE,Minor,253359,02d22h22m39,0
OWB-1160,FALSE,FALSE,Major,1733,00d00h28m53,0
OWB-1163,FALSE,FALSE,Major,55,00d00h00m55,0
OWB-1162,TRUE,FALSE,Major,1344,00d00h22m24,0
OWB-1164,TRUE,FALSE,Major,38480,00d10h41m20,0
OWB-905,FALSE,FALSE,Major,555465,06d10h17m45,0
OWB-904,FALSE,FALSE,Major,40996,00d11h23m16,0
OWB-901,TRUE,FALSE,Major,107,00d00h01m47,0
OWB-902,TRUE,FALSE,Major,493,00d00h08m13,0
OWB-822,TRUE,FALSE,Major,58,00d00h00m58,0
OWB-909,FALSE,FALSE,Major,273,00d00h04m33,0
OWB-908,TRUE,FALSE,Major,2036,00d00h33m56,0
OWB-823,TRUE,FALSE,Major,26,00d00h00m26,0
OWB-769,TRUE,FALSE,Major,96407,01d02h46m47,0
OWB-1295,TRUE,FALSE,Major,251,00d00h04m11,0
OWB-1294,FALSE,FALSE,Major,1555,00d00h25m55,0
OWB-1292,FALSE,FALSE,Major,146901,01d16h48m21,0
OWB-828,TRUE,FALSE,Critical,1878291,21d17h44m51,1
OWB-404,FALSE,FALSE,Major,211,00d00h03m31,0
OWB-829,FALSE,FALSE,Major,282,00d00h04m42,0
OWB-1194,FALSE,FALSE,Major,57,00d00h00m57,0
OWB-1196,FALSE,FALSE,Major,247,00d00h04m07,0
OWB-1197,FALSE,FALSE,Major,26,00d00h00m26,0
OWB-1199,FALSE,FALSE,Major,89237,01d00h47m17,0
OWB-179,FALSE,FALSE,Major,895,00d00h14m55,0
OWB-175,FALSE,FALSE,Major,8696,00d02h24m56,0
OWB-176,FALSE,FALSE,Major,2258752,26d03h25m52,0
OWB-171,TRUE,FALSE,Major,5093660,58d22h54m20,0
OWB-172,TRUE,FALSE,Major,8782,00d02h26m22,0
OWB-173,FALSE,FALSE,Major,10192,00d02h49m52,0
OWB-1228,TRUE,FALSE,Major,684584,07d22h09m44,0
OWB-1229,TRUE,FALSE,Major,1088,00d00h18m08,0
OWB-90,FALSE,FALSE,Major,182211,02d02h36m51,0
OWB-1222,FALSE,FALSE,Major,11230916,129d23h41m56,1
OWB-1223,TRUE,FALSE,Major,116650,01d08h24m10,0
OWB-1220,FALSE,FALSE,Major,1385927,16d00h58m47,0
OWB-79,FALSE,FALSE,Major,391,00d00h06m31,0
OWB-1226,FALSE,FALSE,Major,361,00d00h06m01,0
OWB-1224,TRUE,FALSE,Major,9048,00d02h30m48,0
OWB-1225,FALSE,FALSE,Major,439,00d00h07m19,0
OWB-571,FALSE,FALSE,Major,8835857,102d06h24m17,0
OWB-573,TRUE,FALSE,Major,4733117,54d18h45m17,1
OWB-574,TRUE,FALSE,Major,27331858,316d08h10m58,0
OWB-577,FALSE,FALSE,Major,12535,00d03h28m55,0
OWB-578,TRUE,FALSE,Major,90657,01d01h10m57,0
OWB-579,FALSE,FALSE,Major,149,00d00h02m29,0
OWB-307,TRUE,FALSE,Major,133227,01d13h00m27,0
OWB-306,TRUE,FALSE,Major,100129216,1158d21h40m16,0
OWB-471,TRUE,FALSE,Minor,2048210,23d16h56m50,0
OWB-470,TRUE,FALSE,Major,184501,02d03h15m01,0
OWB-473,FALSE,FALSE,Major,1417416,16d09h43m36,0
OWB-474,FALSE,FALSE,Major,3712194,42d23h09m54,0
OWB-476,FALSE,FALSE,Major,3378,00d00h56m18,0
OWB-718,FALSE,FALSE,Major,1078,00d00h17m58,0
OWB-719,TRUE,FALSE,Major,104346,01d04h59m06,0
OWB-876,TRUE,FALSE,Major,131,00d00h02m11,0
OWB-878,TRUE,TRUE,Major,852,00d00h14m12,0
OWB-309,FALSE,FALSE,Minor,77191,00d21h26m31,0
OWB-308,TRUE,FALSE,Minor,5624,00d01h33m44,0
OWB-659,FALSE,FALSE,Major,420424,04d20h47m04,0
OWB-711,TRUE,FALSE,Major,2242335,25d22h52m15,1
OWB-877,FALSE,FALSE,Major,28,00d00h00m28,0
OWB-713,TRUE,FALSE,Major,203,00d00h03m23,0
OWB-714,TRUE,FALSE,Major,17047878,197d07h31m18,0
OWB-870,TRUE,FALSE,Major,9479,00d02h37m59,0
OWB-872,TRUE,FALSE,Critical,8554519,99d00h15m19,0
OWB-785,TRUE,FALSE,Major,12006896,138d23h14m56,1
OWB-788,TRUE,FALSE,Critical,26804,00d07h26m44,0
OWB-273,TRUE,FALSE,Minor,166656,01d22h17m36,0
OWB-272,TRUE,FALSE,Blocker,102278,01d04h24m38,0
OWB-378,FALSE,FALSE,Major,1466,00d00h24m26,0
OWB-270,FALSE,FALSE,Major,897,00d00h14m57,0
OWB-274,TRUE,FALSE,Major,564906,06d12h55m06,0
OWB-372,FALSE,FALSE,Major,385904,04d11h11m44,0
OWB-373,FALSE,FALSE,Major,147,00d00h02m27,0
OWB-370,FALSE,FALSE,Minor,868,00d00h14m28,0
OWB-371,TRUE,FALSE,Major,389480,04d12h11m20,0
OWB-377,FALSE,FALSE,Major,2893,00d00h48m13,0
OWB-374,FALSE,FALSE,Major,212,00d00h03m32,0
OWB-628,TRUE,FALSE,Major,9353751,108d06h15m51,0
OWB-1123,TRUE,FALSE,Major,15273356,176d18h35m56,0
OWB-580,TRUE,FALSE,Major,26462521,306d06h42m01,0
OWB-1129,FALSE,FALSE,Major,34,00d00h00m34,0
OWB-396,FALSE,FALSE,Major,596,00d00h09m56,0
OWB-390,FALSE,FALSE,Major,1023109,11d20h11m49,0
OWB-666,FALSE,FALSE,Major,7682943,88d22h09m03,0
OWB-398,TRUE,FALSE,Major,1171208,13d13h20m08,1
OWB-615,FALSE,FALSE,Major,3173699,36d17h34m59,0
OWB-342,FALSE,FALSE,Major,2863,00d00h47m43,0
OWB-589,TRUE,FALSE,Minor,9134737,105d17h25m37,0
OWB-340,TRUE,FALSE,Major,250890,02d21h41m30,0
OWB-1019,FALSE,FALSE,Major,61721,00d17h08m41,0
OWB-1018,TRUE,FALSE,Blocker,44885,00d12h28m05,0
OWB-1011,FALSE,FALSE,Major,857636,09d22h13m56,0
OWB-233,TRUE,FALSE,Major,1346,00d00h22m26,0
OWB-1013,TRUE,FALSE,Major,17144418,198d10h20m18,0
OWB-1012,TRUE,FALSE,Major,501978,05d19h26m18,0
OWB-1014,TRUE,FALSE,Major,1732,00d00h28m52,0
OWB-1017,TRUE,FALSE,Major,560916,06d11h48m36,1
OWB-232,FALSE,FALSE,Trivial,455,00d00h07m35,0
OWB-1150,FALSE,FALSE,Major,1305646,15d02h40m46,0
OWB-1154,FALSE,FALSE,Minor,766701,08d20h58m21,0
OWB-1157,TRUE,FALSE,Major,67,00d00h01m07,0
OWB-1158,TRUE,FALSE,Major,19,00d00h00m19,0
OWB-1159,TRUE,FALSE,Major,87,00d00h01m27,0
OWB-896,TRUE,FALSE,Major,279051,03d05h30m51,1
OWB-894,TRUE,FALSE,Major,4304044,49d19h34m04,0
OWB-893,TRUE,FALSE,Major,2098678,24d06h57m58,1
OWB-891,TRUE,FALSE,Major,5310,00d01h28m30,0
OWB-890,FALSE,FALSE,Major,9342,00d02h35m42,0
OWB-956,FALSE,FALSE,Major,64815,00d18h00m15,0
OWB-957,TRUE,FALSE,Critical,16151824,186d22h37m04,1
OWB-955,TRUE,FALSE,Major,3204874,37d02h14m34,0
OWB-952,FALSE,FALSE,Major,19727,00d05h28m47,0
OWB-898,TRUE,FALSE,Major,19276,00d05h21m16,0
OWB-439,TRUE,FALSE,Major,64,00d00h01m04,0
OWB-438,TRUE,FALSE,Major,79,00d00h01m19,0
OWB-434,FALSE,FALSE,Major,2753,00d00h45m53,0
OWB-437,FALSE,FALSE,Major,1594295,18d10h51m35,0
OWB-436,TRUE,FALSE,Blocker,623,00d00h10m23,0
OWB-271,FALSE,FALSE,Major,718352,08d07h32m32,0
OWB-184,TRUE,FALSE,Major,41312,00d11h28m32,0
OWB-228,FALSE,FALSE,Major,351,00d00h05m51,0
OWB-180,FALSE,FALSE,Major,4057132,46d22h58m52,0
OWB-598,FALSE,FALSE,Major,4004,00d01h06m44,0
OWB-599,TRUE,FALSE,Major,4119,00d01h08m39,0
OWB-224,TRUE,FALSE,Major,234817,02d17h13m37,0
OWB-225,TRUE,FALSE,Major,1744988,20d04h43m08,0
OWB-595,TRUE,FALSE,Critical,3191612,36d22h33m32,0
OWB-189,FALSE,FALSE,Major,365,00d00h06m05,0
OWB-593,TRUE,FALSE,Major,208394,02d09h53m14,1
OWB-590,FALSE,FALSE,Major,1004451,11d15h00m51,1
OWB-591,TRUE,FALSE,Major,4654694,53d20h58m14,0
OWB-1273,TRUE,FALSE,Major,1190,00d00h19m50,0
OWB-1275,TRUE,FALSE,Major,233,00d00h03m53,0
OWB-1274,TRUE,FALSE,Major,258,00d00h04m18,0
OWB-1276,TRUE,FALSE,Major,258,00d00h04m18,0
OWB-509,TRUE,FALSE,Major,3352,00d00h55m52,0
OWB-132,FALSE,FALSE,Major,17546,00d04h52m26,0
OWB-502,TRUE,FALSE,Major,3160999,36d14h03m19,0
OWB-505,FALSE,FALSE,Major,9072558,105d00h09m18,0
OWB-504,FALSE,FALSE,Major,50,00d00h00m50,0
OWB-886,FALSE,FALSE,Major,5302707,61d08h58m27,0
OWB-824,TRUE,FALSE,Major,175,00d00h02m55,0
OWB-825,TRUE,FALSE,Major,62,00d00h01m02,0
OWB-989,TRUE,FALSE,Trivial,24324261,281d12h44m21,0
OWB-988,TRUE,FALSE,Major,280744,03d05h59m04,0
OWB-767,FALSE,FALSE,Major,503,00d00h08m23,0
OWB-1124,TRUE,FALSE,Major,13964452,161d15h00m52,0
OWB-985,FALSE,FALSE,Major,19,00d00h00m19,0
OWB-986,FALSE,FALSE,Minor,25736047,297d20h54m07,2
OWB-981,TRUE,FALSE,Major,388,00d00h06m28,0
OWB-983,TRUE,FALSE,Minor,24604299,284d18h31m39,0
OWB-982,TRUE,FALSE,Major,147,00d00h02m27,0
OWB-291,TRUE,FALSE,Major,754,00d00h12m34,0
OWB-292,TRUE,FALSE,Major,265,00d00h04m25,0
OWB-294,TRUE,FALSE,Major,644851,07d11h07m31,1
OWB-297,FALSE,FALSE,Major,80779,00d22h26m19,0
OWB-299,FALSE,FALSE,Minor,59700,00d16h35m00,0
OWB-298,FALSE,FALSE,Major,2880,00d00h48m00,0
OWB-469,TRUE,FALSE,Major,14456559,167d07h42m39,0
OWB-1122,TRUE,FALSE,Major,88799,01d00h39m59,0
OWB-343,FALSE,FALSE,Major,563,00d00h09m23,0
OWB-614,FALSE,FALSE,Major,3266,00d00h54m26,0
OWB-617,TRUE,FALSE,Major,14563003,168d13h16m43,0
OWB-616,TRUE,FALSE,Critical,1317192,15d05h53m12,0
OWB-94,TRUE,FALSE,Major,445744,05d03h49m04,0
OWB-345,FALSE,FALSE,Major,1944,00d00h32m24,0
OWB-619,TRUE,FALSE,Major,1421701,16d10h55m01,0
OWB-618,TRUE,FALSE,Major,1176,00d00h19m36,0
OWB-1056,FALSE,FALSE,Minor,3298881,38d04h21m21,0
OWB-1118,TRUE,FALSE,Major,2165,00d00h36m05,0
OWB-1116,TRUE,FALSE,Major,480672,05d13h31m12,0
OWB-1117,FALSE,FALSE,Major,49,00d00h00m49,0
OWB-1059,FALSE,FALSE,Critical,2671,00d00h44m31,0
OWB-1111,FALSE,FALSE,Major,808256,09d08h30m56,0
OWB-1113,TRUE,FALSE,Major,48,00d00h00m48,0
OWB-912,TRUE,FALSE,Major,45202283,523d04h11m23,0
OWB-910,FALSE,FALSE,Major,45743677,529d10h34m37,0
OWB-916,TRUE,FALSE,Major,13481569,156d00h52m49,0
OWB-917,TRUE,FALSE,Major,1750102,20d06h08m22,0
OWB-914,FALSE,FALSE,Major,218,00d00h03m38,0
OWB-567,FALSE,FALSE,Minor,28187219,326d05h46m59,0
OWB-918,FALSE,FALSE,Minor,959600,11d02h33m20,0
OWB-919,FALSE,FALSE,Minor,2859,00d00h47m39,0
OWB-128,FALSE,FALSE,Major,1792699,20d17h58m19,0
ARIES-668,FALSE,FALSE,Major,155,00d00h02m35,0
OWB-569,FALSE,FALSE,Major,60825789,704d00h03m09,0
OWB-568,TRUE,FALSE,Major,64461784,746d02h03m04,0
OWB-392,TRUE,FALSE,Major,77932289,901d23h51m29,0
OWB-1023,FALSE,FALSE,Major,170525,01d23h22m05,0
OWB-1024,TRUE,FALSE,Major,3483721,40d07h42m01,0
OWB-966,TRUE,FALSE,Major,84971,00d23h36m11,1
OWB-1184,TRUE,FALSE,Major,11941,00d03h19m01,0
OWB-1183,TRUE,FALSE,Major,204,00d00h03m24,0
OWB-962,FALSE,FALSE,Major,6298,00d01h44m58,0
OWB-961,FALSE,FALSE,Major,15131044,175d03h04m04,0
OWB-960,TRUE,FALSE,Major,346223,04d00h10m23,0
OWB-969,FALSE,FALSE,Major,754031,08d17h27m11,0
OWB-968,TRUE,FALSE,Major,1779,00d00h29m39,0
OWB-149,TRUE,FALSE,Minor,6633,00d01h50m33,0
OWB-148,TRUE,FALSE,Major,4330224,50d02h50m24,0
OWB-493,FALSE,FALSE,Major,4666894,54d00h21m34,0
OWB-492,FALSE,FALSE,Major,10867259,125d18h40m59,0
OWB-491,FALSE,FALSE,Major,9731253,112d15h07m33,0
OWB-490,FALSE,FALSE,Major,10995888,127d06h24m48,0
OWB-496,TRUE,FALSE,Major,10499408,121d12h30m08,0
OWB-147,FALSE,FALSE,Minor,21403,00d05h56m43,0
OWB-61,TRUE,FALSE,Major,354931,04d02h35m31,0
OWB-62,FALSE,TRUE,Major,361408,04d04h23m28,0
OWB-561,FALSE,FALSE,Major,465,00d00h07m45,0
OWB-1235,FALSE,FALSE,Major,3211008,37d03h56m48,0
OWB-1231,FALSE,FALSE,Major,85,00d00h01m25,0
OWB-1230,TRUE,FALSE,Major,413632,04d18h53m52,0
OWB-1233,FALSE,FALSE,Major,3831442,44d08h17m22,0
OWB-466,TRUE,FALSE,Major,12217,00d03h23m37,0
OWB-464,TRUE,FALSE,Major,18558,00d05h09m18,0
OWB-549,TRUE,FALSE,Major,64831694,750d08h48m14,0
OWB-548,FALSE,FALSE,Major,167505,01d22h31m45,0
OWB-460,FALSE,FALSE,Major,985,00d00h16m25,0
OWB-545,TRUE,FALSE,Major,789113,09d03h11m53,0
OWB-547,FALSE,FALSE,Major,622,00d00h10m22,0
OWB-546,TRUE,FALSE,Major,2508,00d00h41m48,0
OWB-541,TRUE,FALSE,Major,4608,00d01h16m48,0
OWB-543,TRUE,FALSE,Major,1059116,12d06h11m56,0
OWB-542,TRUE,FALSE,Major,75666,00d21h01m06,1
OWB-419,TRUE,FALSE,Major,4454,00d01h14m14,0
OWB-840,TRUE,FALSE,Major,26,00d00h00m26,0
OWB-868,TRUE,FALSE,Major,16841139,194d22h05m39,0
OWB-318,FALSE,FALSE,Major,16342362,189d03h32m42,1
OWB-648,TRUE,FALSE,Major,788971,09d03h09m31,0
OWB-649,FALSE,FALSE,Major,1429,00d00h23m49,0
OWB-644,FALSE,FALSE,Minor,73,00d00h01m13,0
OWB-645,TRUE,FALSE,Major,123035,01d10h10m35,0
OWB-709,FALSE,FALSE,Major,44,00d00h00m44,0
OWB-312,TRUE,FALSE,Major,6631614,76d18h06m54,0
OWB-667,TRUE,FALSE,Major,6227371,72d01h49m31,0
OWB-550,TRUE,FALSE,Blocker,24910,00d06h55m10,0
OWB-1248,FALSE,FALSE,Critical,1308,00d00h21m48,0
OWB-791,TRUE,FALSE,Major,83,00d00h01m23,0
OWB-793,FALSE,FALSE,Major,35,00d00h00m35,0
OWB-794,FALSE,FALSE,Major,145,00d00h02m25,0
OWB-1241,TRUE,FALSE,Major,1753,00d00h29m13,0
OWB-1247,FALSE,FALSE,Major,864,00d00h14m24,0
OWB-260,TRUE,FALSE,Major,1201486,13d21h44m46,0
OWB-703,TRUE,FALSE,Critical,89164,01d00h46m04,0
OWB-262,TRUE,FALSE,Major,3421,00d00h57m01,0
OWB-263,TRUE,FALSE,Major,516737,05d23h32m17,1
OWB-266,FALSE,FALSE,Major,1027422,11d21h23m42,0
OWB-267,FALSE,FALSE,Major,959085,11d02h24m45,0
OWB-269,FALSE,FALSE,Major,403,00d00h06m43,0
OWB-706,TRUE,FALSE,Minor,38799512,449d01h38m32,0
OWB-818,FALSE,FALSE,Minor,10672,00d02h57m52,0
OWB-817,FALSE,FALSE,Major,161055,01d20h44m15,0
OWB-813,FALSE,FALSE,Major,78809,00d21h53m29,0
OWB-812,FALSE,FALSE,Major,18823224,217d20h40m24,0
OWB-725,TRUE,FALSE,Major,963292,11d03h34m52,0
OWB-724,TRUE,FALSE,Major,154,00d00h02m34,0
OWB-720,FALSE,FALSE,Major,94,00d00h01m34,0
OWB-722,TRUE,FALSE,Major,49,00d00h00m49,0
OWB-728,FALSE,FALSE,Blocker,4764962,55d03h36m02,0
OWB-1069,FALSE,FALSE,Major,172,00d00h02m52,0
OWB-1064,TRUE,FALSE,Major,56247,00d15h37m27,0
OWB-1065,TRUE,FALSE,Major,1514020,17d12h33m40,0
OWB-1066,FALSE,FALSE,Major,1783493,20d15h24m53,0
OWB-1061,FALSE,FALSE,Major,2435486,28d04h31m26,1
OWB-1062,FALSE,FALSE,Major,14508,00d04h01m48,0
OWB-305,FALSE,FALSE,Major,97527,01d03h05m27,0
OWB-1149,FALSE,FALSE,Major,413,00d00h06m53,0
OWB-688,FALSE,FALSE,Major,986237,11d09h57m17,0
OWB-885,TRUE,FALSE,Major,43,00d00h00m43,0
OWB-929,TRUE,FALSE,Major,24943480,288d16h44m40,1
OWB-881,TRUE,FALSE,Major,1206,00d00h20m06,0
OWB-923,FALSE,FALSE,Critical,423798,04d21h43m18,0
OWB-922,TRUE,FALSE,Major,40692889,470d23h34m49,0
OWB-920,FALSE,FALSE,Minor,1329,00d00h22m09,0
OWB-888,FALSE,FALSE,Major,173,00d00h02m53,0
OWB-889,TRUE,FALSE,Major,61,00d00h01m01,0
OWB-924,TRUE,FALSE,Major,454654,05d06h17m34,0
OWB-1010,FALSE,FALSE,Major,75986,00d21h06m26,0
OWB-776,FALSE,FALSE,Critical,5183412,59d23h50m12,0
OWB-353,FALSE,FALSE,Major,229,00d00h03m49,0
OWB-303,FALSE,FALSE,Major,16063138,185d21h58m58,0
OWB-253,TRUE,FALSE,Major,59,00d00h00m59,0
OWB-1016,FALSE,FALSE,Major,4467,00d01h14m27,0
OWB-429,TRUE,FALSE,Major,1636720,18d22h38m40,0
OWB-422,TRUE,FALSE,Major,7696254,89d01h50m54,1
OWB-420,FALSE,FALSE,Major,1176,00d00h19m36,0
OWB-421,FALSE,FALSE,Major,748,00d00h12m28,0
OWB-426,TRUE,FALSE,Major,18927,00d05h15m27,1
