BugID, #isArch, #isInduce, #Priority, #TimeSec, #Time, #Reopen
OPENJPA-1893,TRUE,FALSE,Major,18995,00d05h16m35,0
OPENJPA-2444,FALSE,FALSE,Major,59208,00d16h26m48,0
OPENJPA-2442,FALSE,TRUE,Major,14841252,171d18h34m12,0
OPENJPA-2443,TRUE,FALSE,Major,144875,01d16h14m35,0
OPENJPA-2440,FALSE,FALSE,Major,200135,02d07h35m35,0
OPENJPA-2441,TRUE,TRUE,Major,10542328,122d00h25m28,0
OPENJPA-2567,TRUE,FALSE,Major,113084761,1308d20h26m01,0
OPENJPA-512,FALSE,FALSE,Trivial,1013006,11d17h23m26,0
OPENJPA-719,FALSE,FALSE,Minor,1290998,14d22h36m38,0
OPENJPA-2253,TRUE,FALSE,Blocker,37576478,434d21h54m38,0
OPENJPA-712,FALSE,FALSE,Major,213467,02d11h17m47,0
OPENJPA-711,FALSE,FALSE,Minor,1163954,13d11h19m14,0
OPENJPA-710,FALSE,FALSE,Major,11683,00d03h14m43,1
OPENJPA-2257,FALSE,FALSE,Major,207762,02d09h42m42,0
OPENJPA-2255,FALSE,FALSE,Minor,1000843,11d14h00m43,0
OPENJPA-714,TRUE,FALSE,Major,42793023,495d06h57m03,0
OPENJPA-489,TRUE,FALSE,Major,6994,00d01h56m34,0
OPENJPA-481,TRUE,FALSE,Minor,17686690,204d16h58m10,0
OPENJPA-2095,TRUE,FALSE,Major,14492689,167d17h44m49,0
OPENJPA-2094,TRUE,FALSE,Major,62205227,719d23h13m47,0
OPENJPA-485,TRUE,FALSE,Major,17285065,200d01h24m25,0
OPENJPA-484,TRUE,FALSE,Major,3482255,40d07h17m35,0
OPENJPA-46,TRUE,FALSE,Minor,14740367,170d14h32m47,0
OPENJPA-1809,TRUE,FALSE,Major,15249,00d04h14m09,0
OPENJPA-2698,FALSE,FALSE,Minor,115528,01d08h05m28,0
OPENJPA-1801,TRUE,FALSE,Major,1641728,19d00h02m08,0
OPENJPA-2690,FALSE,FALSE,Major,39219332,453d22h15m32,0
OPENJPA-1804,FALSE,FALSE,Major,10033741,116d03h09m01,0
OPENJPA-1201,TRUE,FALSE,Major,4134900,47d20h35m00,0
OPENJPA-1200,TRUE,FALSE,Major,2083924,24d02h52m04,0
OPENJPA-1203,FALSE,FALSE,Minor,5945014,68d19h23m34,0
OPENJPA-1205,FALSE,FALSE,Major,20419347,236d08h02m27,0
OPENJPA-1204,TRUE,FALSE,Major,51501,00d14h18m21,0
OPENJPA-2596,TRUE,FALSE,Major,58187,00d16h09m47,0
OPENJPA-2597,FALSE,FALSE,Major,934,00d00h15m34,0
OPENJPA-1039,TRUE,FALSE,Major,1956957,22d15h35m57,0
OPENJPA-395,FALSE,FALSE,Major,2959,00d00h49m19,0
OPENJPA-2381,FALSE,FALSE,Minor,48227360,558d04h29m20,0
OPENJPA-1897,FALSE,FALSE,Major,9536,00d02h38m56,0
OPENJPA-1380,TRUE,FALSE,Major,161756,01d20h55m56,1
OPENJPA-1381,TRUE,FALSE,Major,5889407,68d03h56m47,1
OPENJPA-1383,FALSE,FALSE,Major,200083,02d07h34m43,0
OPENJPA-1384,FALSE,FALSE,Major,4857825,56d05h23m45,0
OPENJPA-1385,FALSE,FALSE,Major,2147,00d00h35m47,0
OPENJPA-1386,FALSE,FALSE,Major,273045,03d03h50m45,0
OPENJPA-1387,TRUE,FALSE,Major,100860665,1167d08h51m05,1
OPENJPA-1388,FALSE,FALSE,Major,105721,01d05h22m01,0
OPENJPA-625,TRUE,FALSE,Major,1219720,14d02h48m40,0
OPENJPA-207,TRUE,FALSE,Major,65246761,755d04h06m01,0
OPENJPA-2187,FALSE,FALSE,Minor,193481,02d05h44m41,0
OPENJPA-713,FALSE,FALSE,Major,1112654,12d21h04m14,0
OPENJPA-1935,TRUE,FALSE,Major,1185197,13d17h13m17,0
OPENJPA-1819,FALSE,FALSE,Critical,96268251,1114d05h10m51,1
OPENJPA-1932,FALSE,FALSE,Minor,29376942,340d00h15m42,0
OPENJPA-2626,TRUE,FALSE,Major,86,00d00h01m26,0
OPENJPA-873,TRUE,FALSE,Major,771886,08d22h24m46,1
OPENJPA-1031,FALSE,FALSE,Trivial,2399085,27d18h24m45,0
FOP-1,FALSE,FALSE,None,352269976,4077d04h46m16,0
OPENJPA-1939,FALSE,FALSE,Minor,594990,06d21h16m30,1
OPENJPA-1938,FALSE,FALSE,Minor,64137,00d17h48m57,0
OPENJPA-973,FALSE,FALSE,Major,13806107,159d19h01m47,1
OPENJPA-1477,TRUE,FALSE,Major,4585965,53d01h52m45,0
OPENJPA-2746,FALSE,FALSE,Major,4318,00d01h11m58,0
OPENJPA-1379,TRUE,FALSE,Major,5016,00d01h23m36,0
OPENJPA-2743,TRUE,FALSE,Major,33006067,382d00h21m07,0
OPENJPA-1375,FALSE,FALSE,Major,150745,01d17h52m25,0
OPENJPA-1377,FALSE,FALSE,Major,1119680,12d23h01m20,0
OPENJPA-1376,TRUE,FALSE,Major,42631677,493d10h07m57,0
OPENJPA-1371,TRUE,FALSE,Major,12509768,144d18h56m08,0
OPENJPA-1370,TRUE,FALSE,Major,247995,02d20h53m15,0
OPENJPA-1478,FALSE,FALSE,Major,15458,00d04h17m38,0
OPENJPA-1372,TRUE,FALSE,Major,26875416,311d01h23m36,0
OPENJPA-1354,FALSE,FALSE,Major,2024009,23d10h13m29,0
OPENJPA-308,FALSE,FALSE,Major,60020,00d16h40m20,0
OPENJPA-715,TRUE,FALSE,Major,1218846,14d02h34m06,1
OPENJPA-304,FALSE,FALSE,Major,1732,00d00h28m52,0
OPENJPA-1279,TRUE,FALSE,Major,1278059,14d19h00m59,0
OPENJPA-303,TRUE,FALSE,Major,83952,00d23h19m12,0
OPENJPA-20,FALSE,FALSE,Minor,61497615,711d18h40m15,0
OPENJPA-1556,TRUE,FALSE,Major,102170,01d04h22m50,0
OPENJPA-1550,TRUE,FALSE,Minor,1729462,20d00h24m22,1
OPENJPA-21,FALSE,FALSE,Minor,14440846,167d03h20m46,0
OPENJPA-1494,FALSE,FALSE,Major,219390,02d12h56m30,0
OPENJPA-630,FALSE,FALSE,Minor,1137,00d00h18m57,0
OPENJPA-1496,TRUE,FALSE,Major,391170,04d12h39m30,0
OPENJPA-1400,TRUE,FALSE,Major,1269784,14d16h43m04,0
OPENJPA-1559,TRUE,FALSE,Minor,2744763,31d18h26m03,1
OPENJPA-1491,TRUE,FALSE,Major,3383143,39d03h45m43,0
OPENJPA-533,TRUE,FALSE,Major,9026991,104d11h29m51,0
OPENJPA-532,FALSE,FALSE,Major,116035,01d08h13m55,0
OPENJPA-2603,TRUE,FALSE,Minor,6414002,74d05h40m02,0
OPENJPA-537,FALSE,FALSE,Major,360902,04d04h15m02,0
OPENJPA-536,TRUE,FALSE,Blocker,3958405,45d19h33m25,1
OPENJPA-122,TRUE,FALSE,Minor,52331,00d14h32m11,0
OPENJPA-285,TRUE,FALSE,Major,1352060,15d15h34m20,0
OPENJPA-284,TRUE,FALSE,Major,1910996,22d02h49m56,0
OPENJPA-539,TRUE,FALSE,Major,166051,01d22h07m31,0
OPENJPA-281,TRUE,FALSE,Major,2367719,27d09h41m59,0
OPENJPA-280,FALSE,FALSE,Major,602049,06d23h14m09,0
OPENJPA-282,FALSE,FALSE,Minor,4341097,50d05h51m37,0
OPENJPA-1988,TRUE,FALSE,Minor,111044211,1285d05h36m51,0
OPENJPA-1989,TRUE,FALSE,Major,1125120,13d00h32m00,1
OPENJPA-1597,TRUE,FALSE,Critical,1041616,12d01h20m16,0
OPENJPA-2132,TRUE,FALSE,Major,20554127,237d21h28m47,0
OPENJPA-2133,FALSE,FALSE,Major,7079740,81d22h35m40,0
OPENJPA-2131,FALSE,FALSE,Major,4383788,50d17h43m08,0
OPENJPA-2136,FALSE,FALSE,Major,4175,00d01h09m35,0
OPENJPA-1987,FALSE,FALSE,Minor,1346,00d00h22m26,0
OPENJPA-1984,TRUE,FALSE,Minor,250611,02d21h36m51,0
OPENJPA-1985,FALSE,FALSE,Blocker,116040,01d08h14m00,0
OPENJPA-51,TRUE,FALSE,Major,57380244,664d02h57m24,1
OPENJPA-1898,FALSE,FALSE,Major,99732,01d03h42m12,0
OPENJPA-884,FALSE,FALSE,Trivial,2611916,30d05h31m56,0
OPENJPA-883,FALSE,FALSE,Minor,5376390,62d05h26m30,0
OPENJPA-214,TRUE,FALSE,Major,17018,00d04h43m38,0
OPENJPA-859,TRUE,FALSE,Major,28527349,330d04h15m49,1
OPENJPA-2318,FALSE,FALSE,Major,19330561,223d17h36m01,0
OPENJPA-992,FALSE,FALSE,Minor,188046,02d04h14m06,0
OPENJPA-2525,TRUE,FALSE,Major,2745365,31d18h36m05,0
OPENJPA-3,FALSE,FALSE,Major,7030,00d01h57m10,0
OPENJPA-1722,TRUE,FALSE,Major,3035843,35d03h17m23,0
OPENJPA-1726,TRUE,TRUE,Minor,1100716,12d17h45m16,0
OPENJPA-1727,TRUE,FALSE,Major,2074885,24d00h21m25,1
OPENJPA-1725,TRUE,FALSE,Major,26047953,301d11h32m33,0
OPENJPA-2357,TRUE,FALSE,Critical,328362,03d19h12m42,0
OPENJPA-755,TRUE,FALSE,Major,1277507,14d18h51m47,0
OPENJPA-2355,FALSE,FALSE,Major,664233,07d16h30m33,0
OPENJPA-2059,FALSE,FALSE,Major,1030455,11d22h14m15,0
OPENJPA-751,FALSE,FALSE,Trivial,513550,05d22h39m10,0
OPENJPA-750,TRUE,FALSE,Major,498296,05d18h24m56,0
OPENJPA-2055,FALSE,FALSE,Minor,74232122,859d04h02m02,0
OPENJPA-2056,TRUE,FALSE,Major,434156,05d00h35m56,0
OPENJPA-2051,TRUE,FALSE,Minor,22451677,259d20h34m37,1
OPENJPA-2053,FALSE,FALSE,Minor,15640322,181d00h32m02,0
OPENJPA-495,FALSE,FALSE,Major,13357500,154d14h25m00,0
OPENJPA-1909,FALSE,FALSE,Major,614411,07d02h40m11,0
OPENJPA-2600,TRUE,FALSE,Major,59835,00d16h37m15,0
OPENJPA-368,FALSE,FALSE,Major,1678241,19d10h10m41,0
OPENJPA-1794,TRUE,FALSE,Major,97507480,1128d13h24m40,1
OPENJPA-1793,TRUE,FALSE,Minor,3679167,42d13h59m27,0
OPENJPA-1129,FALSE,FALSE,Minor,11526326,133d09h45m26,0
OPENJPA-1790,TRUE,FALSE,Critical,841844,09d17h50m44,0
OPENJPA-1657,FALSE,FALSE,Major,30433221,352d05h40m21,0
OPENJPA-2636,FALSE,FALSE,Minor,992675,11d11h44m35,0
OPENJPA-1120,FALSE,FALSE,Minor,8764598,101d10h36m38,0
OPENJPA-1121,FALSE,FALSE,Major,23872401,276d07h13m21,0
OPENJPA-1650,TRUE,FALSE,Major,43608995,504d17h36m35,0
OPENJPA-244,TRUE,FALSE,Major,6776199,78d10h16m39,1
OPENJPA-1308,TRUE,FALSE,Minor,3035895,35d03h18m15,0
OPENJPA-2418,FALSE,FALSE,Critical,70141,00d19h29m01,0
OPENJPA-2414,TRUE,FALSE,Major,8374425,96d22h13m45,1
OPENJPA-2555,TRUE,FALSE,Major,133998140,1550d21h42m20,1
OPENJPA-2557,TRUE,FALSE,Critical,4151616,48d01h13m36,0
OPENJPA-28,TRUE,FALSE,Major,61446862,711d04h34m22,0
OPENJPA-248,FALSE,FALSE,Major,7073,00d01h57m53,0
OPENJPA-360,TRUE,FALSE,Major,851841,09d20h37m21,1
OPENJPA-1464,TRUE,FALSE,Major,261586,03d00h39m46,0
OPENJPA-1689,TRUE,FALSE,Minor,1323580,15d07h39m40,0
OPENJPA-2221,TRUE,FALSE,Major,41209288,476d23h01m28,0
OPENJPA-2227,FALSE,FALSE,Blocker,3905814,45d04h56m54,0
OPENJPA-2228,TRUE,FALSE,Major,616288,07d03h11m28,0
OPENJPA-2229,TRUE,FALSE,Major,1904484,22d01h01m24,0
OPENJPA-834,TRUE,FALSE,Major,3365248,38d22h47m28,0
OPENJPA-367,FALSE,FALSE,Major,4145621,47d23h33m41,1
OPENJPA-1155,FALSE,FALSE,Major,21090528,244d02h28m48,0
OPENJPA-375,FALSE,FALSE,Major,277688,03d05h08m08,0
OPENJPA-1979,TRUE,FALSE,Major,61843961,715d18h52m41,0
OPENJPA-1811,FALSE,FALSE,Major,2846,00d00h47m26,0
OPENJPA-379,FALSE,FALSE,Minor,2316,00d00h38m36,0
OPENJPA-378,TRUE,FALSE,Major,99388,01d03h36m28,0
OPENJPA-1975,TRUE,FALSE,Major,334454,03d20h54m14,0
OPENJPA-1974,TRUE,FALSE,Major,109176,01d06h19m36,0
OPENJPA-836,FALSE,FALSE,Critical,2287312,26d11h21m52,0
OPENJPA-1873,TRUE,FALSE,Major,34455713,398d19h01m53,0
OPENJPA-1870,TRUE,FALSE,Major,170301,01d23h18m21,0
OPENJPA-835,FALSE,FALSE,Major,11830,00d03h17m10,0
OPENJPA-1876,TRUE,FALSE,Major,6749563,78d02h52m43,0
OPENJPA-1877,FALSE,FALSE,Major,19298,00d05h21m38,0
OPENJPA-1874,TRUE,TRUE,Minor,288638,03d08h10m38,0
OPENJPA-1127,FALSE,FALSE,Trivial,2027,00d00h33m47,0
OPENJPA-935,TRUE,FALSE,Major,33470997,387d09h29m57,0
OPENJPA-934,FALSE,FALSE,Trivial,9537615,110d09h20m15,0
OPENJPA-2705,FALSE,FALSE,Major,534840,06d04h34m00,0
OPENJPA-2704,TRUE,FALSE,Major,31132145,360d07h49m05,0
OPENJPA-2707,FALSE,FALSE,Major,539473,06d05h51m13,0
OPENJPA-1239,TRUE,FALSE,Major,2504520,28d23h42m00,0
OPENJPA-1333,FALSE,FALSE,Major,87376,01d00h16m16,1
OPENJPA-1230,FALSE,FALSE,Minor,374810,04d08h06m50,0
OPENJPA-1338,TRUE,FALSE,Major,1361,00d00h22m41,0
OPENJPA-1232,TRUE,FALSE,Major,7073,00d01h57m53,0
OPENJPA-787,FALSE,FALSE,Critical,2086888,24d03h41m28,0
OPENJPA-1234,FALSE,FALSE,Major,17868772,206d19h32m52,0
OPENJPA-932,TRUE,FALSE,Major,10014965,115d21h56m05,0
OPENJPA-1577,TRUE,FALSE,Major,550934,06d09h02m14,0
OPENJPA-838,TRUE,FALSE,Major,3534798,40d21h53m18,1
OPENJPA-335,TRUE,FALSE,Major,1736756,20d02h25m56,0
OPENJPA-174,TRUE,FALSE,Major,15378,00d04h16m18,0
OPENJPA-1800,FALSE,FALSE,Minor,437962,05d01h39m22,0
OPENJPA-470,TRUE,FALSE,Major,18122202,209d17h56m42,0
OPENJPA-471,FALSE,FALSE,Major,1861330,21d13h02m10,0
OPENJPA-577,TRUE,FALSE,Minor,783366,09d01h36m06,1
OPENJPA-576,TRUE,FALSE,Major,804094,09d07h21m34,0
OPENJPA-574,FALSE,FALSE,Major,3611047,41d19h04m07,1
OPENJPA-573,TRUE,FALSE,Major,30214628,349d16h57m08,1
OPENJPA-478,FALSE,FALSE,Minor,100754174,1166d03h16m14,0
OPENJPA-670,TRUE,FALSE,Major,153108,01d18h31m48,0
OPENJPA-339,TRUE,FALSE,Major,1832614,21d05h03m34,1
OPENJPA-674,TRUE,FALSE,Major,1850,00d00h30m50,0
OPENJPA-2178,FALSE,FALSE,Major,9041,00d02h30m41,0
OPENJPA-677,TRUE,FALSE,Major,98578479,1140d22h54m39,1
OPENJPA-678,TRUE,FALSE,Major,693251,08d00h34m11,0
OPENJPA-679,TRUE,FALSE,Major,19711149,228d03h19m09,1
OPENJPA-2174,TRUE,FALSE,Major,3776481,43d17h01m21,0
OPENJPA-2172,FALSE,FALSE,Major,31782558,367d20h29m18,1
OPENJPA-186,FALSE,FALSE,Major,89055,01d00h44m15,1
OPENJPA-2170,FALSE,FALSE,Minor,85208,00d23h40m08,0
OPENJPA-2675,FALSE,FALSE,Major,1395701,16d03h41m41,0
OPENJPA-2674,FALSE,FALSE,Major,1554333,17d23h45m33,0
OPENJPA-1584,TRUE,FALSE,Major,11053585,127d22h26m25,0
OPENJPA-847,FALSE,TRUE,Minor,13045126,150d23h38m46,0
OPENJPA-1583,TRUE,FALSE,Major,96696971,1119d04h16m11,1
OPENJPA-1580,TRUE,FALSE,Major,168260,01d22h44m20,0
OPENJPA-2672,FALSE,FALSE,Major,2346963,27d03h56m03,1
OPENJPA-1425,FALSE,FALSE,Major,3352427,38d19h13m47,0
OPENJPA-1424,TRUE,FALSE,Major,12444840,144d00h54m00,0
OPENJPA-2770,FALSE,FALSE,Major,35511,00d09h51m51,0
OPENJPA-2771,FALSE,FALSE,Major,6521,00d01h48m41,0
OPENJPA-2772,FALSE,FALSE,Major,1997,00d00h33m17,0
OPENJPA-1344,TRUE,FALSE,Minor,71376,00d19h49m36,0
OPENJPA-278,TRUE,FALSE,Major,76,00d00h01m16,0
OPENJPA-1341,TRUE,FALSE,Major,972476,11d06h07m56,0
OPENJPA-1343,FALSE,FALSE,Minor,56024800,648d10h26m40,0
OPENJPA-274,TRUE,FALSE,Major,411949,04d18h25m49,0
OPENJPA-1349,TRUE,FALSE,Major,2368,00d00h39m28,0
OPENJPA-272,TRUE,FALSE,Major,3215210,37d05h06m50,0
OPENJPA-1605,FALSE,FALSE,Major,1310149,15d03h55m49,0
OPENJPA-1604,TRUE,TRUE,Major,939392,10d20h56m32,0
OPENJPA-121,TRUE,FALSE,Minor,2935313,33d23h21m53,0
OPENJPA-1568,FALSE,FALSE,Trivial,301810,03d11h50m10,0
OPENJPA-1569,FALSE,FALSE,Minor,97168524,1124d15h15m24,1
OPENJPA-795,FALSE,FALSE,Critical,1044899,12d02h14m59,0
OPENJPA-1602,TRUE,FALSE,Critical,771715,08d22h21m55,0
OPENJPA-1565,TRUE,FALSE,Major,940764,10d21h19m24,1
OPENJPA-799,FALSE,FALSE,Critical,1666243,19d06h50m43,0
OPENJPA-798,FALSE,FALSE,Critical,7738886,89d13h41m26,0
OPENJPA-1609,FALSE,FALSE,Major,510168,05d21h42m48,0
OPENJPA-1608,FALSE,FALSE,Major,340462,03d22h34m22,0
OPENJPA-1562,FALSE,FALSE,Minor,1122070,12d23h41m10,1
OPENJPA-2011,FALSE,FALSE,Major,4231571,48d23h26m11,0
OPENJPA-2010,TRUE,FALSE,Major,4229978,48d22h59m38,1
OPENJPA-2013,FALSE,FALSE,Critical,29151,00d08h05m51,0
OPENJPA-405,FALSE,FALSE,Minor,4022,00d01h07m02,0
OPENJPA-2018,TRUE,FALSE,Major,74828438,866d01h40m38,0
OPENJPA-409,FALSE,FALSE,Major,1076,00d00h17m56,0
OPENJPA-150,FALSE,FALSE,Major,442791,05d02h59m51,0
OPENJPA-75,TRUE,FALSE,Minor,54780420,634d00h47m00,0
OPENJPA-446,TRUE,FALSE,Major,74661,00d20h44m21,0
OPENJPA-1692,TRUE,FALSE,Major,10606712,122d18h18m32,1
OPENJPA-1518,FALSE,FALSE,Major,1702188,19d16h49m48,0
OPENJPA-1690,FALSE,FALSE,Minor,24760,00d06h52m40,0
OPENJPA-1691,TRUE,FALSE,Major,35600879,412d01h07m59,1
OPENJPA-1696,TRUE,FALSE,Major,3679086,42d13h58m06,0
OPENJPA-1697,TRUE,FALSE,Major,879520,10d04h18m40,0
OPENJPA-1049,TRUE,FALSE,Major,10979179,127d01h46m19,0
OPENJPA-1695,FALSE,FALSE,Minor,333746,03d20h42m26,0
OPENJPA-1168,FALSE,FALSE,Major,503852,05d19h57m32,0
OPENJPA-1510,FALSE,FALSE,Minor,4386477,50d18h27m57,0
OPENJPA-1515,FALSE,FALSE,Major,7398,00d02h03m18,0
OPENJPA-113,TRUE,FALSE,Minor,23558777,272d16h06m17,0
OPENJPA-1041,TRUE,FALSE,Major,1371521,15d20h58m41,0
OPENJPA-115,TRUE,FALSE,Critical,272216,03d03h36m56,0
OPENJPA-2515,FALSE,FALSE,Major,69391,00d19h16m31,0
OPENJPA-2517,FALSE,FALSE,Major,39268913,454d12h01m53,0
OPENJPA-2267,FALSE,FALSE,Minor,153449,01d18h37m29,0
OPENJPA-2260,TRUE,FALSE,Major,256936,02d23h22m16,0
OPENJPA-2261,TRUE,FALSE,Major,253369,02d22h22m49,0
OPENJPA-700,FALSE,FALSE,Trivial,620,00d00h10m20,0
OPENJPA-2304,FALSE,FALSE,Major,2602964,30d03h02m44,0
OPENJPA-702,FALSE,FALSE,Minor,16605,00d04h36m45,0
OPENJPA-2300,FALSE,FALSE,Minor,118018808,1365d23h00m08,0
OPENJPA-2269,TRUE,FALSE,Major,1012864,11d17h21m04,0
OPENJPA-498,FALSE,FALSE,Major,237536,02d17h58m56,0
OPENJPA-2065,FALSE,FALSE,Major,946330,10d22h52m10,0
OPENJPA-2066,TRUE,FALSE,Minor,1004316,11d14h58m36,0
OPENJPA-2067,FALSE,FALSE,Minor,18738845,216d21h14m05,0
OPENJPA-2060,FALSE,FALSE,Major,93123945,1077d19h45m45,1
OPENJPA-999,FALSE,FALSE,Major,1154,00d00h19m14,0
OPENJPA-2069,FALSE,FALSE,Major,843106,09d18h11m46,0
OPENJPA-497,TRUE,FALSE,Minor,17041736,197d05h48m56,0
OPENJPA-1768,TRUE,TRUE,Critical,27479437,318d01h10m37,0
OPENJPA-1769,TRUE,FALSE,Minor,2244,00d00h37m24,0
OPENJPA-1765,TRUE,FALSE,Major,2777739,32d03h35m39,0
OPENJPA-1762,TRUE,FALSE,Major,8112058,93d21h20m58,0
OPENJPA-2124,FALSE,FALSE,Major,71739,00d19h55m39,0
OPENJPA-1837,TRUE,FALSE,Major,431005,04d23h43m25,0
OPENJPA-1835,TRUE,FALSE,Minor,356101,04d02h55m01,0
OPENJPA-1832,FALSE,FALSE,Major,2568,00d00h42m48,0
OPENJPA-1830,TRUE,TRUE,Major,13286,00d03h41m26,0
OPENJPA-1831,FALSE,FALSE,Major,245176,02d20h06m16,0
OPENJPA-1838,TRUE,FALSE,Major,59,00d00h00m59,0
OPENJPA-2425,FALSE,FALSE,Major,3813000,44d03h10m00,0
OPENJPA-2421,FALSE,FALSE,Major,199885,02d07h31m25,0
OPENJPA-518,FALSE,FALSE,Minor,403037,04d15h57m17,0
OPENJPA-2423,FALSE,FALSE,Critical,6136713,71d00h38m33,0
OPENJPA-1054,TRUE,FALSE,Minor,2520292,29d04h04m52,0
OPENJPA-24,FALSE,FALSE,Major,16548748,191d12h52m28,1
OPENJPA-2582,FALSE,FALSE,Major,2563,00d00h42m43,0
OPENJPA-442,FALSE,FALSE,Major,13652030,158d00h13m50,0
OPENJPA-579,TRUE,FALSE,Major,977717,11d07h35m17,1
OPENJPA-1393,FALSE,FALSE,Major,1101163,12d17h52m43,0
OPENJPA-1392,FALSE,FALSE,Major,1101284,12d17h54m44,0
OPENJPA-1391,FALSE,FALSE,Major,1114186,12d21h29m46,0
OPENJPA-1390,FALSE,FALSE,Major,1123552,13d00h05m52,0
OPENJPA-1397,TRUE,FALSE,Major,2504307,28d23h38m27,0
OPENJPA-1396,FALSE,FALSE,Major,33374,00d09h16m14,0
OPENJPA-203,FALSE,FALSE,Major,10746775,124d09h12m55,0
OPENJPA-202,TRUE,FALSE,Major,152608,01d18h23m28,0
OPENJPA-634,TRUE,FALSE,Major,1856477,21d11h41m17,1
OPENJPA-637,TRUE,FALSE,Major,1203125,13d22h12m05,0
OPENJPA-209,TRUE,FALSE,Major,38425245,444d17h40m45,0
OPENJPA-208,TRUE,FALSE,Major,240041,02d18h40m41,1
OPENJPA-1902,FALSE,FALSE,Major,586,00d00h09m46,0
OPENJPA-1903,FALSE,FALSE,Major,36635000,424d00h23m20,0
OPENJPA-1900,TRUE,FALSE,Major,1479632,17d03h00m32,0
OPENJPA-1901,FALSE,FALSE,Major,37436940,433d07h09m00,0
OPENJPA-1906,FALSE,FALSE,Minor,2667932,30d21h05m32,0
OPENJPA-1904,FALSE,FALSE,Major,172067,01d23h47m47,0
OPENJPA-1905,TRUE,FALSE,Minor,3969995,45d22h46m35,1
OPENJPA-2631,TRUE,FALSE,Major,11506552,133d04h15m52,0
OPENJPA-1091,FALSE,TRUE,Critical,28951881,335d02h11m21,0
OPENJPA-2632,TRUE,FALSE,Major,893764,10d08h16m04,0
OPENJPA-9,TRUE,FALSE,Minor,40039975,463d10h12m55,0
OPENJPA-801,TRUE,FALSE,Critical,756896,08d18h14m56,0
OPENJPA-1097,TRUE,FALSE,Major,26371114,305d05h18m34,1
OPENJPA-1461,FALSE,FALSE,Major,8978,00d02h29m38,0
OPENJPA-1460,TRUE,FALSE,Major,4634839,53d15h27m19,1
OPENJPA-2733,TRUE,FALSE,Major,26919558,311d13h39m18,0
OPENJPA-965,TRUE,FALSE,Major,278834,03d05h27m14,0
OPENJPA-1467,TRUE,FALSE,Major,499,00d00h08m19,0
OPENJPA-1302,TRUE,FALSE,Major,3410,00d00h56m50,0
OPENJPA-1992,TRUE,FALSE,Major,446728,05d04h05m28,0
OPENJPA-331,TRUE,FALSE,Major,13835127,160d03h05m27,0
OPENJPA-2288,FALSE,FALSE,Major,2791576,32d07h26m16,0
OPENJPA-2289,TRUE,FALSE,Major,13896641,160d20h10m41,0
OPENJPA-1260,TRUE,FALSE,Major,1651300,19d02h41m40,0
OPENJPA-2284,FALSE,FALSE,Minor,14414167,166d19h56m07,0
OPENJPA-2286,TRUE,FALSE,Major,122124767,1413d11h32m47,1
OPENJPA-2287,FALSE,FALSE,Critical,77707923,899d09h32m03,0
OPENJPA-2282,FALSE,FALSE,Major,3185588,36d20h53m08,0
OPENJPA-119,TRUE,FALSE,Major,163134,01d21h18m54,0
OPENJPA-230,FALSE,FALSE,Minor,2719713,31d11h28m33,0
OPENJPA-1524,FALSE,FALSE,Major,2687127,31d02h25m27,0
OPENJPA-676,FALSE,FALSE,Major,18008405,208d10h20m05,0
OPENJPA-1527,TRUE,FALSE,Major,117173,01d08h32m53,0
OPENJPA-447,TRUE,FALSE,Major,6820804,78d22h40m04,0
OPENJPA-1486,TRUE,FALSE,Major,3460570,40d01h16m10,0
OPENJPA-1485,TRUE,FALSE,Major,1984260,22d23h11m00,0
OPENJPA-112,TRUE,FALSE,Minor,44146965,510d23h02m45,0
OPENJPA-1483,TRUE,FALSE,Major,1209245,13d23h54m05,0
OPENJPA-1482,TRUE,FALSE,Major,3200871,37d01h07m51,0
OPENJPA-116,FALSE,FALSE,Minor,76567,00d21h16m07,0
OPENJPA-525,TRUE,FALSE,Major,49894890,577d11h41m30,0
OPENJPA-526,TRUE,FALSE,Critical,80845706,935d17h08m26,0
OPENJPA-295,TRUE,FALSE,Major,1215307,14d01h35m07,0
OPENJPA-528,TRUE,FALSE,Major,2048633,23d17h03m53,0
OPENJPA-680,TRUE,FALSE,Minor,49483246,572d17h20m46,0
OPENJPA-685,FALSE,FALSE,Major,3888341,45d00h05m41,0
OPENJPA-1197,FALSE,FALSE,Minor,5374,00d01h29m34,0
OPENJPA-543,FALSE,FALSE,Major,423,00d00h07m03,0
OPENJPA-1995,FALSE,FALSE,Minor,39092,00d10h51m32,0
OPENJPA-1994,FALSE,FALSE,Major,6626,00d01h50m26,0
OPENJPA-1996,FALSE,FALSE,Minor,5341511,61d19h45m11,0
OPENJPA-629,FALSE,FALSE,Major,3900,00d01h05m00,1
OPENJPA-2123,TRUE,FALSE,Major,21077255,243d22h47m35,0
OPENJPA-2122,FALSE,FALSE,Major,779,00d00h12m59,0
OPENJPA-547,TRUE,FALSE,Major,1223038,14d03h43m58,0
OPENJPA-2646,TRUE,FALSE,Major,59807236,692d05h07m16,0
OPENJPA-628,TRUE,FALSE,Critical,4930774,57d01h39m34,0
OPENJPA-2640,FALSE,FALSE,Major,2654931,30d17h28m51,0
OPENJPA-896,FALSE,FALSE,Trivial,4000638,46d07h17m18,0
OPENJPA-1001,TRUE,FALSE,Major,27573101,319d03h11m41,0
OPENJPA-67,FALSE,FALSE,Major,250780,02d21h39m40,0
OPENJPA-1410,TRUE,FALSE,Critical,9484089,109d18h28m09,0
OPENJPA-61,FALSE,FALSE,Major,23432213,271d04h56m53,0
OPENJPA-1413,FALSE,FALSE,Major,1997,00d00h33m17,0
OPENJPA-890,FALSE,FALSE,Trivial,15289516,176d23h05m16,0
OPENJPA-898,FALSE,FALSE,Major,2166654,25d01h50m54,1
OPENJPA-1968,FALSE,FALSE,Major,621904,07d04h45m04,0
OPENJPA-843,TRUE,FALSE,Minor,1826831,21d03h27m11,0
OPENJPA-1737,FALSE,FALSE,Major,24226,00d06h43m46,0
OPENJPA-1736,TRUE,FALSE,Major,2696183,31d04h56m23,0
OPENJPA-1634,TRUE,FALSE,Major,1049838,12d03h37m18,0
OPENJPA-1004,TRUE,FALSE,Major,273680,03d04h01m20,0
OPENJPA-1630,FALSE,FALSE,Major,162567,01d21h09m27,0
OPENJPA-1738,TRUE,FALSE,Major,249154,02d21h12m34,0
OPENJPA-1701,FALSE,FALSE,Major,777565,08d23h59m25,0
OPENJPA-2341,TRUE,FALSE,Blocker,82136282,950d15h38m02,0
OPENJPA-745,TRUE,FALSE,Minor,781092,09d00h58m12,0
OPENJPA-2343,TRUE,FALSE,Major,19899285,230d07h34m45,0
OPENJPA-740,TRUE,FALSE,Blocker,44667279,516d23h34m39,0
OPENJPA-1702,TRUE,FALSE,Minor,114815781,1328d21h16m21,0
OPENJPA-2022,FALSE,FALSE,Major,83641437,968d01h43m57,0
OPENJPA-2025,TRUE,FALSE,Major,530082,06d03h14m42,0
OPENJPA-2027,TRUE,TRUE,Major,4842,00d01h20m42,0
OPENJPA-2378,TRUE,FALSE,Major,7958242,92d02h37m22,0
OPENJPA-845,TRUE,FALSE,Major,5608112,64d21h48m32,0
OPENJPA-595,FALSE,FALSE,Major,9074,00d02h31m14,0
OPENJPA-594,FALSE,FALSE,Major,21659,00d06h00m59,0
OPENJPA-597,FALSE,FALSE,Major,669096,07d17h51m36,0
OPENJPA-1581,FALSE,FALSE,Minor,356204,04d02h56m44,0
OPENJPA-590,TRUE,FALSE,Major,137753,01d14h15m53,0
OPENJPA-1648,TRUE,FALSE,Major,21865446,253d01h44m06,0
OPENJPA-1139,FALSE,FALSE,Trivial,2922,00d00h48m42,0
OPENJPA-14,FALSE,FALSE,Major,693431,08d00h37m11,0
OPENJPA-1641,FALSE,FALSE,Minor,4152753,48d01h32m33,0
OPENJPA-1135,TRUE,FALSE,Major,7777418,90d00h23m38,0
OPENJPA-1133,TRUE,FALSE,Major,483336,05d14h15m36,0
OPENJPA-1644,FALSE,FALSE,Major,93003867,1076d10h24m27,1
OPENJPA-1646,FALSE,FALSE,Major,618,00d00h10m18,0
OPENJPA-2780,TRUE,FALSE,Minor,306234,03d13h03m54,0
OPENJPA-542,TRUE,FALSE,Major,1940,00d00h32m20,0
OPENJPA-2785,TRUE,FALSE,Major,20703,00d05h45m03,0
OPENJPA-617,TRUE,FALSE,Major,9092,00d02h31m32,0
OPENJPA-2463,FALSE,FALSE,Minor,1075872,12d10h51m12,0
OPENJPA-2467,TRUE,FALSE,Major,4058774,46d23h26m14,1
OPENJPA-2547,TRUE,FALSE,Critical,4341072,50d05h51m12,0
OPENJPA-993,FALSE,FALSE,Minor,23860284,276d03h51m24,0
OPENJPA-2238,FALSE,FALSE,Minor,3250,00d00h54m10,0
OPENJPA-2235,TRUE,FALSE,Major,22896554,265d00h09m14,0
OPENJPA-2234,TRUE,FALSE,Major,7730807,89d11h26m47,1
OPENJPA-2236,FALSE,FALSE,Major,22893034,264d23h10m34,1
OPENJPA-2230,TRUE,FALSE,Major,3521897,40d18h18m17,0
OPENJPA-2233,TRUE,TRUE,Major,44708035,517d10h53m55,1
OPENJPA-2335,FALSE,FALSE,Blocker,23447661,271d09h14m21,1
OPENJPA-2336,FALSE,FALSE,Major,3171160,36d16h52m40,0
OPENJPA-2330,TRUE,FALSE,Critical,23439606,271d07h00m06,1
OPENJPA-731,TRUE,FALSE,Major,553523,06d09h45m23,0
OPENJPA-732,TRUE,TRUE,Major,3107691,35d23h14m51,1
OPENJPA-540,TRUE,FALSE,Major,448322,05d04h32m02,0
OPENJPA-1618,FALSE,FALSE,Major,11373,00d03h09m33,0
OPENJPA-1944,TRUE,FALSE,Major,2788249,32d06h30m49,1
OPENJPA-1943,TRUE,FALSE,Major,81469,00d22h37m49,0
OPENJPA-1940,TRUE,FALSE,Major,438770,05d01h52m50,0
OPENJPA-1867,TRUE,FALSE,Major,2381,00d00h39m41,0
OPENJPA-1866,FALSE,FALSE,Major,1556275,18d00h17m55,0
OPENJPA-1631,FALSE,FALSE,Major,161573,01d20h52m53,0
OPENJPA-970,FALSE,FALSE,Major,621483,07d04h38m03,0
OPENJPA-925,TRUE,FALSE,Major,127870,01d11h31m10,1
OPENJPA-927,FALSE,TRUE,Minor,1389695,16d02h01m35,0
OPENJPA-922,TRUE,FALSE,Major,206342569,2388d05h22m49,1
OPENJPA-1221,FALSE,FALSE,Major,1193430,13d19h30m30,0
OPENJPA-1227,TRUE,FALSE,Major,3454275,39d23h31m15,0
OPENJPA-1226,FALSE,FALSE,Major,116192709,1344d19h45m09,1
OPENJPA-1224,TRUE,FALSE,Major,12148889,140d14h41m29,0
OPENJPA-271,TRUE,FALSE,Major,3375825,39d01h43m45,0
OPENJPA-1125,FALSE,FALSE,Major,426378,04d22h26m18,0
OPENJPA-792,TRUE,FALSE,Major,1125464,13d00h37m44,0
OPENJPA-565,TRUE,FALSE,Minor,212804,02d11h06m44,0
OPENJPA-567,FALSE,FALSE,Minor,1514351,17d12h39m11,0
OPENJPA-562,TRUE,FALSE,Major,3659,00d01h00m59,0
OPENJPA-645,FALSE,FALSE,Minor,1285,00d00h21m25,0
OPENJPA-644,FALSE,FALSE,Major,1101,00d00h18m21,0
OPENJPA-647,TRUE,FALSE,Major,177426,02d01h17m06,0
OPENJPA-646,FALSE,FALSE,Major,6319826,73d03h30m26,0
OPENJPA-386,TRUE,FALSE,Major,60500506,700d05h41m46,0
OPENJPA-392,FALSE,FALSE,Major,18141235,209d23h13m55,0
OPENJPA-642,FALSE,FALSE,Major,83027,00d23h03m47,0
OPENJPA-2161,FALSE,FALSE,Major,3287282,38d01h08m02,0
OPENJPA-2163,TRUE,FALSE,Major,409522,04d17h45m22,0
OPENJPA-399,TRUE,FALSE,Major,5502110,63d16h21m50,0
OPENJPA-1458,FALSE,FALSE,Major,4747853,54d22h50m53,0
OPENJPA-2601,TRUE,FALSE,Major,61533,00d17h05m33,0
OPENJPA-22,FALSE,FALSE,Major,17715843,205d01h04m03,0
OPENJPA-853,FALSE,FALSE,Major,88958,01d00h42m38,0
OPENJPA-1894,FALSE,FALSE,Major,725,00d00h12m05,0
OPENJPA-2605,TRUE,FALSE,Major,7777239,90d00h20m39,0
OPENJPA-1896,TRUE,FALSE,Major,4167524,48d05h38m44,0
OPENJPA-2768,FALSE,FALSE,Major,3643,00d01h00m43,0
OPENJPA-1599,TRUE,FALSE,Major,1447985,16d18h13m05,0
OPENJPA-2609,FALSE,FALSE,Critical,1138474,13d04h14m34,0
OPENJPA-1452,FALSE,FALSE,Major,516639,05d23h30m39,0
OPENJPA-2764,TRUE,FALSE,Major,92,00d00h01m32,0
OPENJPA-1455,FALSE,FALSE,Major,6400555,74d01h55m55,0
OPENJPA-2761,FALSE,FALSE,Blocker,3265790,37d19h09m50,0
OPENJPA-241,TRUE,FALSE,Major,37171188,430d05h19m48,0
OPENJPA-1810,FALSE,FALSE,Major,3817466,44d04h24m26,0
OPENJPA-1355,FALSE,FALSE,Blocker,1949322,22d13h28m42,0
OPENJPA-369,TRUE,FALSE,Major,2685552,31d01h59m12,0
OPENJPA-245,TRUE,FALSE,Major,21314415,246d16h40m15,1
OPENJPA-1352,TRUE,FALSE,Major,117449,01d08h37m29,0
OPENJPA-1351,FALSE,FALSE,Major,143566,01d15h52m46,0
OPENJPA-1350,TRUE,FALSE,Major,11596157,134d05h09m17,0
OPENJPA-363,FALSE,FALSE,Minor,1856,00d00h30m56,0
OPENJPA-1294,FALSE,FALSE,Major,5301543,61d08h39m03,1
OPENJPA-361,FALSE,FALSE,Trivial,170631,01d23h23m51,0
OPENJPA-366,FALSE,FALSE,Major,12133098,140d10h18m18,0
OPENJPA-1293,TRUE,FALSE,Minor,11325057,131d01h50m57,0
OPENJPA-364,FALSE,FALSE,Major,19851970,229d18h26m10,0
OPENJPA-365,FALSE,FALSE,Major,26618495,308d02h01m35,0
OPENJPA-1670,TRUE,FALSE,Major,10416,00d02h53m36,0
OPENJPA-1676,FALSE,FALSE,Major,3713221,42d23h27m01,0
OPENJPA-1578,TRUE,FALSE,Major,532011,06d03h46m51,0
OPENJPA-1678,TRUE,TRUE,Major,3731305,43d04h28m25,0
OPENJPA-1814,TRUE,FALSE,Major,9521788,110d04h56m28,0
OPENJPA-1575,TRUE,FALSE,Major,4749,00d01h19m09,0
OPENJPA-1573,TRUE,FALSE,Major,57850,00d16h04m10,0
OPENJPA-1570,TRUE,FALSE,Major,281188,03d06h06m28,0
OPENJPA-410,FALSE,FALSE,Minor,888557,10d06h49m17,0
OPENJPA-143,TRUE,FALSE,Major,15911644,184d03h54m04,0
OPENJPA-413,TRUE,FALSE,Minor,604715,06d23h58m35,0
OPENJPA-146,FALSE,FALSE,Major,534909,06d04h35m09,1
OPENJPA-415,FALSE,FALSE,Major,165471,01d21h57m51,0
OPENJPA-416,TRUE,FALSE,Minor,127,00d00h02m07,0
OPENJPA-419,TRUE,FALSE,Major,8776533,101d13h55m33,1
OPENJPA-148,FALSE,FALSE,Minor,8361801,96d18h43m21,1
OPENJPA-403,TRUE,FALSE,Blocker,243920,02d19h45m20,0
OPENJPA-662,FALSE,FALSE,Minor,500665,05d19h04m25,0
OPENJPA-2767,TRUE,FALSE,Minor,14265469,165d02h37m49,0
OPENJPA-2118,TRUE,FALSE,Major,10467291,121d03h34m51,0
OPENJPA-2119,FALSE,FALSE,Major,612954,07d02h15m54,0
OPENJPA-402,FALSE,FALSE,Major,222117,02d13h41m57,0
OPENJPA-1685,FALSE,FALSE,Major,91357,01d01h22m37,0
OPENJPA-2117,FALSE,FALSE,Major,38024973,440d02h29m33,1
OPENJPA-2110,TRUE,FALSE,Major,7321065,84d17h37m45,0
OPENJPA-401,FALSE,FALSE,Minor,10035162,116d03h32m42,1
OPENJPA-1683,FALSE,FALSE,Major,19115007,221d05h43m27,0
OPENJPA-1682,TRUE,FALSE,Major,69487473,804d06h04m33,1
OPENJPA-1174,TRUE,FALSE,Major,3960168,45d20h02m48,1
OPENJPA-1072,TRUE,FALSE,Major,80928,00d22h28m48,0
OPENJPA-1588,TRUE,FALSE,Major,5645,00d01h34m05,0
OPENJPA-1070,FALSE,FALSE,Minor,196604,02d06h36m44,0
OPENJPA-1074,TRUE,TRUE,Critical,27511448,318d10h04m08,0
OPENJPA-2508,TRUE,FALSE,Major,10040384,116d04h59m44,0
OPENJPA-596,TRUE,FALSE,Major,1190497,13d18h41m37,0
OPENJPA-1704,TRUE,FALSE,Major,2440665,28d05h57m45,0
OPENJPA-2502,TRUE,FALSE,Major,11756800,136d01h46m40,0
OPENJPA-2507,FALSE,FALSE,Minor,3698285,42d19h18m05,0
OPENJPA-2506,TRUE,FALSE,Major,2162130,25d00h35m30,0
OPENJPA-2505,TRUE,FALSE,Major,11232112,130d00h01m52,0
OPENJPA-2271,FALSE,FALSE,Minor,15626,00d04h20m26,0
OPENJPA-439,FALSE,FALSE,Major,234858,02d17h14m18,0
OPENJPA-154,FALSE,FALSE,Minor,1341,00d00h22m21,0
OPENJPA-2374,FALSE,FALSE,Minor,24909556,288d07h19m16,0
OPENJPA-157,TRUE,FALSE,Major,1122,00d00h18m42,0
OPENJPA-733,FALSE,FALSE,Major,951025,11d00h10m25,0
OPENJPA-2377,FALSE,FALSE,Major,1663951,19d06h12m31,0
OPENJPA-2077,FALSE,FALSE,Major,444595,05d03h29m55,0
OPENJPA-2076,FALSE,FALSE,Minor,7002754,81d01h12m34,1
OPENJPA-2073,TRUE,FALSE,Major,121350,01d09h42m30,0
OPENJPA-2072,TRUE,FALSE,Major,17745893,205d09h24m53,0
OPENJPA-2071,FALSE,FALSE,Major,71890,00d19h58m10,0
OPENJPA-2070,FALSE,FALSE,Major,339522,03d22h18m42,0
OPENJPA-2321,FALSE,FALSE,Major,169,00d00h02m49,0
OPENJPA-1770,TRUE,TRUE,Major,25684,00d07h08m04,0
OPENJPA-1828,TRUE,FALSE,Major,1075483,12d10h44m43,0
OPENJPA-1558,TRUE,FALSE,Major,108894,01d06h14m54,0
OPENJPA-2437,TRUE,TRUE,Major,1525717,17d15h48m37,0
OPENJPA-2435,TRUE,FALSE,Major,828314,09d14h05m14,0
OPENJPA-2432,FALSE,FALSE,Major,14549,00d04h02m29,0
OPENJPA-2204,FALSE,FALSE,Major,390960,04d12h36m00,0
OPENJPA-1132,TRUE,FALSE,Major,248960,02d21h09m20,0
OPENJPA-397,FALSE,FALSE,Minor,7247,00d02h00m47,0
OPENJPA-530,TRUE,FALSE,Major,355853,04d02h50m53,0
OPENJPA-288,FALSE,FALSE,Minor,15446,00d04h17m26,0
OPENJPA-353,FALSE,FALSE,Minor,1014169,11d17h42m49,0
OPENJPA-602,TRUE,FALSE,Minor,3134109,36d06h35m09,0
OPENJPA-605,TRUE,FALSE,Major,45456,00d12h37m36,0
OPENJPA-356,TRUE,FALSE,Major,43,00d00h00m43,0
OPENJPA-607,TRUE,FALSE,Major,32090,00d08h54m50,0
OPENJPA-606,TRUE,FALSE,Major,1275020,14d18h10m20,0
OPENJPA-1915,FALSE,FALSE,Major,1748,00d00h29m08,0
OPENJPA-359,TRUE,FALSE,Minor,14816988,171d11h49m48,0
OPENJPA-358,TRUE,FALSE,Major,1107588,12d19h39m48,0
OPENJPA-1911,TRUE,FALSE,Major,3722984,43d02h09m44,1
OPENJPA-1910,FALSE,FALSE,Major,787151,09d02h39m11,0
OPENJPA-1912,TRUE,FALSE,Critical,3738283,43d06h24m43,0
OPENJPA-622,TRUE,FALSE,Major,804,00d00h13m24,0
OPENJPA-1295,TRUE,FALSE,Major,387,00d00h06m27,0
OPENJPA-437,TRUE,FALSE,Major,6766148,78d07h29m08,1
OPENJPA-1857,TRUE,FALSE,Minor,16870,00d04h41m10,0
OPENJPA-818,FALSE,FALSE,Major,176,00d00h02m56,0
OPENJPA-819,TRUE,FALSE,Minor,859368,09d22h42m48,0
OPENJPA-1853,FALSE,FALSE,Critical,876765,10d03h32m45,0
OPENJPA-815,TRUE,FALSE,Major,12778,00d03h32m58,0
OPENJPA-811,TRUE,FALSE,Major,8977006,103d21h36m46,1
OPENJPA-812,FALSE,FALSE,Critical,493095,05d16h58m15,0
OPENJPA-90,FALSE,FALSE,Major,25049,00d06h57m29,0
OPENJPA-955,TRUE,FALSE,Major,112593,01d07h16m33,0
OPENJPA-951,FALSE,FALSE,Minor,2401667,27d19h07m47,0
OPENJPA-2725,FALSE,FALSE,Minor,6812,00d01h53m32,0
OPENJPA-2482,FALSE,FALSE,Major,8381112,97d00h05m12,0
OPENJPA-462,TRUE,FALSE,Major,19222861,222d11h41m01,0
OPENJPA-326,FALSE,FALSE,Major,2894293,33d11h58m13,0
OPENJPA-1253,TRUE,FALSE,Major,3459846,40d01h04m06,0
OPENJPA-1250,FALSE,FALSE,Major,7741,00d02h09m01,0
OPENJPA-1163,TRUE,FALSE,Major,2266514,26d05h35m14,0
OPENJPA-1256,TRUE,FALSE,Major,77008,00d21h23m28,0
OPENJPA-323,FALSE,FALSE,Minor,2714,00d00h45m14,0
OPENJPA-320,FALSE,FALSE,Major,57679,00d16h01m19,0
OPENJPA-2298,FALSE,FALSE,Critical,12519058,144d21h30m58,0
OPENJPA-118,TRUE,FALSE,Major,22903,00d06h21m43,0
OPENJPA-329,TRUE,FALSE,Major,13917057,161d01h50m57,0
OPENJPA-1533,FALSE,FALSE,Major,7820,00d02h10m20,0
OPENJPA-458,TRUE,TRUE,Critical,19457392,225d04h49m52,0
OPENJPA-1536,TRUE,FALSE,Major,22348,00d06h12m28,0
OPENJPA-1535,TRUE,FALSE,Major,71801,00d19h56m41,0
OPENJPA-455,FALSE,FALSE,Major,5467578,63d06h46m18,1
OPENJPA-456,FALSE,FALSE,Major,12318533,142d13h48m53,0
OPENJPA-1538,TRUE,FALSE,Minor,86232,00d23h57m12,0
OPENJPA-102,TRUE,FALSE,Major,65388,00d18h09m48,0
OPENJPA-103,FALSE,FALSE,Major,20492,00d05h41m32,0
OPENJPA-452,FALSE,FALSE,Major,3218437,37d06h00m37,0
OPENJPA-516,FALSE,FALSE,Major,2714,00d00h45m14,0
OPENJPA-511,FALSE,FALSE,Major,126354,01d11h05m54,0
OPENJPA-698,TRUE,FALSE,Minor,253273,02d22h21m13,0
OPENJPA-699,FALSE,FALSE,Major,429758,04d23h22m38,0
OPENJPA-696,FALSE,FALSE,Major,154090221,1783d10h50m21,0
OPENJPA-697,TRUE,FALSE,Major,33353928,386d00h58m48,1
OPENJPA-695,FALSE,FALSE,Major,1990147,23d00h49m07,0
OPENJPA-692,TRUE,FALSE,Major,1363977,15d18h52m57,0
OPENJPA-693,TRUE,FALSE,Major,1085497,12d13h31m37,0
OPENJPA-389,FALSE,FALSE,Major,12725,00d03h32m05,0
OPENJPA-2153,TRUE,FALSE,Major,231685,02d16h21m25,0
OPENJPA-2154,FALSE,FALSE,Minor,33483,00d09h18m03,0
OPENJPA-2156,FALSE,FALSE,Major,319,00d00h05m19,0
OPENJPA-2658,FALSE,FALSE,Major,89087,01d00h44m47,0
OPENJPA-2158,TRUE,FALSE,Major,605,00d00h10m05,0
OPENJPA-71,TRUE,FALSE,Major,11089700,128d08h28m20,0
OPENJPA-70,TRUE,FALSE,Minor,957,00d00h15m57,0
OPENJPA-77,FALSE,FALSE,Major,4310851,49d21h27m31,0
OPENJPA-76,FALSE,FALSE,Major,12396,00d03h26m36,0
OPENJPA-2651,TRUE,FALSE,Critical,594305,06d21h05m05,0
OPENJPA-2650,TRUE,FALSE,Minor,2950999,34d03h43m19,1
OPENJPA-1406,FALSE,FALSE,Major,9612511,111d06h08m31,0
OPENJPA-218,FALSE,FALSE,Major,61882159,716d05h29m19,0
OPENJPA-219,TRUE,FALSE,Major,615995,07d03h06m35,0
OPENJPA-1401,TRUE,FALSE,Major,1968729,22d18h52m09,0
OPENJPA-1983,TRUE,TRUE,Major,79752623,923d01h30m23,1
OPENJPA-199,TRUE,FALSE,Major,7594698,87d21h38m18,0
OPENJPA-210,TRUE,FALSE,Major,39884778,461d15h06m18,0
OPENJPA-1409,TRUE,FALSE,Major,4137404,47d21h16m44,0
OPENJPA-2542,TRUE,FALSE,Major,2503254,28d23h20m54,0
OPENJPA-1740,TRUE,FALSE,Major,170304,01d23h18m24,0
OPENJPA-1742,TRUE,FALSE,Major,164421,01d21h40m21,0
OPENJPA-1981,FALSE,FALSE,Major,447954,05d04h25m54,0
OPENJPA-15,FALSE,FALSE,Major,1193221,13d19h27m01,0
OPENJPA-1746,TRUE,FALSE,Minor,36702180,424d19h03m00,0
OPENJPA-222,TRUE,FALSE,Major,9610098,111d05h28m18,0
OPENJPA-1627,FALSE,FALSE,Major,23804413,275d12h20m13,0
OPENJPA-1986,TRUE,FALSE,Major,9479,00d02h37m59,0
OPENJPA-1625,FALSE,FALSE,Major,22776,00d06h19m36,0
OPENJPA-774,FALSE,FALSE,Major,40564891,469d12h01m31,0
OPENJPA-777,TRUE,FALSE,Major,2386991,27d15h03m11,0
OPENJPA-142,TRUE,FALSE,Major,2171804,25d03h16m44,0
OPENJPA-2039,TRUE,FALSE,Major,507788,05d21h03m08,1
OPENJPA-2038,FALSE,FALSE,Minor,15777,00d04h22m57,0
OPENJPA-173,FALSE,FALSE,Major,4309589,49d21h06m29,0
OPENJPA-1156,TRUE,FALSE,Major,1590486,18d09h48m06,0
OPENJPA-2036,FALSE,FALSE,Major,63724,00d17h42m04,0
OPENJPA-175,TRUE,FALSE,Major,348307,04d00h45m07,0
OPENJPA-2034,TRUE,FALSE,Major,46053,00d12h47m33,0
OPENJPA-580,TRUE,FALSE,Minor,17006074,196d19h54m34,0
OPENJPA-581,TRUE,FALSE,Major,4880857,56d11h47m37,0
OPENJPA-586,TRUE,FALSE,Major,3369062,38d23h51m02,0
OPENJPA-587,TRUE,FALSE,Major,35872,00d09h57m52,0
OPENJPA-585,TRUE,FALSE,Major,116240,01d08h17m20,0
OPENJPA-588,TRUE,FALSE,Major,26690,00d07h24m50,0
OPENJPA-589,TRUE,FALSE,Major,751243,08d16h40m43,1
OPENJPA-1100,TRUE,FALSE,Major,8425667,97d12h27m47,0
OPENJPA-229,TRUE,FALSE,Major,124636,01d10h37m16,0
OPENJPA-1993,TRUE,FALSE,Major,229826055,2660d00h34m15,1
OPENJPA-2478,FALSE,FALSE,Minor,7083661,81d23h41m01,0
OPENJPA-1028,TRUE,FALSE,Major,264682,03d01h31m22,0
OPENJPA-2472,FALSE,FALSE,Major,63492540,734d20h49m00,1
OPENJPA-2470,FALSE,FALSE,Critical,54939578,635d20h59m38,1
OPENJPA-1743,FALSE,FALSE,Major,7147288,82d17h21m28,0
OPENJPA-2476,TRUE,FALSE,Minor,7516678,86d23h57m58,0
OPENJPA-2475,TRUE,FALSE,Minor,8205798,94d23h23m18,0
OPENJPA-552,FALSE,FALSE,Major,178779,02d01h39m39,0
OPENJPA-2571,TRUE,FALSE,Critical,5851068,67d17h17m48,0
OPENJPA-2576,FALSE,FALSE,Major,832492,09d15h14m52,0
OPENJPA-2240,FALSE,FALSE,Critical,22397459,259d05h30m59,0
OPENJPA-2244,TRUE,FALSE,Major,21748903,251d17h21m43,0
OPENJPA-2245,TRUE,FALSE,Major,127721770,1478d06h16m10,1
OPENJPA-2247,TRUE,FALSE,Major,5798894,67d02h48m14,1
OPENJPA-2326,FALSE,FALSE,Major,6707358,77d15h09m18,0
OPENJPA-2325,TRUE,FALSE,Major,2306,00d00h38m26,0
OPENJPA-1184,TRUE,FALSE,Major,4594394,53d04h13m14,0
OPENJPA-2088,FALSE,FALSE,Major,14753,00d04h05m53,0
OPENJPA-2320,FALSE,FALSE,Major,239884,02d18h38m04,0
OPENJPA-1185,TRUE,FALSE,Major,17392882,201d07h21m22,0
OPENJPA-2083,FALSE,FALSE,Minor,3021619,34d23h20m19,0
OPENJPA-2328,TRUE,FALSE,Blocker,1692642,19d14h10m42,0
OPENJPA-387,FALSE,FALSE,Major,332507,03d20h21m47,0
OPENJPA-181,TRUE,FALSE,Major,100739,01d03h58m59,0
OPENJPA-1818,FALSE,FALSE,Major,9116613,105d12h23m33,0
OPENJPA-2689,FALSE,FALSE,Major,252421,02d22h07m01,0
OPENJPA-619,FALSE,FALSE,Trivial,4829621,55d21h33m41,0
OPENJPA-1596,TRUE,FALSE,Major,3012,00d00h50m12,0
OPENJPA-1954,TRUE,FALSE,Major,82966266,960d06h11m06,1
OPENJPA-1957,TRUE,TRUE,Minor,81439,00d22h37m19,0
OPENJPA-1959,FALSE,FALSE,Major,710,00d00h11m50,0
OPENJPA-1958,FALSE,FALSE,Major,9330,00d02h35m30,0
OPENJPA-2684,FALSE,FALSE,Major,591,00d00h09m51,0
OPENJPA-913,FALSE,FALSE,Major,3033955,35d02h45m55,0
OPENJPA-912,FALSE,FALSE,Major,1351048,15d15h17m28,1
OPENJPA-917,TRUE,FALSE,Major,187749,02d04h09m09,0
OPENJPA-916,FALSE,FALSE,Minor,1732856,20d01h20m56,1
OPENJPA-357,TRUE,FALSE,Major,1107894,12d19h44m54,0
OPENJPA-1918,TRUE,FALSE,Major,28814,00d08h00m14,0
OPENJPA-1269,TRUE,FALSE,Major,252,00d00h04m12,0
OPENJPA-355,FALSE,FALSE,Minor,37811,00d10h30m11,0
OPENJPA-1211,TRUE,FALSE,Major,113181,01d07h26m21,0
OPENJPA-1928,TRUE,FALSE,Minor,5251233,60d18h40m33,0
OPENJPA-933,FALSE,FALSE,Minor,4854922,56d04h35m22,0
OPENJPA-1218,FALSE,FALSE,Major,4195,00d01h09m55,0
OPENJPA-705,FALSE,FALSE,Major,55921,00d15h32m01,0
OPENJPA-60,FALSE,FALSE,Minor,11348053,131d08h14m13,0
OPENJPA-13,TRUE,FALSE,Critical,4404795,50d23h33m15,0
OPENJPA-2390,TRUE,FALSE,Major,2262708,26d04h31m48,0
OPENJPA-2391,FALSE,FALSE,Major,2081774,24d02h16m14,0
OPENJPA-550,FALSE,FALSE,Minor,10567202,122d07h20m02,0
OPENJPA-659,TRUE,FALSE,Major,11800,00d03h16m40,0
OPENJPA-554,FALSE,FALSE,Major,419998,04d20h39m58,0
OPENJPA-557,TRUE,FALSE,Major,22785004,263d17h10m04,0
OPENJPA-864,TRUE,FALSE,Major,141544,01d15h19m04,0
OPENJPA-559,FALSE,FALSE,Major,1328,00d00h22m08,0
OPENJPA-653,FALSE,FALSE,Major,19803,00d05h30m03,0
OPENJPA-650,FALSE,FALSE,Major,6673414,77d05h43m34,0
OPENJPA-228,FALSE,FALSE,Major,8494,00d02h21m34,0
OPENJPA-656,TRUE,FALSE,Minor,67754,00d18h49m14,0
OPENJPA-657,FALSE,FALSE,Major,1253,00d00h20m53,0
OPENJPA-385,TRUE,FALSE,Major,105337,01d05h15m37,0
OPENJPA-2196,FALSE,FALSE,Major,6098351,70d13h59m11,0
OPENJPA-2197,FALSE,FALSE,Major,35265,00d09h47m45,0
OPENJPA-380,FALSE,FALSE,Minor,11149,00d03h05m49,0
OPENJPA-2191,FALSE,FALSE,Trivial,10984,00d03h03m04,0
OPENJPA-382,TRUE,FALSE,Major,108001254,1250d00h20m54,1
OPENJPA-1923,TRUE,FALSE,Minor,1451286,16d19h08m06,0
OPENJPA-2617,TRUE,FALSE,Major,294,00d00h04m54,0
OPENJPA-388,FALSE,FALSE,Minor,2759846,31d22h37m26,0
OPENJPA-2199,TRUE,FALSE,Major,6056430,70d02h20m30,0
OPENJPA-860,FALSE,FALSE,Minor,712379,08d05h52m59,1
OPENJPA-1882,TRUE,FALSE,Major,4342,00d01h12m22,0
OPENJPA-1881,FALSE,FALSE,Minor,98347,01d03h19m07,0
OPENJPA-866,TRUE,FALSE,Major,4171144,48d06h39m04,0
OPENJPA-396,TRUE,FALSE,Major,87316,01d00h15m16,0
OPENJPA-1886,TRUE,FALSE,Major,107715,01d05h55m15,0
OPENJPA-863,TRUE,FALSE,Major,346771,04d00h19m31,0
OPENJPA-1884,TRUE,FALSE,Major,12017816,139d02h16m56,0
OPENJPA-1442,TRUE,FALSE,Major,69948,00d19h25m48,0
OPENJPA-1441,FALSE,FALSE,Major,66901,00d18h35m01,0
OPENJPA-2756,FALSE,FALSE,Major,418,00d00h06m58,0
OPENJPA-1856,TRUE,FALSE,Major,6565196,75d23h39m56,1
OPENJPA-1445,FALSE,FALSE,Major,2276969,26d08h29m29,0
OPENJPA-981,TRUE,FALSE,Major,149971,01d17h39m31,0
OPENJPA-1289,TRUE,FALSE,Major,12082342,139d20h12m22,0
OPENJPA-1360,FALSE,FALSE,Major,11771722,136d05h55m22,0
OPENJPA-1088,FALSE,FALSE,Trivial,24961,00d06h56m01,0
OPENJPA-1367,TRUE,FALSE,Minor,8749811,101d06h30m11,0
OPENJPA-251,TRUE,FALSE,Major,20590393,238d07h33m13,0
OPENJPA-1281,FALSE,FALSE,Major,49611,00d13h46m51,0
OPENJPA-1283,TRUE,FALSE,Major,13254,00d03h40m54,0
OPENJPA-314,TRUE,TRUE,Major,539090,06d05h44m50,0
OPENJPA-313,FALSE,FALSE,Major,488081,05d15h34m41,0
OPENJPA-1284,FALSE,FALSE,Major,2921015,33d19h23m35,0
OPENJPA-258,TRUE,FALSE,Blocker,20094194,232d13h43m14,0
OPENJPA-1286,TRUE,TRUE,Major,517088,05d23h38m08,0
OPENJPA-1749,TRUE,FALSE,Major,28189,00d07h49m49,0
OPENJPA-1662,TRUE,FALSE,Major,21266161,246d03h16m01,0
OPENJPA-1667,FALSE,FALSE,Minor,856925,09d22h02m05,0
OPENJPA-287,TRUE,FALSE,Minor,1968,00d00h32m48,0
OPENJPA-1665,TRUE,FALSE,Major,27209906,314d22h18m26,1
OPENJPA-1542,TRUE,FALSE,Major,64840,00d18h00m40,0
OPENJPA-1543,FALSE,FALSE,Minor,502318,05d19h31m58,0
OPENJPA-1668,FALSE,FALSE,Minor,7531148,87d03h59m08,0
OPENJPA-1546,FALSE,FALSE,Major,12012,00d03h20m12,0
OPENJPA-1547,FALSE,FALSE,Major,607358,07d00h42m38,0
OPENJPA-1544,FALSE,FALSE,Minor,541,00d00h09m01,0
OPENJPA-2757,FALSE,FALSE,Major,1108,00d00h18m28,0
OPENJPA-425,TRUE,FALSE,Major,23906720,276d16h45m20,0
OPENJPA-1394,TRUE,FALSE,Major,115274,01d08h01m14,0
OPENJPA-427,FALSE,FALSE,Blocker,1225094,14d04h18m14,0
OPENJPA-134,TRUE,FALSE,Major,5409550,62d14h39m10,0
OPENJPA-421,FALSE,FALSE,Major,243498,02d19h38m18,0
OPENJPA-420,TRUE,FALSE,Major,8423788,97d11h56m28,0
OPENJPA-423,FALSE,FALSE,Major,93039,01d01h50m39,0
OPENJPA-422,FALSE,FALSE,Major,1747,00d00h29m07,0
OPENJPA-1444,TRUE,FALSE,Major,2289232,26d11h53m52,0
OPENJPA-428,TRUE,FALSE,Minor,150510261,1742d00h24m21,0
OPENJPA-139,FALSE,FALSE,Major,1624633,18d19h17m13,0
OPENJPA-535,FALSE,FALSE,Trivial,13702,00d03h48m22,0
OPENJPA-256,TRUE,FALSE,Major,6318858,73d03h14m18,1
OPENJPA-794,FALSE,FALSE,Critical,2011491,23d06h44m51,0
OPENJPA-2105,FALSE,FALSE,Minor,2430483,28d03h08m03,0
OPENJPA-2104,FALSE,FALSE,Major,64368,00d17h52m48,0
OPENJPA-1142,TRUE,FALSE,Major,21962766,254d04h46m06,0
OPENJPA-2102,FALSE,FALSE,Minor,13423882,155d08h51m22,0
OPENJPA-1141,TRUE,FALSE,Major,17483530,202d08h32m10,0
OPENJPA-42,FALSE,FALSE,Major,262565,03d00h56m05,0
OPENJPA-1067,FALSE,FALSE,Minor,1832883,21d05h08m03,0
OPENJPA-1061,TRUE,TRUE,Major,4783548,55d08h45m48,0
OPENJPA-1060,FALSE,FALSE,Major,66736,00d18h32m16,0
OPENJPA-44,TRUE,FALSE,Minor,59269317,685d23h41m57,0
OPENJPA-2536,TRUE,FALSE,Minor,9176296,106d04h58m16,0
OPENJPA-2534,TRUE,FALSE,Critical,8405931,97d06h58m51,0
OPENJPA-2533,TRUE,FALSE,Critical,9832369,113d19h12m49,0
OPENJPA-1719,TRUE,FALSE,Major,1643930,19d00h38m50,1
OPENJPA-1713,FALSE,FALSE,Major,3477789,40d06h03m09,0
OPENJPA-2539,FALSE,FALSE,Critical,26507498,306d19h11m38,0
OPENJPA-2369,FALSE,FALSE,Minor,25582682,296d02h18m02,0
OPENJPA-727,FALSE,FALSE,Minor,18941,00d05h15m41,0
OPENJPA-724,FALSE,FALSE,Minor,342868,03d23h14m28,0
OPENJPA-315,TRUE,TRUE,Critical,1232538,14d06h22m18,1
OPENJPA-2100,TRUE,FALSE,Major,2662,00d00h44m22,0
OPENJPA-2044,FALSE,FALSE,Trivial,13939496,161d08h04m56,0
OPENJPA-2045,FALSE,FALSE,Minor,1207588,13d23h26m28,0
OPENJPA-1686,TRUE,FALSE,Major,40655981,470d13h19m41,0
OPENJPA-312,FALSE,FALSE,Minor,562589,06d12h16m29,0
OPENJPA-1784,TRUE,FALSE,Major,180319,02d02h05m19,0
OPENJPA-1787,TRUE,FALSE,Critical,16165703,187d02h28m23,1
OPENJPA-311,FALSE,FALSE,Major,78178,00d21h42m58,0
OPENJPA-1788,FALSE,FALSE,Major,19326,00d05h22m06,0
OPENJPA-1626,TRUE,FALSE,Minor,8096856,93d17h07m36,0
OPENJPA-2400,TRUE,FALSE,Major,9944549,115d02h22m29,0
OPENJPA-2405,TRUE,FALSE,Major,545155,06d07h25m55,0
OPENJPA-2409,FALSE,FALSE,Major,8576764,99d06h26m04,0
OPENJPA-68,FALSE,FALSE,Critical,39176,00d10h52m56,0
OPENJPA-231,TRUE,FALSE,Major,32589349,377d04h35m49,0
OPENJPA-86,TRUE,FALSE,Major,22455015,259d21h30m15,0
OPENJPA-340,TRUE,FALSE,Major,27860805,322d11h06m45,0
OPENJPA-1969,FALSE,FALSE,Major,530945,06d03h29m05,0
OPENJPA-614,FALSE,FALSE,Minor,165,00d00h02m45,0
OPENJPA-343,FALSE,FALSE,Major,518869,06d00h07m49,0
OPENJPA-612,TRUE,FALSE,Major,258507,02d23h48m27,0
OPENJPA-346,FALSE,FALSE,Major,659,00d00h10m59,0
OPENJPA-347,FALSE,FALSE,Major,82370,00d22h52m50,0
OPENJPA-1960,TRUE,FALSE,Major,595936,06d21h32m16,0
OPENJPA-349,FALSE,FALSE,Major,27197235,314d18h47m15,0
OPENJPA-321,TRUE,FALSE,Major,278789,03d05h26m29,0
OPENJPA-2616,FALSE,FALSE,Major,7231205,83d16h40m05,0
OPENJPA-821,FALSE,FALSE,Critical,40907,00d11h21m47,0
OPENJPA-820,FALSE,FALSE,Critical,39824879,460d22h27m59,0
OPENJPA-1845,TRUE,FALSE,Critical,18677401,216d04h10m01,0
OPENJPA-825,TRUE,FALSE,Critical,23692001,274d05h06m41,0
OPENJPA-824,FALSE,FALSE,Major,434090,05d00h34m50,0
OPENJPA-1840,TRUE,FALSE,Major,563,00d00h09m23,0
OPENJPA-828,FALSE,TRUE,Major,136236341,1576d19h25m41,1
OPENJPA-940,FALSE,FALSE,Critical,62367236,721d20h13m56,0
OPENJPA-947,TRUE,FALSE,Minor,2652167,30d16h42m47,0
OPENJPA-944,TRUE,FALSE,Critical,28175882,326d02h38m02,0
OPENJPA-1326,TRUE,FALSE,Major,6837957,79d03h25m57,0
OPENJPA-2494,TRUE,FALSE,Major,13933474,161d06h24m34,0
OPENJPA-1325,FALSE,FALSE,Major,10129221,117d05h40m21,0
OPENJPA-1248,TRUE,TRUE,Major,18832998,217d23h23m18,0
OPENJPA-1321,FALSE,FALSE,Minor,1646180,19d01h16m20,0
OPENJPA-1328,TRUE,FALSE,Major,4172372,48d06h59m32,0
OPENJPA-1242,FALSE,FALSE,Major,66045,00d18h20m45,0
OPENJPA-133,FALSE,FALSE,Major,71509,00d19h51m49,0
OPENJPA-132,TRUE,FALSE,Minor,3529298,40d20h21m38,0
OPENJPA-460,FALSE,FALSE,Major,1601,00d00h26m41,0
OPENJPA-508,FALSE,FALSE,Major,35864,00d09h57m44,0
OPENJPA-509,TRUE,FALSE,Major,11630877,134d14h47m57,0
OPENJPA-464,TRUE,FALSE,Major,5014190,58d00h49m50,0
OPENJPA-466,TRUE,FALSE,Blocker,59509953,688d18h32m33,1
OPENJPA-200,TRUE,FALSE,Major,19549537,226d06h25m37,0
OPENJPA-506,TRUE,FALSE,Major,77245,00d21h27m25,0
OPENJPA-505,FALSE,FALSE,Major,98285,01d03h18m05,0
OPENJPA-74,FALSE,FALSE,Minor,152569,01d18h22m49,0
OPENJPA-660,TRUE,FALSE,Major,816031,09d10h40m31,0
OPENJPA-665,TRUE,TRUE,Major,1023174,11d20h12m54,1
OPENJPA-664,FALSE,FALSE,Minor,12667,00d03h31m07,0
OPENJPA-669,TRUE,FALSE,Major,827,00d00h13m47,0
OPENJPA-668,FALSE,FALSE,Major,8876,00d02h27m56,0
OPENJPA-459,TRUE,FALSE,Major,61135255,707d14h00m55,1
OPENJPA-1029,FALSE,TRUE,Major,1892714,21d21h45m14,0
OPENJPA-2142,TRUE,FALSE,Major,6388885,73d22h41m25,1
OPENJPA-2140,FALSE,FALSE,Trivial,231,00d00h03m51,0
OPENJPA-2146,FALSE,FALSE,Major,5676538,65d16h48m58,0
OPENJPA-2145,FALSE,FALSE,Minor,9554,00d02h39m14,0
OPENJPA-1890,FALSE,FALSE,Major,4845949,56d02h05m49,1
OPENJPA-1020,TRUE,FALSE,Major,29366286,339d21h18m06,0
OPENJPA-2149,TRUE,FALSE,Critical,14841875,171d18h44m35,0
OPENJPA-1189,TRUE,FALSE,Major,21255802,246d00h23m22,0
OPENJPA-1025,FALSE,FALSE,Major,2017921,23d08h32m01,0
MNG-2221,FALSE,FALSE,Critical,7960789,92d03h19m49,0
OPENJPA-1432,TRUE,FALSE,Major,7208460,83d10h21m00,0
OPENJPA-1431,FALSE,FALSE,Minor,18308,00d05h05m08,0
OPENJPA-867,TRUE,FALSE,Minor,81923744,948d04h35m44,0
OPENJPA-269,FALSE,FALSE,Major,764,00d00h12m44,0
OPENJPA-1435,TRUE,FALSE,Major,13256,00d03h40m56,0
OPENJPA-1438,FALSE,FALSE,Major,6975633,80d17h40m33,0
OPENJPA-1439,FALSE,FALSE,Major,253791,02d22h29m51,0
OPENJPA-104,TRUE,FALSE,Major,6866,00d01h54m26,0
OPENJPA-1753,TRUE,FALSE,Minor,1220148,14d02h55m48,0
OPENJPA-1752,FALSE,FALSE,Major,1799715,20d19h55m15,0
OPENJPA-1751,TRUE,FALSE,Major,94392,01d02h13m12,1
OPENJPA-1757,TRUE,FALSE,Major,603071,06d23h31m11,0
OPENJPA-1756,FALSE,FALSE,Major,5038,00d01h23m58,0
OPENJPA-1613,TRUE,FALSE,Major,24275381,280d23h09m41,0
OPENJPA-764,FALSE,FALSE,Major,2373,00d00h39m33,0
OPENJPA-1611,TRUE,FALSE,Major,679795,07d20h49m55,0
OPENJPA-762,FALSE,FALSE,Major,3702,00d01h01m42,0
OPENJPA-761,FALSE,FALSE,Minor,14182,00d03h56m22,0
OPENJPA-2006,TRUE,FALSE,Major,21953275,254d02h07m55,0
OPENJPA-2007,TRUE,FALSE,Minor,79594,00d22h06m34,0
OPENJPA-2005,FALSE,FALSE,Minor,155107,01d19h05m07,0
OPENJPA-100,FALSE,FALSE,Major,68,00d00h01m08,0
OPENJPA-2000,FALSE,FALSE,Major,5912288,68d10h18m08,0
OPENJPA-162,TRUE,FALSE,Major,57865,00d16h04m25,0
OPENJPA-237,TRUE,FALSE,Major,1185941,13d17h25m41,0
OPENJPA-165,TRUE,FALSE,Major,13066840,151d05h40m40,0
OPENJPA-2008,TRUE,FALSE,Major,5441226,62d23h27m06,0
OPENJPA-2586,TRUE,FALSE,Critical,13034391,150d20h39m51,0
OPENJPA-1892,TRUE,FALSE,Major,38552,00d10h42m32,0
OPENJPA-80,FALSE,FALSE,Major,9725587,112d13h33m07,0
OPENJPA-1051,TRUE,FALSE,Major,1320277,15d06h44m37,0
OPENJPA-2107,FALSE,FALSE,Major,12268567,141d23h56m07,1
OPENJPA-1117,FALSE,FALSE,Minor,1378757,15d22h59m17,0
OPENJPA-1116,TRUE,FALSE,Major,9697591,112d05h46m31,0
OPENJPA-35,TRUE,FALSE,Critical,16731725,193d15h42m05,0
OPENJPA-1509,FALSE,FALSE,Major,110,00d00h01m50,0
OPENJPA-1506,FALSE,FALSE,Minor,1639713,18d23h28m33,0
OPENJPA-1507,FALSE,FALSE,Major,69398,00d19h16m38,0
OPENJPA-1504,TRUE,FALSE,Minor,14027,00d03h53m47,0
OPENJPA-1053,TRUE,FALSE,Major,228360,02d15h26m00,0
OPENJPA-1119,FALSE,FALSE,Major,1552401,17d23h13m21,0
OPENJPA-1503,TRUE,FALSE,Major,2947565,34d02h46m05,0
OPENJPA-1500,FALSE,FALSE,Minor,2051853,23d17h57m33,0
OPENJPA-1501,TRUE,FALSE,Major,13558746,156d22h19m06,0
