BugID, #isArch, #isInduce, #Priority, #TimeSec, #Time, #Reopen
OPENEJB-1053,FALSE,FALSE,Major,17130295,198d06h24m55,0
OPENEJB-1059,TRUE,FALSE,Major,2430029,28d03h00m29,1
OPENEJB-557,TRUE,FALSE,Major,230006,02d15h53m26,1
OPENEJB-555,FALSE,FALSE,Blocker,9175797,106d04h49m57,0
OPENEJB-683,FALSE,FALSE,Major,74978,00d20h49m38,0
GERONIMO-649,FALSE,FALSE,Major,95266,01d02h27m46,0
GERONIMO-767,FALSE,FALSE,Major,3549571,41d01h59m31,0
OPENEJB-553,TRUE,FALSE,Major,163,00d00h02m43,0
OPENEJB-765,TRUE,FALSE,Critical,38463,00d10h41m03,0
OPENEJB-766,FALSE,FALSE,Critical,10486,00d02h54m46,0
OPENEJB-767,TRUE,FALSE,Blocker,97331,01d03h02m11,0
OPENEJB-761,FALSE,FALSE,Major,545106,06d07h25m06,0
OPENEJB-445,TRUE,FALSE,Major,983,00d00h16m23,0
OPENEJB-444,FALSE,FALSE,Major,92607,01d01h43m27,0
OPENEJB-443,TRUE,FALSE,Major,78,00d00h01m18,0
OPENEJB-399,FALSE,FALSE,Major,1091,00d00h18m11,0
OPENEJB-1604,TRUE,FALSE,Major,4329252,50d02h34m12,0
OPENEJB-1602,TRUE,FALSE,Major,34251286,396d10h14m46,0
TOMEE-646,FALSE,FALSE,Blocker,184234,02d03h10m34,1
TOMEE-647,TRUE,FALSE,Major,144692,01d16h11m32,1
TOMEE-645,TRUE,FALSE,Major,6590091,76d06h34m51,1
TOMEE-643,FALSE,FALSE,Major,364598,04d05h16m38,1
TOMEE-166,TRUE,FALSE,Major,423790,04d21h43m10,0
OPENEJB-1322,TRUE,FALSE,Major,32045385,370d21h29m45,0
OPENEJB-1323,FALSE,FALSE,Major,322589,03d17h36m29,0
OPENEJB-1930,FALSE,FALSE,Major,448,00d00h07m28,0
OPENEJB-1934,TRUE,FALSE,Major,681,00d00h11m21,0
OPENEJB-1830,FALSE,FALSE,Major,422005,04d21h13m25,0
OPENEJB-1118,TRUE,FALSE,Major,2006754,23d05h25m54,0
OPENEJB-1834,FALSE,FALSE,Major,31,00d00h00m31,0
OPENEJB-1837,TRUE,FALSE,Major,3409574,39d11h06m14,1
OPENEJB-562,TRUE,FALSE,Major,264289,03d01h24m49,0
OPENEJB-1129,FALSE,FALSE,Major,1187,00d00h19m47,0
OPENEJB-1116,FALSE,FALSE,Major,2493542,28d20h39m02,0
OPENEJB-975,FALSE,FALSE,Major,1857203,21d11h53m23,0
TOMEE-349,TRUE,FALSE,Major,99,00d00h01m39,0
OPENEJB-1309,FALSE,FALSE,Major,5870762,67d22h46m02,0
OPENEJB-974,TRUE,FALSE,Major,4147390,48d00h03m10,0
OPENEJB-1300,FALSE,FALSE,Major,10804743,125d01h19m03,0
TOMEE-345,TRUE,FALSE,Major,6015912,69d15h05m12,1
OPENEJB-1305,TRUE,FALSE,Major,1809641,20d22h40m41,0
OPENEJB-1733,FALSE,FALSE,Major,20,00d00h00m20,0
OPENEJB-1730,TRUE,FALSE,Major,2809491,32d12h24m51,0
TOMEE-267,FALSE,FALSE,Trivial,518656,06d00h04m16,0
OPENEJB-1311,TRUE,FALSE,Major,88,00d00h01m28,0
OPENEJB-341,FALSE,FALSE,Blocker,8922,00d02h28m42,0
TOMEE-29,FALSE,FALSE,Major,653,00d00h10m53,0
OPENEJB-1708,FALSE,FALSE,Major,5792196,67d00h56m36,0
GERONIMO-581,FALSE,FALSE,Major,2339680,27d01h54m40,0
TOMEE-27,FALSE,FALSE,Major,27752,00d07h42m32,0
OPENEJB-972,FALSE,FALSE,Major,7265891,84d02h18m11,0
OPENEJB-1709,TRUE,FALSE,Blocker,198984,02d07h16m24,0
OPENEJB-1239,FALSE,FALSE,Major,2586,00d00h43m06,0
OPENEJB-719,FALSE,FALSE,Major,779421,09d00h30m21,0
OPENEJB-702,TRUE,FALSE,Major,14167393,163d23h23m13,0
OPENEJB-59,FALSE,FALSE,Minor,32263022,373d09h57m02,0
OPENEJB-1540,TRUE,FALSE,Major,341444,03d22h50m44,0
OPENEJB-1541,TRUE,FALSE,Major,341549,03d22h52m29,0
OPENEJB-1543,FALSE,FALSE,Major,84160,00d23h22m40,0
OPENEJB-1544,FALSE,FALSE,Major,175890,02d00h51m30,0
OPENEJB-1545,FALSE,FALSE,Major,82715,00d22h58m35,0
OPENEJB-1546,FALSE,FALSE,Major,82707,00d22h58m27,0
OPENEJB-1547,FALSE,FALSE,Major,83434,00d23h10m34,0
OPENEJB-1548,FALSE,FALSE,Major,107766,01d05h56m06,0
OPENEJB-1426,FALSE,FALSE,Major,105,00d00h01m45,0
OPENEJB-1425,FALSE,FALSE,Major,2596,00d00h43m16,0
OPENEJB-1423,FALSE,FALSE,Major,5531,00d01h32m11,0
OPENEJB-1422,FALSE,FALSE,Major,5292,00d01h28m12,0
TOMEE-466,FALSE,FALSE,Major,72719,00d20h11m59,0
OPENEJB-534,FALSE,FALSE,Major,2183,00d00h36m23,0
TOMEE-461,FALSE,FALSE,Major,82,00d00h01m22,0
GERONIMO-648,FALSE,FALSE,Major,247,00d00h04m07,0
OPENEJB-539,FALSE,FALSE,Major,12151265,140d15h21m05,0
TOMEE-469,FALSE,FALSE,Major,90,00d00h01m30,0
OPENEJB-868,FALSE,FALSE,Major,1767451,20d10h57m31,0
OPENEJB-865,TRUE,FALSE,Major,1751,00d00h29m11,0
OPENEJB-861,FALSE,FALSE,Major,420,00d00h07m00,0
OPENEJB-860,TRUE,FALSE,Minor,107,00d00h01m47,0
OPENEJB-338,FALSE,FALSE,Major,10397051,120d08h04m11,0
OPENEJB-1882,TRUE,FALSE,Major,4337850,50d04h57m30,1
OPENEJB-1884,TRUE,FALSE,Major,21349,00d05h55m49,0
OPENEJB-1886,TRUE,FALSE,Major,36,00d00h00m36,0
TOMEE-383,FALSE,FALSE,Major,106,00d00h01m46,0
OPENEJB-409,TRUE,FALSE,Major,310677,03d14h17m57,0
OPENEJB-408,FALSE,FALSE,Blocker,8317383,96d06h23m03,0
OPENEJB-403,FALSE,FALSE,Major,1123049,12d23h57m29,0
OPENEJB-402,FALSE,FALSE,Major,319559,03d16h45m59,0
TOMEE-517,FALSE,FALSE,Major,3430668,39d16h57m48,0
TOMEE-515,FALSE,FALSE,Major,136357,01d13h52m37,0
GERONIMO-376,FALSE,FALSE,Minor,153219,01d18h33m39,0
TOMEE-185,FALSE,FALSE,Major,365,00d00h06m05,0
OPENEJB-1082,TRUE,FALSE,Major,345959,04d00h05m59,0
OPENEJB-700,FALSE,FALSE,Major,13459119,155d18h38m39,1
TOMEE-389,FALSE,FALSE,Major,34,00d00h00m34,0
OPENEJB-1355,FALSE,FALSE,Major,58266757,674d09h12m37,0
OPENEJB-1017,TRUE,FALSE,Minor,671,00d00h11m11,0
OPENEJB-1015,TRUE,FALSE,Major,831,00d00h13m51,0
OPENEJB-1012,TRUE,FALSE,Major,169,00d00h02m49,0
OPENEJB-718,FALSE,FALSE,Major,832559,09d15h15m59,0
OPENEJB-715,FALSE,FALSE,Major,53818,00d14h56m58,0
OPENEJB-714,FALSE,FALSE,Major,4916703,56d21h45m03,0
OPENEJB-717,FALSE,FALSE,Major,6902883,79d21h28m03,0
OPENEJB-716,FALSE,FALSE,Major,1757917,20d08h18m37,0
OPENEJB-710,TRUE,FALSE,Major,2987,00d00h49m47,0
OPENEJB-713,FALSE,FALSE,Major,658352,07d14h52m32,0
OPENEJB-1261,TRUE,FALSE,Major,15352313,177d16h31m53,1
TOMEE-380,FALSE,FALSE,Major,2932926,33d22h42m06,1
TOMEE-221,FALSE,FALSE,Major,2751441,31d20h17m21,0
TOMEE-222,TRUE,FALSE,Major,179,00d00h02m59,0
TOMEE-388,FALSE,FALSE,Major,1235,00d00h20m35,0
OPENEJB-306,FALSE,FALSE,Major,404489,04d16h21m29,0
OPENEJB-307,FALSE,FALSE,Major,4220,00d01h10m20,0
OPENEJB-303,FALSE,FALSE,Major,756,00d00h12m36,0
OPENEJB-300,TRUE,FALSE,Major,58340,00d16h12m20,0
GERONIMO-620,TRUE,FALSE,Major,214942,02d11h42m22,0
OPENEJB-1648,FALSE,FALSE,Major,33823909,391d11h31m49,0
OPENEJB-1905,FALSE,FALSE,Major,178,00d00h02m58,0
OPENEJB-1907,TRUE,FALSE,Major,18799,00d05h13m19,0
OPENEJB-1642,FALSE,FALSE,Major,487682,05d15h28m02,0
OPENEJB-1862,FALSE,FALSE,Major,114,00d00h01m54,0
OPENEJB-832,TRUE,FALSE,Major,290810,03d08h46m50,0
OPENEJB-833,TRUE,FALSE,Major,115201,01d08h00m01,0
OPENEJB-834,FALSE,FALSE,Major,1223069,14d03h44m29,0
OPENEJB-835,TRUE,FALSE,Minor,107,00d00h01m47,0
TOMEE-258,TRUE,FALSE,Major,874331,10d02h52m11,0
TOMEE-709,FALSE,FALSE,Major,102,00d00h01m42,0
OPENEJB-279,FALSE,FALSE,Major,16312,00d04h31m52,0
TOMEE-703,FALSE,FALSE,Major,52,00d00h00m52,0
OPENEJB-578,FALSE,FALSE,Major,379877,04d09h31m17,0
OPENEJB-276,FALSE,FALSE,Major,777,00d00h12m57,0
OPENEJB-277,FALSE,FALSE,Minor,16910,00d04h41m50,0
OPENEJB-274,FALSE,FALSE,Major,78711,00d21h51m51,0
TOMEE-10,FALSE,FALSE,Major,10089463,116d18h37m43,0
OPENEJB-1348,TRUE,FALSE,Major,170872,01d23h27m52,0
OPENEJB-1349,FALSE,FALSE,Major,81423,00d22h37m03,0
OPENEJB-1330,FALSE,FALSE,Major,37486831,433d21h00m31,0
OPENEJB-907,FALSE,FALSE,Major,445,00d00h07m25,0
OPENEJB-1340,TRUE,FALSE,Major,124527,01d10h35m27,0
OPENEJB-1341,TRUE,FALSE,Major,114,00d00h01m54,0
GERONIMO-468,TRUE,FALSE,Major,87765,01d00h22m45,0
OPENEJB-60,FALSE,FALSE,Minor,32262894,373d09h54m54,0
OPENEJB-66,FALSE,FALSE,Major,31918752,369d10h19m12,0
OPENEJB-64,FALSE,FALSE,Major,31933603,369d14h26m43,0
OPENEJB-1518,TRUE,FALSE,Major,1278471,14d19h07m51,0
OPENEJB-1516,TRUE,FALSE,Major,1279322,14d19h22m02,0
OPENEJB-5,TRUE,FALSE,Critical,115794860,1340d05h14m20,0
TOMEE-419,FALSE,FALSE,Major,232046,02d16h27m26,1
TOMEE-410,FALSE,FALSE,Major,828,00d00h13m48,0
OPENEJB-287,FALSE,FALSE,Major,2137939,24d17h52m19,0
OPENEJB-286,FALSE,FALSE,Major,141336,01d15h15m36,0
OPENEJB-284,FALSE,FALSE,Trivial,5337072,61d18h31m12,0
OPENEJB-15,FALSE,FALSE,Major,210356110,2434d16h15m10,0
OPENEJB-28,FALSE,FALSE,Major,40278791,466d04h33m11,0
OPENEJB-693,FALSE,FALSE,Minor,5332307,61d17h11m47,0
OPENEJB-695,FALSE,FALSE,Major,7961835,92d03h37m15,0
GERONIMO-672,FALSE,FALSE,Major,1649241,19d02h07m21,0
OPENEJB-750,FALSE,FALSE,Major,3026871,35d00h47m51,0
OPENEJB-757,FALSE,FALSE,Major,563284,06d12h28m04,0
GERONIMO-675,TRUE,FALSE,Major,6400137,74d01h48m57,0
OPENEJB-456,FALSE,FALSE,Major,664,00d00h11m04,0
OPENEJB-1282,FALSE,FALSE,Critical,104519,01d05h01m59,0
OPENEJB-593,FALSE,FALSE,Major,2348,00d00h39m08,0
OPENEJB-590,FALSE,FALSE,Major,1994497,23d02h01m37,0
OPENEJB-595,FALSE,FALSE,Major,1179779,13d15h42m59,0
TOMEE-673,TRUE,TRUE,Major,25,00d00h00m25,0
TOMEE-672,TRUE,TRUE,Major,65,00d00h01m05,0
OPENEJB-564,FALSE,FALSE,Major,1149,00d00h19m09,0
TOMEE-677,FALSE,FALSE,Major,115,00d00h01m55,0
TOMEE-674,FALSE,FALSE,Major,101,00d00h01m41,0
TOMEE-170,TRUE,FALSE,Major,288008,03d08h00m08,0
OPENEJB-1580,FALSE,FALSE,Major,681,00d00h11m21,0
OPENEJB-1559,FALSE,FALSE,Major,6801287,78d17h14m47,0
OPENEJB-1411,FALSE,FALSE,Major,2577787,29d20h03m07,0
TOMEE-456,TRUE,FALSE,Major,762,00d00h12m42,0
OPENEJB-1126,FALSE,FALSE,Major,85733486,992d06h51m26,0
OPENEJB-1127,FALSE,FALSE,Major,1827366,21d03h36m06,0
OPENEJB-1049,TRUE,FALSE,Major,7286983,84d08h09m43,0
OPENEJB-1048,FALSE,FALSE,Major,5784099,66d22h41m39,0
OPENEJB-1120,FALSE,FALSE,Major,596333,06d21h38m53,0
OPENEJB-1824,FALSE,FALSE,Major,106767,01d05h39m27,0
OPENEJB-625,FALSE,FALSE,Major,181993,02d02h33m13,0
OPENEJB-1044,TRUE,FALSE,Major,9737818,112d16h56m58,0
OPENEJB-1047,FALSE,FALSE,Major,87680,01d00h21m20,0
OPENEJB-623,TRUE,FALSE,Major,31099,00d08h38m19,0
OPENEJB-622,FALSE,FALSE,Critical,112687,01d07h18m07,0
OPENEJB-1315,FALSE,FALSE,Major,392485,04d13h01m25,0
OPENEJB-1314,TRUE,FALSE,Major,66325,00d18h25m25,0
OPENEJB-976,TRUE,FALSE,Major,12849578,148d17h19m38,0
OPENEJB-1258,TRUE,FALSE,Major,446464,05d04h01m04,0
OPENEJB-1313,FALSE,FALSE,Major,76095,00d21h08m15,0
OPENEJB-1312,FALSE,FALSE,Major,33417004,386d18h30m04,0
OPENEJB-1704,FALSE,FALSE,Major,8186126,94d17h55m26,0
OPENEJB-1702,TRUE,FALSE,Major,8916058,103d04h40m58,0
OPENEJB-1251,FALSE,FALSE,Major,68,00d00h01m08,0
OPENEJB-1252,TRUE,TRUE,Major,17373665,201d02h01m05,1
TOMEE-211,TRUE,FALSE,Major,9676289,111d23h51m29,1
OPENEJB-339,FALSE,FALSE,Major,21791,00d06h03m11,0
TOMEE-212,TRUE,FALSE,Major,1238,00d00h20m38,0
OPENEJB-335,FALSE,FALSE,Major,861,00d00h14m21,0
TOMEE-218,TRUE,FALSE,Major,54,00d00h00m54,0
GERONIMO-562,FALSE,FALSE,Major,53163,00d14h46m03,1
GERONIMO-563,FALSE,FALSE,Major,2784883,32d05h34m43,0
GERONIMO-564,FALSE,FALSE,Trivial,14753417,170d18h10m17,0
GERONIMO-565,TRUE,FALSE,Major,34305,00d09h31m45,0
OPENEJB-278,FALSE,FALSE,Minor,555,00d00h09m15,0
GERONIMO-486,FALSE,FALSE,Major,9796,00d02h43m16,0
OPENEJB-1382,TRUE,FALSE,Major,60454630,699d16h57m10,0
OPENEJB-1386,TRUE,FALSE,Major,4484,00d01h14m44,0
OPENEJB-1384,FALSE,FALSE,Major,1816,00d00h30m16,0
OPENEJB-1388,FALSE,FALSE,Major,1255,00d00h20m55,0
OPENEJB-1954,TRUE,FALSE,Minor,9407,00d02h36m47,0
OPENEJB-1003,FALSE,FALSE,Major,7369250,85d07h00m50,0
GERONIMO-687,FALSE,FALSE,Major,4564,00d01h16m04,0
GERONIMO-685,TRUE,FALSE,Major,2355588,27d06h19m48,0
OPENEJB-1552,TRUE,FALSE,Major,7242783,83d19h53m03,0
OPENEJB-1550,FALSE,FALSE,Major,33302,00d09h15m02,0
OPENEJB-1554,FALSE,FALSE,Major,4563825,52d19h43m45,0
TOMEE-598,FALSE,FALSE,Major,48,00d00h00m48,0
OPENEJB-1558,FALSE,FALSE,Major,6793006,78d14h56m46,0
OPENEJB-1417,TRUE,FALSE,Major,15736840,182d03h20m40,0
TOMEE-691,TRUE,FALSE,Major,112,00d00h01m52,0
TOMEE-690,TRUE,FALSE,Major,83,00d00h01m23,0
TOMEE-692,FALSE,FALSE,Major,4622710,53d12h05m10,1
TOMEE-697,FALSE,FALSE,Major,60,00d00h01m00,0
TOMEE-696,TRUE,FALSE,Major,5427,00d01h30m27,0
TOMEE-43,TRUE,FALSE,Major,780298,09d00h44m58,0
TOMEE-42,TRUE,FALSE,Major,6671454,77d05h10m54,0
TOMEE-47,TRUE,FALSE,Major,428861,04d23h07m41,0
OPENEJB-871,FALSE,FALSE,Major,3383951,39d03h59m11,0
OPENEJB-873,FALSE,FALSE,Major,2322,00d00h38m42,0
OPENEJB-874,FALSE,FALSE,Major,1493,00d00h24m53,0
GERONIMO-639,FALSE,FALSE,Major,79780,00d22h09m40,0
GERONIMO-634,FALSE,FALSE,Major,170153,01d23h15m53,0
GERONIMO-632,TRUE,FALSE,Major,1094,00d00h18m14,1
GERONIMO-736,FALSE,FALSE,Major,768170,08d21h22m50,0
OPENEJB-797,TRUE,FALSE,Major,6132799,70d23h33m19,0
OPENEJB-793,FALSE,FALSE,Major,299160,03d11h06m00,0
OPENEJB-792,FALSE,FALSE,Minor,3319,00d00h55m19,0
TOMEE-524,TRUE,FALSE,Major,248,00d00h04m08,0
TOMEE-523,TRUE,FALSE,Major,601,00d00h10m01,0
TOMEE-521,TRUE,FALSE,Major,5908,00d01h38m28,0
OPENEJB-411,FALSE,FALSE,Major,73192,00d20h19m52,0
GERONIMO-348,FALSE,FALSE,Critical,82598062,955d23h54m22,0
OPENEJB-1075,FALSE,FALSE,Major,3658,00d01h00m58,0
OPENEJB-1077,FALSE,FALSE,Major,98,00d00h01m38,0
OPENEJB-1070,FALSE,FALSE,Trivial,2447305,28d07h48m25,0
OPENEJB-1986,TRUE,FALSE,Major,44038979,509d17h02m59,1
GERONIMO-708,FALSE,FALSE,Major,82868,00d23h01m08,0
OPENEJB-667,TRUE,FALSE,Major,1294772,14d23h39m32,0
OPENEJB-1001,FALSE,FALSE,Major,6688058,77d09h47m38,0
OPENEJB-469,TRUE,FALSE,Major,15055,00d04h10m55,0
OPENEJB-701,TRUE,FALSE,Blocker,6569709,76d00h55m09,0
OPENEJB-1005,FALSE,FALSE,Major,3585353,41d11h55m53,0
OPENEJB-707,FALSE,FALSE,Major,6836550,79d03h02m30,0
OPENEJB-704,FALSE,FALSE,Minor,2404744,27d19h59m04,0
OPENEJB-462,TRUE,FALSE,Major,5934,00d01h38m54,0
OPENEJB-461,FALSE,FALSE,Major,330,00d00h05m30,0
OPENEJB-460,FALSE,FALSE,Major,8797,00d02h26m37,0
OPENEJB-467,FALSE,FALSE,Major,69085,00d19h11m25,0
OPENEJB-465,FALSE,FALSE,Major,4134285,47d20h24m45,0
OPENEJB-464,TRUE,FALSE,Major,833,00d00h13m53,0
TOMEE-624,TRUE,FALSE,Major,789,00d00h13m09,0
TOMEE-626,TRUE,FALSE,Major,876714,10d03h31m54,0
TOMEE-141,FALSE,FALSE,Major,72,00d00h01m12,0
OPENEJB-1910,FALSE,FALSE,Major,22,00d00h00m22,0
OPENEJB-1919,FALSE,FALSE,Critical,85888,00d23h51m28,0
OPENEJB-1855,FALSE,FALSE,Major,1617492,18d17h18m12,0
OPENEJB-804,FALSE,FALSE,Major,19190,00d05h19m50,0
OPENEJB-1328,TRUE,FALSE,Major,758,00d00h12m38,0
OPENEJB-1329,FALSE,FALSE,Major,127676,01d11h27m56,0
OPENEJB-1324,TRUE,FALSE,Major,153131,01d18h32m11,0
OPENEJB-1599,FALSE,FALSE,Major,63,00d00h01m03,0
OPENEJB-1451,TRUE,FALSE,Major,63790,00d17h43m10,0
OPENEJB-566,FALSE,FALSE,Major,656,00d00h10m56,0
OPENEJB-567,TRUE,FALSE,Major,84107,00d23h21m47,0
OPENEJB-1757,FALSE,FALSE,Major,64,00d00h01m04,0
TOMEE-493,FALSE,FALSE,Blocker,314987,03d15h29m47,1
TOMEE-360,FALSE,FALSE,Major,21,00d00h00m21,0
TOMEE-362,FALSE,FALSE,Major,24,00d00h00m24,0
OPENEJB-1759,FALSE,FALSE,Major,3286037,38d00h47m17,0
OPENEJB-1359,TRUE,FALSE,Major,175303,02d00h41m43,0
TOMEE-392,TRUE,FALSE,Major,2644745,30d14h39m05,0
TOMEE-394,FALSE,FALSE,Major,61,00d00h01m01,0
TOMEE-395,FALSE,FALSE,Minor,1224,00d00h20m24,0
OPENEJB-1356,TRUE,FALSE,Major,995292,11d12h28m12,0
OPENEJB-72,FALSE,FALSE,Trivial,30107006,348d11h03m26,0
OPENEJB-74,FALSE,FALSE,Major,20703728,239d15h02m08,0
OPENJPA-142,TRUE,FALSE,Major,2171804,25d03h16m44,0
TOMEE-568,FALSE,FALSE,Major,24,00d00h00m24,0
OPENEJB-1522,FALSE,FALSE,Major,1211857,14d00h37m37,0
OPENEJB-1523,FALSE,FALSE,Major,15817177,183d01h39m37,0
OPENEJB-1520,FALSE,FALSE,Major,63914,00d17h45m14,0
OPENEJB-1521,FALSE,FALSE,Major,10372214,120d01h10m14,0
OPENEJB-1527,TRUE,FALSE,Major,18245,00d05h04m05,0
TOMEE-564,FALSE,FALSE,Major,149249,01d17h27m29,0
OPENEJB-513,FALSE,FALSE,Minor,31814,00d08h50m14,0
TOMEE-401,FALSE,FALSE,Major,48,00d00h00m48,0
TOMEE-403,TRUE,FALSE,Major,2025,00d00h33m45,0
OPENEJB-515,TRUE,FALSE,Major,5043,00d01h24m03,0
TOMEE-407,FALSE,FALSE,Critical,1007222,11d15h47m02,0
TOMEE-409,TRUE,FALSE,Major,1533831,17d18h03m51,1
OPENEJB-294,FALSE,FALSE,Major,57,00d00h00m57,0
OPENEJB-296,FALSE,FALSE,Major,1890,00d00h31m30,0
OPENEJB-297,FALSE,FALSE,Minor,4308,00d01h11m48,0
OPENEJB-290,FALSE,FALSE,Major,241,00d00h04m01,0
OPENEJB-291,FALSE,FALSE,Major,112,00d00h01m52,0
OPENEJB-292,TRUE,FALSE,Major,19319768,223d14h36m08,0
OPENEJB-293,FALSE,FALSE,Major,19319653,223d14h34m13,0
OPENEJB-6,FALSE,FALSE,Major,76484895,885d05h48m15,0
TOMEE-520,TRUE,FALSE,Major,3429416,39d16h36m56,0
OPENEJB-1515,TRUE,FALSE,Major,1961115,22d16h45m15,0
GERONIMO-666,FALSE,TRUE,Blocker,6380482,73d20h21m22,1
OPENEJB-746,TRUE,FALSE,Critical,2523531,29d04h58m51,0
OPENEJB-742,TRUE,FALSE,Critical,1677,00d00h27m57,0
OPENEJB-740,TRUE,FALSE,Major,7877,00d02h11m17,0
OPENEJB-1959,FALSE,FALSE,Major,65,00d00h01m05,0
OPENEJB-583,TRUE,TRUE,Major,19112065,221d04h54m25,0
OPENEJB-587,FALSE,FALSE,Trivial,601040,06d22h57m20,0
TOMEE-664,TRUE,FALSE,Major,5945832,68d19h37m12,1
TOMEE-665,TRUE,FALSE,Major,25,00d00h00m25,0
TOMEE-666,TRUE,FALSE,Major,50,00d00h00m50,0
TOMEE-667,FALSE,FALSE,Major,5862459,67d20h27m39,1
TOMEE-668,TRUE,FALSE,Major,62,00d00h01m02,0
GERONIMO-403,FALSE,FALSE,Major,772655,08d22h37m35,0
GERONIMO-402,TRUE,FALSE,Major,1052040,12d04h14m00,0
GERONIMO-404,FALSE,FALSE,Major,367368,04d06h02m48,0
OPENEJB-1798,FALSE,FALSE,Major,3936801,45d13h33m21,0
OPENEJB-140,FALSE,FALSE,Major,13532513,156d15h01m53,0
OPENEJB-735,FALSE,FALSE,Major,62338,00d17h18m58,0
OPENEJB-1362,FALSE,FALSE,Major,14957,00d04h09m17,0
OPENEJB-1249,TRUE,FALSE,Major,4244290,49d02h58m10,0
OPENEJB-1711,FALSE,FALSE,Minor,5574660,64d12h31m00,0
OPENEJB-1246,FALSE,FALSE,Major,8559177,99d01h32m57,0
OPENEJB-1245,TRUE,FALSE,Major,18084020,209d07h20m20,0
OPENEJB-1244,FALSE,FALSE,Major,18246558,211d04h29m18,0
OPENEJB-1714,FALSE,FALSE,Major,13567080,157d00h38m00,0
OPENEJB-1717,FALSE,FALSE,Major,24966295,288d23h04m55,1
TOMEE-207,FALSE,FALSE,Major,40,00d00h00m40,0
GERONIMO-579,TRUE,FALSE,Major,252836,02d22h13m56,0
TOMEE-200,TRUE,FALSE,Major,58,00d00h00m58,0
OPENEJB-1549,FALSE,FALSE,Major,318355,03d16h25m55,0
OPENEJB-322,FALSE,FALSE,Major,395386,04d13h49m46,0
OPENEJB-887,TRUE,FALSE,Major,527361,06d02h29m21,0
TOMEE-193,FALSE,FALSE,Major,28,00d00h00m28,0
OPENEJB-1109,FALSE,FALSE,Major,11107,00d03h05m07,0
TOMEE-198,FALSE,FALSE,Major,151624,01d18h07m04,0
TOMEE-199,TRUE,FALSE,Major,3555191,41d03h33m11,0
OPENEJB-1628,TRUE,FALSE,Major,98207,01d03h16m47,1
OPENEJB-1624,TRUE,TRUE,Minor,263668,03d01h14m28,0
OPENEJB-1627,TRUE,FALSE,Major,25662670,297d00h31m10,0
OPENEJB-1961,TRUE,FALSE,Minor,14937,00d04h08m57,0
OPENEJB-1620,TRUE,TRUE,Major,251,00d00h04m11,0
OPENEJB-1622,FALSE,FALSE,Major,92382652,1069d05h50m52,0
OPENEJB-31,TRUE,FALSE,Major,39529987,457d12h33m07,0
OPENEJB-1567,TRUE,FALSE,Major,552,00d00h09m12,0
OPENEJB-39,FALSE,FALSE,Blocker,38738802,448d08h46m42,0
OPENEJB-1405,TRUE,FALSE,Major,2648,00d00h44m08,0
OPENEJB-995,FALSE,FALSE,Major,1175,00d00h19m35,0
TOMEE-339,TRUE,FALSE,Major,34,00d00h00m34,0
OPENEJB-1403,TRUE,FALSE,Major,5368215,62d03h10m15,0
TOMEE-444,FALSE,FALSE,Major,545,00d00h09m05,0
TOMEE-445,TRUE,FALSE,Major,338893,03d22h08m13,0
OPENEJB-1766,FALSE,FALSE,Major,1117,00d00h18m37,0
OPENEJB-554,FALSE,FALSE,Major,4779,00d01h19m39,0
OPENEJB-1409,TRUE,FALSE,Major,70,00d00h01m10,0
TOMEE-441,FALSE,FALSE,Major,249601,02d21h20m01,0
OPENEJB-551,TRUE,FALSE,Major,516,00d00h08m36,0
TOMEE-443,FALSE,FALSE,Critical,1168,00d00h19m28,0
TOMEE-725,FALSE,FALSE,Major,92,00d00h01m32,0
TOMEE-720,TRUE,FALSE,Major,407,00d00h06m47,0
TOMEE-722,FALSE,FALSE,Major,1253,00d00h20m53,0
OPENEJB-259,FALSE,FALSE,Major,9714315,112d10h25m15,0
OPENEJB-395,FALSE,FALSE,Minor,2671,00d00h44m31,0
OPENEJB-394,TRUE,FALSE,Major,927,00d00h15m27,0
TOMEE-684,TRUE,FALSE,Major,45847473,530d15h24m33,0
OPENEJB-396,FALSE,FALSE,Major,760,00d00h12m40,0
GERONIMO-580,TRUE,FALSE,Major,1593045,18d10h30m45,1
XBEAN-179,TRUE,FALSE,Major,27599523,319d10h32m03,0
OPENEJB-843,FALSE,FALSE,Major,133838,01d13h10m38,0
OPENEJB-965,TRUE,FALSE,Major,25754552,298d02h02m32,0
GERONIMO-782,TRUE,FALSE,Major,278414,03d05h20m14,0
GERONIMO-780,FALSE,FALSE,Major,8492,00d02h21m32,0
OPENEJB-545,FALSE,FALSE,Major,436442,05d01h14m02,0
OPENEJB-782,FALSE,FALSE,Major,594576,06d21h09m36,0
OPENEJB-783,TRUE,FALSE,Major,302080,03d11h54m40,0
GERONIMO-623,FALSE,FALSE,Major,51367717,594d12h48m37,0
OPENEJB-786,TRUE,FALSE,Major,2362485,27d08h14m45,1
TOMEE-438,TRUE,FALSE,Major,6408274,74d04h04m34,0
OPENEJB-579,TRUE,FALSE,Major,100,00d00h01m40,0
OPENEJB-955,FALSE,FALSE,Minor,82695975,957d03h06m15,0
TOMEE-433,FALSE,FALSE,Major,117,00d00h01m57,0
TOMEE-432,FALSE,FALSE,Major,158,00d00h02m38,0
TOMEE-437,FALSE,FALSE,Major,6408635,74d04h10m35,0
GERONIMO-355,FALSE,FALSE,Major,13193089,152d16h44m49,0
GERONIMO-359,FALSE,FALSE,Major,13236907,153d04h55m07,0
OPENEJB-1335,FALSE,FALSE,Major,5403,00d01h30m03,0
OPENEJB-1066,TRUE,FALSE,Major,2691,00d00h44m51,0
OPENEJB-1065,TRUE,FALSE,Major,3236,00d00h53m56,0
OPENEJB-1064,FALSE,FALSE,Minor,110,00d00h01m50,0
OPENEJB-1062,TRUE,FALSE,Blocker,1630554,18d20h55m54,0
OPENEJB-1061,FALSE,FALSE,Major,2545088,29d10h58m08,0
OWB-595,FALSE,FALSE,Critical,3191612,36d22h33m32,0
OPENEJB-1069,TRUE,FALSE,Trivial,2488623,28d19h17m03,0
OPENEJB-1331,TRUE,FALSE,Major,60736735,702d23h18m55,0
TOMEE-487,FALSE,FALSE,Major,45,00d00h00m45,0
GERONIMO-715,FALSE,FALSE,Major,560483,06d11h41m23,0
OPENEJB-672,FALSE,FALSE,Major,1176063,13d14h41m03,1
GERONIMO-651,FALSE,FALSE,Major,166500,01d22h15m00,0
OPENEJB-777,TRUE,FALSE,Major,85436,00d23h43m56,0
OPENEJB-472,TRUE,FALSE,Major,1243,00d00h20m43,0
OPENEJB-778,FALSE,FALSE,Blocker,703450,08d03h24m10,0
OPENEJB-1615,FALSE,FALSE,Major,325472,03d18h24m32,0
TOMEE-658,FALSE,FALSE,Major,168,00d00h02m48,1
XBEAN-91,FALSE,FALSE,Major,34542,00d09h35m42,0
TOMEE-652,FALSE,FALSE,Critical,77693,00d21h34m53,0
OPENEJB-390,FALSE,FALSE,Major,3007,00d00h50m07,0
TOMEE-154,FALSE,FALSE,Major,6920653,80d02h24m13,0
TOMEE-155,FALSE,FALSE,Major,14423,00d04h00m23,0
TOMEE-159,FALSE,FALSE,Major,1930368,22d08h12m48,0
OPENEJB-1298,TRUE,FALSE,Major,36631213,423d23h20m13,0
OPENEJB-1299,TRUE,FALSE,Major,27310838,316d02h20m38,0
OPENEJB-1928,FALSE,FALSE,Major,781,00d00h13m01,0
OPENEJB-1923,FALSE,FALSE,Major,35,00d00h00m35,0
OPENEJB-1844,FALSE,FALSE,Major,140,00d00h02m20,0
OPENEJB-1847,FALSE,FALSE,Major,2005679,23d05h07m59,0
OPENEJB-1002,FALSE,FALSE,Major,28835,00d08h00m35,0
OPENEJB-1710,FALSE,FALSE,Major,174,00d00h02m54,0
OPENEJB-706,TRUE,FALSE,Major,6861179,79d09h52m59,0
OPENEJB-601,TRUE,FALSE,Major,5307921,61d10h25m21,0
OPENEJB-607,TRUE,FALSE,Critical,20681750,239d08h55m50,0
OPENEJB-953,FALSE,FALSE,Major,86372,00d23h59m32,0
OPENEJB-952,FALSE,FALSE,Critical,12761,00d03h32m41,0
OPENEJB-951,TRUE,FALSE,Major,1759206,20d08h40m06,0
OPENEJB-956,FALSE,FALSE,Minor,443038,05d03h03m58,0
CXF-2554,FALSE,FALSE,Major,2083547,24d02h45m47,0
OPENEJB-1441,FALSE,FALSE,Major,13311585,154d01h39m45,0
OPENEJB-1336,FALSE,FALSE,Major,13343781,154d10h36m21,0
OPENEJB-1443,TRUE,FALSE,Major,22719709,262d23h01m49,0
TOMEE-483,FALSE,FALSE,Major,57,00d00h00m57,0
OPENEJB-1445,FALSE,FALSE,Major,92610,01d01h43m30,0
OPENEJB-1447,FALSE,FALSE,Major,829897,09d14h31m37,0
OPENEJB-1446,FALSE,FALSE,Major,38609,00d10h43m29,0
GERONIMO-386,FALSE,FALSE,Major,33499600,387d17h26m40,0
GERONIMO-595,FALSE,FALSE,Major,274593,03d04h16m33,0
OPENEJB-1241,FALSE,FALSE,Major,4354,00d01h12m34,0
OPENEJB-1729,TRUE,FALSE,Major,2809525,32d12h25m25,0
TOMEE-38,FALSE,FALSE,Major,45406,00d12h36m46,0
TOMEE-39,TRUE,FALSE,Major,294412,03d09h46m52,0
TOMEE-610,FALSE,FALSE,Major,60,00d00h01m00,0
TOMEE-36,FALSE,FALSE,Major,8700172,100d16h42m52,0
GERONIMO-549,FALSE,FALSE,Minor,2730,00d00h45m30,0
OWB-743,FALSE,FALSE,Major,34932,00d09h42m12,0
OPENEJB-41,TRUE,FALSE,Blocker,38658569,447d10h29m29,0
OPENEJB-42,TRUE,FALSE,Major,38654320,447d09h18m40,0
OPENEJB-1535,FALSE,FALSE,Major,398,00d00h06m38,0
OPENEJB-1537,FALSE,FALSE,Major,10595,00d02h56m35,0
OPENEJB-1536,FALSE,FALSE,Major,9565,00d02h39m25,0
TOMEE-578,FALSE,FALSE,Major,285,00d00h04m45,0
OPENEJB-1439,FALSE,FALSE,Major,48783,00d13h33m03,0
OPENEJB-1533,TRUE,FALSE,Major,4612,00d01h16m52,0
OPENEJB-1532,FALSE,FALSE,Major,5114,00d01h25m14,0
OPENEJB-1435,FALSE,FALSE,Major,4862496,56d06h41m36,0
OPENEJB-1437,FALSE,FALSE,Major,4770793,55d05h13m13,1
OPENEJB-1539,FALSE,FALSE,Major,81747,00d22h42m27,0
OPENEJB-1538,FALSE,FALSE,Major,10567,00d02h56m07,0
TOMEE-475,FALSE,FALSE,Major,29,00d00h00m29,0
TOMEE-451,FALSE,FALSE,Major,90,00d00h01m30,0
OPENEJB-811,FALSE,FALSE,Minor,277,00d00h04m37,0
OPENEJB-1893,TRUE,FALSE,Major,2896677,33d12h37m57,0
GERONIMO-612,FALSE,FALSE,Major,166,00d00h02m46,0
OPENEJB-459,FALSE,FALSE,Major,218,00d00h03m38,0
TOMEE-506,TRUE,FALSE,Major,61131278,707d12h54m38,0
OPENEJB-436,FALSE,FALSE,Major,86,00d00h01m26,0
OPENEJB-437,FALSE,FALSE,Major,627,00d00h10m27,0
OPENEJB-430,TRUE,FALSE,Major,83955,00d23h19m15,0
GERONIMO-369,FALSE,FALSE,Major,9060,00d02h31m00,0
GERONIMO-360,FALSE,FALSE,Major,2791829,32d07h30m29,0
OPENEJB-1091,TRUE,FALSE,Major,53311573,617d00h46m13,0
OPENEJB-1809,TRUE,FALSE,Major,3298474,38d04h14m34,0
OPENEJB-1800,TRUE,TRUE,Major,7481,00d02h04m41,0
OPENEJB-1022,FALSE,FALSE,Major,68008,00d18h53m28,0
OPENEJB-1021,TRUE,FALSE,Major,15096,00d04h11m36,0
OPENEJB-725,FALSE,FALSE,Major,100093,01d03h48m13,0
OPENEJB-1371,TRUE,FALSE,Blocker,2521345,29d04h22m25,1
TOMEE-237,FALSE,FALSE,Major,177688,02d01h21m28,0
OPENEJB-310,FALSE,FALSE,Major,1615,00d00h26m55,0
TOMEE-609,TRUE,FALSE,Major,1565234,18d02h47m14,0
GERONIMO-506,FALSE,FALSE,Major,405513,04d16h38m33,0
GERONIMO-467,TRUE,FALSE,Major,87746,01d00h22m26,0
OPENEJB-1967,FALSE,FALSE,Major,2066,00d00h34m26,0
OPENEJB-1879,FALSE,FALSE,Major,14707,00d04h05m07,0
OPENEJB-1531,FALSE,FALSE,Major,942877,10d21h54m37,0
OPENEJB-1876,TRUE,FALSE,Minor,5320027,61d13h47m07,0
OPENEJB-1978,FALSE,FALSE,Blocker,5174259,59d21h17m39,1
OPENEJB-824,FALSE,FALSE,Major,94409,01d02h13m29,0
OPENEJB-1573,FALSE,FALSE,Major,87,00d00h01m27,0
OPENEJB-1575,FALSE,FALSE,Major,5338359,61d18h52m39,0
OPENEJB-1574,FALSE,FALSE,Major,5354743,61d23h25m43,0
OPENEJB-1577,FALSE,FALSE,Major,72,00d00h01m12,0
OPENEJB-986,FALSE,FALSE,Major,373,00d00h06m13,0
OPENEJB-549,TRUE,FALSE,Major,1145,00d00h19m05,0
OPENEJB-982,FALSE,FALSE,Major,1319,00d00h21m59,0
OPENEJB-1776,TRUE,FALSE,Major,6382773,73d20h59m33,0
OPENEJB-546,TRUE,FALSE,Major,10302981,119d05h56m21,0
OPENEJB-540,FALSE,FALSE,Major,687209,07d22h53m29,0
OPENEJB-989,FALSE,FALSE,Major,10357339,119d21h02m19,0
OPENEJB-1771,FALSE,FALSE,Major,87,00d00h01m27,0
OPENEJB-388,FALSE,FALSE,Major,268,00d00h04m28,0
TOMEE-61,FALSE,FALSE,Major,10915,00d03h01m55,0
GERONIMO-591,TRUE,FALSE,Major,1526,00d00h25m26,0
TOMEE-685,TRUE,FALSE,Major,45847430,530d15h23m50,0
OPENEJB-852,FALSE,FALSE,Minor,154,00d00h02m34,0
OPENEJB-853,FALSE,FALSE,Minor,1499,00d00h24m59,0
OPENEJB-919,FALSE,FALSE,Minor,4420,00d01h13m40,0
GERONIMO-598,TRUE,FALSE,Major,180563,02d02h09m23,1
OPENEJB-999,FALSE,FALSE,Major,74816917,865d22h28m37,0
OPENEJB-997,FALSE,FALSE,Major,1318,00d00h21m58,0
TOMEE-422,TRUE,FALSE,Major,685,00d00h11m25,0
TOMEE-424,TRUE,FALSE,Major,3195,00d00h53m15,0
