BugID, #isArch, #isInduce, #Priority, #TimeSec, #Time, #Reopen
OPENMEETINGS-1513,TRUE,FALSE,Major,4645,00d01h17m25,0
OPENMEETINGS-1758,TRUE,FALSE,Major,11250,00d03h07m30,0
OPENMEETINGS-1511,FALSE,FALSE,Trivial,853937,09d21h12m17,0
OPENMEETINGS-1514,TRUE,FALSE,Major,62862,00d17h27m42,0
OPENMEETINGS-1751,FALSE,FALSE,Critical,133,00d00h02m13,0
OPENMEETINGS-1878,FALSE,FALSE,Critical,5897,00d01h38m17,0
OPENMEETINGS-1753,FALSE,FALSE,Major,79,00d00h01m19,0
OPENMEETINGS-1752,FALSE,FALSE,Major,81,00d00h01m21,0
OPENMEETINGS-1757,FALSE,FALSE,Major,3439,00d00h57m19,0
OPENMEETINGS-1756,TRUE,FALSE,Major,466744,05d09h39m04,1
OPENMEETINGS-1610,FALSE,FALSE,Major,832823,09d15h20m23,0
OPENMEETINGS-1611,TRUE,FALSE,Major,94,00d00h01m34,0
OPENMEETINGS-1599,TRUE,FALSE,Major,37897,00d10h31m37,0
OPENMEETINGS-1598,FALSE,FALSE,Major,30367,00d08h26m07,0
OPENMEETINGS-1616,FALSE,FALSE,Major,68904,00d19h08m24,0
OPENMEETINGS-1820,FALSE,FALSE,Minor,839843,09d17h17m23,1
OPENMEETINGS-1592,FALSE,FALSE,Major,5145,00d01h25m45,0
OPENMEETINGS-1591,FALSE,TRUE,Major,4053,00d01h07m33,0
OPENMEETINGS-1590,FALSE,FALSE,Major,12622,00d03h30m22,0
OPENMEETINGS-1597,FALSE,FALSE,Major,9920,00d02h45m20,0
OPENMEETINGS-1829,TRUE,FALSE,Blocker,62957,00d17h29m17,0
OPENMEETINGS-1594,FALSE,FALSE,Blocker,1869,00d00h31m09,0
OPENMEETINGS-1952,TRUE,FALSE,Critical,3388,00d00h56m28,0
OPENMEETINGS-1898,FALSE,FALSE,Major,4874656,56d10h04m16,0
OPENMEETINGS-1957,TRUE,TRUE,Blocker,344453,03d23h40m53,0
OPENMEETINGS-1479,FALSE,FALSE,Minor,688793,07d23h19m53,0
OPENMEETINGS-1890,TRUE,FALSE,Major,5547677,64d05h01m17,0
OPENMEETINGS-1895,FALSE,FALSE,Minor,48989,00d13h36m29,0
OPENMEETINGS-1698,TRUE,FALSE,Critical,192,00d00h03m12,0
OPENMEETINGS-1699,FALSE,FALSE,Major,91,00d00h01m31,0
OPENMEETINGS-2046,FALSE,FALSE,Major,416,00d00h06m56,0
OPENMEETINGS-1451,FALSE,FALSE,Major,9637459,111d13h04m19,0
OPENMEETINGS-1359,FALSE,FALSE,Minor,544979,06d07h22m59,0
OPENMEETINGS-2041,FALSE,FALSE,Blocker,227758,02d15h15m58,0
OPENMEETINGS-1690,FALSE,FALSE,Blocker,5859,00d01h37m39,0
OPENMEETINGS-1354,TRUE,FALSE,Critical,223,00d00h03m43,0
OPENMEETINGS-1457,TRUE,FALSE,Critical,7552406,87d09h53m26,0
OPENMEETINGS-1693,TRUE,FALSE,Major,81175,00d22h32m55,0
OPENMEETINGS-1351,FALSE,FALSE,Blocker,10438,00d02h53m58,0
OPENMEETINGS-1350,TRUE,FALSE,Major,1519824,17d14h10m24,0
OPENMEETINGS-1697,TRUE,FALSE,Critical,220,00d00h03m40,0
OPENMEETINGS-1504,TRUE,FALSE,Major,73951,00d20h32m31,0
OPENMEETINGS-1505,TRUE,FALSE,Major,3698712,42d19h25m12,0
OPENMEETINGS-1749,TRUE,FALSE,Major,13500,00d03h45m00,0
OPENMEETINGS-1502,TRUE,FALSE,Major,104982,01d05h09m42,1
OPENMEETINGS-1508,FALSE,FALSE,Major,598281,06d22h11m21,0
OPENMEETINGS-1747,FALSE,FALSE,Blocker,1919,00d00h31m59,0
OPENMEETINGS-1665,TRUE,FALSE,Major,378730,04d09h12m10,0
OPENMEETINGS-1930,FALSE,FALSE,Major,630544,07d07h09m04,0
OPENMEETINGS-1666,FALSE,FALSE,Major,5095,00d01h24m55,0
OPENMEETINGS-508,FALSE,FALSE,Minor,113674231,1315d16h10m31,0
OPENMEETINGS-1660,TRUE,FALSE,Major,324,00d00h05m24,0
OPENMEETINGS-1830,TRUE,FALSE,Minor,137320,01d14h08m40,0
OPENMEETINGS-1585,TRUE,FALSE,Critical,349336,04d01h02m16,1
OPENMEETINGS-1586,TRUE,FALSE,Critical,337011,03d21h36m51,0
OPENMEETINGS-1668,TRUE,FALSE,Major,5414,00d01h30m14,0
OPENMEETINGS-1836,TRUE,FALSE,Blocker,2981021,34d12h03m41,0
OPENMEETINGS-1303,FALSE,FALSE,Major,283256,03d06h40m56,0
OPENMEETINGS-1944,FALSE,FALSE,Major,267500,03d02h18m20,0
OPENMEETINGS-1715,TRUE,FALSE,Major,5578,00d01h32m58,0
OPENMEETINGS-1946,FALSE,FALSE,Minor,222803,02d13h53m23,0
OPENMEETINGS-2035,FALSE,FALSE,Major,657916,07d14h45m16,0
OPENMEETINGS-1943,FALSE,FALSE,Blocker,86,00d00h01m26,0
OPENMEETINGS-1724,TRUE,FALSE,Major,292857,03d09h20m57,0
OPENMEETINGS-1949,TRUE,FALSE,Blocker,47254,00d13h07m34,0
OPENMEETINGS-1466,TRUE,FALSE,Major,141,00d00h02m21,0
OPENMEETINGS-1465,FALSE,FALSE,Major,46163,00d12h49m23,0
OPENMEETINGS-1339,FALSE,FALSE,Major,441784,05d02h43m04,0
OPENMEETINGS-1461,FALSE,FALSE,Major,100083,01d03h48m03,0
OPENMEETINGS-1460,TRUE,FALSE,Major,119900,01d09h18m20,0
OPENMEETINGS-1346,FALSE,FALSE,Minor,361262,04d04h21m02,1
OPENMEETINGS-1492,TRUE,FALSE,Major,1125869,13d00h44m29,0
OPENMEETINGS-1344,TRUE,FALSE,Major,3187324,36d21h22m04,0
OPENMEETINGS-1543,TRUE,FALSE,Major,74863,00d20h47m43,0
OPENMEETINGS-1342,FALSE,FALSE,Major,2594098,30d00h34m58,0
OPENMEETINGS-1343,FALSE,FALSE,Major,84447,00d23h27m27,0
OPENMEETINGS-1468,TRUE,FALSE,Major,694275,08d00h51m15,0
OPENMEETINGS-1542,FALSE,FALSE,Major,40,00d00h00m40,0
OPENMEETINGS-1370,FALSE,FALSE,Major,7985372,92d10h09m32,0
OPENMEETINGS-1377,TRUE,FALSE,Critical,338,00d00h05m38,0
OPENMEETINGS-1775,FALSE,TRUE,Major,1801967,20d20h32m47,0
OPENMEETINGS-1774,FALSE,FALSE,Major,174821,02d00h33m41,0
OPENMEETINGS-1773,FALSE,FALSE,Critical,4423,00d01h13m43,0
OPENMEETINGS-1677,TRUE,FALSE,Blocker,434821,05d00h47m01,0
OPENMEETINGS-1675,FALSE,FALSE,Critical,90673,01d01h11m13,0
OPENMEETINGS-1672,FALSE,FALSE,Critical,305,00d00h05m05,0
OPENMEETINGS-1927,FALSE,FALSE,Major,18409,00d05h06m49,0
OPENMEETINGS-1670,TRUE,FALSE,Major,1634521,18d22h02m01,0
OPENMEETINGS-1679,FALSE,FALSE,Blocker,306,00d00h05m06,0
OPENMEETINGS-1981,FALSE,FALSE,Minor,85838,00d23h50m38,0
OPENMEETINGS-2028,FALSE,FALSE,Major,1085703,12d13h35m03,0
OPENMEETINGS-2029,FALSE,FALSE,Major,748289,08d15h51m29,0
OPENMEETINGS-1570,TRUE,FALSE,Major,1001,00d00h16m41,0
OPENMEETINGS-1572,FALSE,FALSE,Major,176,00d00h02m56,0
OPENMEETINGS-1595,TRUE,FALSE,Critical,604448,06d23h54m08,1
OPENMEETINGS-1577,FALSE,FALSE,Blocker,34734,00d09h38m54,0
OPENMEETINGS-1579,TRUE,FALSE,Major,3345,00d00h55m45,0
OPENMEETINGS-1578,TRUE,FALSE,Minor,525460,06d01h57m40,0
OPENMEETINGS-1472,TRUE,FALSE,Blocker,36774,00d10h12m54,0
OPENMEETINGS-1476,FALSE,FALSE,Major,230,00d00h03m50,0
OPENMEETINGS-1491,FALSE,FALSE,Minor,205372,02d09h02m52,0
OPENMEETINGS-1348,FALSE,FALSE,Major,16897,00d04h41m37,0
OPENMEETINGS-1603,FALSE,FALSE,Critical,2627,00d00h43m47,0
OPENMEETINGS-1349,TRUE,FALSE,Minor,1713829,19d20h03m49,0
OPENMEETINGS-1540,FALSE,FALSE,Major,836,00d00h13m56,0
OPENMEETINGS-1487,FALSE,FALSE,Critical,1762,00d00h29m22,0
OPENMEETINGS-1648,FALSE,FALSE,Major,299,00d00h04m59,0
OPENMEETINGS-1764,FALSE,FALSE,Major,772,00d00h12m52,0
OPENMEETINGS-1912,FALSE,FALSE,Major,3920,00d01h05m20,0
OPENMEETINGS-1766,TRUE,FALSE,Major,6516,00d01h48m36,0
OPENMEETINGS-1482,FALSE,FALSE,Major,1101675,12d18h01m15,0
OPENMEETINGS-1643,FALSE,FALSE,Major,8349632,96d15h20m32,0
OPENMEETINGS-1769,TRUE,FALSE,Major,1035226,11d23h33m46,0
OPENMEETINGS-1641,FALSE,TRUE,Major,11791280,136d11h21m20,0
OPENMEETINGS-1640,FALSE,FALSE,Major,5144820,59d13h07m00,0
OPENMEETINGS-1647,TRUE,FALSE,Major,4503521,52d02h58m41,0
OPENMEETINGS-1646,TRUE,FALSE,Major,5128238,59d08h30m38,1
OPENMEETINGS-1850,TRUE,FALSE,Blocker,438954,05d01h55m54,0
OPENMEETINGS-1644,TRUE,FALSE,Major,11022159,127d13h42m39,1
OPENMEETINGS-2017,FALSE,FALSE,Critical,1689265,19d13h14m25,0
OPENMEETINGS-2014,TRUE,FALSE,Major,257204,02d23h26m44,0
OPENMEETINGS-1470,FALSE,FALSE,Major,11083,00d03h04m43,0
OPENMEETINGS-1785,FALSE,FALSE,Major,694929,08d01h02m09,0
OPENMEETINGS-19,FALSE,FALSE,Major,176131158,2038d13h19m18,0
OPENMEETINGS-1562,FALSE,FALSE,Critical,18684,00d05h11m24,0
OPENMEETINGS-1295,FALSE,FALSE,Major,2427309,28d02h15m09,0
OPENMEETINGS-1560,TRUE,FALSE,Critical,16441,00d04h34m01,0
OPENMEETINGS-1914,FALSE,FALSE,Trivial,186036,02d03h40m36,0
OPENMEETINGS-1338,FALSE,FALSE,Blocker,140,00d00h02m20,0
OPENMEETINGS-1564,FALSE,FALSE,Minor,8567,00d02h22m47,0
OPENMEETINGS-2098,TRUE,FALSE,Major,1318,00d00h21m58,0
OPENMEETINGS-1642,FALSE,TRUE,Major,8323507,96d08h05m07,0
OPENMEETINGS-1406,TRUE,FALSE,Critical,199,00d00h03m19,0
OPENMEETINGS-1401,TRUE,FALSE,Major,22228409,257d06h33m29,0
OPENMEETINGS-1299,FALSE,FALSE,Minor,957758,11d02h02m38,0
OPENMEETINGS-1765,TRUE,FALSE,Major,291,00d00h04m51,0
OPENMEETINGS-1399,FALSE,FALSE,Critical,54952,00d15h15m52,0
OPENMEETINGS-1494,FALSE,FALSE,Major,149751,01d17h35m51,0
OPENMEETINGS-1911,TRUE,FALSE,Major,122,00d00h02m02,0
OPENMEETINGS-2088,FALSE,FALSE,Minor,25805,00d07h10m05,0
OPENMEETINGS-1396,TRUE,FALSE,Major,1785,00d00h29m45,0
OPENMEETINGS-1908,FALSE,FALSE,Major,1571,00d00h26m11,0
OPENMEETINGS-1574,TRUE,TRUE,Major,371756,04d07h15m56,1
OPENMEETINGS-1717,TRUE,FALSE,Critical,247590,02d20h46m30,0
OPENMEETINGS-1495,FALSE,FALSE,Trivial,269,00d00h04m29,0
OPENMEETINGS-1711,FALSE,FALSE,Critical,1213,00d00h20m13,0
OPENMEETINGS-1710,TRUE,FALSE,Major,3977,00d01h06m17,0
OPENMEETINGS-1713,FALSE,FALSE,Major,4496,00d01h14m56,0
OPENMEETINGS-1712,FALSE,FALSE,Major,622774,07d04h59m34,1
OPENMEETINGS-1654,FALSE,FALSE,Major,1238,00d00h20m38,0
OPENMEETINGS-1655,FALSE,FALSE,Major,280,00d00h04m40,0
OPENMEETINGS-1657,FALSE,FALSE,Major,15378,00d04h16m18,0
OPENMEETINGS-1719,TRUE,FALSE,Major,151630,01d18h07m10,0
OPENMEETINGS-1718,FALSE,FALSE,Major,891,00d00h14m51,0
OPENMEETINGS-1498,FALSE,FALSE,Major,692205,08d00h16m45,0
OPENMEETINGS-1499,FALSE,FALSE,Major,2049,00d00h34m09,0
OPENMEETINGS-2008,TRUE,FALSE,Major,515439,05d23h10m39,0
OPENMEETINGS-1489,FALSE,FALSE,Critical,396,00d00h06m36,0
OPENMEETINGS-1991,FALSE,FALSE,Major,506144,05d20h35m44,0
OPENMEETINGS-1990,TRUE,FALSE,Major,1196303,13d20h18m23,1
OPENMEETINGS-1310,FALSE,FALSE,Major,507103,05d20h51m43,0
OPENMEETINGS-1555,FALSE,FALSE,Trivial,54507,00d15h08m27,0
OPENMEETINGS-1799,FALSE,FALSE,Major,384,00d00h06m24,0
OPENMEETINGS-1919,TRUE,FALSE,Major,267,00d00h04m27,0
OPENMEETINGS-1317,FALSE,FALSE,Critical,8769,00d02h26m09,0
OPENMEETINGS-1550,TRUE,FALSE,Major,379534,04d09h25m34,0
OPENMEETINGS-1416,TRUE,FALSE,Major,3775052,43d16h37m32,1
OPENMEETINGS-1553,TRUE,FALSE,Major,1316830,15d05h47m10,1
OPENMEETINGS-1414,TRUE,FALSE,Major,202764,02d08h19m24,0
OPENMEETINGS-1323,FALSE,FALSE,Major,748,00d00h12m28,0
OPENMEETINGS-1379,FALSE,FALSE,Blocker,6872,00d01h54m32,0
OPENMEETINGS-1410,TRUE,FALSE,Major,84694,00d23h31m34,0
OPENMEETINGS-1358,TRUE,FALSE,Blocker,13423095,155d08h38m15,0
OPENMEETINGS-1378,FALSE,FALSE,Minor,7622,00d02h07m02,0
OPENMEETINGS-1620,FALSE,FALSE,Major,1742,00d00h29m02,0
OPENMEETINGS-1380,TRUE,FALSE,Critical,54,00d00h00m54,0
OPENMEETINGS-1316,FALSE,FALSE,Major,82298,00d22h51m38,1
OPENMEETINGS-1624,TRUE,FALSE,Minor,56631,00d15h43m51,0
OPENMEETINGS-1384,TRUE,FALSE,Major,2155567,24d22h46m07,0
OPENMEETINGS-1706,FALSE,FALSE,Blocker,198797,02d07h13m17,0
OPENMEETINGS-1355,TRUE,FALSE,Critical,116,00d00h01m56,0
OPENMEETINGS-1979,FALSE,FALSE,Major,2782,00d00h46m22,0
OPENMEETINGS-1703,TRUE,FALSE,Major,79,00d00h01m19,0
OPENMEETINGS-1700,FALSE,FALSE,Blocker,105079,01d05h11m19,0
OPENMEETINGS-1417,TRUE,FALSE,Minor,3525721,40d19h22m01,1
OPENMEETINGS-1509,TRUE,FALSE,Major,2255,00d00h37m35,0
OPENMEETINGS-1801,FALSE,FALSE,Major,300,00d00h05m00,0
OPENMEETINGS-1309,FALSE,FALSE,Major,622,00d00h10m22,0
OPENMEETINGS-533,TRUE,FALSE,Major,138589990,1604d01h13m10,0
OPENMEETINGS-1329,FALSE,FALSE,Major,82990,00d23h03m10,0
OPENMEETINGS-2071,TRUE,FALSE,Major,61627,00d17h07m07,0
OPENMEETINGS-2070,TRUE,FALSE,Major,2586,00d00h43m06,0
OPENMEETINGS-1548,TRUE,FALSE,Major,1031,00d00h17m11,0
OPENMEETINGS-1549,FALSE,FALSE,Blocker,101475,01d04h11m15,0
OPENMEETINGS-1267,FALSE,FALSE,Minor,28520475,330d02h21m15,1
OPENMEETINGS-1987,FALSE,FALSE,Major,830709,09d14h45m09,0
OPENMEETINGS-1988,FALSE,FALSE,Major,1020102,11d19h21m42,0
OPENMEETINGS-1541,TRUE,FALSE,Major,85725,00d23h48m45,0
OPENMEETINGS-1308,FALSE,FALSE,Major,261866,03d00h44m26,0
OPENMEETINGS-1411,TRUE,FALSE,Major,303,00d00h05m03,0
OPENMEETINGS-1546,FALSE,FALSE,Critical,225396,02d14h36m36,0
OPENMEETINGS-1673,FALSE,FALSE,Major,86,00d00h01m26,0
OPENMEETINGS-1434,FALSE,FALSE,Major,133299,01d13h01m39,0
OPENMEETINGS-1638,TRUE,FALSE,Major,10422513,120d15h08m33,0
OPENMEETINGS-1639,TRUE,FALSE,Major,5236608,60d14h36m48,0
OPENMEETINGS-1432,FALSE,FALSE,Major,290,00d00h04m50,0
OPENMEETINGS-1630,TRUE,FALSE,Major,507,00d00h08m27,0
OPENMEETINGS-1631,TRUE,FALSE,Critical,1727,00d00h28m47,0
OPENMEETINGS-1438,FALSE,FALSE,Blocker,567,00d00h09m27,0
OPENMEETINGS-1334,TRUE,FALSE,Critical,775612,08d23h26m52,0
OPENMEETINGS-1900,TRUE,FALSE,Minor,2248087,26d00h28m07,1
OPENMEETINGS-1518,TRUE,FALSE,Trivial,82208,00d22h50m08,0
OPENMEETINGS-1809,FALSE,FALSE,Major,135,00d00h02m15,0
OPENMEETINGS-1732,TRUE,FALSE,Major,5047,00d01h24m07,0
OPENMEETINGS-1731,FALSE,FALSE,Critical,3573,00d00h59m33,0
OPENMEETINGS-1737,TRUE,FALSE,Major,2859080,33d02h11m20,0
OPENMEETINGS-1964,FALSE,FALSE,Major,207,00d00h03m27,0
OPENMEETINGS-1734,FALSE,FALSE,Trivial,855,00d00h14m15,0
OPENMEETINGS-1483,FALSE,FALSE,Major,72864,00d20h14m24,0
OPENMEETINGS-2100,FALSE,FALSE,Major,77,00d00h01m17,0
OPENMEETINGS-1876,FALSE,FALSE,Major,5968244,69d01h50m44,1
OPENMEETINGS-1877,FALSE,FALSE,Blocker,14479,00d04h01m19,0
OPENMEETINGS-1870,TRUE,FALSE,Minor,16247786,188d01h16m26,0
OPENMEETINGS-1563,TRUE,FALSE,Critical,10814,00d03h00m14,0
OPENMEETINGS-1341,FALSE,FALSE,Major,480526,05d13h28m46,0
OPENMEETINGS-2062,FALSE,FALSE,Critical,99,00d00h01m39,0
OPENMEETINGS-1963,FALSE,FALSE,Major,413135,04d18h45m35,0
OPENMEETINGS-1336,FALSE,FALSE,Major,2905,00d00h48m25,0
OPENMEETINGS-1335,FALSE,FALSE,Major,322,00d00h05m22,0
OPENMEETINGS-1297,FALSE,FALSE,Major,321,00d00h05m21,0
OPENMEETINGS-1539,TRUE,FALSE,Major,59,00d00h00m59,0
OPENMEETINGS-1332,FALSE,FALSE,Major,1196436,13d20h20m36,1
OPENMEETINGS-1331,FALSE,FALSE,Critical,4965,00d01h22m45,0
OPENMEETINGS-1330,FALSE,FALSE,Major,4325283,50d01h28m03,0
OPENMEETINGS-1535,TRUE,FALSE,Major,107,00d00h01m47,0
OPENMEETINGS-1534,TRUE,FALSE,Major,26298,00d07h18m18,0
OPENMEETINGS-1347,FALSE,FALSE,Minor,161067,01d20h44m27,0
OPENMEETINGS-1533,TRUE,FALSE,Major,364,00d00h06m04,0
OPENMEETINGS-1532,FALSE,FALSE,Critical,2234,00d00h37m14,0
OPENMEETINGS-2101,FALSE,FALSE,Critical,139519,01d14h45m19,0
OPENMEETINGS-1569,TRUE,FALSE,Major,395,00d00h06m35,0
OPENMEETINGS-1581,TRUE,FALSE,Critical,405906,04d16h45m06,0
OPENMEETINGS-1333,FALSE,FALSE,Critical,1139065,13d04h24m25,0
OPENMEETINGS-1601,TRUE,FALSE,Major,86701,01d00h05m01,0
OPENMEETINGS-1600,FALSE,FALSE,Major,261392,03d00h36m32,1
OPENMEETINGS-1444,TRUE,FALSE,Blocker,2792,00d00h46m32,0
OPENMEETINGS-2102,FALSE,FALSE,Minor,75,00d00h01m15,0
OPENMEETINGS-1561,FALSE,FALSE,Major,17422,00d04h50m22,0
OPENMEETINGS-1725,FALSE,FALSE,Major,33721,00d09h22m01,0
OPENMEETINGS-1726,TRUE,FALSE,Critical,4049,00d01h07m29,0
OPENMEETINGS-1727,TRUE,FALSE,Major,24408,00d06h46m48,0
OPENMEETINGS-1720,TRUE,FALSE,Blocker,170172,01d23h16m12,0
OPENMEETINGS-1486,FALSE,FALSE,Major,148,00d00h02m28,0
OPENMEETINGS-1525,FALSE,FALSE,Minor,100312,01d03h51m52,0
OPENMEETINGS-1547,TRUE,FALSE,Minor,2957322,34d05h28m42,0
OPENMEETINGS-1664,TRUE,FALSE,Blocker,1734498,20d01h48m18,0
OPENMEETINGS-2106,FALSE,FALSE,Minor,57589,00d15h59m49,0
OPENMEETINGS-1784,FALSE,FALSE,Major,213,00d00h03m33,0
OPENMEETINGS-1496,TRUE,FALSE,Critical,262,00d00h04m22,0
OPENMEETINGS-1400,FALSE,FALSE,Minor,70214,00d19h30m14,0
OPENMEETINGS-1686,FALSE,FALSE,Major,7015,00d01h56m55,0
OPENMEETINGS-1443,FALSE,FALSE,Blocker,3829,00d01h03m49,0
OPENMEETINGS-1442,FALSE,FALSE,Blocker,8600,00d02h23m20,0
OPENMEETINGS-2057,FALSE,FALSE,Major,117,00d00h01m57,0
OPENMEETINGS-1682,TRUE,FALSE,Minor,63587,00d17h39m47,0
OPENMEETINGS-2055,TRUE,FALSE,Major,2885313,33d09h28m33,1
OPENMEETINGS-2054,TRUE,FALSE,Major,173951,02d00h19m11,0
OPENMEETINGS-1320,FALSE,FALSE,Major,77802,00d21h36m42,0
OPENMEETINGS-1448,TRUE,FALSE,Critical,86995,01d00h09m55,0
OPENMEETINGS-1524,FALSE,FALSE,Major,2228527,25d19h02m07,1
OPENMEETINGS-1402,FALSE,FALSE,Major,164680,01d21h44m40,0
OPENMEETINGS-1882,FALSE,FALSE,Major,7133746,82d13h35m46,1
OPENMEETINGS-1521,FALSE,FALSE,Major,299225,03d11h07m05,0
