BugID, #isArch, #isInduce, #Priority, #TimeSec, #Time, #Reopen
PHOENIX-2333,FALSE,FALSE,Major,2785,00d00h46m25,0
PHOENIX-2181,FALSE,FALSE,Major,57529,00d15h58m49,0
PHOENIX-2711,FALSE,FALSE,Minor,4678,00d01h17m58,0
PHOENIX-3907,FALSE,FALSE,Major,441379,05d02h36m19,0
PHOENIX-3904,TRUE,FALSE,Major,96533,01d02h48m53,0
PHOENIX-3900,FALSE,FALSE,Major,85668,00d23h47m48,0
PHOENIX-3901,FALSE,FALSE,Major,2013,00d00h33m33,0
PHOENIX-5444,FALSE,FALSE,Trivial,134749,01d13h25m49,0
PHOENIX-3895,FALSE,FALSE,Major,254543,02d22h42m23,0
PHOENIX-2470,FALSE,FALSE,Major,1690149,19d13h29m09,0
PHOENIX-4143,FALSE,FALSE,Major,110845,01d06h47m25,0
PHOENIX-4141,TRUE,FALSE,Major,1277856,14d18h57m36,1
PHOENIX-4669,FALSE,FALSE,Major,1605855,18d14h04m15,0
PHOENIX-4662,TRUE,FALSE,Major,233821,02d16h57m01,0
PHOENIX-4660,TRUE,FALSE,Major,520325,06d00h32m05,0
PHOENIX-4661,FALSE,FALSE,Major,209278,02d10h07m58,1
PHOENIX-2057,FALSE,FALSE,Major,690921,07d23h55m21,0
PHOENIX-2056,TRUE,FALSE,Major,693038,08d00h30m38,0
PHOENIX-2055,FALSE,FALSE,Major,694198,08d00h49m58,0
PHOENIX-2506,FALSE,FALSE,Major,1033,00d00h17m13,0
PHOENIX-3050,TRUE,FALSE,Minor,44765665,518d02h54m25,0
PHOENIX-2111,TRUE,FALSE,Major,156132,01d19h22m12,0
PHOENIX-3054,TRUE,FALSE,Minor,5298266,61d07h44m26,0
PHOENIX-2824,TRUE,FALSE,Major,2428848,28d02h40m48,0
PHOENIX-3759,FALSE,FALSE,Major,1416235,16d09h23m55,0
PHOENIX-3057,FALSE,FALSE,Trivial,171670,01d23h41m10,0
PHOENIX-3757,TRUE,FALSE,Critical,18147887,210d01h04m47,0
PHOENIX-3756,TRUE,FALSE,Major,531610,06d03h40m10,0
PHOENIX-2118,TRUE,FALSE,Major,7445,00d02h04m05,0
PHOENIX-3751,FALSE,FALSE,Major,2466309,28d13h05m09,0
PHOENIX-861,TRUE,FALSE,Minor,9929,00d02h45m29,0
PHOENIX-3112,TRUE,FALSE,Blocker,37580168,434d22h56m08,0
PHOENIX-5084,FALSE,FALSE,Blocker,475316,05d12h01m56,0
PHOENIX-1930,FALSE,FALSE,Critical,173398,02d00h09m58,2
PHOENIX-966,TRUE,FALSE,Major,995985,11d12h39m45,0
PHOENIX-4007,TRUE,FALSE,Major,6740197,78d00h16m37,0
PHOENIX-965,FALSE,FALSE,Major,9010358,104d06h52m38,0
PHOENIX-1976,FALSE,FALSE,Minor,1476896,17d02h14m56,1
PHOENIX-1979,TRUE,FALSE,Major,427647,04d22h47m27,0
PHOENIX-1978,TRUE,FALSE,Major,1786336,20d16h12m16,0
PHOENIX-1872,TRUE,FALSE,Minor,177936,02d01h25m36,0
PHOENIX-1873,TRUE,FALSE,Major,511987,05d22h13m07,0
PHOENIX-991,FALSE,FALSE,Critical,167419,01d22h30m19,0
PHOENIX-4008,TRUE,FALSE,Major,38103646,441d00h20m46,0
PHOENIX-4009,TRUE,FALSE,Major,49202934,569d11h28m54,0
PHOENIX-1401,TRUE,FALSE,Major,90476,01d01h07m56,0
PHOENIX-1400,FALSE,FALSE,Major,20753,00d05h45m53,0
PHOENIX-1403,FALSE,FALSE,Major,30358,00d08h25m58,0
PHOENIX-1402,TRUE,FALSE,Major,254551,02d22h42m31,0
PHOENIX-1405,FALSE,FALSE,Major,237498,02d17h58m18,0
PHOENIX-3522,TRUE,FALSE,Major,250465,02d21h34m25,0
PHOENIX-1407,TRUE,FALSE,Major,229606,02d15h46m46,0
PHOENIX-1406,FALSE,FALSE,Major,27182,00d07h33m02,0
PHOENIX-1408,FALSE,FALSE,Major,2423965,28d01h19m25,0
PHOENIX-2374,TRUE,FALSE,Major,2259772,26d03h42m52,0
PHOENIX-2372,FALSE,FALSE,Major,860260,09d22h57m40,0
PHOENIX-2918,TRUE,FALSE,Major,662,00d00h11m02,0
PHOENIX-2600,FALSE,FALSE,Major,24839,00d06h53m59,0
PHOENIX-2474,FALSE,FALSE,Major,23740017,274d18h26m57,0
PHOENIX-2477,FALSE,FALSE,Critical,184716,02d03h18m36,0
PHOENIX-2919,FALSE,FALSE,Major,1115249,12d21h47m29,0
PHOENIX-2578,FALSE,FALSE,Major,475,00d00h07m55,0
PHOENIX-2579,FALSE,FALSE,Major,403046,04d15h57m26,1
PHOENIX-2575,FALSE,FALSE,Major,4900026,56d17h07m06,1
PHOENIX-2576,FALSE,FALSE,Major,1875,00d00h31m15,0
PHOENIX-2577,FALSE,FALSE,Major,156996,01d19h36m36,0
PHOENIX-2570,TRUE,FALSE,Major,485955,05d14h59m15,0
PHOENIX-2573,FALSE,FALSE,Major,432242,05d00h04m02,0
PHOENIX-2879,FALSE,FALSE,Major,86916,01d00h08m36,0
PHOENIX-1581,TRUE,FALSE,Major,241695,02d19h08m15,0
PHOENIX-2884,TRUE,FALSE,Trivial,609951,07d01h25m51,0
PHOENIX-1586,FALSE,FALSE,Major,50930,00d14h08m50,0
PHOENIX-4441,FALSE,FALSE,Major,53103,00d14h45m03,0
PHOENIX-2871,FALSE,FALSE,Major,614,00d00h10m14,0
PHOENIX-2872,TRUE,FALSE,Major,1026,00d00h17m06,0
PHOENIX-4560,TRUE,FALSE,Major,241919,02d19h11m59,0
PHOENIX-4449,FALSE,FALSE,Critical,173169,02d00h06m09,0
PHOENIX-2887,FALSE,FALSE,Critical,493225,05d17h00m25,0
PHOENIX-2975,FALSE,FALSE,Major,23421416,271d01h56m56,0
PHOENIX-3556,FALSE,FALSE,Critical,24265061,280d20h17m41,0
PHOENIX-4255,FALSE,FALSE,Major,312,00d00h05m12,0
PHOENIX-2602,FALSE,FALSE,Major,2668911,30d21h21m51,1
PHOENIX-1904,FALSE,TRUE,Major,166011,01d22h06m51,0
PHOENIX-4098,TRUE,FALSE,Major,2325,00d00h38m45,0
PHOENIX-911,FALSE,FALSE,Major,1719018,19d21h30m18,0
PHOENIX-2911,TRUE,FALSE,Major,93660,01d02h01m00,0
PHOENIX-44,FALSE,FALSE,Minor,201036,02d07h50m36,0
PHOENIX-1273,TRUE,FALSE,Minor,191577,02d05h12m57,0
PHOENIX-915,FALSE,FALSE,Major,1313547,15d04h52m27,0
PHOENIX-1271,TRUE,FALSE,Major,2371787,27d10h49m47,0
PHOENIX-1575,FALSE,FALSE,Minor,1069219,12d09h00m19,0
PHOENIX-49,FALSE,FALSE,Major,1812764,20d23h32m44,0
PHOENIX-1577,TRUE,FALSE,Major,6702711,77d13h51m51,1
PHOENIX-4095,TRUE,TRUE,Major,24458,00d06h47m38,0
PHOENIX-4094,TRUE,FALSE,Major,395161,04d13h46m01,0
PHOENIX-1573,FALSE,FALSE,Major,88226,01d00h30m26,0
PHOENIX-4096,TRUE,FALSE,Major,3652062,42d06h27m42,0
PHOENIX-1474,FALSE,FALSE,Major,458915,05d07h28m35,0
PHOENIX-1476,TRUE,FALSE,Major,21930,00d06h05m30,0
PHOENIX-1470,FALSE,TRUE,Major,2136291,24d17h24m51,1
PHOENIX-5010,FALSE,FALSE,Major,339307,03d22h15m07,0
PHOENIX-1472,TRUE,FALSE,Major,534673,06d04h31m13,0
PHOENIX-2985,FALSE,FALSE,Major,244867,02d20h01m07,0
PHOENIX-1203,TRUE,FALSE,Major,610248,07d01h30m48,0
PHOENIX-3512,TRUE,FALSE,Major,7256111,83d23h35m11,0
PHOENIX-1478,FALSE,FALSE,Minor,43251754,500d14h22m34,0
PHOENIX-2980,FALSE,FALSE,Major,1957,00d00h32m37,0
PHOENIX-2983,TRUE,FALSE,Major,321839,03d17h23m59,0
PHOENIX-3486,FALSE,FALSE,Major,8294308,95d23h58m28,0
PHOENIX-1355,FALSE,FALSE,Major,361795,04d04h29m55,0
PHOENIX-1391,TRUE,FALSE,Major,9373,00d02h36m13,0
PHOENIX-4699,FALSE,FALSE,Major,591134,06d20h12m14,0
PHOENIX-4698,FALSE,FALSE,Major,1115346,12d21h49m06,0
PHOENIX-1298,FALSE,FALSE,Major,17606,00d04h53m26,0
PHOENIX-37,TRUE,FALSE,Major,1470638,17d00h30m38,0
PHOENIX-1353,FALSE,FALSE,Major,95959,01d02h39m19,0
PHOENIX-1390,TRUE,FALSE,Major,12642,00d03h30m42,0
PHOENIX-4693,FALSE,FALSE,Blocker,39366,00d10h56m06,0
PHOENIX-4692,FALSE,FALSE,Major,3162906,36d14h35m06,0
PHOENIX-4690,TRUE,FALSE,Critical,1217915,14d02h18m35,0
PHOENIX-1359,TRUE,FALSE,Major,134828,01d13h27m08,0
PHOENIX-2059,TRUE,FALSE,Major,1012338,11d17h12m18,0
PHOENIX-4694,FALSE,FALSE,Major,686977,07d22h49m37,0
PHOENIX-2718,FALSE,FALSE,Major,370,00d00h06m10,0
PHOENIX-3789,FALSE,FALSE,Major,283883,03d06h51m23,1
PHOENIX-4140,FALSE,FALSE,Major,183,00d00h03m03,0
PHOENIX-2100,FALSE,FALSE,Major,21064078,243d19h07m58,0
PHOENIX-2657,TRUE,FALSE,Major,638110,07d09h15m10,0
PHOENIX-2656,TRUE,FALSE,Major,289846,03d08h30m46,0
PHOENIX-2659,FALSE,FALSE,Minor,528581,06d02h49m41,0
PHOENIX-3781,FALSE,FALSE,Major,797437,09d05h30m37,0
PHOENIX-2713,FALSE,FALSE,Major,5434,00d01h30m34,0
PHOENIX-3784,TRUE,FALSE,Major,3780277,43d18h04m37,0
PHOENIX-2803,TRUE,FALSE,Major,65312,00d18h08m32,0
PHOENIX-4591,TRUE,FALSE,Major,336819,03d21h33m39,0
PHOENIX-4592,TRUE,FALSE,Major,589375,06d19h42m55,0
PHOENIX-4892,FALSE,FALSE,Minor,1044419,12d02h06m59,0
PHOENIX-5104,TRUE,FALSE,Blocker,21135156,244d14h52m36,1
PHOENIX-4894,FALSE,FALSE,Blocker,4312,00d01h11m52,0
PHOENIX-5106,FALSE,FALSE,Minor,857402,09d22h10m02,0
PHOENIX-1751,TRUE,FALSE,Major,45409520,525d13h45m20,1
PHOENIX-5109,TRUE,FALSE,Major,128126,01d11h35m26,0
PHOENIX-1753,FALSE,FALSE,Major,217441,02d12h24m01,0
PHOENIX-3453,TRUE,FALSE,Major,8833415,102d05h43m35,0
PHOENIX-1755,FALSE,FALSE,Major,1656553,19d04h09m13,0
PHOENIX-4955,FALSE,FALSE,Minor,3645304,42d04h35m04,0
PHOENIX-1757,FALSE,FALSE,Blocker,3648490,42d05h28m10,0
PHOENIX-1206,FALSE,FALSE,Major,195558,02d06h19m18,0
PHOENIX-1610,TRUE,FALSE,Major,154436,01d18h53m56,0
PHOENIX-4384,FALSE,FALSE,Major,213652,02d11h20m52,0
PHOENIX-4387,FALSE,FALSE,Minor,30163,00d08h22m43,0
PHOENIX-3174,TRUE,FALSE,Major,3458014,40d00h33m34,0
PHOENIX-1614,FALSE,FALSE,Major,130916068,1515d05h34m28,0
PHOENIX-1616,FALSE,FALSE,Major,172812,02d00h00m12,0
PHOENIX-4382,TRUE,FALSE,Major,3618366,41d21h06m06,0
PHOENIX-3469,FALSE,FALSE,Major,609553,07d01h19m13,0
PHOENIX-1995,FALSE,FALSE,Major,601058,06d22h57m38,1
PHOENIX-1994,FALSE,FALSE,Major,7095920,82d03h05m20,0
PHOENIX-4389,FALSE,FALSE,Minor,1209178,13d23h52m58,0
PHOENIX-2503,FALSE,FALSE,Blocker,1017568,11d18h39m28,0
PHOENIX-986,FALSE,FALSE,Major,124172,01d10h29m32,0
PHOENIX-3178,FALSE,FALSE,Major,64565843,747d06h57m23,0
PHOENIX-1128,FALSE,FALSE,Major,37856,00d10h30m56,0
PHOENIX-4148,TRUE,FALSE,Major,16395545,189d18h19m05,0
PHOENIX-3540,FALSE,FALSE,Major,522896,06d01h14m56,0
PHOENIX-3399,FALSE,FALSE,Major,3528,00d00h58m48,0
PHOENIX-1141,FALSE,FALSE,Major,632138,07d07h35m38,0
PHOENIX-1122,TRUE,FALSE,Major,39621,00d11h00m21,0
PHOENIX-3396,TRUE,FALSE,Major,539421,06d05h50m21,0
PHOENIX-4871,FALSE,FALSE,Major,33683136,389d20h25m36,0
PHOENIX-4870,TRUE,FALSE,Major,894172,10d08h22m52,0
PHOENIX-4187,TRUE,FALSE,Major,1729788,20d00h29m48,1
PHOENIX-1620,TRUE,FALSE,Major,677507,07d20h11m47,0
PHOENIX-4184,FALSE,FALSE,Major,299,00d00h04m59,0
PHOENIX-4182,FALSE,FALSE,Major,293897,03d09h38m17,0
PHOENIX-4628,FALSE,FALSE,Major,79755,00d22h09m15,0
PHOENIX-4626,FALSE,FALSE,Major,424699,04d21h58m19,0
PHOENIX-4624,FALSE,FALSE,Major,1028250,11d21h37m30,0
PHOENIX-4625,FALSE,FALSE,Major,49909,00d13h51m49,0
PHOENIX-4623,TRUE,FALSE,Major,6644079,76d21h34m39,0
PHOENIX-4189,TRUE,FALSE,Major,499579,05d18h46m19,0
PHOENIX-4188,TRUE,FALSE,Major,315529,03d15h38m49,0
PHOENIX-2624,FALSE,FALSE,Major,1382,00d00h23m02,0
PHOENIX-2625,FALSE,FALSE,Major,205,00d00h03m25,0
PHOENIX-2626,FALSE,FALSE,Major,5148,00d01h25m48,0
PHOENIX-2155,FALSE,FALSE,Minor,1246777,14d10h19m37,0
PHOENIX-2620,FALSE,FALSE,Major,1148217,13d06h56m57,0
PHOENIX-2153,FALSE,FALSE,Major,16730519,193d15h21m59,0
PHOENIX-2622,TRUE,FALSE,Major,89764,01d00h56m04,0
PHOENIX-4742,TRUE,FALSE,Major,109004,01d06h16m44,0
PHOENIX-2254,TRUE,FALSE,Major,2981643,34d12h14m03,0
PHOENIX-2257,FALSE,FALSE,Major,4517343,52d06h49m03,0
PHOENIX-2256,FALSE,FALSE,Major,1877041,21d17h24m01,0
PHOENIX-3098,FALSE,FALSE,Major,537249,06d05h14m09,0
PHOENIX-2629,TRUE,FALSE,Major,267575,03d02h19m35,0
PHOENIX-2252,FALSE,FALSE,Major,4316,00d01h11m56,0
PHOENIX-3304,TRUE,FALSE,Major,114110,01d07h41m50,0
PHOENIX-3877,FALSE,FALSE,Major,22811,00d06h20m11,0
PHOENIX-3307,FALSE,FALSE,Major,94797,01d02h19m57,0
PHOENIX-1696,TRUE,FALSE,Major,49267,00d13h41m07,0
PHOENIX-3870,FALSE,FALSE,Major,775769,08d23h29m29,0
PHOENIX-1110,FALSE,FALSE,Major,6816,00d01h53m36,0
PHOENIX-3652,TRUE,FALSE,Major,271585,03d03h26m25,0
PHOENIX-3719,FALSE,FALSE,Major,1378,00d00h22m58,0
PHOENIX-3462,TRUE,FALSE,Major,4442,00d01h14m02,0
PHOENIX-3308,TRUE,FALSE,Major,77583,00d21h33m03,0
PHOENIX-1053,FALSE,FALSE,Major,15259,00d04h14m19,0
PHOENIX-3878,FALSE,FALSE,Blocker,6829,00d01h53m49,0
PHOENIX-3879,FALSE,FALSE,Major,84771,00d23h32m51,0
PHOENIX-900,TRUE,FALSE,Major,33949442,392d22h24m02,1
PHOENIX-3056,TRUE,FALSE,Minor,162914,01d21h15m14,0
PHOENIX-829,FALSE,FALSE,Major,273116,03d03h51m56,0
PHOENIX-901,TRUE,FALSE,Major,69737,00d19h22m17,0
PHOENIX-1446,TRUE,FALSE,Major,30964,00d08h36m04,0
PHOENIX-4720,TRUE,FALSE,Major,66642,00d18h30m42,0
PHOENIX-3955,TRUE,FALSE,Major,41560239,481d00h30m39,0
PHOENIX-3954,FALSE,FALSE,Minor,5446235,63d00h50m35,0
PHOENIX-106,FALSE,FALSE,Major,90,00d00h01m30,0
PHOENIX-3898,FALSE,FALSE,Blocker,822366,09d12h26m06,0
PHOENIX-3953,TRUE,FALSE,Major,7160715,82d21h05m15,1
PHOENIX-3894,FALSE,FALSE,Major,8092,00d02h14m52,0
PHOENIX-5471,FALSE,FALSE,Minor,78967,00d21h56m07,0
PHOENIX-3896,TRUE,FALSE,Major,500457,05d19h00m57,0
PHOENIX-100,FALSE,FALSE,Major,52,00d00h00m52,0
PHOENIX-3890,FALSE,FALSE,Major,1748046,20d05h34m06,0
PHOENIX-3891,FALSE,FALSE,Critical,450736,05d05h12m16,0
PHOENIX-905,FALSE,FALSE,Minor,2698783,31d05h39m43,0
PHOENIX-4138,TRUE,FALSE,Major,2486838,28d18h47m18,0
PHOENIX-4139,FALSE,FALSE,Minor,16764859,194d00h54m19,0
PHOENIX-1911,FALSE,FALSE,Major,327422,03d18h57m02,0
PHOENIX-897,FALSE,FALSE,Major,18537613,214d13h20m13,0
PHOENIX-4132,FALSE,FALSE,Major,171449,01d23h37m29,0
PHOENIX-2430,TRUE,FALSE,Major,5638317,65d06h11m57,0
PHOENIX-4131,FALSE,FALSE,Major,511986,05d22h13m06,0
PHOENIX-2437,TRUE,FALSE,Major,17234,00d04h47m14,0
PHOENIX-2436,FALSE,FALSE,Blocker,16140,00d04h29m00,0
PHOENIX-2022,FALSE,FALSE,Major,30625,00d08h30m25,0
PHOENIX-2531,FALSE,FALSE,Blocker,7130,00d01h58m50,0
PHOENIX-2533,FALSE,FALSE,Blocker,59702,00d16h35m02,0
PHOENIX-2027,FALSE,FALSE,Major,427808,04d22h50m08,0
PHOENIX-3008,FALSE,FALSE,Minor,204,00d00h03m24,0
PHOENIX-2538,FALSE,FALSE,Major,972996,11d06h16m36,0
PHOENIX-3006,TRUE,FALSE,Major,24193,00d06h43m13,0
PHOENIX-3004,FALSE,FALSE,Major,11732589,135d19h03m09,0
PHOENIX-3002,TRUE,FALSE,Blocker,2076383,24d00h46m23,1
PHOENIX-3001,FALSE,FALSE,Critical,401741,04d15h35m41,0
PHOENIX-3000,TRUE,FALSE,Major,132418,01d12h46m58,0
PHOENIX-4523,FALSE,FALSE,Major,309114,03d13h51m54,0
PHOENIX-4522,TRUE,FALSE,Critical,444320,05d03h25m20,0
PHOENIX-4525,TRUE,FALSE,Major,97137,01d02h58m57,0
PHOENIX-2519,TRUE,FALSE,Major,174855,02d00h34m15,0
PHOENIX-4528,TRUE,FALSE,Major,519060,06d00h11m00,0
PHOENIX-1659,FALSE,FALSE,Major,11999560,138d21h12m40,0
PHOENIX-2011,TRUE,FALSE,Major,3083250,35d16h27m30,0
PHOENIX-1948,FALSE,FALSE,Major,230015,02d15h53m35,0
PHOENIX-1949,FALSE,FALSE,Major,18745634,216d23h07m14,0
PHOENIX-3434,TRUE,FALSE,Major,9574,00d02h39m34,0
PHOENIX-3435,TRUE,FALSE,Major,5165,00d01h26m05,0
HBASE-20940,FALSE,TRUE,Major,2968138,34d08h28m58,1
PHOENIX-3433,TRUE,FALSE,Blocker,25988,00d07h13m08,0
PHOENIX-891,TRUE,FALSE,Major,140534,01d15h02m14,0
PHOENIX-956,TRUE,FALSE,Major,3730434,43d04h13m54,1
PHOENIX-4057,TRUE,FALSE,Major,90905,01d01h15m05,0
PHOENIX-4056,FALSE,FALSE,Major,16599807,192d03h03m27,1
PHOENIX-1944,FALSE,FALSE,Major,956,00d00h15m56,0
PHOENIX-4053,TRUE,FALSE,Major,250657,02d21h37m37,0
PHOENIX-3439,TRUE,FALSE,Blocker,218413,02d12h40m13,1
PHOENIX-1533,FALSE,FALSE,Major,3127738,36d04h48m58,0
PHOENIX-1532,FALSE,FALSE,Major,163322,01d21h22m02,0
PHOENIX-1535,TRUE,FALSE,Major,452829,05d05h47m09,0
PHOENIX-1822,FALSE,FALSE,Major,1826358,21d03h19m18,0
PHOENIX-1537,TRUE,FALSE,Major,4807923,55d15h32m03,1
PHOENIX-1536,TRUE,FALSE,Major,1118220,12d22h37m00,0
PHOENIX-1111,FALSE,FALSE,Major,2733,00d00h45m33,0
PHOENIX-1431,TRUE,FALSE,Critical,1363969,15d18h52m49,0
PHOENIX-1432,TRUE,FALSE,Major,202068,02d08h07m48,0
PHOENIX-1434,FALSE,FALSE,Major,192328,02d05h25m28,0
PHOENIX-1186,TRUE,FALSE,Major,281420,03d06h10m20,0
PHOENIX-1436,TRUE,FALSE,Major,960794,11d02h53m14,0
PHOENIX-4880,FALSE,FALSE,Major,1234464,14d06h54m24,0
PHOENIX-2327,FALSE,FALSE,Major,172586,01d23h56m26,0
PHOENIX-2326,FALSE,FALSE,Major,109010,01d06h16m50,1
PHOENIX-2448,FALSE,FALSE,Major,955012,11d01h16m52,0
PHOENIX-2449,FALSE,FALSE,Major,137174,01d14h06m14,0
PHOENIX-1079,FALSE,FALSE,Major,34343,00d09h32m23,0
PHOENIX-2444,FALSE,FALSE,Minor,183188,02d02h53m08,0
PHOENIX-2446,TRUE,FALSE,Major,5136308,59d10h45m08,0
PHOENIX-2447,TRUE,FALSE,Major,1473382,17d01h16m22,0
PHOENIX-2329,FALSE,FALSE,Major,97908,01d03h11m48,0
PHOENIX-2328,FALSE,FALSE,Major,187133,02d03h58m53,0
PHOENIX-2772,FALSE,FALSE,Major,26921,00d07h28m41,0
HBASE-19417,FALSE,FALSE,Major,191481,02d05h11m21,0
PHOENIX-4795,FALSE,FALSE,Blocker,44722,00d12h25m22,0
PHOENIX-1182,FALSE,FALSE,Major,294184,03d09h43m04,0
PHOENIX-4791,TRUE,FALSE,Major,6799193,78d16h39m53,0
PHOENIX-4415,TRUE,FALSE,Major,705102,08d03h51m42,0
PHOENIX-4414,TRUE,FALSE,Minor,4842255,56d01h04m15,0
PHOENIX-4721,TRUE,FALSE,Major,65795,00d18h16m35,0
PHOENIX-2841,TRUE,FALSE,Major,75228,00d20h53m48,0
PHOENIX-2601,FALSE,FALSE,Major,29685,00d08h14m45,0
PHOENIX-1667,FALSE,FALSE,Minor,2265,00d00h37m45,0
PHOENIX-4551,FALSE,FALSE,Major,19370,00d05h22m50,0
PHOENIX-2846,TRUE,FALSE,Major,163772,01d21h29m32,0
PHOENIX-1795,TRUE,FALSE,Major,145274,01d16h21m14,0
PHOENIX-2926,TRUE,FALSE,Major,6003822,69d11h43m42,1
PHOENIX-1797,TRUE,FALSE,Minor,808,00d00h13m28,0
PHOENIX-2924,FALSE,FALSE,Major,1770911,20d11h55m11,0
PHOENIX-1791,TRUE,FALSE,Minor,11491881,133d00h11m21,0
PHOENIX-1790,FALSE,FALSE,Major,8715,00d02h25m15,0
PHOENIX-2920,FALSE,FALSE,Minor,2162147,25d00h35m47,0
PHOENIX-3503,FALSE,FALSE,Major,7884078,91d06h01m18,0
PHOENIX-4220,TRUE,FALSE,Major,528866,06d02h54m26,0
PHOENIX-3501,FALSE,TRUE,Major,20432287,236d11h38m07,0
PHOENIX-4224,TRUE,FALSE,Blocker,477837,05d12h43m57,0
PHOENIX-4225,FALSE,FALSE,Major,474954,05d11h55m54,0
PHOENIX-1225,FALSE,FALSE,Major,594687,06d21h11m27,0
PHOENIX-12,FALSE,FALSE,Minor,42750,00d11h52m30,0
PHOENIX-5380,FALSE,FALSE,Major,261374,03d00h36m14,0
PHOENIX-4229,TRUE,FALSE,Major,1385788,16d00h56m28,0
PHOENIX-5387,FALSE,FALSE,Blocker,327533,03d18h58m53,0
PHOENIX-2900,TRUE,FALSE,Critical,5910258,68d09h44m18,0
PHOENIX-1545,FALSE,FALSE,Major,4538624,52d12h43m44,0
PHOENIX-1899,FALSE,FALSE,Major,74163,00d20h36m03,0
PHOENIX-3661,FALSE,FALSE,Major,333346,03d20h35m46,0
PHOENIX-2313,TRUE,FALSE,Major,1023224,11d20h13m44,1
PHOENIX-1896,FALSE,FALSE,Minor,6610,00d01h50m10,0
PHOENIX-1642,TRUE,TRUE,Major,3629825,42d00h17m05,0
PHOENIX-1894,FALSE,FALSE,Major,7009,00d01h56m49,0
PHOENIX-1895,FALSE,FALSE,Major,641,00d00h10m41,0
PHOENIX-1368,FALSE,FALSE,Major,539,00d00h08m59,0
PHOENIX-1369,FALSE,FALSE,Major,90596,01d01h09m56,0
PHOENIX-1003,FALSE,FALSE,Major,803590,09d07h13m10,0
PHOENIX-1364,FALSE,FALSE,Major,344201,03d23h36m41,0
PHOENIX-1365,TRUE,FALSE,Major,23442,00d06h30m42,0
PHOENIX-1366,TRUE,FALSE,Major,621134,07d04h32m14,0
PHOENIX-3291,FALSE,FALSE,Major,224036,02d14h13m56,0
PHOENIX-1360,FALSE,FALSE,Minor,289217,03d08h20m17,0
PHOENIX-1361,TRUE,FALSE,Major,16235,00d04h30m35,0
PHOENIX-1362,TRUE,FALSE,Major,5247114,60d17h31m54,0
PHOENIX-4709,TRUE,FALSE,Major,97242,01d03h00m42,0
PHOENIX-4708,TRUE,FALSE,Major,4074,00d01h07m54,0
PHOENIX-2586,TRUE,FALSE,Major,1179,00d00h19m39,0
PHOENIX-2589,FALSE,FALSE,Major,777374,08d23h56m14,0
PHOENIX-4700,TRUE,FALSE,Major,522115,06d01h01m55,0
PHOENIX-4703,TRUE,FALSE,Major,32648162,377d20h56m02,0
PHOENIX-1447,FALSE,FALSE,Major,22911,00d06h21m51,0
PHOENIX-4705,TRUE,FALSE,Major,166191,01d22h09m51,0
PHOENIX-2665,FALSE,FALSE,Blocker,193331,02d05h42m11,0
PHOENIX-4707,FALSE,FALSE,Major,24215,00d06h43m35,0
PHOENIX-4706,FALSE,FALSE,Major,2236300,25d21h11m40,0
PHOENIX-3349,TRUE,FALSE,Major,1138069,13d04h07m49,0
PHOENIX-2213,TRUE,FALSE,Major,390695,04d12h31m35,0
PHOENIX-3063,TRUE,FALSE,Blocker,39087,00d10h51m27,0
PHOENIX-2216,TRUE,FALSE,Major,4746009,54d22h20m09,0
PHOENIX-5156,FALSE,FALSE,Major,9420785,109d00h53m05,0
PHOENIX-3342,TRUE,FALSE,Major,1722701,19d22h31m41,0
PHOENIX-3612,TRUE,FALSE,Major,11569857,133d21h50m57,0
PHOENIX-3613,FALSE,FALSE,Major,40929,00d11h22m09,0
PHOENIX-3346,TRUE,TRUE,Blocker,12838836,148d14h20m36,0
PHOENIX-2748,FALSE,FALSE,Minor,569926,06d14h18m46,0
PHOENIX-1090,FALSE,FALSE,Major,2089568,24d04h26m08,0
PHOENIX-1709,TRUE,FALSE,Major,295420,03d10h03m40,0
PHOENIX-1764,FALSE,FALSE,Major,2060758,23d20h25m58,0
PHOENIX-1097,FALSE,FALSE,Major,1910908,22d02h48m28,0
PHOENIX-1766,FALSE,FALSE,Major,192,00d00h03m12,0
PHOENIX-3189,TRUE,FALSE,Blocker,1336527,15d11h15m27,1
PHOENIX-1647,FALSE,FALSE,Major,49047670,567d16h21m10,0
PHOENIX-1646,TRUE,FALSE,Major,131654,01d12h34m14,0
PHOENIX-1313,TRUE,FALSE,Major,648976,07d12h16m16,0
PHOENIX-1312,TRUE,FALSE,Major,38392523,444d08h35m23,0
PHOENIX-1643,FALSE,FALSE,Major,398525,04d14h42m05,0
PHOENIX-875,FALSE,FALSE,Major,17971,00d04h59m31,0
PHOENIX-1641,TRUE,FALSE,Major,426521,04d22h28m41,0
PHOENIX-3918,TRUE,FALSE,Major,618830,07d03h53m50,0
PHOENIX-4381,TRUE,FALSE,Major,12788,00d03h33m08,0
PHOENIX-2599,TRUE,FALSE,Major,160777,01d20h39m37,0
PHOENIX-2773,FALSE,FALSE,Major,26833,00d07h27m13,0
PHOENIX-3910,FALSE,FALSE,Major,507534,05d20h58m54,0
PHOENIX-3917,FALSE,FALSE,Minor,246506,02d20h28m26,1
PHOENIX-177,TRUE,FALSE,None,12059833,139d13h57m13,0
PHOENIX-4178,TRUE,FALSE,Major,1322324,15d07h18m44,0
PHOENIX-4179,TRUE,FALSE,Major,68422,00d19h00m22,0
PHOENIX-4177,TRUE,FALSE,Major,187,00d00h03m07,0
PHOENIX-1156,FALSE,FALSE,Major,4063,00d01h07m43,0
PHOENIX-4170,TRUE,FALSE,Major,25712,00d07h08m32,0
PHOENIX-4171,FALSE,FALSE,Major,23425,00d06h30m25,0
PHOENIX-4675,FALSE,FALSE,Major,64518,00d17h55m18,0
PHOENIX-2067,TRUE,FALSE,Major,1738579,20d02h56m19,0
PHOENIX-4677,FALSE,FALSE,Blocker,91790,01d01h29m50,0
PHOENIX-2065,FALSE,FALSE,Major,782121,09d01h15m21,0
PHOENIX-4671,TRUE,FALSE,Minor,3434211,39d17h56m51,0
PHOENIX-2063,FALSE,FALSE,Major,1308053,15d03h20m53,0
PHOENIX-2107,FALSE,FALSE,Major,3992,00d01h06m32,0
PHOENIX-4770,TRUE,FALSE,Major,131,00d00h02m11,0
PHOENIX-4678,FALSE,FALSE,Critical,3637170,42d02h19m30,0
PHOENIX-4772,TRUE,FALSE,Major,244338,02d19h52m18,0
PHOENIX-4773,TRUE,FALSE,Major,102889,01d04h34m49,0
PHOENIX-3986,TRUE,FALSE,Major,523553,06d01h25m53,0
PHOENIX-2265,TRUE,FALSE,Major,109384228,1266d00h30m28,0
PHOENIX-89,FALSE,FALSE,Minor,271904,03d03h31m44,0
PHOENIX-3769,FALSE,FALSE,Major,10669747,123d11h49m07,0
PHOENIX-3046,TRUE,FALSE,Minor,6042842,69d22h34m02,0
PHOENIX-3980,FALSE,FALSE,Major,56701,00d15h45m01,0
PHOENIX-3981,FALSE,FALSE,Major,54103,00d15h01m43,0
PHOENIX-3825,TRUE,FALSE,Major,777113,08d23h51m53,0
PHOENIX-3824,TRUE,FALSE,Major,515976,05d23h19m36,0
PHOENIX-3827,FALSE,FALSE,Major,1819735,21d01h28m55,0
PHOENIX-3826,TRUE,FALSE,Minor,1851960,21d10h26m00,0
PHOENIX-1162,FALSE,FALSE,Major,51705,00d14h21m45,0
PHOENIX-3767,FALSE,FALSE,Major,8299657,96d01h27m37,0
PHOENIX-3765,FALSE,FALSE,Major,88046,01d00h27m26,0
PHOENIX-5379,FALSE,FALSE,Major,371384,04d07h09m44,0
PHOENIX-4422,FALSE,FALSE,Major,5905,00d01h38m25,0
PHOENIX-862,FALSE,FALSE,Major,3932315,45d12h18m35,0
PHOENIX-4797,FALSE,FALSE,Major,2457962,28d10h46m02,1
PHOENIX-2086,FALSE,FALSE,Major,16418056,190d00h34m16,0
PHOENIX-2087,FALSE,FALSE,Major,83663,00d23h14m23,0
PHOENIX-2758,TRUE,FALSE,Major,1986253,22d23h44m13,0
PHOENIX-5272,TRUE,FALSE,Major,2077701,24d01h08m21,0
PHOENIX-4010,TRUE,TRUE,Major,21737644,251d14h14m04,1
PHOENIX-4015,TRUE,FALSE,Major,1366,00d00h22m46,0
PHOENIX-1083,TRUE,FALSE,Major,1065451,12d07h57m31,0
PHOENIX-2702,FALSE,FALSE,Major,40638,00d11h17m18,0
PHOENIX-3964,FALSE,FALSE,Major,848478,09d19h41m18,0
PHOENIX-1861,TRUE,FALSE,Major,11513,00d03h11m53,0
PHOENIX-3960,FALSE,FALSE,Major,3121867,36d03h11m07,0
PHOENIX-1865,FALSE,TRUE,Blocker,91101,01d01h18m21,0
PHOENIX-2369,FALSE,FALSE,Major,1391653,16d02h34m13,0
PHOENIX-2368,TRUE,FALSE,Major,5938580,68d17h36m20,0
PHOENIX-872,TRUE,FALSE,Major,18751001,217d00h36m41,1
PHOENIX-2707,TRUE,FALSE,Major,24323,00d06h45m23,0
PHOENIX-2364,TRUE,FALSE,Major,5731495,66d08h04m55,0
PHOENIX-2366,FALSE,FALSE,Major,1444998,16d17h23m18,0
PHOENIX-2401,FALSE,FALSE,Major,671819,07d18h36m59,0
PHOENIX-2402,FALSE,FALSE,Major,1754569,20d07h22m49,0
PHOENIX-3944,TRUE,FALSE,Major,1907750,22d01h55m50,0
PHOENIX-2569,FALSE,FALSE,Blocker,7428,00d02h03m48,0
PHOENIX-2568,FALSE,FALSE,Major,170176,01d23h16m16,0
PHOENIX-2567,FALSE,FALSE,Major,603525,06d23h38m45,0
PHOENIX-2471,TRUE,FALSE,Major,11585,00d03h13m05,0
HBASE-14501,FALSE,TRUE,Critical,1244765,14d09h46m05,0
PHOENIX-2562,FALSE,FALSE,Major,182,00d00h03m02,0
PHOENIX-2560,TRUE,FALSE,Major,49261,00d13h41m01,0
PHOENIX-5188,TRUE,FALSE,Major,75422,00d20h57m02,0
PHOENIX-4519,TRUE,FALSE,Major,23392126,270d17h48m46,0
PHOENIX-2886,TRUE,FALSE,Major,2863345,33d03h22m25,0
PHOENIX-4452,FALSE,FALSE,Blocker,12847,00d03h34m07,0
PHOENIX-1596,TRUE,FALSE,Major,942222,10d21h43m42,0
PHOENIX-4456,FALSE,FALSE,Minor,42373,00d11h46m13,0
PHOENIX-4510,FALSE,FALSE,Major,74329,00d20h38m49,0
PHOENIX-1157,TRUE,FALSE,Major,14542,00d04h02m22,0
PHOENIX-4512,FALSE,FALSE,Blocker,66736,00d18h32m16,0
PHOENIX-4513,FALSE,FALSE,Major,46688197,540d08h56m37,0
PHOENIX-4514,FALSE,FALSE,Minor,738542,08d13h09m02,0
PHOENIX-5111,FALSE,FALSE,Minor,1048661,12d03h17m41,0
PHOENIX-4410,FALSE,FALSE,Major,86,00d00h01m26,0
PHOENIX-1125,TRUE,FALSE,Major,2814,00d00h46m54,0
PHOENIX-3544,FALSE,FALSE,Major,363211,04d04h53m31,0
PHOENIX-4265,TRUE,FALSE,Major,91473,01d01h24m33,0
PHOENIX-2967,TRUE,FALSE,Major,40859,00d11h20m59,0
PHOENIX-4260,TRUE,FALSE,Major,1099,00d00h18m19,0
PHOENIX-3541,FALSE,FALSE,Major,80932739,936d17h18m59,0
PHOENIX-1690,TRUE,FALSE,Major,436133,05d01h08m53,0
PHOENIX-1691,TRUE,FALSE,Major,1570679,18d04h17m59,0
PHOENIX-2968,TRUE,FALSE,Major,2019411,23d08h56m51,0
PHOENIX-3461,TRUE,FALSE,Major,9845026,113d22h43m46,1
PHOENIX-3460,TRUE,FALSE,Major,31119250,360d04h14m10,0
PHOENIX-3463,FALSE,FALSE,Major,4322,00d01h12m02,0
PHOENIX-4269,TRUE,FALSE,Major,1399622,16d04h47m02,0
PHOENIX-57,FALSE,FALSE,Major,94648,01d02h17m28,0
PHOENIX-1916,FALSE,FALSE,Major,6074,00d01h41m14,0
PHOENIX-902,FALSE,FALSE,Major,11654347,134d21h19m07,0
PHOENIX-1778,FALSE,FALSE,Major,355,00d00h05m55,0
PHOENIX-904,FALSE,FALSE,Major,1316,00d00h21m56,0
PHOENIX-1912,FALSE,FALSE,Major,468,00d00h07m48,0
PHOENIX-1267,TRUE,FALSE,Major,109368054,1265d20h00m54,0
PHOENIX-1266,FALSE,FALSE,Major,14045,00d03h54m05,0
PHOENIX-1500,TRUE,FALSE,Major,11675,00d03h14m35,0
PHOENIX-1268,FALSE,FALSE,Major,5272,00d01h27m52,0
PHOENIX-1503,FALSE,FALSE,Minor,2477,00d00h41m17,0
PHOENIX-4068,FALSE,FALSE,Major,2576834,29d19h47m14,0
PHOENIX-1919,FALSE,FALSE,Trivial,5886,00d01h38m06,0
PHOENIX-840,FALSE,FALSE,Major,2149,00d00h35m49,0
PHOENIX-1466,TRUE,FALSE,Major,215633,02d11h53m53,0
PHOENIX-1463,TRUE,FALSE,Minor,263778,03d01h16m18,0
PHOENIX-2319,FALSE,FALSE,Minor,133289,01d13h01m29,0
PHOENIX-2427,TRUE,FALSE,Minor,100783,01d03h59m43,0
PHOENIX-2314,FALSE,FALSE,Major,82846478,958d20h54m38,1
PHOENIX-2315,TRUE,FALSE,Major,5618877,65d00h47m57,0
PHOENIX-2316,TRUE,FALSE,Major,9165562,106d01h59m22,0
PHOENIX-2310,TRUE,FALSE,Major,222894,02d13h54m54,0
PHOENIX-2311,FALSE,FALSE,Minor,9402302,108d19h45m02,0
PHOENIX-1469,TRUE,FALSE,Minor,2870767,33d05h26m07,0
PHOENIX-1468,FALSE,FALSE,Blocker,1323845,15d07h44m05,1
PHOENIX-1323,TRUE,FALSE,Major,1453585,16d19h46m25,0
PHOENIX-1587,FALSE,FALSE,Major,46504,00d12h55m04,0
PHOENIX-1325,FALSE,FALSE,Major,1393841,16d03h10m41,0
PHOENIX-1289,TRUE,FALSE,Major,1054133,12d04h48m53,0
PHOENIX-1288,FALSE,FALSE,Major,44161,00d12h16m01,0
PHOENIX-1287,TRUE,FALSE,Major,17528598,202d21h03m18,0
PHOENIX-1286,TRUE,FALSE,Major,2936115,33d23h35m15,0
PHOENIX-1285,FALSE,FALSE,Major,3975,00d01h06m15,0
PHOENIX-1284,TRUE,FALSE,Major,4700,00d01h18m20,0
PHOENIX-1281,FALSE,FALSE,Major,210624,02d10h30m24,0
PHOENIX-1280,FALSE,FALSE,Major,70884,00d19h41m24,0
PHOENIX-2819,TRUE,FALSE,Major,179489,02d01h51m29,0
PHOENIX-4423,TRUE,FALSE,Critical,12046124,139d10h08m44,0
PHOENIX-2817,FALSE,FALSE,Major,371276,04d07h07m56,0
PHOENIX-3792,FALSE,FALSE,Major,412255,04d18h30m55,0
PHOENIX-2666,TRUE,FALSE,Major,936632,10d20h10m32,1
PHOENIX-876,FALSE,FALSE,Major,56714,00d15h45m14,0
PHOENIX-3797,TRUE,FALSE,Blocker,4135945,47d20h52m25,0
PHOENIX-4429,FALSE,FALSE,Critical,255498,02d22h58m18,0
PHOENIX-4582,FALSE,FALSE,Major,33267,00d09h14m27,0
PHOENIX-4949,FALSE,FALSE,Minor,82764,00d22h59m24,0
PHOENIX-3268,FALSE,FALSE,Major,641535,07d10h12m15,0
PHOENIX-4586,FALSE,FALSE,Critical,167322,01d22h28m42,0
PHOENIX-835,TRUE,FALSE,Major,383546,04d10h32m26,0
PHOENIX-4941,FALSE,FALSE,Major,72914,00d20h15m14,0
PHOENIX-3260,FALSE,FALSE,Major,4056,00d01h07m36,0
PHOENIX-836,FALSE,FALSE,Major,96849,01d02h54m09,0
PHOENIX-4489,TRUE,FALSE,Major,2787427,32d06h17m07,0
PHOENIX-5055,TRUE,FALSE,Critical,2853953,33d00h45m53,0
PHOENIX-1214,TRUE,FALSE,Major,4345536,50d07h05m36,0
PHOENIX-3143,FALSE,FALSE,Major,335,00d00h05m35,0
PHOENIX-20,TRUE,FALSE,Major,16598,00d04h36m38,0
PHOENIX-3141,FALSE,FALSE,Major,1393,00d00h23m13,0
PHOENIX-3494,TRUE,FALSE,Major,30524,00d08h28m44,0
PHOENIX-831,TRUE,FALSE,Major,13028239,150d18h57m19,1
PHOENIX-1605,FALSE,FALSE,Trivial,1442347,16d16h39m07,0
PHOENIX-3497,TRUE,FALSE,Major,23333,00d06h28m53,0
PHOENIX-3498,FALSE,FALSE,Major,55318,00d15h21m58,0
PHOENIX-2013,FALSE,FALSE,Major,8324,00d02h18m44,0
PHOENIX-3148,TRUE,FALSE,Major,1671094,19d08h11m34,0
PHOENIX-3149,FALSE,FALSE,Major,210852,02d10h34m12,0
PHOENIX-839,TRUE,FALSE,Major,4423410,51d04h43m30,0
PHOENIX-1211,TRUE,FALSE,Major,1498437,17d08h13m57,0
PHOENIX-3815,TRUE,FALSE,Major,13121455,151d20h50m55,1
PHOENIX-1137,TRUE,FALSE,Major,438533,05d01h48m53,0
PHOENIX-4849,TRUE,FALSE,Critical,3696499,42d18h48m19,0
PHOENIX-1131,FALSE,FALSE,Major,15623,00d04h20m23,0
PHOENIX-3496,TRUE,FALSE,Major,25209120,291d18h32m00,0
PHOENIX-1133,TRUE,FALSE,Major,801740,09d06h42m20,0
HBASE-16296,FALSE,FALSE,Major,432456,05d00h07m36,0
PHOENIX-1034,TRUE,FALSE,Major,1148,00d00h19m08,0
PHOENIX-4843,FALSE,FALSE,Major,322612,03d17h36m52,0
PHOENIX-1036,TRUE,FALSE,Minor,234397,02d17h06m37,0
PHOENIX-1037,FALSE,FALSE,Major,264919,03d01h35m19,0
PHOENIX-1139,TRUE,FALSE,Major,2878533,33d07h35m33,0
PHOENIX-5388,FALSE,FALSE,Major,732591,08d11h29m51,0
PHOENIX-1032,FALSE,FALSE,Major,1666,00d00h27m46,0
PHOENIX-2874,TRUE,FALSE,Major,240872,02d18h54m32,0
PHOENIX-2697,TRUE,FALSE,Minor,160950,01d20h42m30,0
PHOENIX-1385,FALSE,FALSE,Major,49509,00d13h45m09,0
PHOENIX-1747,FALSE,FALSE,Major,21808,00d06h03m28,0
PHOENIX-4633,FALSE,FALSE,Major,501950,05d19h25m50,0
PHOENIX-2876,TRUE,FALSE,Major,836499,09d16h21m39,0
PHOENIX-4635,FALSE,FALSE,Major,121175,01d09h39m35,0
PHOENIX-4634,FALSE,FALSE,Major,1102266,12d18h11m06,0
PHOENIX-2109,TRUE,FALSE,Major,258561,02d23h49m21,0
PHOENIX-4636,FALSE,FALSE,Major,1745381,20d04h49m41,0
PHOENIX-2141,TRUE,FALSE,Minor,2867306,33d04h28m26,1
PHOENIX-2635,TRUE,FALSE,Major,1631798,18d21h16m38,0
PHOENIX-4733,FALSE,FALSE,Major,12483,00d03h28m03,0
PHOENIX-4734,TRUE,FALSE,Major,68912,00d19h08m32,0
PHOENIX-2518,TRUE,FALSE,Major,93385,01d01h56m25,0
PHOENIX-2631,TRUE,FALSE,Major,1881952,21d18h45m52,0
PHOENIX-2630,TRUE,FALSE,Blocker,213489,02d11h18m09,0
PHOENIX-2149,FALSE,FALSE,Major,3177458,36d18h37m38,0
PHOENIX-4739,FALSE,FALSE,Major,420822,04d20h53m42,0
PHOENIX-3432,FALSE,FALSE,Major,72043,00d20h00m43,0
PHOENIX-1381,FALSE,FALSE,Critical,227223,02d15h07m03,0
PHOENIX-3722,TRUE,FALSE,Major,124143,01d10h29m03,0
PHOENIX-1990,FALSE,FALSE,Major,1195562,13d20h06m02,1
PHOENIX-4946,FALSE,FALSE,Major,180635,02d02h10m35,0
PHOENIX-3865,TRUE,FALSE,Major,698402,08d02h00m02,0
PHOENIX-4289,TRUE,FALSE,Major,1170615,13d13h10m15,0
PHOENIX-3869,TRUE,FALSE,Major,86898,01d00h08m18,0
PHOENIX-1736,FALSE,FALSE,Major,39291,00d10h54m51,0
PHOENIX-4287,TRUE,FALSE,Major,1818281,21d01h04m41,1
PHOENIX-4280,TRUE,FALSE,Major,956393,11d01h39m53,0
PHOENIX-11,TRUE,FALSE,Major,7054987,81d15h43m07,0
PHOENIX-1731,FALSE,FALSE,Major,2150833,24d21h27m13,0
PHOENIX-4283,FALSE,FALSE,Major,672956,07d18h55m56,0
PHOENIX-2720,TRUE,FALSE,Major,1195,00d00h19m55,0
PHOENIX-2949,TRUE,FALSE,Major,2313946,26d18h45m46,0
PHOENIX-3130,TRUE,FALSE,Major,301640,03d11h47m20,0
PHOENIX-2888,FALSE,FALSE,Major,177058,02d01h10m58,0
PHOENIX-5233,TRUE,FALSE,Major,2905837,33d15h10m37,0
PHOENIX-1387,TRUE,FALSE,Major,259979,03d00h12m59,0
PHOENIX-3136,FALSE,FALSE,Blocker,29197,00d08h06m37,0
PHOENIX-2050,FALSE,FALSE,Major,1116455,12d22h07m35,0
PHOENIX-3922,FALSE,FALSE,Major,387,00d00h06m27,0
PHOENIX-2209,TRUE,FALSE,Major,25925715,300d01h35m15,0
PHOENIX-3925,TRUE,FALSE,Major,5055,00d01h24m15,0
PHOENIX-3926,FALSE,FALSE,Major,6587,00d01h49m47,0
PHOENIX-5461,TRUE,FALSE,Major,296748,03d10h25m48,0
PHOENIX-5460,FALSE,FALSE,Major,300164,03d11h22m44,0
PHOENIX-990,FALSE,FALSE,Major,3279619,37d23h00m19,0
PHOENIX-3811,TRUE,TRUE,Major,1466079,16d23h14m39,0
PHOENIX-4124,FALSE,FALSE,Blocker,3471076,40d04h11m16,0
PHOENIX-4126,FALSE,FALSE,Major,263,00d00h04m23,0
PHOENIX-2039,TRUE,FALSE,Major,17859998,206d17h06m38,0
PHOENIX-4122,TRUE,FALSE,Major,86460,01d00h01m00,0
PHOENIX-4644,TRUE,TRUE,Major,4983441,57d16h17m21,0
PHOENIX-4645,FALSE,FALSE,Major,4083223,47d06h13m43,0
PHOENIX-4646,FALSE,FALSE,Major,5402229,62d12h37m09,0
PHOENIX-4647,TRUE,FALSE,Major,13187006,152d15h03m26,0
PHOENIX-4640,FALSE,FALSE,Major,350080,04d01h14m40,0
PHOENIX-4128,FALSE,FALSE,Minor,452615,05d05h43m35,0
PHOENIX-2032,FALSE,FALSE,Blocker,263570,03d01h12m50,0
PHOENIX-2688,FALSE,FALSE,Minor,1857,00d00h30m57,0
PHOENIX-2137,TRUE,FALSE,Major,1858672,21d12h17m52,0
PHOENIX-2527,FALSE,FALSE,Major,175810,02d00h50m10,0
PHOENIX-2131,TRUE,FALSE,Major,79281,00d22h01m21,0
PHOENIX-2525,TRUE,FALSE,Major,1914432,22d03h47m12,0
PHOENIX-2524,FALSE,FALSE,Major,375358,04d08h15m58,0
PHOENIX-2691,TRUE,FALSE,Major,101319,01d04h08m39,0
PHOENIX-2529,FALSE,FALSE,Major,2384852,27d14h27m32,0
PHOENIX-3031,TRUE,FALSE,Major,504,00d00h08m24,0
PHOENIX-2138,FALSE,FALSE,Major,1857620,21d12h00m20,0
PHOENIX-3037,FALSE,FALSE,Major,146693,01d16h44m53,0
PHOENIX-2684,TRUE,FALSE,Major,21024,00d05h50m24,0
PHOENIX-1592,FALSE,FALSE,Major,64481,00d17h54m41,0
PHOENIX-2288,TRUE,FALSE,Major,4405282,50d23h41m22,0
PHOENIX-1798,FALSE,FALSE,Major,145220,01d16h20m20,0
PHOENIX-2289,FALSE,FALSE,Major,38721,00d10h45m21,0
PHOENIX-3421,TRUE,FALSE,Major,614732,07d02h45m32,1
PHOENIX-3420,FALSE,FALSE,Major,5888,00d01h38m08,0
PHOENIX-4343,FALSE,FALSE,Major,179271,02d01h47m51,0
PHOENIX-3422,TRUE,FALSE,Major,498917,05d18h35m17,0
PHOENIX-4345,TRUE,FALSE,Trivial,42234283,488d19h44m43,0
PHOENIX-3424,TRUE,FALSE,Major,102198,01d04h23m18,0
PHOENIX-3427,FALSE,FALSE,Major,939988,10d21h06m28,0
PHOENIX-2287,FALSE,FALSE,Major,432697,05d00h11m37,0
PHOENIX-4349,FALSE,FALSE,Major,336,00d00h05m36,0
PHOENIX-1272,FALSE,FALSE,Major,710036,08d05h13m56,0
PHOENIX-5308,TRUE,FALSE,Major,1545517,17d21h18m37,0
PHOENIX-4024,FALSE,FALSE,Major,51195,00d14h13m15,0
PHOENIX-1956,TRUE,FALSE,Major,31255,00d08h40m55,0
PHOENIX-4027,TRUE,FALSE,Major,3262362,37d18h12m42,1
PHOENIX-2681,FALSE,FALSE,Major,1776,00d00h29m36,0
PHOENIX-881,TRUE,FALSE,Major,28266,00d07h51m06,0
PHOENIX-1429,TRUE,FALSE,Major,257363,02d23h29m23,0
PHOENIX-1428,TRUE,FALSE,Major,36691823,424d16h10m23,0
PHOENIX-3078,FALSE,FALSE,Major,426931,04d22h35m31,0
PHOENIX-1814,FALSE,FALSE,Major,842308,09d17h58m28,0
PHOENIX-1181,TRUE,FALSE,Major,112476,01d07h14m36,0
PHOENIX-1903,FALSE,FALSE,Major,6677,00d01h51m17,0
PHOENIX-1427,FALSE,FALSE,Major,304810,03d12h40m10,0
PHOENIX-1424,FALSE,FALSE,Major,439586,05d02h06m26,0
PHOENIX-2353,FALSE,FALSE,Major,161049,01d20h44m09,0
PHOENIX-2455,TRUE,FALSE,Major,1640230,18d23h37m10,0
PHOENIX-3428,FALSE,FALSE,Major,1477,00d00h24m37,0
PHOENIX-2451,FALSE,FALSE,Major,4370707,50d14h05m07,0
PHOENIX-4468,TRUE,FALSE,Major,169250,01d23h00m50,0
PHOENIX-4785,TRUE,FALSE,Blocker,608977,07d01h09m37,0
PHOENIX-3042,TRUE,FALSE,Major,1486470,17d04h54m30,0
PHOENIX-4786,FALSE,FALSE,Major,77887,00d21h38m07,0
PHOENIX-4789,TRUE,FALSE,Major,25476,00d07h04m36,0
PHOENIX-1908,FALSE,FALSE,Major,661374,07d15h42m54,1
PHOENIX-4465,FALSE,FALSE,Major,294131,03d09h42m11,0
PHOENIX-4466,FALSE,FALSE,Minor,1621637,18d18h27m17,1
PHOENIX-1909,FALSE,FALSE,Major,21044,00d05h50m44,0
PHOENIX-2852,TRUE,FALSE,Major,497192,05d18h06m32,0
PHOENIX-3694,FALSE,FALSE,Major,228787,02d15h33m07,0
PHOENIX-4544,TRUE,FALSE,Major,11998732,138d20h58m52,0
PHOENIX-2857,FALSE,FALSE,Blocker,10399,00d02h53m19,0
PHOENIX-3693,FALSE,FALSE,Major,2168131,25d02h15m31,0
PHOENIX-2855,FALSE,FALSE,Major,3392,00d00h56m32,0
PHOENIX-1338,TRUE,FALSE,Major,926510,10d17h21m50,0
PHOENIX-1001,TRUE,FALSE,Major,1335826,15d11h03m46,0
PHOENIX-2406,FALSE,FALSE,Minor,2237,00d00h37m17,0
PHOENIX-3516,TRUE,FALSE,Major,1707065,19d18h11m05,0
PHOENIX-4230,FALSE,FALSE,Major,95693,01d02h34m53,0
PHOENIX-3698,TRUE,FALSE,Major,97336,01d03h02m16,0
PHOENIX-4548,TRUE,FALSE,Major,180522,02d02h08m42,0
PHOENIX-1258,TRUE,FALSE,Major,289160,03d08h19m20,0
PHOENIX-4335,TRUE,FALSE,Blocker,153014,01d18h30m14,0
PHOENIX-2058,FALSE,FALSE,Major,1727220,19d23h47m00,0
PHOENIX-1395,TRUE,FALSE,Major,1815697,21d00h21m37,0
PHOENIX-1394,TRUE,FALSE,Major,2979946,34d11h45m46,0
PHOENIX-4332,TRUE,FALSE,Major,356655,04d03h04m15,0
PHOENIX-4333,TRUE,FALSE,Major,10371026,120d00h50m26,0
PHOENIX-1250,TRUE,FALSE,Major,419302,04d20h28m22,0
PHOENIX-67,TRUE,FALSE,Major,434544,05d00h42m24,0
PHOENIX-892,TRUE,FALSE,Major,73507,00d20h25m07,0
PHOENIX-1253,TRUE,FALSE,Major,77250,00d21h27m30,0
PHOENIX-62,FALSE,FALSE,Major,1538000,17d19h13m20,0
PHOENIX-63,FALSE,FALSE,Major,5937979,68d17h26m19,0
PHOENIX-60,TRUE,FALSE,Major,876022,10d03h20m22,0
PHOENIX-3109,TRUE,FALSE,Major,79371,00d22h02m51,0
PHOENIX-1885,FALSE,TRUE,Major,24901,00d06h55m01,0
PHOENIX-65,FALSE,FALSE,Major,1456114,16d20h28m34,0
PHOENIX-2274,TRUE,FALSE,Minor,255915,02d23h05m15,0
PHOENIX-1880,TRUE,FALSE,Major,1207344,13d23h22m24,0
PHOENIX-1551,FALSE,FALSE,Blocker,1804050,20d21h07m30,0
PHOENIX-4588,FALSE,FALSE,Major,162653,01d21h10m53,0
PHOENIX-2557,TRUE,FALSE,Major,64805,00d18h00m05,0
PHOENIX-3287,FALSE,FALSE,Minor,2139942,24d18h25m42,0
PHOENIX-3280,FALSE,FALSE,Major,28995,00d08h03m15,0
PHOENIX-1379,FALSE,FALSE,Critical,230219,02d15h56m59,0
PHOENIX-1077,FALSE,FALSE,Major,1309202,15d03h40m02,0
PHOENIX-1078,FALSE,FALSE,Major,19958532,231d00h02m12,0
PHOENIX-1376,FALSE,FALSE,Major,349011,04d00h56m51,0
PHOENIX-1375,FALSE,FALSE,Minor,433,00d00h07m13,0
PHOENIX-1373,FALSE,FALSE,Major,174685,02d00h31m25,0
PHOENIX-1370,TRUE,FALSE,Major,6021,00d01h40m21,0
PHOENIX-122,TRUE,FALSE,Critical,457226,05d07h00m26,0
PHOENIX-1171,TRUE,FALSE,Major,31023,00d08h37m03,0
PHOENIX-121,TRUE,FALSE,Major,111328,01d06h55m28,0
PHOENIX-126,FALSE,FALSE,Major,24895,00d06h54m55,0
PHOENIX-127,FALSE,FALSE,Major,338957,03d22h09m17,0
PHOENIX-3138,TRUE,FALSE,Major,8874,00d02h27m54,0
PHOENIX-4909,FALSE,FALSE,Trivial,3704730,42d21h05m30,0
PHOENIX-2145,TRUE,FALSE,Minor,1672502,19d08h35m02,0
PHOENIX-2671,FALSE,FALSE,Blocker,458532,05d07h22m12,0
PHOENIX-2670,FALSE,FALSE,Blocker,865482,10d00h24m42,0
PHOENIX-9,FALSE,FALSE,Minor,437350,05d01h29m10,0
PHOENIX-2676,TRUE,FALSE,Major,597390,06d21h56m30,0
PHOENIX-131,FALSE,FALSE,Critical,8396,00d02h19m56,0
PHOENIX-2674,TRUE,FALSE,Major,185494,02d03h31m34,1
PHOENIX-3609,TRUE,FALSE,Major,1567443,18d03h24m03,0
PHOENIX-3608,FALSE,FALSE,Major,123422,01d10h17m02,0
PHOENIX-5169,TRUE,FALSE,Major,2818865,32d15h01m05,1
PHOENIX-3603,FALSE,FALSE,Major,8506711,98d10h58m31,1
PHOENIX-1080,TRUE,FALSE,Major,55375,00d15h22m55,0
PHOENIX-3355,TRUE,FALSE,Major,7090127,82d01h28m47,0
PHOENIX-1096,TRUE,FALSE,Major,150533,01d17h48m53,0
PHOENIX-1773,FALSE,FALSE,Major,3180833,36d19h33m53,1
PHOENIX-4933,FALSE,FALSE,Major,244735,02d19h58m55,0
PHOENIX-3374,FALSE,FALSE,Major,1371988,15d21h06m28,0
PHOENIX-849,FALSE,FALSE,Major,58777,00d16h19m37,0
PHOENIX-2279,FALSE,FALSE,Major,10929700,126d12h01m40,0
PHOENIX-4935,FALSE,FALSE,Major,315801,03d15h43m21,0
PHOENIX-1672,FALSE,FALSE,Major,291930,03d09h05m30,0
PHOENIX-846,TRUE,FALSE,Critical,381644,04d10h00m44,0
PHOENIX-1676,TRUE,FALSE,Major,2501238,28d22h47m18,0
PHOENIX-1677,TRUE,FALSE,Major,1622384,18d18h39m44,0
PHOENIX-843,TRUE,FALSE,Major,125796,01d10h56m36,0
PHOENIX-1098,TRUE,FALSE,Major,4175606,48d07h53m26,0
PHOENIX-1109,TRUE,FALSE,Major,1323733,15d07h42m13,0
PHOENIX-1104,FALSE,FALSE,Minor,7407,00d02h03m27,0
PHOENIX-4214,FALSE,FALSE,Major,1280058,14d19h34m18,0
PHOENIX-1100,TRUE,FALSE,Major,82797,00d22h59m57,0
PHOENIX-1357,TRUE,FALSE,Major,112496,01d07h14m56,0
PHOENIX-1102,TRUE,FALSE,Critical,269208,03d02h46m48,0
PHOENIX-4169,TRUE,FALSE,Critical,541280,06d06h21m20,0
PHOENIX-1356,FALSE,FALSE,Major,456002,05d06h40m02,0
PHOENIX-3363,FALSE,FALSE,Minor,2031,00d00h33m51,0
PHOENIX-920,FALSE,FALSE,Major,258598,02d23h49m58,0
PHOENIX-2588,TRUE,FALSE,Major,66158,00d18h22m38,0
PHOENIX-2480,TRUE,FALSE,Minor,79135,00d21h58m55,0
PHOENIX-5342,FALSE,FALSE,Blocker,57197,00d15h53m17,0
PHOENIX-4162,TRUE,FALSE,Major,20424,00d05h40m24,0
PHOENIX-4165,TRUE,FALSE,Major,258078,02d23h41m18,0
PHOENIX-4166,FALSE,FALSE,Major,1464964,16d22h56m04,0
PHOENIX-4600,TRUE,FALSE,Blocker,5781969,66d22h06m09,0
PHOENIX-4601,TRUE,FALSE,Major,5780775,66d21h46m15,0
PHOENIX-2073,TRUE,FALSE,Major,145574,01d16h26m14,0
PHOENIX-4603,TRUE,FALSE,Major,7880,00d02h11m20,0
PHOENIX-2075,TRUE,FALSE,Major,564479,06d12h47m59,0
PHOENIX-4605,TRUE,FALSE,Major,5042210,58d08h36m50,0
PHOENIX-4769,TRUE,FALSE,Trivial,2228,00d00h37m08,0
PHOENIX-2112,FALSE,FALSE,Major,110447,01d06h40m47,0
PHOENIX-2878,TRUE,FALSE,Major,71621,00d19h53m41,0
PHOENIX-2171,TRUE,FALSE,Critical,473226,05d11h27m06,0
PHOENIX-3075,FALSE,FALSE,Major,833673,09d15h34m33,0
PHOENIX-3072,TRUE,FALSE,Major,5429170,62d20h06m10,0
PHOENIX-4762,TRUE,FALSE,Major,93559,01d01h59m19,0
PHOENIX-3070,FALSE,FALSE,Minor,426604,04d22h30m04,0
PHOENIX-2177,TRUE,FALSE,Major,72473,00d20h07m53,0
PHOENIX-3991,TRUE,FALSE,Major,33458227,387d05h57m07,0
PHOENIX-2276,TRUE,FALSE,Major,23803138,275d11h58m58,0
PHOENIX-1571,FALSE,FALSE,Major,301,00d00h05m01,0
PHOENIX-3994,TRUE,FALSE,Critical,4046351,46d19h59m11,1
PHOENIX-3997,FALSE,FALSE,Major,1572487,18d04h48m07,0
PHOENIX-4809,TRUE,FALSE,Major,87934,01d00h25m34,0
PHOENIX-3850,FALSE,FALSE,Minor,554320,06d09h58m40,0
PHOENIX-1173,FALSE,FALSE,Major,5834618,67d12h43m38,0
PHOENIX-1172,FALSE,FALSE,Major,243592,02d19h39m52,0
PHOENIX-1644,TRUE,FALSE,Major,341671,03d22h54m31,0
PHOENIX-1174,TRUE,FALSE,Major,14804,00d04h06m44,0
PHOENIX-3856,FALSE,FALSE,Minor,30918256,357d20h24m16,0
PHOENIX-1176,TRUE,FALSE,Major,8254,00d02h17m34,0
PHOENIX-5269,TRUE,FALSE,Critical,3922197,45d09h29m57,0
PHOENIX-2099,TRUE,FALSE,Major,884470,10d05h41m10,0
PHOENIX-2746,TRUE,FALSE,Major,1137327,13d03h55m27,0
PHOENIX-2689,TRUE,FALSE,Minor,74949,00d20h49m09,0
PHOENIX-5264,TRUE,FALSE,Minor,586457,06d18h54m17,0
PHOENIX-5266,TRUE,FALSE,Blocker,684453,07d22h07m33,0
PHOENIX-5348,FALSE,FALSE,Critical,5378346,62d05h59m06,0
PHOENIX-1358,FALSE,FALSE,Critical,477113,05d12h31m53,0
PHOENIX-1856,TRUE,FALSE,Major,1420912,16d10h41m52,1
PHOENIX-1570,TRUE,FALSE,Critical,1075802,12d10h50m02,0
PHOENIX-123,TRUE,FALSE,Major,10836,00d03h00m36,0
PHOENIX-863,FALSE,FALSE,Major,547,00d00h09m07,0
PHOENIX-3978,TRUE,FALSE,Major,1293465,14d23h17m45,0
PHOENIX-1293,FALSE,FALSE,Critical,394687,04d13h38m07,0
PHOENIX-3240,FALSE,FALSE,Major,3404447,39d09h40m47,0
PHOENIX-3971,FALSE,FALSE,Major,508690,05d21h18m10,0
PHOENIX-1498,TRUE,FALSE,Major,770455,08d22h00m55,0
PHOENIX-2396,TRUE,FALSE,Major,66311,00d18h25m11,0
PHOENIX-5411,FALSE,FALSE,Major,195777,02d06h22m57,0
PHOENIX-4118,FALSE,FALSE,Major,1459,00d00h24m19,0
PHOENIX-1397,FALSE,FALSE,Major,372551,04d07h29m11,0
PHOENIX-1733,FALSE,FALSE,Major,3241233,37d12h20m33,0
PHOENIX-3221,FALSE,FALSE,Major,2581593,29d21h06m33,0
PHOENIX-2399,TRUE,FALSE,Major,58443,00d16h14m03,0
PHOENIX-2239,TRUE,FALSE,Major,948428,10d23h27m08,0
PHOENIX-2413,TRUE,FALSE,Major,1888,00d00h31m28,0
PHOENIX-2005,TRUE,FALSE,Major,430384,04d23h33m04,2
PHOENIX-2558,TRUE,FALSE,Major,63414,00d17h36m54,0
PHOENIX-2559,TRUE,FALSE,Major,81975,00d22h46m15,0
PHOENIX-1047,FALSE,FALSE,Major,4725173,54d16h32m53,0
PHOENIX-2414,TRUE,FALSE,Major,1586,00d00h26m26,0
PHOENIX-2552,TRUE,FALSE,Major,1976760,22d21h06m00,0
PHOENIX-2550,FALSE,FALSE,Major,156350,01d19h25m50,0
PHOENIX-2418,TRUE,FALSE,Major,416329,04d19h38m49,0
PHOENIX-2556,TRUE,FALSE,Major,141752,01d15h22m32,0
PHOENIX-3614,FALSE,FALSE,Major,533176,06d04h06m16,0
PHOENIX-2555,FALSE,FALSE,Major,66408,00d18h26m48,0
PHOENIX-1917,TRUE,FALSE,Minor,2774,00d00h46m14,0
PHOENIX-2894,TRUE,FALSE,Major,705679,08d04h01m19,0
PHOENIX-1147,TRUE,FALSE,Major,268169,03d02h29m29,0
PHOENIX-2892,TRUE,FALSE,Major,2415486,27d22h58m06,0
PHOENIX-3855,TRUE,FALSE,Major,2373,00d00h39m33,0
PHOENIX-3452,TRUE,FALSE,Major,1108001,12d19h46m41,1
PHOENIX-2955,FALSE,FALSE,Major,96954,01d02h55m54,0
PHOENIX-2952,FALSE,FALSE,Major,1952834,22d14h27m14,1
PHOENIX-2899,FALSE,FALSE,Minor,2251620,26d01h27m00,0
PHOENIX-2898,FALSE,FALSE,Minor,2324963,26d21h49m23,0
PHOENIX-4379,TRUE,FALSE,Major,19528,00d05h25m28,0
PHOENIX-3553,FALSE,FALSE,Major,1266106,14d15h41m46,0
PHOENIX-4272,FALSE,FALSE,Major,278,00d00h04m38,0
PHOENIX-3610,TRUE,FALSE,Major,1590394,18d09h46m34,0
PHOENIX-4277,TRUE,TRUE,Major,2228746,25d19h05m46,0
PHOENIX-2658,FALSE,FALSE,Minor,532952,06d04h02m32,0
PHOENIX-4370,FALSE,FALSE,Major,22376603,258d23h43m23,0
PHOENIX-1682,TRUE,FALSE,Major,5538668,64d02h31m08,1
PHOENIX-1680,FALSE,FALSE,Major,3565439,41d06h23m59,0
PHOENIX-3414,TRUE,FALSE,Major,1164,00d00h19m24,0
PHOENIX-1686,TRUE,FALSE,Minor,3464184,40d02h16m24,0
PHOENIX-3416,TRUE,FALSE,Major,565012,06d12h56m52,0
PHOENIX-3417,TRUE,FALSE,Minor,83289,00d23h08m09,0
PHOENIX-5290,TRUE,FALSE,Major,4906287,56d18h51m27,1
PHOENIX-5291,FALSE,FALSE,Critical,108586,01d06h09m46,0
PHOENIX-4074,FALSE,FALSE,Major,21893,00d06h04m53,0
PHOENIX-4073,FALSE,FALSE,Major,40170,00d11h09m30,0
PHOENIX-930,TRUE,FALSE,Major,74786375,865d13h59m35,1
PHOENIX-4071,FALSE,FALSE,Major,40861,00d11h21m01,0
PHOENIX-4070,TRUE,FALSE,Major,43451,00d12h04m11,0
PHOENIX-2714,FALSE,FALSE,Major,3333782,38d14h03m02,0
PHOENIX-1226,TRUE,FALSE,Major,422201,04d21h16m41,0
PHOENIX-938,TRUE,FALSE,Major,8471050,98d01h04m10,0
PHOENIX-1213,TRUE,FALSE,Major,1383114,16d00h11m54,0
PHOENIX-5486,FALSE,FALSE,Blocker,158754,01d20h05m54,0
PHOENIX-1456,TRUE,FALSE,Major,875899,10d03h18m19,0
PHOENIX-1457,TRUE,FALSE,Major,11743222,135d22h00m22,0
PHOENIX-2309,FALSE,FALSE,Major,136016,01d13h46m56,0
PHOENIX-3223,FALSE,FALSE,Major,13022,00d03h37m02,0
PHOENIX-2096,TRUE,FALSE,Major,541855,06d06h30m55,0
PHOENIX-2304,TRUE,FALSE,Major,1478931,17d02h48m51,0
PHOENIX-2303,FALSE,FALSE,Minor,4267917,49d09h31m57,1
PHOENIX-2301,FALSE,FALSE,Major,5271557,61d00h19m17,0
PHOENIX-1765,TRUE,FALSE,Major,2077078,24d00h57m58,0
PHOENIX-1330,FALSE,FALSE,Major,688758,07d23h19m18,0
PHOENIX-1337,TRUE,FALSE,Critical,204373,02d08h46m13,0
PHOENIX-1649,FALSE,FALSE,Major,15103,00d04h11m43,0
PHOENIX-61,FALSE,FALSE,Major,1112642,12d21h04m02,0
PHOENIX-86,TRUE,FALSE,Major,18145,00d05h02m25,0
PHOENIX-87,TRUE,FALSE,Major,1002,00d00h16m42,0
PHOENIX-81,TRUE,FALSE,Major,3164,00d00h52m44,0
PHOENIX-2828,FALSE,FALSE,Minor,753,00d00h12m33,0
PHOENIX-2397,FALSE,FALSE,Major,63422,00d17h37m02,0
PHOENIX-2732,FALSE,FALSE,Major,1362,00d00h22m42,0
PHOENIX-2733,TRUE,FALSE,Minor,12578,00d03h29m38,0
PHOENIX-2730,FALSE,FALSE,Major,520,00d00h08m40,0
PHOENIX-2731,FALSE,FALSE,Major,7499,00d02h04m59,0
PHOENIX-5126,FALSE,FALSE,Major,30098,00d08h21m38,0
PHOENIX-3375,FALSE,FALSE,Major,1661773,19d05h36m13,0
PHOENIX-2820,FALSE,FALSE,Major,273373,03d03h56m13,0
PHOENIX-5123,FALSE,FALSE,Major,161248,01d20h47m28,0
PHOENIX-4439,FALSE,FALSE,Trivial,11025,00d03h03m45,0
PHOENIX-4438,FALSE,FALSE,Major,123075,01d10h11m15,0
PHOENIX-3524,TRUE,FALSE,Major,1082286,12d12h38m06,0
PHOENIX-3254,TRUE,FALSE,Major,1830734,21d04h32m14,0
PHOENIX-4207,FALSE,FALSE,Minor,76598,00d21h16m38,0
PHOENIX-3159,TRUE,FALSE,Major,4867394,56d08h03m14,0
PHOENIX-4201,TRUE,FALSE,Major,96456,01d02h47m36,0
PHOENIX-4202,FALSE,FALSE,Major,88407,01d00h33m27,0
PHOENIX-4971,TRUE,FALSE,Major,3730461,43d04h14m21,1
PHOENIX-1315,TRUE,FALSE,Major,271248,03d03h20m48,0
PHOENIX-1634,TRUE,TRUE,Major,1085572,12d13h32m52,1
PHOENIX-3156,FALSE,FALSE,Blocker,15083,00d04h11m23,0
PHOENIX-4209,TRUE,FALSE,Major,128627,01d11h43m47,0
PHOENIX-3152,FALSE,FALSE,Major,100805,01d04h00m05,0
PHOENIX-3482,FALSE,FALSE,Major,156276,01d19h24m36,0
PHOENIX-3481,TRUE,FALSE,Major,72591,00d20h09m51,0
PHOENIX-32,TRUE,FALSE,Minor,76501,00d21h15m01,0
PHOENIX-3487,TRUE,FALSE,Major,9447,00d02h37m27,0
HBASE-19134,FALSE,FALSE,Major,3319987,38d10h13m07,0
PHOENIX-3485,TRUE,FALSE,Major,64506,00d17h55m06,0
PHOENIX-3484,FALSE,FALSE,Major,262631,03d00h57m11,0
PHOENIX-38,TRUE,FALSE,Major,282764,03d06h32m44,0
PHOENIX-2387,FALSE,FALSE,Minor,1286891,14d21h28m11,1
PHOENIX-2749,FALSE,FALSE,Major,984,00d00h16m24,0
PHOENIX-1208,TRUE,FALSE,Minor,288899,03d08h14m59,0
PHOENIX-1140,TRUE,FALSE,Major,690959,07d23h55m59,0
PHOENIX-3806,TRUE,FALSE,Major,1474450,17d01h34m10,0
PHOENIX-1143,FALSE,FALSE,Major,348056,04d00h40m56,0
PHOENIX-1028,TRUE,FALSE,Major,212523,02d11h02m03,0
PHOENIX-1146,TRUE,FALSE,Major,122787,01d10h06m27,0
PHOENIX-3800,FALSE,FALSE,Major,1261206,14d14h20m06,0
PHOENIX-2915,TRUE,FALSE,Major,2327306,26d22h28m26,0
PHOENIX-1149,FALSE,FALSE,Major,37110,00d10h18m30,0
PHOENIX-4859,TRUE,FALSE,Major,4232444,48d23h40m44,1
PHOENIX-3275,FALSE,FALSE,Minor,901,00d00h15m01,0
PHOENIX-4377,FALSE,FALSE,Major,70739,00d19h38m59,0
PHOENIX-3726,FALSE,FALSE,Blocker,124716,01d10h38m36,0
PHOENIX-119,TRUE,FALSE,Major,236060,02d17h34m20,0
PHOENIX-118,TRUE,FALSE,Major,203870,02d08h37m50,0
PHOENIX-43,TRUE,FALSE,Major,2132,00d00h35m32,0
PHOENIX-2728,TRUE,FALSE,Blocker,57093,00d15h51m33,0
PHOENIX-113,TRUE,FALSE,Major,13026,00d03h37m06,0
PHOENIX-110,FALSE,FALSE,Major,69866,00d19h24m26,0
PHOENIX-4238,FALSE,FALSE,Major,260043,03d00h14m03,0
PHOENIX-116,FALSE,FALSE,Major,227705,02d15h15m05,0
PHOENIX-114,TRUE,FALSE,Major,2028,00d00h33m48,0
PHOENIX-4723,FALSE,FALSE,Major,1976809,22d21h06m49,0
PHOENIX-4488,TRUE,FALSE,Major,1827939,21d03h45m39,0
PHOENIX-2238,TRUE,FALSE,Major,989131,11d10h45m31,1
PHOENIX-2621,FALSE,FALSE,Major,49298,00d13h41m38,1
PHOENIX-2612,FALSE,FALSE,Major,143384,01d15h49m44,0
PHOENIX-3176,FALSE,FALSE,Major,54463597,630d08h46m37,1
PHOENIX-2608,FALSE,FALSE,Major,105966,01d05h26m06,0
PHOENIX-4728,FALSE,FALSE,Major,1475944,17d01h59m04,0
PHOENIX-4487,FALSE,FALSE,Major,448934,05d04h42m14,0
PHOENIX-18,TRUE,FALSE,Major,419597,04d20h33m17,1
PHOENIX-2007,TRUE,FALSE,Major,831358,09d14h55m58,0
PHOENIX-2667,TRUE,FALSE,Major,430548,04d23h35m48,0
PHOENIX-1703,FALSE,FALSE,Major,1363026,15d18h37m06,0
PHOENIX-3328,TRUE,FALSE,Minor,2704967,31d07h22m47,0
PHOENIX-5136,TRUE,FALSE,Major,16814567,194d14h42m47,0
PHOENIX-4292,FALSE,FALSE,Major,169665,01d23h07m45,0
PHOENIX-1704,TRUE,FALSE,Major,1010603,11d16h43m23,0
PHOENIX-4290,TRUE,FALSE,Major,1251556,14d11h39m16,0
PHOENIX-3128,TRUE,FALSE,Major,401292,04d15h28m12,0
PHOENIX-5225,FALSE,TRUE,Major,3544512,41d00h35m12,0
PHOENIX-2072,TRUE,FALSE,Major,142963,01d15h42m43,0
PHOENIX-5226,TRUE,FALSE,Critical,1379650,15d23h14m10,0
PHOENIX-3170,FALSE,FALSE,Major,2991979,34d15h06m19,0
PHOENIX-2194,TRUE,FALSE,Major,1641659,19d00h00m59,0
PHOENIX-2195,FALSE,FALSE,Major,13401618,155d02h40m18,0
PHOENIX-2818,TRUE,FALSE,Major,3518073,40d17h14m33,0
PHOENIX-4505,FALSE,FALSE,Major,14105342,163d06h09m02,0
PHOENIX-5455,TRUE,FALSE,Blocker,784494,09d01h54m54,0
PHOENIX-53,TRUE,FALSE,Major,1565461,18d02h51m01,1
PHOENIX-951,FALSE,FALSE,Minor,687452,07d22h57m32,0
PHOENIX-981,FALSE,FALSE,Major,7359900,85d04h25m00,0
PHOENIX-1404,FALSE,FALSE,Major,169941,01d23h12m21,1
PHOENIX-4233,TRUE,FALSE,Major,53088,00d14h44m48,0
PHOENIX-3938,TRUE,FALSE,Major,1900487,21d23h54m47,0
PHOENIX-3937,FALSE,FALSE,Major,12086,00d03h21m26,0
PHOENIX-2419,TRUE,FALSE,Major,5876278,68d00h17m58,0
PHOENIX-3279,TRUE,FALSE,Major,499196,05d18h39m56,0
PHOENIX-3532,FALSE,FALSE,Major,477087,05d12h31m27,0
PHOENIX-4150,TRUE,FALSE,Critical,618795,07d03h53m15,0
PHOENIX-4151,TRUE,FALSE,Major,368562,04d06h22m42,0
PHOENIX-4152,FALSE,FALSE,Major,23126,00d06h25m26,0
PHOENIX-4153,FALSE,FALSE,Major,14980,00d04h09m40,0
PHOENIX-4155,TRUE,FALSE,Major,246,00d00h04m06,0
PHOENIX-4659,TRUE,FALSE,Major,528203,06d02h43m23,0
PHOENIX-4658,TRUE,FALSE,Major,2228809,25d19h06m49,0
PHOENIX-2040,FALSE,FALSE,Major,34299,00d09h31m39,0
PHOENIX-4159,FALSE,FALSE,Major,707352,08d04h29m12,0
PHOENIX-4655,FALSE,FALSE,Major,622402,07d04h53m22,0
PHOENIX-2515,FALSE,FALSE,Major,148568,01d17h16m08,0
PHOENIX-4653,FALSE,FALSE,Major,2429249,28d02h47m29,0
PHOENIX-864,FALSE,FALSE,Minor,3490,00d00h58m10,0
PHOENIX-2510,FALSE,FALSE,Major,445018,05d03h36m58,0
PHOENIX-985,FALSE,FALSE,Minor,187,00d00h03m07,0
PHOENIX-3025,FALSE,FALSE,Blocker,960041,11d02h40m41,1
PHOENIX-3027,TRUE,FALSE,Major,335202,03d21h06m42,0
PHOENIX-2696,FALSE,FALSE,Minor,83088,00d23h04m48,0
PHOENIX-3021,FALSE,FALSE,Critical,1796621,20d19h03m41,0
PHOENIX-3020,FALSE,FALSE,Blocker,97015,01d02h56m55,0
PHOENIX-3023,TRUE,FALSE,Major,428026,04d22h53m46,0
PHOENIX-3121,FALSE,FALSE,Major,436398,05d01h13m18,1
PHOENIX-3745,TRUE,FALSE,Major,917378,10d14h49m38,0
PHOENIX-2284,FALSE,FALSE,Major,2081511,24d02h11m51,0
PHOENIX-987,FALSE,FALSE,Minor,1846,00d00h30m46,0
PHOENIX-3029,TRUE,FALSE,Major,850863,09d20h21m03,0
PHOENIX-3028,FALSE,FALSE,Major,327189,03d18h53m09,0
PHOENIX-2280,TRUE,FALSE,Minor,14201,00d03h56m41,0
PHOENIX-3684,FALSE,FALSE,Blocker,73326,00d20h22m06,0
PHOENIX-2074,TRUE,FALSE,Major,2403760,27d19h42m40,0
PHOENIX-2036,TRUE,FALSE,Minor,9966343,115d08h25m43,0
PHOENIX-2996,TRUE,FALSE,Minor,11421551,132d04h39m11,0
PHOENIX-2994,FALSE,FALSE,Major,9850,00d02h44m10,0
PHOENIX-2995,TRUE,FALSE,Major,5600394,64d19h39m54,0
PHOENIX-2031,FALSE,FALSE,Major,6383966,73d21h19m26,0
HBASE-17096,FALSE,FALSE,Major,56266,00d15h37m46,0
PHOENIX-2999,TRUE,FALSE,Blocker,1865003,21d14h03m23,0
PHOENIX-1876,FALSE,FALSE,Major,9973,00d02h46m13,0
PHOENIX-4509,FALSE,FALSE,Trivial,75329,00d20h55m29,0
PHOENIX-1849,FALSE,FALSE,Major,25109749,290d14h55m49,0
PHOENIX-2030,TRUE,FALSE,Major,1318673,15d06h17m53,0
PHOENIX-909,FALSE,FALSE,Major,1123555,13d00h05m55,0
PHOENIX-66,TRUE,FALSE,Major,2016711,23d08h11m51,0
PHOENIX-973,TRUE,FALSE,Major,13829192,160d01h26m32,0
PHOENIX-4038,TRUE,FALSE,Major,491,00d00h08m11,0
PHOENIX-1809,TRUE,FALSE,Major,143126,01d15h45m26,0
PHOENIX-979,TRUE,FALSE,Blocker,740945,08d13h49m05,0
PHOENIX-4032,TRUE,FALSE,Major,38208,00d10h36m48,0
PHOENIX-4030,FALSE,FALSE,Major,199947,02d07h32m27,0
PHOENIX-1800,FALSE,FALSE,Major,409555,04d17h45m55,0
PHOENIX-1803,FALSE,FALSE,Major,283888,03d06h51m28,0
PHOENIX-1416,TRUE,FALSE,Major,36156,00d10h02m36,0
PHOENIX-58,FALSE,FALSE,Major,182484,02d02h41m24,0
PHOENIX-4243,FALSE,FALSE,Major,34359,00d09h32m39,0
PHOENIX-1413,FALSE,FALSE,Major,100811,01d04h00m11,0
PHOENIX-1075,FALSE,FALSE,Major,214634,02d11h37m14,0
PHOENIX-3505,TRUE,FALSE,Major,2724653,31d12h50m53,0
PHOENIX-1314,FALSE,FALSE,Major,1528678,17d16h37m58,0
PHOENIX-1877,FALSE,FALSE,Major,90885,01d01h14m45,0
PHOENIX-1418,TRUE,FALSE,Major,12159,00d03h22m39,0
PHOENIX-1419,FALSE,FALSE,Trivial,10274,00d02h51m14,0
PHOENIX-2468,TRUE,FALSE,Major,141806,01d15h23m26,0
PHOENIX-2469,FALSE,FALSE,Major,107667,01d05h54m27,0
PHOENIX-948,TRUE,FALSE,Major,43963,00d12h12m43,0
HBASE-17587,FALSE,FALSE,Major,15729,00d04h22m09,0
PHOENIX-2345,FALSE,FALSE,Minor,81925,00d22h45m25,0
PHOENIX-841,FALSE,FALSE,Major,254505,02d22h41m45,0
PHOENIX-2014,FALSE,FALSE,Major,1820289,21d01h38m09,0
PHOENIX-2460,TRUE,FALSE,Major,55135078,638d03h17m58,0
PHOENIX-2348,FALSE,FALSE,Minor,8445254,97d17h54m14,0
PHOENIX-2066,FALSE,FALSE,Major,16301,00d04h31m41,0
PHOENIX-2132,FALSE,FALSE,Minor,2012321,23d06h58m41,0
PHOENIX-2868,FALSE,FALSE,Major,120523,01d09h28m43,0
PHOENIX-2866,TRUE,FALSE,Major,236,00d00h03m56,0
PHOENIX-2867,FALSE,FALSE,Major,3885,00d01h04m45,0
PHOENIX-2845,FALSE,TRUE,Major,1230278,14d05h44m38,0
PHOENIX-3858,TRUE,FALSE,Major,133206,01d13h00m06,0
PHOENIX-4477,FALSE,FALSE,Blocker,219,00d00h03m39,0
PHOENIX-2064,TRUE,FALSE,Major,887645,10d06h34m05,0
PHOENIX-4572,FALSE,FALSE,Major,263139,03d01h05m39,0
PHOENIX-4570,FALSE,FALSE,Blocker,265817,03d01h50m17,0
PHOENIX-4571,FALSE,FALSE,Critical,547429,06d08h03m49,0
PHOENIX-2901,TRUE,FALSE,Major,2582020,29d21h13m40,0
PHOENIX-4577,FALSE,FALSE,Critical,84221,00d23h23m41,0
PHOENIX-2902,FALSE,FALSE,Major,4387553,50d18h45m53,0
PHOENIX-2856,FALSE,FALSE,Major,40730,00d11h18m50,0
PHOENIX-4778,FALSE,FALSE,Major,19690,00d05h28m10,0
PHOENIX-4242,TRUE,FALSE,Major,1827228,21d03h33m48,0
PHOENIX-3563,FALSE,FALSE,Major,287632,03d07h53m52,0
PHOENIX-2680,FALSE,FALSE,Major,542663,06d06h44m23,0
PHOENIX-2494,FALSE,FALSE,Major,140526,01d15h02m06,0
PHOENIX-78,TRUE,FALSE,Major,91278,01d01h21m18,0
PHOENIX-3111,TRUE,FALSE,Critical,1010332,11d16h38m52,0
PHOENIX-3113,TRUE,FALSE,Blocker,162787,01d21h13m07,0
PHOENIX-2528,TRUE,FALSE,Major,696545,08d01h29m05,0
PHOENIX-4322,FALSE,TRUE,Minor,3531479,40d20h57m59,1
PHOENIX-4088,FALSE,FALSE,Trivial,102065,01d04h21m05,0
PHOENIX-4089,TRUE,TRUE,Major,117776,01d08h42m56,0
PHOENIX-1242,TRUE,FALSE,Minor,3564806,41d06h13m26,0
PHOENIX-3199,FALSE,FALSE,Major,6308284,73d00h18m04,0
PHOENIX-76,FALSE,FALSE,Major,697553,08d01h45m53,0
PHOENIX-2484,FALSE,FALSE,Major,810627,09d09h10m27,0
PHOENIX-4273,TRUE,FALSE,Major,52187303,604d00h28m23,0
PHOENIX-73,TRUE,FALSE,Major,72991,00d20h16m31,0
PHOENIX-2139,FALSE,FALSE,Major,1191,00d00h19m51,0
PHOENIX-1562,FALSE,FALSE,Major,1429358,16d13h02m38,0
PHOENIX-1560,TRUE,FALSE,Major,2368872,27d10h01m12,0
PHOENIX-1567,FALSE,FALSE,Major,123564364,1430d03h26m04,1
PHOENIX-1612,FALSE,FALSE,Major,72846,00d20h14m06,0
PHOENIX-1380,FALSE,FALSE,Minor,2352000,27d05h20m00,0
PHOENIX-1480,TRUE,FALSE,Major,765236,08d20h33m56,0
PHOENIX-882,TRUE,FALSE,Major,3653179,42d06h46m19,0
PHOENIX-1485,TRUE,TRUE,Major,641979,07d10h19m39,0
PHOENIX-77,TRUE,FALSE,Major,987978,11d10h26m18,0
PHOENIX-1486,FALSE,FALSE,Major,82115,00d22h48m35,0
PHOENIX-3,TRUE,FALSE,Major,7175919,83d01h18m39,0
PHOENIX-1349,TRUE,FALSE,Major,512257,05d22h17m37,0
PHOENIX-4682,TRUE,FALSE,Major,853304,09d21h01m44,0
PHOENIX-1341,FALSE,FALSE,Major,128313,01d11h38m33,0
PHOENIX-1346,FALSE,FALSE,Minor,1989739,23d00h42m19,0
PHOENIX-4685,TRUE,FALSE,Blocker,6000916,69d10h55m16,1
PHOENIX-1251,TRUE,FALSE,Major,1851656,21d10h20m56,0
PHOENIX-4083,FALSE,FALSE,Trivial,159155,01d20h12m35,0
PHOENIX-2683,TRUE,FALSE,Minor,116275,01d08h17m55,0
PHOENIX-4541,FALSE,FALSE,Blocker,27279,00d07h34m39,0
PHOENIX-2645,FALSE,FALSE,Major,18479311,213d21h08m31,0
PHOENIX-2641,TRUE,FALSE,Major,19094117,220d23h55m17,0
PHOENIX-3836,FALSE,FALSE,Major,2600121,30d02h15m21,0
PHOENIX-72,FALSE,FALSE,Major,4630,00d01h17m10,0
PHOENIX-2760,FALSE,FALSE,Major,1456987,16d20h43m07,0
PHOENIX-2763,FALSE,FALSE,Major,153812,01d18h43m32,0
PHOENIX-2649,TRUE,FALSE,Critical,172632,01d23h57m12,1
PHOENIX-3043,FALSE,FALSE,Major,37302,00d10h21m42,0
PHOENIX-5018,TRUE,FALSE,Major,8468071,98d00h14m31,0
PHOENIX-4373,FALSE,FALSE,Major,64064,00d17h47m44,0
PHOENIX-3208,TRUE,FALSE,Major,5977739,69d04h28m59,0
PHOENIX-1748,TRUE,FALSE,Major,26878586,311d02h16m26,1
PHOENIX-3361,TRUE,FALSE,Major,312890,03d14h54m50,0
PHOENIX-5051,FALSE,FALSE,Major,454682,05d06h18m02,0
PHOENIX-3697,FALSE,FALSE,Major,74639,00d20h43m59,0
PHOENIX-1742,FALSE,FALSE,Major,1838354,21d06h39m14,0
PHOENIX-5178,TRUE,FALSE,Major,449291,05d04h48m11,0
PHOENIX-3203,FALSE,FALSE,Major,1515009,17d12h50m09,0
PHOENIX-1741,FALSE,FALSE,Major,4628,00d01h17m08,0
PHOENIX-3164,TRUE,FALSE,Critical,541027,06d06h17m07,0
PHOENIX-2010,TRUE,FALSE,Major,330340,03d19h45m40,0
PHOENIX-850,TRUE,FALSE,Major,184670,02d03h17m50,0
PHOENIX-3040,TRUE,FALSE,Major,836089,09d16h14m49,1
PHOENIX-857,FALSE,FALSE,Minor,77621,00d21h33m41,0
PHOENIX-854,FALSE,FALSE,Major,356335,04d02h58m55,2
PHOENIX-3163,FALSE,FALSE,Major,55284455,639d20h47m35,0
PHOENIX-993,FALSE,FALSE,Major,90497,01d01h08m17,0
PHOENIX-992,TRUE,FALSE,Critical,159709,01d20h21m49,0
PHOENIX-858,TRUE,FALSE,Major,14831,00d04h07m11,0
PHOENIX-1684,TRUE,FALSE,Major,2591853,29d23h57m33,0
PHOENIX-1980,FALSE,FALSE,Major,500462,05d19h01m02,1
PHOENIX-4397,FALSE,FALSE,Major,1465781,16d23h09m41,0
PHOENIX-4039,FALSE,FALSE,Major,506807,05d20h46m47,1
PHOENIX-3045,TRUE,FALSE,Major,686065,07d22h34m25,0
PHOENIX-4864,TRUE,FALSE,Minor,107917,01d05h58m37,0
PHOENIX-3386,TRUE,FALSE,Major,1341836,15d12h43m56,0
PHOENIX-3387,FALSE,FALSE,Major,1341447,15d12h37m27,0
PHOENIX-104,FALSE,FALSE,Major,11388,00d03h09m48,0
PHOENIX-1769,FALSE,FALSE,Major,27430036,317d11h27m16,1
PHOENIX-3382,TRUE,FALSE,Critical,997796,11d13h09m56,0
PHOENIX-3383,TRUE,TRUE,Major,54745914,633d15h11m54,0
PHOENIX-1166,TRUE,FALSE,Major,359980,04d03h59m40,0
PHOENIX-4196,TRUE,FALSE,Major,145,00d00h02m25,0
PHOENIX-3162,TRUE,FALSE,Major,3376623,39d01h57m03,0
PHOENIX-4190,FALSE,FALSE,Major,51616,00d14h20m16,0
PHOENIX-4191,TRUE,FALSE,Blocker,117111,01d08h31m51,0
PHOENIX-2905,FALSE,FALSE,Major,171076,01d23h31m16,0
PHOENIX-1344,FALSE,FALSE,Major,547417,06d08h03m37,0
PHOENIX-2490,FALSE,FALSE,Minor,260948,03d00h29m08,0
PHOENIX-4198,TRUE,FALSE,Major,4987616,57d17h26m56,0
PHOENIX-2496,TRUE,FALSE,Major,32682,00d09h04m42,0
PHOENIX-2495,FALSE,FALSE,Major,169861,01d23h11m01,0
PHOENIX-4072,FALSE,FALSE,Major,40384,00d11h13m04,0
PHOENIX-4613,TRUE,FALSE,Major,5521018,63d21h36m58,0
PHOENIX-1958,TRUE,FALSE,Major,4226722,48d22h05m22,1
PHOENIX-2169,TRUE,FALSE,Major,15697714,181d16h28m34,0
PHOENIX-4759,TRUE,FALSE,Blocker,73910,00d20h31m50,0
PHOENIX-3406,FALSE,FALSE,Major,27213247,314d23h14m07,0
PHOENIX-3061,TRUE,FALSE,Blocker,151411,01d18h03m31,1
PHOENIX-3060,FALSE,FALSE,Blocker,10411,00d02h53m31,0
PHOENIX-4619,TRUE,FALSE,Major,2771163,32d01h46m03,0
PHOENIX-2160,TRUE,FALSE,Major,3110236,35d23h57m16,0
PHOENIX-4756,FALSE,FALSE,Critical,252023,02d22h00m23,0
PHOENIX-3423,FALSE,FALSE,Major,473410,05d11h30m10,0
PHOENIX-2165,FALSE,FALSE,Trivial,9242640,106d23h24m00,0
PHOENIX-1484,TRUE,FALSE,Major,675817,07d19h43m37,0
PHOENIX-3702,FALSE,FALSE,Blocker,170977,01d23h29m37,0
PHOENIX-3703,TRUE,FALSE,Major,7584,00d02h06m24,0
PHOENIX-1180,TRUE,FALSE,Major,75632,00d21h00m32,0
PHOENIX-3705,TRUE,FALSE,Blocker,234212,02d17h03m32,0
PHOENIX-3706,FALSE,FALSE,Major,364465,04d05h14m25,0
PHOENIX-1183,FALSE,FALSE,Critical,509976,05d21h39m36,0
PHOENIX-3708,FALSE,FALSE,Major,8614838,99d17h00m38,0
PHOENIX-3842,FALSE,FALSE,Major,87399,01d00h16m39,0
PHOENIX-3840,FALSE,FALSE,Minor,726877,08d09h54m37,0
PHOENIX-2249,FALSE,FALSE,Major,8719008,100d21h56m48,0
PHOENIX-1188,TRUE,FALSE,Major,137649,01d14h14m09,0
PHOENIX-1511,TRUE,FALSE,Major,1945699,22d12h28m19,0
PHOENIX-4817,TRUE,FALSE,Minor,631389,07d07h23m09,0
PHOENIX-3490,FALSE,FALSE,Major,68592,00d19h03m12,0
PHOENIX-3454,FALSE,FALSE,Major,47075101,544d20h25m01,0
PHOENIX-1846,TRUE,FALSE,Major,253819,02d22h30m19,0
PHOENIX-5354,FALSE,FALSE,Major,958,00d00h15m58,0
PHOENIX-1754,FALSE,FALSE,Major,59656993,690d11h23m13,0
PHOENIX-1931,TRUE,FALSE,Major,35732,00d09h55m32,0
PHOENIX-2628,TRUE,TRUE,Major,9317460,107d20h11m00,0
PHOENIX-2942,FALSE,FALSE,Major,1207611,13d23h26m51,0
PHOENIX-2591,TRUE,FALSE,Major,548927,06d08h28m47,0
PHOENIX-1613,FALSE,FALSE,Major,299902,03d11h18m22,0
PHOENIX-5381,FALSE,FALSE,Major,115121,01d07h58m41,0
PHOENIX-5217,TRUE,FALSE,Critical,1884874,21d19h34m34,0
PHOENIX-944,TRUE,FALSE,Major,16141814,186d19h50m14,0
PHOENIX-3948,TRUE,FALSE,Major,2740828,31d17h20m28,0
PHOENIX-5408,FALSE,FALSE,Trivial,531866,06d03h44m26,0
PHOENIX-4021,TRUE,FALSE,Major,328693,03d19h18m13,0
PHOENIX-3942,TRUE,FALSE,Major,151666,01d18h07m46,0
PHOENIX-1600,FALSE,FALSE,Minor,4111,00d01h08m31,0
PHOENIX-3940,TRUE,FALSE,Minor,150968,01d17h56m08,0
PHOENIX-3947,TRUE,FALSE,Major,2428823,28d02h40m23,0
PHOENIX-5403,TRUE,FALSE,Major,1025660,11d20h54m20,0
PHOENIX-1669,FALSE,FALSE,Major,23899,00d06h38m19,2
PHOENIX-2830,FALSE,FALSE,Major,5973,00d01h39m33,0
PHOENIX-107,FALSE,FALSE,Major,3535,00d00h58m55,0
PHOENIX-1196,TRUE,FALSE,Major,2493768,28d20h42m48,0
PHOENIX-2426,FALSE,FALSE,Blocker,20487,00d05h41m27,0
PHOENIX-4712,FALSE,FALSE,Major,420062,04d20h41m02,0
PHOENIX-2285,TRUE,FALSE,Major,944164,10d22h16m04,0
PHOENIX-2425,TRUE,FALSE,Minor,4308020,49d20h40m20,0
PHOENIX-1257,TRUE,FALSE,Critical,2070833,23d23h13m53,0
PHOENIX-2389,FALSE,FALSE,Major,124876,01d10h41m16,0
PHOENIX-2545,TRUE,FALSE,Major,326354,03d18h39m14,0
PHOENIX-2547,FALSE,FALSE,Critical,74062322,857d04h52m02,0
PHOENIX-2546,FALSE,FALSE,Major,325220,03d18h20m20,0
PHOENIX-3018,TRUE,FALSE,Major,626803,07d06h06m43,0
PHOENIX-2613,FALSE,FALSE,Major,126865,01d11h14m25,0
PHOENIX-1130,FALSE,FALSE,Major,20521,00d05h42m01,0
PHOENIX-2542,FALSE,FALSE,Major,3332221,38d13h37m01,0
PHOENIX-3014,TRUE,FALSE,Major,59701,00d16h35m01,0
PHOENIX-3015,TRUE,FALSE,Critical,124688,01d10h38m08,0
PHOENIX-3016,TRUE,FALSE,Major,22313631,258d06h13m51,0
PHOENIX-3017,FALSE,FALSE,Major,4654,00d01h17m34,0
PHOENIX-2549,FALSE,FALSE,Major,156385,01d19h26m25,0
PHOENIX-3011,TRUE,FALSE,Major,1044,00d00h17m24,0
PHOENIX-3013,FALSE,FALSE,Major,76873,00d21h21m13,0
PHOENIX-4536,FALSE,FALSE,Major,86113,00d23h55m13,0
PHOENIX-4534,FALSE,FALSE,Critical,10689910,123d17h25m10,0
PHOENIX-4683,TRUE,FALSE,Major,615806,07d03h03m26,0
PHOENIX-3302,FALSE,FALSE,Major,4780,00d01h19m40,0
PHOENIX-4366,TRUE,FALSE,Blocker,48760763,564d08h39m23,1
PHOENIX-4531,TRUE,FALSE,Major,3009884,34d20h04m44,0
PHOENIX-2151,FALSE,FALSE,Critical,10046323,116d06h38m43,1
PHOENIX-2944,FALSE,FALSE,Critical,7022661,81d06h44m21,0
PHOENIX-2946,TRUE,FALSE,Minor,8965286,103d18h21m26,0
PHOENIX-1115,TRUE,FALSE,Major,18744873,216d22h54m33,0
PHOENIX-2125,FALSE,FALSE,Major,10722,00d02h58m42,0
PHOENIX-3408,FALSE,FALSE,Major,641322,07d10h08m42,0
PHOENIX-885,TRUE,FALSE,Major,2807,00d00h46m47,0
PHOENIX-4686,TRUE,FALSE,Major,1860769,21d12h52m49,0
PHOENIX-887,FALSE,FALSE,Major,933,00d00h15m33,0
PHOENIX-871,TRUE,FALSE,Major,27136,00d07h32m16,0
PHOENIX-2961,FALSE,FALSE,Major,1064357,12d07h39m17,0
PHOENIX-4361,TRUE,FALSE,Minor,757071,08d18h17m51,0
PHOENIX-4360,TRUE,FALSE,Blocker,1119460,12d22h57m40,0
PHOENIX-3407,TRUE,FALSE,Blocker,123693,01d10h21m33,0
PHOENIX-1726,FALSE,FALSE,Minor,27647839,319d23h57m19,0
PHOENIX-925,FALSE,FALSE,Major,400528,04d15h15m28,0
PHOENIX-4041,FALSE,FALSE,Major,1820,00d00h30m20,0
PHOENIX-1449,FALSE,FALSE,Major,9919,00d02h45m19,0
PHOENIX-1448,FALSE,FALSE,Major,17007,00d04h43m27,0
PHOENIX-2647,FALSE,FALSE,Major,316096,03d15h48m16,0
PHOENIX-5289,FALSE,FALSE,Major,30716,00d08h31m56,0
PHOENIX-4348,TRUE,FALSE,Major,14427,00d04h00m27,0
PHOENIX-4788,FALSE,FALSE,Major,444311,05d03h25m11,0
PHOENIX-1442,FALSE,FALSE,Major,52742,00d14h39m02,0
PHOENIX-1132,FALSE,FALSE,Major,69093,00d19h11m33,0
PHOENIX-30,TRUE,FALSE,Major,11206,00d03h06m46,0
PHOENIX-3968,TRUE,FALSE,Major,13142,00d03h39m02,0
PHOENIX-1723,FALSE,FALSE,Major,612767,07d02h12m47,0
PHOENIX-1601,FALSE,FALSE,Minor,75362,00d20h56m02,0
PHOENIX-2337,TRUE,FALSE,Major,90977,01d01h16m17,0
PHOENIX-2334,TRUE,FALSE,Major,9998549,115d17h22m29,0
PHOENIX-2335,TRUE,FALSE,Major,18269,00d05h04m29,0
PHOENIX-93,TRUE,FALSE,Major,674806,07d19h26m46,0
PHOENIX-91,TRUE,FALSE,Major,84136,00d23h22m16,0
PHOENIX-1420,FALSE,FALSE,Major,489296,05d15h54m56,0
PHOENIX-97,TRUE,FALSE,Major,599917,06d22h38m37,0
PHOENIX-95,TRUE,FALSE,Major,6874,00d01h54m34,0
PHOENIX-2029,TRUE,FALSE,Major,763120,08d19h58m40,0
PHOENIX-99,TRUE,FALSE,Major,86908,01d00h08m28,0
PHOENIX-98,TRUE,FALSE,Major,906,00d00h15m06,0
PHOENIX-5138,TRUE,FALSE,Blocker,4764077,55d03h21m17,0
PHOENIX-4109,TRUE,FALSE,Major,67306,00d18h41m46,0
PHOENIX-2724,TRUE,FALSE,Major,10744479,124d08h34m39,1
PHOENIX-2934,TRUE,FALSE,Major,1805811,20d21h36m51,0
PHOENIX-2935,TRUE,FALSE,Major,12165915,140d19h25m15,0
PHOENIX-5132,TRUE,FALSE,Critical,87380,01d00h16m20,0
PHOENIX-2930,TRUE,FALSE,Major,10746981,124d09h16m21,0
PHOENIX-2931,TRUE,FALSE,Minor,3399169,39d08h12m49,0
PHOENIX-1336,TRUE,FALSE,Major,8988883,104d00h54m43,1
PHOENIX-3537,FALSE,FALSE,Major,1901665,22d00h14m25,0
PHOENIX-1783,FALSE,FALSE,Major,240825,02d18h53m45,0
PHOENIX-3535,FALSE,FALSE,Major,576531,06d16h08m51,0
PHOENIX-3534,TRUE,FALSE,Major,62804283,726d21h38m03,1
PHOENIX-4212,TRUE,FALSE,Major,1662179,19d05h42m59,1
PHOENIX-4211,FALSE,FALSE,Major,89384,01d00h49m44,0
PHOENIX-3246,FALSE,FALSE,Major,331944,03d20h12m24,0
PHOENIX-3120,TRUE,FALSE,Major,226943,02d15h02m23,0
PHOENIX-3248,TRUE,FALSE,Major,23082979,267d03h56m19,1
PHOENIX-4508,FALSE,FALSE,Major,539846,06d05h57m26,0
PHOENIX-3126,FALSE,TRUE,Major,427270,04d22h41m10,0
PHOENIX-4156,TRUE,FALSE,Major,882409,10d05h06m49,0
PHOENIX-1233,FALSE,FALSE,Major,9272448,107d07h40m48,0
PHOENIX-3237,TRUE,FALSE,Major,1110434,12d20h27m14,0
PHOENIX-1591,FALSE,FALSE,Critical,430945,04d23h42m25,0
PHOENIX-1237,TRUE,FALSE,Major,1238904,14d08h08m24,0
PHOENIX-1234,TRUE,FALSE,Major,62212,00d17h16m52,0
PHOENIX-1238,FALSE,FALSE,Major,4036358,46d17h12m38,0
PHOENIX-1239,TRUE,FALSE,Minor,3972203,45d23h23m23,0
PHOENIX-834,FALSE,FALSE,Major,383878,04d10h37m58,0
PHOENIX-3832,FALSE,FALSE,Major,972741,11d06h12m21,0
PHOENIX-1152,FALSE,FALSE,Major,1351,00d00h22m31,0
PHOENIX-4822,TRUE,FALSE,Major,1256493,14d13h01m33,0
PHOENIX-1150,FALSE,FALSE,Major,50197,00d13h56m37,0
PHOENIX-4824,FALSE,FALSE,Major,442838,05d03h00m38,0
PHOENIX-3837,TRUE,FALSE,Major,18398512,212d22h41m52,0
PHOENIX-1155,TRUE,FALSE,Major,2312,00d00h38m32,0
PHOENIX-1154,FALSE,FALSE,Major,8840,00d02h27m20,0
PHOENIX-29,TRUE,FALSE,Major,1401103,16d05h11m43,0
PHOENIX-1016,TRUE,FALSE,Major,4846966,56d02h22m46,1
PHOENIX-4884,TRUE,FALSE,Major,906214,10d11h43m34,0
PHOENIX-1248,TRUE,FALSE,Major,12359167,143d01h06m07,0
PHOENIX-2596,TRUE,FALSE,Major,12541058,145d03h37m38,0
PHOENIX-2597,TRUE,FALSE,Major,203176,02d08h26m16,0
PHOENIX-2594,FALSE,FALSE,Major,18820,00d05h13m40,0
PHOENIX-5176,FALSE,FALSE,Blocker,9830043,113d18h34m03,0
PHOENIX-2592,FALSE,FALSE,Major,571255,06d14h40m55,0
PHOENIX-2593,TRUE,FALSE,Major,392234,04d12h57m14,0
PHOENIX-4718,TRUE,FALSE,Major,75705,00d21h01m45,0
PHOENIX-4719,TRUE,FALSE,Major,67741,00d18h49m01,0
PHOENIX-2615,FALSE,FALSE,Major,185642,02d03h34m02,0
PHOENIX-859,FALSE,FALSE,Major,65345,00d18h09m05,0
PHOENIX-102,TRUE,FALSE,Major,3158,00d00h52m38,0
PHOENIX-2616,FALSE,FALSE,Major,10682,00d02h58m02,0
PHOENIX-2611,FALSE,FALSE,Major,98454,01d03h20m54,0
PHOENIX-105,TRUE,FALSE,Major,15694436,181d15h33m56,0
PHOENIX-4710,FALSE,FALSE,Major,95782,01d02h36m22,0
PHOENIX-4711,FALSE,FALSE,Major,83763,00d23h16m03,0
PHOENIX-2206,FALSE,FALSE,Minor,533325,06d04h08m45,0
PHOENIX-2207,TRUE,FALSE,Major,855041,09d21h30m41,0
PHOENIX-2205,FALSE,FALSE,Major,13086430,151d11h07m10,0
PHOENIX-4546,FALSE,FALSE,Major,1527757,17d16h22m37,0
PHOENIX-3360,TRUE,FALSE,Critical,23463765,271d13h42m45,1
PHOENIX-3334,TRUE,FALSE,Major,93882,01d02h04m42,0
PHOENIX-4059,TRUE,FALSE,Major,6680,00d01h51m20,0
PHOENIX-1749,TRUE,FALSE,Major,2244112,25d23h21m52,0
PHOENIX-3331,FALSE,FALSE,Major,254676,02d22h44m36,0
PHOENIX-2734,TRUE,FALSE,Major,2233282,25d20h21m22,0
PHOENIX-5262,TRUE,TRUE,Major,504289,05d20h04m49,0
PHOENIX-108,FALSE,FALSE,Major,3580,00d00h59m40,0
PHOENIX-3236,FALSE,FALSE,Major,62420245,722d10h57m25,0
PHOENIX-1192,TRUE,FALSE,Major,5862,00d01h37m42,0
PHOENIX-3230,TRUE,FALSE,Major,721546,08d08h25m46,0
PHOENIX-1516,TRUE,FALSE,Major,3786857,43d19h54m17,0
PHOENIX-1187,TRUE,FALSE,Major,146797,01d16h46m37,1
PHOENIX-1654,FALSE,FALSE,Minor,76839,00d21h20m39,0
PHOENIX-1396,FALSE,FALSE,Major,436579,05d01h16m19,0
PHOENIX-1656,FALSE,FALSE,Major,825,00d00h13m45,0
PHOENIX-1305,TRUE,FALSE,Major,544235,06d07h10m35,0
PHOENIX-1650,FALSE,FALSE,Critical,2735,00d00h45m35,0
PHOENIX-1744,TRUE,FALSE,Minor,544716,06d07h18m36,0
PHOENIX-865,FALSE,FALSE,Trivial,2949,00d00h49m09,0
PHOENIX-3585,TRUE,FALSE,Blocker,4328285,50d02h18m05,0
