BugID, #isArch, #isInduce, #Priority, #TimeSec, #Time, #Reopen
PIG-4690,TRUE,TRUE,Major,11046117,127d20h21m57,0
PIG-4691,TRUE,FALSE,Major,81811,00d22h43m31,0
PIG-4696,FALSE,FALSE,Minor,77953,00d21h39m13,0
PIG-5055,FALSE,FALSE,Major,155351,01d19h09m11,0
PIG-2430,TRUE,FALSE,Major,1949098,22d13h24m58,0
PIG-5056,FALSE,FALSE,Major,123422,01d10h17m02,0
PIG-4502,FALSE,FALSE,Major,225,00d00h03m45,0
PIG-4503,FALSE,FALSE,Major,706143,08d04h09m03,0
PIG-1024,FALSE,FALSE,Major,70708,00d19h38m28,0
PIG-4505,FALSE,FALSE,Major,228712,02d15h31m52,0
PIG-4506,FALSE,FALSE,Major,3073977,35d13h52m57,0
PIG-1027,TRUE,FALSE,Minor,348887,04d00h54m47,0
PIG-4508,FALSE,FALSE,Major,82309,00d22h51m49,0
PIG-4509,FALSE,FALSE,Major,60656,00d16h50m56,0
PIG-4055,FALSE,FALSE,Trivial,15854,00d04h24m14,0
PIG-4052,TRUE,FALSE,Critical,1469385,17d00h09m45,0
PIG-4053,TRUE,FALSE,Critical,1468818,17d00h00m18,0
PIG-4050,FALSE,FALSE,Major,7105650,82d05h47m30,0
PIG-3882,TRUE,FALSE,Major,53131,00d14h45m31,0
PIG-3887,TRUE,FALSE,Major,72255,00d20h04m15,0
PIG-4184,TRUE,FALSE,Major,2515287,29d02h41m27,0
PIG-3889,FALSE,FALSE,Major,103656,01d04h47m36,0
PIG-4186,FALSE,FALSE,Major,8936,00d02h28m56,0
PIG-4187,TRUE,FALSE,Major,38109,00d10h35m09,0
PIG-4180,FALSE,FALSE,Major,965776,11d04h16m16,0
PIG-4181,FALSE,FALSE,Major,2365473,27d09h04m33,0
PIG-4182,FALSE,FALSE,Major,3960979,45d20h16m19,1
PIG-1335,TRUE,FALSE,Major,345517,03d23h58m37,0
PIG-1022,TRUE,FALSE,Major,4154925,48d02h08m45,0
PIG-4058,TRUE,FALSE,Major,11073,00d03h04m33,0
PIG-3664,FALSE,FALSE,Blocker,171421,01d23h37m01,0
PIG-3661,TRUE,TRUE,Major,1311675,15d04h21m15,0
PIG-3662,FALSE,FALSE,Major,6461,00d01h47m41,0
PIG-4056,FALSE,FALSE,Major,422746,04d21h25m46,0
PIG-5127,FALSE,FALSE,Major,138508,01d14h28m28,0
PIG-4057,TRUE,FALSE,Major,1155756,13d09h02m36,0
PIG-2590,FALSE,FALSE,Major,167409,01d22h30m09,0
PIG-2593,FALSE,FALSE,Major,7338559,84d22h29m19,0
PIG-2596,FALSE,FALSE,Major,3104483,35d22h21m23,0
PIG-695,FALSE,FALSE,Major,12076681,139d18h38m01,0
PIG-1241,TRUE,FALSE,Major,268773,03d02h39m33,0
PIG-697,TRUE,TRUE,Major,13536760,156d16h12m40,0
PIG-693,TRUE,FALSE,Major,1613359,18d16h09m19,0
PIG-852,FALSE,FALSE,Major,57629,00d16h00m29,0
PIG-851,TRUE,FALSE,Major,2426408,28d02h00m08,0
PIG-671,TRUE,FALSE,Trivial,66427530,768d20h05m30,0
PIG-858,TRUE,FALSE,Major,10285265,119d01h01m05,0
PIG-1745,TRUE,TRUE,Major,1076235,12d10h57m15,0
PIG-1741,FALSE,FALSE,Major,142726,01d15h38m46,0
PIG-1742,FALSE,FALSE,Major,164611,01d21h43m31,0
PIG-4860,FALSE,FALSE,Major,1393005,16d02h56m45,0
PIG-4867,FALSE,FALSE,Major,14224,00d03h57m04,0
PIG-2041,FALSE,FALSE,Major,66792,00d18h33m12,0
PIG-2040,TRUE,FALSE,Major,80523,00d22h22m03,0
PIG-4869,FALSE,FALSE,Major,11189,00d03h06m29,0
PIG-4868,TRUE,FALSE,Major,21088,00d05h51m28,0
PIG-2049,FALSE,FALSE,Minor,13691,00d03h48m11,0
PIG-2048,FALSE,FALSE,Major,524631,06d01h43m51,0
PIG-2102,TRUE,FALSE,Major,6309887,73d00h44m47,0
PIG-1638,FALSE,FALSE,Minor,782196,09d01h16m36,0
PIG-2106,FALSE,FALSE,Major,805,00d00h13m25,0
PIG-2109,FALSE,FALSE,Minor,124604,01d10h36m44,0
PIG-1635,TRUE,FALSE,Minor,293663,03d09h34m23,0
PIG-1637,TRUE,FALSE,Major,643080,07d10h38m00,0
PIG-1636,FALSE,FALSE,Major,87087,01d00h11m27,0
PIG-3405,FALSE,FALSE,Minor,1304715,15d02h25m15,0
PIG-3888,TRUE,FALSE,Major,30655,00d08h30m55,0
PIG-3318,FALSE,FALSE,Major,3066837,35d11h53m57,0
PIG-2214,FALSE,FALSE,Minor,232718,02d16h38m38,0
PIG-2215,FALSE,FALSE,Major,169888,01d23h11m28,0
PIG-1929,TRUE,FALSE,Major,2066383,23d21h59m43,0
PIG-1928,TRUE,FALSE,Major,2071684,23d23h28m04,0
PIG-1925,TRUE,FALSE,Major,102052,01d04h20m52,0
PIG-1927,FALSE,FALSE,Major,449530,05d04h52m10,0
PIG-3313,FALSE,FALSE,Major,1538838,17d19h27m18,0
PIG-1921,FALSE,FALSE,Major,2755283,31d21h21m23,0
PIG-1923,TRUE,FALSE,Major,1550386,17d22h39m46,0
PIG-2219,FALSE,FALSE,Minor,143820,01d15h57m00,0
PIG-3071,FALSE,FALSE,Major,4668345,54d00h45m45,0
PIG-3073,FALSE,FALSE,Major,4408312,51d00h31m52,0
PIG-3072,TRUE,FALSE,Minor,99208,01d03h33m28,0
PIG-3078,TRUE,TRUE,Major,4227028,48d22h10m28,0
PIG-3271,TRUE,FALSE,Critical,170053,01d23h14m13,0
PIG-3270,FALSE,FALSE,Major,187807,02d04h10m07,0
PIG-2859,FALSE,FALSE,Minor,146574,01d16h42m54,0
PIG-2854,FALSE,FALSE,Major,16278,00d04h31m18,0
PIG-2856,TRUE,FALSE,Major,330991,03d19h56m31,0
PIG-2851,FALSE,FALSE,Major,859906,09d22h51m46,0
PIG-1813,TRUE,FALSE,Major,571622,06d14h47m02,0
PIG-1812,TRUE,FALSE,Major,1022074,11d19h54m34,0
PIG-1815,FALSE,FALSE,Major,76636,00d21h17m16,0
PIG-1814,FALSE,FALSE,Major,8205625,94d23h20m25,0
PIG-3425,FALSE,FALSE,Major,71463,00d19h51m03,0
PIG-4934,TRUE,FALSE,Major,10876725,125d21h18m45,0
PIG-2018,FALSE,FALSE,Major,175425,02d00h43m45,0
PIG-1712,TRUE,FALSE,Major,6076150,70d07h49m10,0
PIG-2505,FALSE,FALSE,Major,3904339,45d04h32m19,0
PIG-1238,TRUE,FALSE,Major,2965072,34d07h37m52,1
PIG-4468,FALSE,FALSE,Major,19158213,221d17h43m33,0
PIG-1107,FALSE,FALSE,Major,478309,05d12h51m49,0
PIG-1106,TRUE,FALSE,Major,1721234,19d22h07m14,0
PIG-4465,TRUE,FALSE,Major,158479,01d20h01m19,0
PIG-4463,TRUE,FALSE,Major,87920,01d00h25m20,0
PIG-4252,FALSE,FALSE,Major,7338,00d02h02m18,0
PIG-4461,FALSE,FALSE,Critical,452077,05d05h34m37,0
PIG-4460,FALSE,FALSE,Major,1573,00d00h26m13,0
PIG-2017,FALSE,FALSE,Major,237962,02d18h06m02,0
PIG-3098,FALSE,FALSE,Major,5411122,62d15h05m22,0
PIG-1233,FALSE,FALSE,Major,843727,09d18h22m07,0
PIG-4261,TRUE,FALSE,Major,114091,01d07h41m31,0
PIG-4260,TRUE,FALSE,Major,69889956,808d21h52m36,0
PIG-4265,FALSE,FALSE,Major,221895,02d13h38m15,0
PIG-3096,TRUE,FALSE,Major,313605,03d15h06m45,0
PIG-4267,TRUE,FALSE,Major,443180,05d03h06m20,0
PIG-4683,FALSE,FALSE,Major,210783,02d10h33m03,0
PIG-4686,FALSE,FALSE,Major,11692646,135d07h57m26,0
PIG-4689,FALSE,FALSE,Major,2793835,32d08h03m55,0
PIG-4688,TRUE,FALSE,Major,53816,00d14h56m56,0
PIG-5022,FALSE,FALSE,Major,18128,00d05h02m08,0
PIG-4041,FALSE,FALSE,Major,5891,00d01h38m11,0
PIG-4043,TRUE,FALSE,Major,176771,02d01h06m11,0
PIG-1030,TRUE,FALSE,Major,1125418,13d00h36m58,0
PIG-4044,FALSE,FALSE,Major,55694,00d15h28m14,0
PIG-4514,FALSE,FALSE,Major,63702,00d17h41m42,0
PIG-4048,FALSE,FALSE,Major,162250,01d21h04m10,0
PIG-4519,FALSE,FALSE,Minor,4409,00d01h13m29,0
PIG-3892,FALSE,FALSE,Major,5723380,66d05h49m40,0
PIG-3891,TRUE,FALSE,Major,83197608,962d22h26m48,0
PIG-3895,FALSE,FALSE,Major,990,00d00h16m30,0
PIG-3894,FALSE,FALSE,Major,599163,06d22h26m03,0
PIG-4197,FALSE,FALSE,Trivial,13672,00d03h47m52,0
PIG-4196,TRUE,FALSE,Major,684267,07d22h04m27,0
PIG-4195,TRUE,FALSE,Major,243129,02d19h32m09,0
PIG-4194,FALSE,FALSE,Trivial,17723,00d04h55m23,2
PIG-2693,FALSE,FALSE,Major,685638,07d22h27m18,0
PIG-2691,FALSE,FALSE,Major,1888870,21d20h41m10,0
PIG-2699,TRUE,TRUE,Major,3048961,35d06h56m01,0
PIG-5333,FALSE,FALSE,Major,79231,00d22h00m31,0
PIG-5335,TRUE,FALSE,Major,2987571,34d13h52m51,0
PIG-2457,FALSE,FALSE,Major,654,00d00h10m54,0
PIG-2458,FALSE,FALSE,Major,86509,01d00h01m49,0
PIG-1329,FALSE,FALSE,Trivial,3177,00d00h52m57,0
PIG-3679,TRUE,TRUE,Major,11079784,128d05h43m04,1
PIG-3677,TRUE,FALSE,Major,454499,05d06h14m59,0
PIG-3675,FALSE,FALSE,Major,2985111,34d13h11m51,0
PIG-3674,FALSE,FALSE,Major,2918992,33d18h49m52,0
PIG-3673,FALSE,TRUE,Major,5106276,59d02h24m36,0
PIG-3672,TRUE,TRUE,Major,8951431,103d14h30m31,0
PIG-3670,TRUE,FALSE,Major,1984184,22d23h09m44,0
PIG-5156,FALSE,FALSE,Major,1069762,12d09h09m22,0
PIG-5159,FALSE,FALSE,Major,108602,01d06h10m02,0
PIG-1259,TRUE,FALSE,Major,680722,07d21h05m22,0
PIG-1258,TRUE,FALSE,Major,2182325,25d06h12m05,0
PIG-1252,TRUE,FALSE,Major,1363547,15d18h45m47,0
PIG-1251,TRUE,FALSE,Major,322229,03d17h30m29,0
PIG-1257,TRUE,FALSE,Major,1810595,20d22h56m35,0
PIG-1255,TRUE,FALSE,Major,85922,00d23h52m02,0
PIG-660,FALSE,FALSE,Major,19984282,231d07h11m22,0
PIG-849,FALSE,FALSE,Major,132354,01d12h45m54,0
PIG-2078,TRUE,FALSE,Major,100727,01d03h58m47,0
PIG-2072,FALSE,FALSE,Major,248077,02d20h54m37,0
PIG-2070,TRUE,FALSE,Major,262343,03d00h52m23,0
PIG-2071,FALSE,FALSE,Major,261515,03d00h38m35,0
PIG-2076,FALSE,FALSE,Major,231638,02d16h20m38,0
PIG-2075,TRUE,FALSE,Major,382,00d00h06m22,0
PIG-4850,FALSE,FALSE,Major,27843,00d07h44m03,0
PIG-4851,TRUE,FALSE,Major,247333,02d20h42m13,0
PIG-2670,FALSE,FALSE,Minor,2076,00d00h34m36,0
PIG-2671,FALSE,FALSE,Major,20196,00d05h36m36,0
PIG-2115,TRUE,FALSE,Major,7564946,87d13h22m26,0
PIG-1648,FALSE,FALSE,Major,328058,03d19h07m38,0
PIG-1649,TRUE,FALSE,Major,236670,02d17h44m30,0
PIG-2112,TRUE,FALSE,Minor,1024529,11d20h35m29,0
PIG-1644,TRUE,FALSE,Major,334496,03d20h54m56,0
PIG-1645,TRUE,FALSE,Major,180512,02d02h08m32,0
PIG-1647,FALSE,FALSE,Major,236780,02d17h46m20,0
PIG-2119,TRUE,FALSE,Major,12333752,142d18h02m32,0
PIG-1641,TRUE,FALSE,Major,448324,05d04h32m04,0
PIG-1642,TRUE,FALSE,Major,410981,04d18h09m41,0
PIG-1643,TRUE,FALSE,Major,337759,03d21h49m19,1
PIG-3417,FALSE,FALSE,Critical,105910581,1225d19h36m21,0
PIG-1489,TRUE,FALSE,Major,1537209,17d19h00m09,0
PIG-3413,FALSE,FALSE,Minor,39623651,458d14h34m11,0
PIG-3412,FALSE,FALSE,Major,634811,07d08h20m11,0
PIG-3410,TRUE,FALSE,Major,1211087,14d00h24m47,0
PIG-1482,TRUE,FALSE,Major,4706484,54d11h21m24,0
PIG-1486,FALSE,FALSE,Minor,3773742,43d16h15m42,0
PIG-1487,FALSE,FALSE,Major,1645693,19d01h08m13,0
PIG-1484,FALSE,FALSE,Major,171250,01d23h34m10,0
PIG-2209,TRUE,FALSE,Blocker,8294464,96d00h01m04,0
PIG-2208,FALSE,FALSE,Major,4215584,48d18h59m44,0
PIG-2200,FALSE,FALSE,Major,2297,00d00h38m17,0
PIG-1079,TRUE,FALSE,Major,9194308,106d09h58m28,0
PIG-3303,FALSE,FALSE,Major,76113,00d21h08m33,0
PIG-3305,FALSE,FALSE,Critical,99566,01d03h39m26,0
PIG-3304,FALSE,FALSE,Major,87168,01d00h12m48,1
PIG-1791,FALSE,FALSE,Major,408105,04d17h21m45,0
PIG-4155,FALSE,FALSE,Major,239564,02d18h32m44,0
PIG-1524,TRUE,FALSE,Major,1874562,21d16h42m42,0
PIG-3243,FALSE,FALSE,Trivial,12932071,149d16h14m31,0
PIG-2849,FALSE,FALSE,Minor,80994,00d22h29m54,0
PIG-3241,FALSE,FALSE,Blocker,454673,05d06h17m53,0
PIG-2844,FALSE,TRUE,Major,4060656,46d23h57m36,0
PIG-2843,FALSE,FALSE,Major,83370,00d23h09m30,0
PIG-2842,TRUE,FALSE,Major,584,00d00h09m44,0
PIG-2841,FALSE,FALSE,Major,91553,01d01h25m53,0
PIG-3249,FALSE,FALSE,Major,524802,06d01h46m42,0
PIG-1865,TRUE,FALSE,Major,5387031,62d08h23m51,0
PIG-1866,FALSE,FALSE,Major,4855771,56d04h49m31,0
PIG-1862,TRUE,FALSE,Major,1730765,20d00h46m05,0
PIG-1868,FALSE,TRUE,Major,2675739,30d23h15m39,0
PIG-1173,FALSE,FALSE,Minor,993520,11d11h58m40,0
PIG-4452,FALSE,FALSE,Minor,5894053,68d05h14m13,0
PIG-1133,TRUE,FALSE,Major,73698,00d20h28m18,0
PIG-1131,FALSE,FALSE,Major,5865933,67d21h25m33,1
PIG-1136,TRUE,FALSE,Minor,1233222,14d06h33m42,0
PIG-4325,FALSE,FALSE,Major,69607,00d19h20m07,0
PIG-4326,FALSE,FALSE,Major,2260199,26d03h49m59,0
PIG-4327,FALSE,FALSE,Major,179583,02d01h53m03,0
PIG-4329,TRUE,FALSE,Major,40445,00d11h14m05,0
PIG-4533,FALSE,FALSE,Major,3582783,41d11h13m03,0
PIG-4218,TRUE,FALSE,Major,10437,00d02h53m57,0
PIG-4219,FALSE,TRUE,Major,759900,08d19h05m00,0
PIG-4214,FALSE,FALSE,Major,79586,00d22h06m26,0
PIG-4215,FALSE,FALSE,Major,37318,00d10h21m58,0
PIG-4217,FALSE,FALSE,Major,24475,00d06h47m55,0
PIG-4212,FALSE,FALSE,Trivial,95781,01d02h36m21,0
PIG-5039,FALSE,FALSE,Minor,6341,00d01h45m41,0
PIG-5038,FALSE,FALSE,Major,221875,02d13h37m55,0
PIG-3930,FALSE,FALSE,Critical,145362,01d16h22m42,0
PIG-5035,FALSE,FALSE,Major,55821,00d15h30m21,0
PIG-5033,TRUE,FALSE,Major,3525463,40d19h17m43,0
PIG-5032,TRUE,FALSE,Major,86646,01d00h04m06,0
PIG-5031,FALSE,FALSE,Minor,5222,00d01h27m02,0
PIG-4034,FALSE,FALSE,Major,552,00d00h09m12,0
PIG-4527,FALSE,FALSE,Major,21687,00d06h01m27,0
PIG-4036,FALSE,FALSE,Major,346991,04d00h23m11,0
PIG-4037,TRUE,FALSE,Major,174330,02d00h25m30,0
PIG-4030,FALSE,FALSE,Major,103654,01d04h47m34,0
PIG-4523,FALSE,FALSE,Major,1226826,14d04h47m06,0
PIG-4032,FALSE,FALSE,Major,47859,00d13h17m39,0
PIG-4033,FALSE,FALSE,Major,2876,00d00h47m56,0
PIG-4038,FALSE,FALSE,Minor,27469,00d07h37m49,0
PIG-4528,FALSE,FALSE,Minor,865466,10d00h24m26,0
PIG-4529,FALSE,FALSE,Major,4271,00d01h11m11,0
TEZ-1469,FALSE,FALSE,Blocker,65561,00d18h12m41,0
PIG-774,TRUE,FALSE,Critical,2305585,26d16h26m25,0
PIG-2685,TRUE,FALSE,Major,141619,01d15h20m19,0
PIG-775,TRUE,FALSE,Minor,77052,00d21h24m12,0
PIG-2680,FALSE,FALSE,Major,495750,05d17h42m30,0
PIG-2873,FALSE,FALSE,Minor,22734483,263d03h08m03,0
PIG-2689,TRUE,FALSE,Major,69123256,800d00h54m16,0
PIG-2442,FALSE,FALSE,Major,8014498,92d18h14m58,0
PIG-1318,TRUE,FALSE,Major,98138,01d03h15m38,0
PIG-5320,FALSE,FALSE,Major,2869943,33d05h12m23,0
PIG-5327,FALSE,FALSE,Major,304153,03d12h29m13,0
PIG-5325,FALSE,FALSE,Major,502094,05d19h28m14,0
PIG-4140,FALSE,FALSE,Major,2104,00d00h35m04,0
PIG-1313,TRUE,FALSE,Major,885117,10d05h51m57,0
PIG-5328,FALSE,FALSE,Major,809849,09d08h57m29,0
PIG-1314,TRUE,TRUE,Major,81060780,938d04h53m00,0
PIG-1108,FALSE,FALSE,Major,570612,06d14h30m12,0
PIG-1428,TRUE,FALSE,Major,1795251,20d18h40m51,0
PIG-3999,FALSE,FALSE,Trivial,22248,00d06h10m48,0
PIG-3643,FALSE,FALSE,Major,195971,02d06h26m11,0
PIG-3640,FALSE,FALSE,Major,101966,01d04h19m26,0
PIG-3641,TRUE,FALSE,Major,3262654,37d18h17m34,0
PIG-3649,FALSE,FALSE,Major,90727,01d01h12m07,0
PIG-2556,FALSE,FALSE,Major,15362011,177d19h13m31,0
PIG-5271,TRUE,FALSE,Major,5941838,68d18h30m38,0
PIG-2550,FALSE,FALSE,Major,2546885,29d11h28m05,0
PIG-1269,TRUE,FALSE,Major,788845,09d03h07m25,0
PIG-1266,FALSE,FALSE,Major,1720244,19d21h50m44,0
PIG-1267,TRUE,FALSE,Major,492359,05d16h45m59,0
PIG-1265,TRUE,FALSE,Major,267957,03d02h25m57,0
PIG-1262,TRUE,FALSE,Major,1696107,19d15h08m27,0
PIG-1260,TRUE,FALSE,Major,1113628,12d21h20m28,0
PIG-1261,TRUE,FALSE,Major,637882,07d09h11m22,0
PIG-2415,FALSE,FALSE,Major,19999,00d05h33m19,0
PIG-650,FALSE,FALSE,Major,3369835,39d00h03m55,0
PIG-878,FALSE,FALSE,Critical,873297,10d02h34m57,0
PIG-656,FALSE,FALSE,Major,9571892,110d18h51m32,1
PIG-2410,TRUE,FALSE,Major,2604188,30d03h23m08,0
PIG-877,FALSE,FALSE,Major,407081,04d17h04m41,0
PIG-876,FALSE,FALSE,Major,84837,00d23h33m57,0
PIG-5278,TRUE,FALSE,Major,160321,01d20h32m01,0
PIG-2044,FALSE,FALSE,Major,702552,08d03h09m12,0
PIG-2069,FALSE,FALSE,Major,312938,03d14h55m38,0
PIG-4841,FALSE,FALSE,Minor,859630,09d22h47m10,0
PIG-2043,FALSE,FALSE,Major,107376,01d05h49m36,0
PIG-2067,TRUE,FALSE,Major,79642,00d22h07m22,0
PIG-2413,FALSE,FALSE,Major,2936102,33d23h35m02,0
PIG-4845,FALSE,FALSE,Major,43255,00d12h00m55,0
PIG-2060,FALSE,FALSE,Minor,5642430,65d07h20m30,0
PIG-2062,FALSE,FALSE,Major,131677,01d12h34m37,0
PIG-3794,FALSE,FALSE,Major,1809159,20d22h32m39,0
PIG-2669,FALSE,FALSE,Critical,3634330,42d01h32m10,0
PIG-2662,TRUE,FALSE,Major,9900175,114d14h02m55,0
PIG-789,FALSE,FALSE,Major,510940,05d21h55m40,0
PIG-3798,TRUE,FALSE,Major,2344600,27d03h16m40,0
PIG-2666,TRUE,FALSE,Major,1397150,16d04h05m50,0
PIG-2665,FALSE,FALSE,Major,3871474,44d19h24m34,0
PIG-1659,TRUE,FALSE,Major,366811,04d05h53m31,0
PIG-1658,FALSE,FALSE,Major,93897,01d02h04m57,0
PIG-3422,FALSE,FALSE,Major,173274,02d00h07m54,0
PIG-1656,TRUE,FALSE,Major,259756,03d00h09m16,0
PIG-1655,FALSE,FALSE,Major,759112,08d18h51m52,0
PIG-1653,FALSE,FALSE,Major,1736131,20d02h15m31,0
PIG-1651,TRUE,FALSE,Major,242329,02d19h18m49,0
PIG-1650,FALSE,FALSE,Major,234564,02d17h09m24,0
PIG-1490,FALSE,FALSE,Major,245501,02d20h11m41,0
PIG-1493,TRUE,FALSE,Major,647849,07d11h57m29,0
PIG-1492,TRUE,FALSE,Major,1011060,11d16h51m00,0
PIG-2278,FALSE,FALSE,Trivial,4970,00d01h22m50,0
PIG-2275,TRUE,FALSE,Major,4619328,53d11h08m48,0
PIG-2270,FALSE,FALSE,Major,1090689,12d14h58m09,0
PIG-2271,TRUE,FALSE,Critical,2726890,31d13h28m10,0
PIG-2273,FALSE,FALSE,Major,364507,04d05h15m07,0
PIG-894,TRUE,FALSE,Major,6909129,79d23h12m09,0
PIG-891,TRUE,FALSE,Minor,5675812,65d16h36m52,0
PIG-3335,FALSE,FALSE,Major,262849,03d01h00m49,0
PIG-3331,FALSE,FALSE,Major,1357489,15d17h04m49,0
PIG-1781,TRUE,FALSE,Major,2414708,27d22h45m08,0
PIG-1785,TRUE,FALSE,Major,616231,07d03h10m31,0
PIG-1787,TRUE,FALSE,Major,568346,06d13h52m26,0
PIG-1788,FALSE,FALSE,Major,8651061,100d03h04m21,0
PIG-3250,FALSE,FALSE,Major,7511826,86d22h37m06,0
PIG-3253,FALSE,FALSE,Minor,86826,01d00h07m06,0
PIG-3252,FALSE,FALSE,Major,60289,00d16h44m49,0
PIG-3256,FALSE,FALSE,Critical,12731,00d03h32m11,0
PIG-2301,FALSE,FALSE,Critical,257054,02d23h24m14,0
PIG-2871,TRUE,FALSE,Major,80188,00d22h16m28,0
PIG-2876,FALSE,FALSE,Major,4821,00d01h20m21,0
PIG-2307,FALSE,FALSE,Minor,114423,01d07h47m03,0
PIG-2309,TRUE,FALSE,Major,648898,07d12h14m58,0
PIG-2878,TRUE,FALSE,Major,14665143,169d17h39m03,0
PIG-1872,FALSE,FALSE,Major,239005,02d18h23m25,0
PIG-1871,TRUE,FALSE,Minor,4474507,51d18h55m07,0
PIG-1870,TRUE,FALSE,Major,4319817,49d23h56m57,0
PIG-2890,TRUE,FALSE,Major,87,00d00h01m27,0
PIG-2896,FALSE,FALSE,Major,100803,01d04h00m03,0
PIG-1639,TRUE,FALSE,Major,257758,02d23h35m58,0
PIG-4445,FALSE,FALSE,Major,2319,00d00h38m39,0
PIG-4444,FALSE,FALSE,Major,82414,00d22h53m34,0
PIG-4447,FALSE,FALSE,Major,2881,00d00h48m01,0
PIG-4330,FALSE,FALSE,Major,3355,00d00h55m55,0
PIG-4440,FALSE,FALSE,Minor,4280,00d01h11m20,0
PIG-4335,FALSE,FALSE,Major,319,00d00h05m19,0
PIG-1122,FALSE,FALSE,Major,81113,00d22h31m53,0
PIG-4339,FALSE,FALSE,Major,4135577,47d20h46m17,0
PIG-4338,TRUE,FALSE,Major,1739242,20d03h07m22,0
PIG-1128,FALSE,FALSE,Major,260003,03d00h13m23,0
PIG-1632,FALSE,FALSE,Major,247444,02d20h44m04,0
PIG-2748,FALSE,FALSE,Major,1394193,16d03h16m33,0
PIG-4205,FALSE,FALSE,Major,4219,00d01h10m19,0
PIG-4201,FALSE,FALSE,Major,13058,00d03h37m38,0
PIG-1019,FALSE,FALSE,Major,55536,00d15h25m36,0
PIG-4538,TRUE,FALSE,Major,155373,01d19h09m33,0
PIG-3929,TRUE,FALSE,Major,1123820,13d00h10m20,0
PIG-3923,FALSE,FALSE,Trivial,393585,04d13h19m45,1
PIG-3922,FALSE,FALSE,Minor,238356,02d18h12m36,0
PIG-1013,FALSE,FALSE,Major,850236,09d20h10m36,0
PIG-4532,FALSE,FALSE,Trivial,483282,05d14h14m42,0
PIG-1015,FALSE,FALSE,Major,55226,00d15h20m26,0
PIG-4537,FALSE,FALSE,Major,90440,01d01h07m20,0
PIG-4027,FALSE,FALSE,Minor,3205,00d00h53m25,0
PIG-4023,TRUE,FALSE,Major,530845,06d03h27m25,0
PIG-4022,FALSE,FALSE,Major,147940,01d17h05m40,0
PIG-4021,FALSE,FALSE,Major,276891,03d04h54m51,0
PIG-4020,FALSE,FALSE,Major,8273,00d02h17m53,0
PIG-4029,FALSE,FALSE,Major,111500,01d06h58m20,0
PIG-4028,FALSE,FALSE,Major,1922,00d00h32m02,0
PIG-1118,FALSE,FALSE,Major,248679,02d21h04m39,0
PIG-1124,FALSE,FALSE,Minor,5182068,59d23h27m48,0
PIG-4331,FALSE,FALSE,Major,14254437,164d23h33m57,1
PIG-2477,FALSE,FALSE,Major,14857,00d04h07m37,0
PIG-4159,FALSE,FALSE,Major,153138,01d18h32m18,0
PIG-4158,TRUE,FALSE,Major,450,00d00h07m30,0
PIG-5312,FALSE,FALSE,Major,4742450,54d21h20m50,0
PIG-1308,TRUE,FALSE,Major,324757,03d18h12m37,0
PIG-5310,FALSE,FALSE,Major,3011078,34d20h24m38,0
PIG-5311,TRUE,FALSE,Major,5545841,64d04h30m41,0
PIG-4151,FALSE,FALSE,Major,3569668,41d07h34m28,0
PIG-4157,FALSE,FALSE,Major,181328,02d02h22m08,0
PIG-4156,FALSE,FALSE,Major,271475,03d03h24m35,0
PIG-1303,TRUE,TRUE,Major,4068274,47d02h04m34,0
PIG-4154,FALSE,FALSE,Minor,245695,02d20h14m55,0
PIG-4443,TRUE,FALSE,Major,253996,02d22h33m16,0
PIG-3655,TRUE,TRUE,Major,111580378,1291d10h32m58,0
PIG-3657,TRUE,FALSE,Major,90739,01d01h12m19,0
PIG-2788,FALSE,FALSE,Major,17019942,196d23h45m42,0
PIG-3650,FALSE,FALSE,Critical,72102,00d20h01m42,0
PIG-3652,FALSE,FALSE,Major,2058993,23d19h56m33,0
PIG-2785,FALSE,FALSE,Major,4302577,49d19h09m37,0
PIG-2787,FALSE,FALSE,Major,1354,00d00h22m34,0
PIG-2780,FALSE,FALSE,Major,1082853,12d12h47m33,0
PIG-2781,FALSE,FALSE,Minor,5391315,62d09h35m15,0
PIG-2782,FALSE,FALSE,Major,628652,07d06h37m32,0
PIG-2783,FALSE,FALSE,Minor,613457,07d02h24m17,0
PIG-1270,TRUE,FALSE,Major,64908444,751d06h07m24,0
PIG-1273,TRUE,FALSE,Major,143639,01d15h53m59,0
PIG-1272,FALSE,FALSE,Major,1054722,12d04h58m42,1
PIG-1275,FALSE,FALSE,Major,686433,07d22h40m33,0
PIG-1277,TRUE,FALSE,Major,25338624,293d06h30m24,0
PIG-1276,FALSE,FALSE,Minor,83085,00d23h04m45,0
PIG-644,TRUE,FALSE,Major,22802230,263d21h57m10,0
PIG-861,FALSE,FALSE,Major,928420,10d17h53m40,0
PIG-313,FALSE,FALSE,Minor,79813528,923d18h25m28,1
PIG-2092,FALSE,FALSE,Major,11492639,133d00h23m59,0
PIG-4832,FALSE,FALSE,Major,1170406,13d13h06m46,0
PIG-4833,TRUE,FALSE,Minor,88659,01d00h37m39,0
PIG-790,FALSE,FALSE,Minor,15790088,182d18h08m08,0
PIG-3782,FALSE,FALSE,Major,1422346,16d11h05m46,1
PIG-797,TRUE,FALSE,Major,4225914,48d21h51m54,0
PIG-799,FALSE,FALSE,Major,701201,08d02h46m41,0
PIG-2652,TRUE,FALSE,Major,6556071,75d21h07m51,1
PIG-3492,TRUE,FALSE,Major,1898262,21d23h17m42,0
PIG-1662,FALSE,FALSE,Major,272170,03d03h36m10,0
PIG-1666,FALSE,FALSE,Major,261192,03d00h33m12,0
PIG-3435,FALSE,FALSE,Major,528169,06d02h42m49,0
PIG-3434,TRUE,FALSE,Major,35920918,415d18h01m58,1
PIG-1668,TRUE,FALSE,Major,100264,01d03h51m04,0
PIG-1669,TRUE,FALSE,Major,1113165,12d21h12m45,0
PIG-3432,FALSE,FALSE,Major,73623,00d20h27m03,0
PIG-4940,TRUE,FALSE,Major,1747936,20d05h32m16,0
PIG-1463,FALSE,FALSE,Major,2971,00d00h49m31,0
PIG-4945,FALSE,FALSE,Trivial,797203,09d05h26m43,0
PIG-4947,FALSE,FALSE,Major,650115,07d12h35m15,0
PIG-4948,TRUE,FALSE,Major,356278,04d02h57m58,0
PIG-1469,FALSE,FALSE,Major,446395,05d03h59m55,0
PIG-2267,TRUE,TRUE,Major,10659302,123d08h55m02,0
PIG-2266,FALSE,TRUE,Major,44159403,511d02h30m03,0
PIG-2265,FALSE,FALSE,Major,50131041,580d05h17m21,0
PIG-2264,FALSE,FALSE,Major,343885,03d23h31m25,0
PIG-2261,FALSE,FALSE,Major,1934148,22d09h15m48,0
PIG-3322,TRUE,FALSE,Major,1819150,21d01h19m10,1
PIG-3325,FALSE,FALSE,Critical,13905531,160d22h38m51,0
PIG-881,TRUE,FALSE,Major,103820,01d04h50m20,0
PIG-3327,FALSE,FALSE,Major,1618153,18d17h29m13,0
PIG-883,TRUE,FALSE,Major,157295,01d19h41m35,0
PIG-3329,TRUE,FALSE,Critical,2053699,23d18h28m19,0
PIG-3328,FALSE,FALSE,Major,773253,08d22h47m33,0
PIG-888,FALSE,FALSE,Major,139674,01d14h47m54,0
PIG-2848,FALSE,FALSE,Major,2320617,26d20h36m57,0
PIG-976,TRUE,FALSE,Major,2283265,26d10h14m25,1
PIG-977,FALSE,FALSE,Major,10903911,126d04h51m51,0
PIG-3227,FALSE,FALSE,Minor,102487912,1186d04h51m52,0
PIG-3223,TRUE,FALSE,Major,5796096,67d02h01m36,0
PIG-2313,TRUE,FALSE,Major,2615697,30d06h34m57,0
PIG-2311,TRUE,FALSE,Major,5330661,61d16h44m21,0
PIG-2866,TRUE,FALSE,Minor,427840,04d22h50m40,0
PIG-2861,FALSE,FALSE,Major,276,00d00h04m36,0
PIG-2860,FALSE,FALSE,Major,593037,06d20h43m57,0
PIG-2315,TRUE,TRUE,Major,147986148,1712d19h15m48,0
PIG-1843,TRUE,FALSE,Major,1119946,12d23h05m46,0
PIG-1841,TRUE,FALSE,Major,1239708,14d08h21m48,0
PIG-3310,TRUE,FALSE,Major,2372235,27d10h57m15,0
PIG-1683,TRUE,FALSE,Major,310107,03d14h08m27,0
PIG-1684,TRUE,FALSE,Major,1040666,12d01h04m26,0
PIG-1685,FALSE,FALSE,Major,172275,01d23h51m15,0
PIG-1018,TRUE,FALSE,Major,245064,02d20h04m24,0
PIG-978,FALSE,FALSE,Major,5784327,66d22h45m27,0
PIG-2887,FALSE,FALSE,Minor,1863069,21d13h31m09,0
PIG-2886,TRUE,FALSE,Minor,1027356,11d21h22m36,0
PIG-2885,FALSE,FALSE,Minor,5456989,63d03h49m49,0
PIG-2884,FALSE,FALSE,Major,7067,00d01h57m47,0
PIG-3316,TRUE,FALSE,Major,179103,02d01h45m03,0
PIG-3132,TRUE,FALSE,Major,4732619,54d18h36m59,0
PIG-3135,TRUE,FALSE,Major,2773349,32d02h22m29,1
PIG-3137,TRUE,FALSE,Major,862952,09d23h42m32,0
PIG-3139,FALSE,TRUE,Major,88627,01d00h37m07,0
PIG-4530,TRUE,FALSE,Major,162459,01d21h07m39,0
PIG-3921,FALSE,FALSE,Minor,243360,02d19h36m00,0
PIG-1012,FALSE,FALSE,Major,1026562,11d21h09m22,1
PIG-2637,FALSE,FALSE,Minor,13812947,159d20h55m47,0
PIG-4432,TRUE,FALSE,Major,317108,03d16h05m08,0
PIG-4230,FALSE,FALSE,Trivial,11871,00d03h17m51,0
PIG-1153,TRUE,FALSE,Major,630911,07d07h15m11,0
PIG-4235,TRUE,FALSE,Major,1325140,15d08h05m40,0
PIG-4238,TRUE,FALSE,Major,67409,00d18h43m29,0
PIG-4018,TRUE,FALSE,Major,296857,03d10h27m37,0
PIG-4019,FALSE,FALSE,Major,1272,00d00h21m12,0
PIG-4548,FALSE,FALSE,Major,67037603,775d21h33m23,0
PIG-3916,TRUE,FALSE,Critical,74180,00d20h36m20,0
PIG-4013,FALSE,FALSE,Major,321771,03d17h22m51,0
PIG-3915,TRUE,FALSE,Major,2359253,27d07h20m53,0
PIG-5019,FALSE,FALSE,Major,973158,11d06h19m18,0
PIG-4541,FALSE,FALSE,Major,1565669,18d02h54m29,0
PIG-4014,TRUE,FALSE,Major,321748,03d17h22m28,0
PIG-4543,FALSE,FALSE,Major,185038,02d03h23m58,0
PIG-1159,TRUE,FALSE,Major,412786,04d18h39m46,0
PIG-4782,FALSE,FALSE,Major,66982,00d18h36m22,0
PIG-4786,FALSE,FALSE,Major,10961905,126d20h58m25,0
PIG-5300,TRUE,FALSE,Major,8646775,100d01h52m55,0
PIG-2462,TRUE,FALSE,Major,366717,04d05h51m57,0
PIG-5307,FALSE,FALSE,Minor,665,00d00h11m05,0
PIG-5306,TRUE,FALSE,Minor,310949,03d14h22m29,0
PIG-4169,TRUE,FALSE,Major,294307,03d09h45m07,1
PIG-4166,TRUE,FALSE,Major,4225357,48d21h42m37,0
PIG-4164,FALSE,FALSE,Major,1813910,20d23h51m50,1
PIG-4161,FALSE,FALSE,Major,238234,02d18h10m34,0
PIG-4498,FALSE,FALSE,Major,252254,02d22h04m14,0
PIG-4499,FALSE,FALSE,Major,73785,00d20h29m45,0
PIG-4497,TRUE,FALSE,Major,30096,00d08h21m36,0
PIG-4494,FALSE,FALSE,Major,2307203,26d16h53m23,0
PIG-4493,TRUE,FALSE,Major,160573,01d20h36m13,0
PIG-4490,TRUE,FALSE,Major,4455544,51d13h39m04,0
PIG-4491,TRUE,FALSE,Major,177194,02d01h13m14,0
PIG-2791,FALSE,TRUE,Blocker,4486792,51d22h19m52,0
PIG-2790,TRUE,FALSE,Major,14788,00d04h06m28,0
PIG-1204,FALSE,FALSE,Major,153137,01d18h32m17,0
PIG-1209,TRUE,FALSE,Major,592129,06d20h28m49,0
PIG-631,FALSE,FALSE,Major,61785024,715d02h30m24,0
PIG-2083,TRUE,FALSE,Major,441017,05d02h30m17,0
PIG-2081,TRUE,FALSE,Major,87975,01d00h26m15,0
PIG-2084,TRUE,FALSE,Major,269610,03d02h53m30,0
PIG-2089,FALSE,FALSE,Major,14771,00d04h06m11,0
PIG-2088,FALSE,FALSE,Major,6403,00d01h46m43,0
PIG-4821,FALSE,FALSE,Major,7777251,90d00h20m51,0
PIG-2640,FALSE,FALSE,Minor,2421401,28d00h36m41,0
PIG-2642,TRUE,FALSE,Major,232850,02d16h40m50,0
PIG-2645,FALSE,FALSE,Major,24965436,288d22h50m36,0
PIG-2644,FALSE,FALSE,Minor,909643,10d12h40m43,0
PIG-2647,FALSE,FALSE,Major,86320868,999d02h01m08,0
PIG-2649,FALSE,FALSE,Major,36731,00d10h12m11,0
PIG-1513,TRUE,FALSE,Major,684472,07d22h07m52,0
PIG-1516,TRUE,FALSE,Major,941552,10d21h32m32,0
PIG-1517,FALSE,FALSE,Minor,201697,02d08h01m37,0
PIG-746,FALSE,FALSE,Major,18207370,210d17h36m10,0
PIG-740,FALSE,FALSE,Minor,34440227,398d14h43m47,0
PIG-831,TRUE,FALSE,Minor,9059686,104d20h34m46,0
PIG-1677,FALSE,FALSE,Major,1292814,14d23h06m54,0
PIG-1670,TRUE,FALSE,Major,59446,00d16h30m46,0
PIG-1673,TRUE,FALSE,Major,958688,11d02h18m08,0
PIG-1672,TRUE,FALSE,Major,106078,01d05h27m58,0
PIG-4953,TRUE,FALSE,Major,17850562,206d14h29m22,0
PIG-4950,TRUE,FALSE,Minor,95139,01d02h25m39,0
PIG-4957,FALSE,FALSE,Major,274606,03d04h16m46,0
PIG-835,FALSE,FALSE,Major,425342,04d22h09m02,0
PIG-3682,FALSE,FALSE,Major,618490,07d03h48m10,0
PIG-834,TRUE,FALSE,Major,21767913,251d22h38m33,0
PIG-3515,FALSE,FALSE,Major,400840,04d15h20m40,0
PIG-1446,FALSE,FALSE,Major,88337,01d00h32m17,0
PIG-1445,TRUE,FALSE,Major,4142368,47d22h39m28,0
PIG-2257,FALSE,FALSE,Major,20503258,237d07h20m58,0
PIG-4889,TRUE,FALSE,Minor,245824,02d20h17m04,0
PIG-1169,TRUE,FALSE,Major,4941842,57d04h44m02,0
PIG-2024,FALSE,FALSE,Minor,284156,03d06h55m56,0
PIG-3354,FALSE,FALSE,Minor,1005445,11d15h17m25,0
PIG-3355,TRUE,FALSE,Major,339703,03d22h21m43,0
PIG-5314,FALSE,FALSE,Major,930462,10d18h27m42,0
PIG-5315,TRUE,FALSE,Minor,1461201,16d21h53m21,0
PIG-2472,FALSE,FALSE,Major,85576,00d23h46m16,1
PIG-3239,FALSE,FALSE,Minor,791521,09d03h52m01,0
PIG-1307,FALSE,FALSE,Major,104028,01d04h53m48,0
PIG-2326,FALSE,FALSE,Minor,7911572,91d13h39m32,0
PIG-2327,FALSE,FALSE,Major,2951738,34d03h55m38,0
PIG-2322,TRUE,FALSE,Major,10535207,121d22h26m47,0
PIG-2320,FALSE,FALSE,Major,879205,10d04h13m25,0
PIG-1854,TRUE,FALSE,Major,392722,04d13h05m22,1
PIG-1856,FALSE,FALSE,Major,1196758,13d20h25m58,0
PIG-1850,FALSE,FALSE,Major,577560,06d16h26m00,0
PIG-1852,FALSE,FALSE,Major,17771,00d04h56m11,0
PIG-5318,FALSE,FALSE,Major,1281129,14d19h52m09,0
PIG-1697,FALSE,FALSE,Major,14885448,172d06h50m48,1
PIG-1695,FALSE,FALSE,Major,841502,09d17h45m02,0
PIG-1694,TRUE,FALSE,Major,443417,05d03h10m17,0
PIG-3122,TRUE,FALSE,Major,7778719,90d00h45m19,0
PIG-3120,FALSE,TRUE,Critical,175130,02d00h38m50,0
PIG-3125,FALSE,FALSE,Major,6142,00d01h42m22,0
PIG-4224,FALSE,FALSE,Major,2678738,31d00h05m38,0
PIG-4227,FALSE,FALSE,Major,530450,06d03h20m50,1
PIG-4226,FALSE,FALSE,Major,36853,00d10h14m13,0
PIG-4220,FALSE,FALSE,Major,356796,04d03h06m36,0
PIG-3902,TRUE,FALSE,Major,2010794,23d06h33m14,0
PIG-3905,FALSE,TRUE,Blocker,515085,05d23h04m45,0
PIG-4559,TRUE,FALSE,Major,156326,01d19h25m26,0
PIG-3906,FALSE,TRUE,Major,62298300,721d01h05m00,0
PIG-3909,FALSE,FALSE,Major,219875,02d13h04m35,0
PIG-4556,FALSE,FALSE,Major,484928,05d14h42m08,1
PIG-1075,FALSE,FALSE,Major,3520116,40d17h48m36,0
PIG-1074,TRUE,FALSE,Major,2194929,25d09h42m09,0
PIG-4001,FALSE,FALSE,Minor,882057,10d05h00m57,0
PIG-4000,FALSE,FALSE,Minor,21705,00d06h01m45,0
PIG-4003,TRUE,FALSE,Major,1296180,15d00h03m00,0
PIG-4798,FALSE,FALSE,Major,22695338,262d16h15m38,0
PIG-4795,FALSE,FALSE,Minor,88248,01d00h30m48,0
PIG-4791,FALSE,FALSE,Major,13269,00d03h41m09,0
PIG-4790,FALSE,FALSE,Major,1096069,12d16h27m49,0
PIG-4312,FALSE,FALSE,Major,248709,02d21h05m09,0
PIG-4315,TRUE,FALSE,Major,25816768,298d19h19m28,1
PIG-4314,TRUE,FALSE,Major,316553,03d15h55m53,1
PIG-2418,FALSE,FALSE,Major,2420900,28d00h28m20,0
PIG-5374,FALSE,FALSE,Major,4328,00d01h12m08,0
PIG-5375,FALSE,FALSE,Major,15190721,175d19h38m41,0
PIG-5370,FALSE,FALSE,Major,782587,09d01h23m07,0
PIG-2411,FALSE,FALSE,Major,8645579,100d01h32m59,0
PIG-5372,TRUE,FALSE,Major,3804316,44d00h45m16,0
PIG-5373,TRUE,FALSE,Major,1219282,14d02h41m22,0
PIG-4171,TRUE,FALSE,Minor,62309,00d17h18m29,0
PIG-4170,FALSE,FALSE,Major,85907,00d23h51m47,0
PIG-4175,TRUE,FALSE,Major,1270573,14d16h56m13,0
PIG-4177,FALSE,FALSE,Major,245986,02d20h19m46,0
PIG-4176,FALSE,FALSE,Major,867134,10d00h52m14,0
PIG-4178,FALSE,FALSE,Major,965957,11d04h19m17,0
PIG-4480,FALSE,FALSE,Major,577546,06d16h25m46,0
PIG-4484,FALSE,FALSE,Major,7862,00d02h11m02,0
PIG-4487,TRUE,TRUE,Major,174778,02d00h32m58,0
PIG-4488,TRUE,FALSE,Major,363936,04d05h05m36,0
PIG-5173,FALSE,FALSE,Major,164757,01d21h45m57,0
PIG-5198,FALSE,FALSE,Minor,90376,01d01h06m16,0
PIG-5201,FALSE,FALSE,Major,22077157,255d12h32m37,0
PIG-5209,TRUE,FALSE,Minor,217069,02d12h17m49,0
PIG-1217,TRUE,FALSE,Minor,701746,08d02h55m46,0
PIG-1216,FALSE,TRUE,Major,2053226,23d18h20m26,1
PIG-1213,TRUE,FALSE,Major,1549434,17d22h23m54,0
PIG-1212,FALSE,FALSE,Major,67019,00d18h36m59,0
PIG-1210,TRUE,FALSE,Major,89614,01d00h53m34,0
PIG-4812,FALSE,FALSE,Major,147780,01d17h03m00,0
PIG-4811,FALSE,FALSE,Major,195221,02d06h13m41,0
PIG-4816,FALSE,FALSE,Major,342079,03d23h01m19,0
PIG-4814,FALSE,FALSE,Major,7983,00d02h13m03,0
PIG-4818,FALSE,FALSE,Minor,70904,00d19h41m44,0
PIG-4819,TRUE,FALSE,Major,175189,02d00h39m49,1
PIG-3424,FALSE,FALSE,Major,295221,03d10h00m21,0
PIG-1508,FALSE,FALSE,Major,5104512,59d01h55m12,0
PIG-1500,FALSE,FALSE,Major,1299746,15d01h02m26,0
PIG-1507,FALSE,FALSE,Major,113873,01d07h37m53,0
PIG-2639,FALSE,FALSE,Minor,2930932,33d22h08m52,0
PIG-536,FALSE,FALSE,Major,81257495,940d11h31m35,0
PIG-1105,FALSE,FALSE,Major,1032387,11d22h46m27,0
PIG-532,FALSE,FALSE,Minor,9682194,112d01h29m54,0
PIG-1101,FALSE,FALSE,Minor,326352,03d18h39m12,0
PIG-4966,FALSE,FALSE,Minor,31121,00d08h38m41,0
PIG-4967,FALSE,FALSE,Critical,2043008,23d15h30m08,0
PIG-4965,FALSE,FALSE,Major,305158,03d12h45m58,0
PIG-1443,TRUE,FALSE,Major,175391,02d00h43m11,0
PIG-4960,FALSE,FALSE,Major,84420,00d23h27m00,0
PIG-4961,TRUE,FALSE,Major,83959,00d23h19m19,0
PIG-2741,FALSE,FALSE,Major,193169,02d05h39m29,0
PIG-2744,FALSE,FALSE,Major,8370616,96d21h10m16,0
PIG-2745,FALSE,FALSE,Major,714883,08d06h34m43,0
PIG-1448,TRUE,FALSE,Major,5381719,62d06h55m19,0
PIG-1449,FALSE,FALSE,Minor,1514006,17d12h33m26,0
PIG-1999,FALSE,FALSE,Major,1455276,16d20h14m36,0
PIG-1996,FALSE,FALSE,Major,406669,04d16h57m49,0
PIG-1990,FALSE,FALSE,Major,1874015,21d16h33m35,0
PIG-1993,FALSE,FALSE,Major,90061,01d01h01m01,0
PIG-3347,TRUE,FALSE,Critical,21439387,248d03h23m07,0
PIG-3345,FALSE,FALSE,Major,55973,00d15h32m53,0
PIG-3349,FALSE,FALSE,Minor,7432079,86d00h27m59,0
PIG-3202,FALSE,FALSE,Major,297933,03d10h45m33,0
PIG-3200,FALSE,FALSE,Major,330710,03d19h51m50,0
PIG-3206,FALSE,FALSE,Major,396865,04d14h14m25,0
PIG-2331,FALSE,FALSE,Major,4706146,54d11h15m46,0
PIG-3208,FALSE,FALSE,Major,2235849,25d21h04m09,0
PIG-2339,TRUE,FALSE,Major,669568,07d17h59m28,0
PIG-1776,TRUE,FALSE,Major,3550768,41d02h19m28,0
PIG-3114,FALSE,FALSE,Major,23050222,266d18h50m22,0
PIG-3115,TRUE,FALSE,Major,180563,02d02h09m23,0
PIG-3112,FALSE,FALSE,Major,43898,00d12h11m38,0
PIG-3110,FALSE,FALSE,Major,6863382,79d10h29m42,0
PIG-4935,FALSE,FALSE,Major,2847033,32d22h50m33,0
PIG-1414,FALSE,FALSE,Major,88508,01d00h35m08,0
PIG-3097,FALSE,FALSE,Major,11808030,136d16h00m30,0
PIG-2237,TRUE,FALSE,Major,2619683,30d07h41m23,0
PIG-3095,FALSE,FALSE,Major,316192,03d15h49m52,0
PIG-1042,TRUE,FALSE,Major,99076,01d03h31m16,0
PIG-3975,TRUE,FALSE,Critical,1816127,21d00h28m47,0
PIG-3976,FALSE,FALSE,Major,2558,00d00h42m38,0
PIG-1041,TRUE,FALSE,Major,99153,01d03h32m33,0
PIG-1046,TRUE,FALSE,Major,9316696,107d19h58m16,0
PIG-4564,FALSE,TRUE,Major,256829,02d23h20m29,0
PIG-1048,FALSE,FALSE,Major,682638,07d21h37m18,0
PIG-4569,FALSE,FALSE,Major,87721,01d00h22m01,0
PIG-3978,TRUE,FALSE,Major,176139,02d00h55m39,0
PIG-4760,FALSE,FALSE,Major,1020444,11d19h27m24,0
PIG-2426,TRUE,FALSE,Minor,1808959,20d22h29m19,0
PIG-4767,TRUE,FALSE,Major,48105742,556d18h42m22,0
PIG-4768,TRUE,FALSE,Major,105443,01d05h17m23,0
PIG-4769,TRUE,FALSE,Major,90180,01d01h03m00,0
PIG-4938,FALSE,FALSE,Minor,1642406,19d00h13m26,0
PIG-3826,FALSE,FALSE,Major,6372,00d01h46m12,0
PIG-3827,TRUE,FALSE,Major,64945,00d18h02m25,0
PIG-4361,FALSE,FALSE,Major,396763,04d14h12m43,0
PIG-3809,FALSE,FALSE,Major,200702,02d07h45m02,0
PIG-2409,FALSE,FALSE,Minor,78802312,912d01h31m52,0
PIG-5368,FALSE,FALSE,Major,1170760,13d13h12m40,0
PIG-3801,TRUE,FALSE,Major,1316980,15d05h49m40,0
PIG-2405,TRUE,FALSE,Major,29087211,336d15h46m51,0
PIG-1009,FALSE,FALSE,Major,524766,06d01h46m06,0
PIG-2402,FALSE,FALSE,Major,73435,00d20h23m55,0
PIG-3806,FALSE,FALSE,Major,23890,00d06h38m10,0
PIG-3807,FALSE,FALSE,Major,6466905,74d20h21m45,1
PIG-4105,TRUE,FALSE,Critical,40188,00d11h09m48,0
PIG-4106,FALSE,FALSE,Major,25743,00d07h09m03,0
PIG-4108,FALSE,FALSE,Major,7110,00d01h58m30,0
PIG-4109,TRUE,FALSE,Major,533305,06d04h08m25,0
PIG-1194,FALSE,FALSE,Major,2836670,32d19h57m50,1
PIG-1195,FALSE,FALSE,Major,360644,04d04h10m44,0
PIG-1190,TRUE,FALSE,Major,2438739,28d05h25m39,1
PIG-1191,TRUE,FALSE,Blocker,388453,04d11h54m13,0
PIG-1193,TRUE,FALSE,Major,352796,04d01h59m56,0
PIG-1199,FALSE,FALSE,Major,16996264,196d17h11m04,0
PIG-5183,FALSE,FALSE,Major,154262,01d18h51m02,0
PIG-5182,FALSE,FALSE,Major,150599,01d17h49m59,0
PIG-5185,TRUE,FALSE,Major,6390609,73d23h10m09,0
PIG-5188,FALSE,FALSE,Major,6474280,74d22h24m40,0
PIG-2533,FALSE,FALSE,Major,87818,01d00h23m38,0
PIG-2532,TRUE,FALSE,Major,1895258,21d22h27m38,1
PIG-2530,FALSE,FALSE,Critical,296686,03d10h24m46,0
PIG-2535,FALSE,FALSE,Major,1251159,14d11h32m39,0
PIG-2534,FALSE,FALSE,Major,1250706,14d11h25m06,0
PIG-1221,TRUE,FALSE,Major,11811221,136d16h53m41,0
PIG-1226,TRUE,FALSE,Major,1026724,11d21h12m04,0
PIG-4949,TRUE,FALSE,Major,23522,00d06h32m02,0
PIG-438,FALSE,FALSE,Minor,110167021,1275d01h57m01,0
PIG-4580,FALSE,FALSE,Major,55259,00d15h20m59,0
PIG-4581,FALSE,FALSE,Trivial,28471211,329d12h40m11,0
PIG-4587,FALSE,FALSE,Critical,19770866,228d19h54m26,0
PIG-3592,TRUE,FALSE,Major,1833186,21d05h13m06,0
PIG-3593,FALSE,FALSE,Major,93404,01d01h56m44,0
PIG-3590,TRUE,FALSE,Major,100192,01d03h49m52,0
PIG-3591,TRUE,TRUE,Major,11207153,129d17h05m53,0
PIG-3752,FALSE,FALSE,Major,9543137,110d10h52m17,0
PIG-3753,FALSE,FALSE,Major,88751,01d00h39m11,0
PIG-3754,TRUE,TRUE,Trivial,2357186,27d06h46m26,0
PIG-3755,FALSE,FALSE,Trivial,258953,02d23h55m53,0
PIG-4808,FALSE,FALSE,Major,206730,02d09h25m30,0
PIG-2627,TRUE,FALSE,Major,1527282,17d16h14m42,0
PIG-2621,FALSE,FALSE,Major,124979,01d10h42m59,0
PIG-1534,FALSE,FALSE,Major,93458,01d01h57m38,0
PIG-1533,FALSE,FALSE,Major,233952,02d16h59m12,0
PIG-2629,FALSE,FALSE,Major,52825974,611d09h52m54,0
PIG-1531,TRUE,FALSE,Major,5358577,62d00h29m37,1
PIG-1033,FALSE,FALSE,Major,242129,02d19h15m29,0
PIG-761,TRUE,FALSE,Major,22462006,259d23h26m46,0
PIG-989,FALSE,FALSE,Major,604362,06d23h52m42,0
PIG-767,TRUE,FALSE,Major,56036710,648d13h45m10,0
PIG-1453,TRUE,FALSE,Major,3210219,37d03h43m39,0
PIG-4972,FALSE,FALSE,Major,74249,00d20h37m29,0
PIG-4975,FALSE,FALSE,Trivial,68318,00d18h58m38,0
PIG-4974,TRUE,FALSE,Major,683968,07d21h59m28,0
PIG-4976,FALSE,FALSE,Major,2915874,33d17h57m54,0
PIG-2759,FALSE,FALSE,Minor,250,00d00h04m10,0
PIG-346,FALSE,FALSE,Major,63746194,737d19h16m34,0
PIG-613,TRUE,TRUE,Major,35579979,411d19h19m39,0
PIG-619,FALSE,FALSE,Major,11645212,134d18h46m52,0
PIG-3379,TRUE,FALSE,Major,3292186,38d02h29m46,0
PIG-1989,FALSE,FALSE,Major,1492262,17d06h31m02,0
PIG-1988,FALSE,FALSE,Major,22196,00d06h09m56,0
PIG-1987,TRUE,FALSE,Major,712661,08d05h57m41,0
PIG-3377,FALSE,FALSE,Major,9162482,106d01h08m02,0
PIG-3374,FALSE,FALSE,Major,4850105,56d03h15m05,0
PIG-3375,FALSE,FALSE,Major,344373,03d23h39m33,0
PIG-3579,FALSE,FALSE,Major,239322,02d18h28m42,0
PIG-3570,FALSE,FALSE,Major,12018406,139d02h26m46,0
PIG-3576,FALSE,FALSE,Trivial,244797,02d19h59m57,0
PIG-4149,TRUE,FALSE,Major,150067,01d17h41m07,0
PIG-3210,FALSE,FALSE,Minor,13331381,154d07h09m41,0
PIG-3212,FALSE,FALSE,Critical,538048,06d05h27m28,0
PIG-2346,TRUE,FALSE,Major,245242,02d20h07m22,0
PIG-2347,TRUE,FALSE,Major,5076578,58d18h09m38,0
PIG-2342,FALSE,FALSE,Major,6076716,70d07h58m36,0
PIG-964,TRUE,FALSE,Major,237509,02d17h58m29,0
PIG-963,TRUE,FALSE,Major,80810,00d22h26m50,0
PIG-962,FALSE,FALSE,Major,10358,00d02h52m38,0
PIG-2183,FALSE,FALSE,Major,1805936,20d21h38m56,0
PIG-2181,FALSE,FALSE,Minor,1403123,16d05h45m23,0
PIG-2186,TRUE,FALSE,Major,292988,03d09h23m08,0
PIG-2184,FALSE,FALSE,Major,10272178,118d21h22m58,0
PIG-2185,FALSE,FALSE,Major,2542707,29d10h18m27,0
PIG-810,FALSE,FALSE,Major,32239,00d08h57m19,0
PIG-1034,FALSE,FALSE,Major,24108414,279d00h46m54,0
PIG-3108,FALSE,FALSE,Major,3949142,45d16h59m02,0
PIG-3101,FALSE,FALSE,Major,20544,00d05h42m24,0
PIG-3100,FALSE,FALSE,Major,85604,00d23h46m44,0
PIG-3103,FALSE,FALSE,Major,139589049,1615d14h44m09,0
PIG-3107,FALSE,FALSE,Major,90972,01d01h16m12,1
PIG-3106,FALSE,FALSE,Major,464,00d00h07m44,0
PIG-2980,FALSE,TRUE,Major,3039367,35d04h16m07,0
PIG-2989,FALSE,FALSE,Minor,2775645,32d03h00m45,0
PIG-2453,TRUE,FALSE,Major,99213,01d03h33m33,0
PIG-2299,FALSE,FALSE,Major,364278,04d05h11m18,0
PIG-2290,TRUE,FALSE,Major,2258626,26d03h23m46,0
PIG-2291,TRUE,FALSE,Major,7986757,92d10h32m37,0
PIG-2968,FALSE,FALSE,Minor,1551323,17d22h55m23,0
PIG-2961,TRUE,FALSE,Critical,2025,00d00h33m45,0
PIG-2963,FALSE,TRUE,Critical,450284,05d05h04m44,0
PIG-2965,FALSE,FALSE,Major,76388,00d21h13m08,0
PIG-3967,FALSE,TRUE,Major,72778,00d20h12m58,0
PIG-1057,FALSE,FALSE,Major,182302,02d02h38m22,0
PIG-4576,FALSE,FALSE,Major,30677481,355d01h31m21,0
PIG-4571,FALSE,FALSE,Major,81098,00d22h31m38,0
PIG-3960,FALSE,FALSE,Major,1916,00d00h31m56,0
PIG-3969,TRUE,FALSE,Major,337967,03d21h52m47,0
PIG-3968,FALSE,FALSE,Minor,570,00d00h09m30,0
PIG-4773,TRUE,FALSE,Major,205944,02d09h12m24,0
PIG-4770,TRUE,FALSE,Major,636214,07d08h43m34,0
TEZ-1416,FALSE,FALSE,Blocker,74313,00d20h38m33,0
PIG-4775,FALSE,FALSE,Major,25156,00d06h59m16,0
PIG-4774,TRUE,FALSE,Major,81791,00d22h43m11,0
PIG-4779,FALSE,FALSE,Minor,601577,06d23h06m17,0
PIG-4377,TRUE,TRUE,Major,11916580,137d22h09m40,1
PIG-4376,FALSE,FALSE,Minor,512262,05d22h17m42,0
TEZ-2192,FALSE,TRUE,Blocker,2326752,26d22h19m12,0
PIG-4371,FALSE,FALSE,Major,7610,00d02h06m50,0
PIG-2432,FALSE,FALSE,Minor,1542686,17d20h31m26,0
PIG-2433,TRUE,FALSE,Major,33606630,388d23h10m30,0
PIG-3819,FALSE,FALSE,Major,1215690,14d01h41m30,0
PIG-3818,FALSE,FALSE,Major,7447,00d02h04m07,0
PIG-5355,FALSE,FALSE,Major,2500873,28d22h41m13,0
PIG-3813,FALSE,FALSE,Critical,414030,04d19h00m30,0
PIG-3812,TRUE,FALSE,Major,344106,03d23h35m06,0
PIG-3811,FALSE,FALSE,Major,88892,01d00h41m32,0
PIG-3816,FALSE,FALSE,Trivial,36480,00d10h08m00,0
PIG-3815,FALSE,FALSE,Major,449781,05d04h56m21,1
PIG-4116,FALSE,FALSE,Major,3749,00d01h02m29,0
PIG-4113,FALSE,FALSE,Major,8869,00d02h27m49,0
PIG-4110,FALSE,FALSE,Major,12279,00d03h24m39,0
PIG-4118,FALSE,FALSE,Major,21334,00d05h55m34,0
PIG-1186,FALSE,FALSE,Major,86895,01d00h08m15,0
PIG-1185,FALSE,FALSE,Major,169102,01d22h58m22,0
PIG-1184,FALSE,FALSE,Major,1126833,13d01h00m33,1
PIG-1180,FALSE,FALSE,Major,1036,00d00h17m16,0
PIG-1189,FALSE,FALSE,Major,967175,11d04h39m35,0
PIG-1188,TRUE,FALSE,Major,36213925,419d03h25m25,0
PIG-1146,TRUE,FALSE,Major,1213635,14d01h07m15,0
PIG-5226,TRUE,FALSE,Minor,589598,06d19h46m38,0
PIG-2507,TRUE,FALSE,Major,35054880,405d17h28m00,0
PIG-5225,TRUE,FALSE,Major,3811551,44d02h45m51,0
PIG-2502,FALSE,FALSE,Major,16149,00d04h29m09,0
PIG-5223,TRUE,FALSE,Major,129409,01d11h56m49,0
PIG-1231,FALSE,FALSE,Major,346347,04d00h12m27,1
PIG-1230,TRUE,FALSE,Major,111522,01d06h58m42,0
PIG-2508,TRUE,FALSE,Blocker,1500360,17d08h46m00,1
PIG-2509,FALSE,FALSE,Blocker,2079957,24d01h45m57,1
PIG-4592,FALSE,FALSE,Blocker,786133,09d02h22m13,0
PIG-3584,TRUE,FALSE,Major,2585636,29d22h13m56,0
PIG-3581,FALSE,TRUE,Major,738603,08d13h10m03,0
PIG-3582,FALSE,FALSE,Major,173366,02d00h09m26,0
PIG-3741,FALSE,FALSE,Major,229122,02d15h38m42,0
PIG-3747,FALSE,FALSE,Major,1093347,12d15h42m27,0
PIG-3746,FALSE,FALSE,Major,1094893,12d16h08m13,0
PIG-3745,FALSE,FALSE,Major,8441037,97d16h43m57,0
PIG-3744,TRUE,FALSE,Major,2117,00d00h35m17,0
PIG-2616,FALSE,FALSE,Major,2743629,31d18h07m09,0
PIG-1521,TRUE,FALSE,Minor,261712,03d00h41m52,0
PIG-514,TRUE,TRUE,Major,14995930,173d13h32m10,0
PIG-1525,TRUE,FALSE,Major,935365,10d19h49m25,0
PIG-513,TRUE,FALSE,Major,28315178,327d17h19m38,1
PIG-1527,FALSE,FALSE,Major,432687,05d00h11m27,0
PIG-993,TRUE,FALSE,Major,1208300,13d23h38m20,0
PIG-990,TRUE,FALSE,Minor,5249233,60d18h07m13,0
PIG-991,FALSE,TRUE,Minor,559792,06d11h29m52,0
PIG-996,FALSE,FALSE,Major,1454949,16d20h09m09,0
PIG-773,TRUE,FALSE,Minor,8061591,93d07h19m51,0
PIG-995,FALSE,FALSE,Major,354091,04d02h21m31,0
PIG-3189,FALSE,FALSE,Major,533006,06d04h03m26,0
PIG-4908,TRUE,FALSE,Major,22605,00d06h16m45,0
PIG-4909,FALSE,FALSE,Trivial,58944,00d16h22m24,0
PIG-880,TRUE,FALSE,Major,1826644,21d03h24m04,0
PIG-1421,FALSE,FALSE,Major,18277,00d05h04m37,0
PIG-4902,TRUE,FALSE,Major,213319,02d11h15m19,0
PIG-882,TRUE,FALSE,Major,5444760,63d00h26m00,1
PIG-2769,TRUE,FALSE,Major,16934291,195d23h58m11,0
PIG-2766,FALSE,FALSE,Major,499964,05d18h52m44,0
PIG-2767,FALSE,TRUE,Major,26028120,301d06h02m00,0
PIG-2761,FALSE,TRUE,Major,601897,06d23h11m37,0
PIG-2609,FALSE,FALSE,Major,20035,00d05h33m55,0
PIG-3974,FALSE,FALSE,Major,245069,02d20h04m29,0
PIG-927,TRUE,FALSE,Major,5693851,65d21h37m31,0
PIG-3369,FALSE,FALSE,Major,962045,11d03h14m05,0
PIG-3364,FALSE,FALSE,Major,98480,01d03h21m20,0
PIG-3361,FALSE,FALSE,Major,333564,03d20h39m24,0
PIG-3360,TRUE,FALSE,Major,8287701,95d22h08m21,0
PIG-1731,FALSE,FALSE,Major,65463,00d18h11m03,0
PIG-1732,TRUE,FALSE,Major,375780,04d08h23m00,0
PIG-3568,TRUE,TRUE,Major,254974,02d22h49m34,0
PIG-1737,TRUE,FALSE,Major,177511,02d01h18m31,0
PIG-1738,TRUE,FALSE,Major,367714,04d06h08m34,0
PIG-1739,FALSE,FALSE,Major,296300,03d10h18m20,0
PIG-3561,TRUE,FALSE,Major,605880,07d00h18m00,0
PIG-3567,FALSE,FALSE,Major,1277259,14d18h47m39,0
PIG-3566,FALSE,FALSE,Major,1729400,20d00h23m20,0
PIG-2358,FALSE,FALSE,Major,1850848,21d10h07m28,0
PIG-2355,FALSE,FALSE,Minor,7485,00d02h04m45,0
PIG-2354,FALSE,FALSE,Major,2454476,28d09h47m56,0
PIG-2352,FALSE,FALSE,Major,326497,03d18h41m37,0
PIG-1886,FALSE,FALSE,Trivial,618824,07d03h53m44,0
PIG-1887,FALSE,FALSE,Major,730,00d00h12m10,0
PIG-1884,FALSE,FALSE,Major,327873,03d19h04m33,0
PIG-1885,FALSE,FALSE,Minor,780387,09d00h46m27,0
PIG-2199,FALSE,FALSE,Major,21210,00d05h53m30,1
PIG-973,TRUE,FALSE,Major,7174916,83d01h01m56,0
PIG-2195,TRUE,FALSE,Major,1558616,18d00h56m56,0
PIG-2191,TRUE,FALSE,Major,954754,11d01h12m34,0
PIG-1888,TRUE,FALSE,Trivial,20507,00d05h41m47,0
PIG-4763,FALSE,FALSE,Trivial,2752832,31d20h40m32,1
TEZ-1426,FALSE,FALSE,Blocker,167276,01d22h27m56,0
PIG-1026,TRUE,FALSE,Major,1810868,20d23h01m08,0
PIG-3172,TRUE,FALSE,Major,3304619,38d05h56m59,0
PIG-3173,TRUE,FALSE,Major,6930265,80d05h04m25,0
PIG-1958,TRUE,FALSE,Major,329720,03d19h35m20,0
PIG-2286,FALSE,FALSE,Major,596593,06d21h43m13,0
PIG-2288,FALSE,FALSE,Major,2288504,26d11h41m44,0
PIG-1955,FALSE,FALSE,Major,513937,05d22h45m37,0
PIG-1956,TRUE,FALSE,Minor,335032,03d21h03m52,0
PIG-1957,TRUE,FALSE,Major,334831,03d21h00m31,0
PIG-2972,FALSE,FALSE,Major,8573265,99d05h27m45,0
PIG-2971,TRUE,FALSE,Major,7376,00d02h02m56,0
PIG-2970,TRUE,FALSE,Minor,17380085,201d03h48m05,0
PIG-1028,FALSE,FALSE,Major,244979,02d20h02m59,0
PIG-3002,FALSE,FALSE,Major,11017790,127d12h29m50,0
PIG-4298,TRUE,FALSE,Major,192053,02d05h20m53,0
PIG-4299,FALSE,FALSE,Major,171659,01d23h40m59,0
PIG-4748,TRUE,FALSE,Major,46680841,540d06h54m01,0
PIG-4342,FALSE,FALSE,Major,19044,00d05h17m24,0
PIG-4340,FALSE,FALSE,Minor,5245214,60d17h00m14,0
PIG-4345,FALSE,FALSE,Major,408937,04d17h35m37,0
PIG-2425,FALSE,FALSE,Major,263362,03d01h09m22,0
PIG-2427,FALSE,FALSE,Minor,205415,02d09h03m35,0
PIG-4129,FALSE,FALSE,Major,46156,00d12h49m16,0
PIG-5341,FALSE,FALSE,Critical,64383,00d17h53m03,0
PIG-4122,FALSE,FALSE,Major,1122,00d00h18m42,0
PIG-4123,FALSE,FALSE,Major,6776392,78d10h19m52,1
PIG-4127,FALSE,FALSE,Major,19427,00d05h23m47,0
PIG-3820,FALSE,FALSE,Major,6459,00d01h47m39,0
PIG-4125,FALSE,FALSE,Trivial,717,00d00h11m57,0
PIG-2310,FALSE,FALSE,Critical,15829,00d04h23m49,0
PIG-2316,FALSE,FALSE,Critical,340147,03d22h29m07,0
PIG-3958,FALSE,FALSE,Major,515359,05d23h09m19,0
PIG-3950,FALSE,FALSE,Trivial,6300,00d01h45m00,0
PIG-3956,TRUE,FALSE,Major,76113,00d21h08m33,0
PIG-3955,FALSE,FALSE,Trivial,697450,08d01h44m10,0
PIG-5238,TRUE,FALSE,Minor,74643,00d20h44m03,0
PIG-5231,TRUE,FALSE,Minor,1817733,21d00h55m33,0
PIG-5235,TRUE,FALSE,Major,782258,09d01h17m38,0
PIG-2514,TRUE,FALSE,Minor,2068067,23d22h27m47,0
PIG-5236,TRUE,FALSE,Minor,884120,10d05h35m20,0
PIG-1309,TRUE,FALSE,Major,9673408,111d23h03m28,0
PIG-4636,FALSE,FALSE,Trivial,1066288,12d08h11m28,0
PIG-4635,FALSE,FALSE,Major,5739773,66d10h22m53,0
PIG-1086,FALSE,FALSE,Major,2597751,30d01h35m51,0
PIG-1084,FALSE,FALSE,Major,1987644,23d00h07m24,0
PIG-1080,TRUE,FALSE,Major,75303,00d20h55m03,0
PIG-5366,FALSE,FALSE,Major,500483,05d19h01m23,0
PIG-3802,FALSE,TRUE,Major,85297,00d23h41m37,0
PIG-3805,FALSE,FALSE,Minor,444669,05d03h31m09,0
PIG-3776,FALSE,FALSE,Major,10591,00d02h56m31,0
PIG-3774,FALSE,FALSE,Major,3564,00d00h59m24,0
PIG-3772,TRUE,FALSE,Major,70209504,812d14h38m24,1
PIG-2608,FALSE,FALSE,Major,9419,00d02h36m59,0
PIG-3771,TRUE,FALSE,Major,4818991,55d18h36m31,0
PIG-2606,FALSE,FALSE,Major,45862093,530d19h28m13,0
PIG-3779,FALSE,FALSE,Major,85343,00d23h42m23,0
PIG-1557,TRUE,FALSE,Major,101147,01d04h05m47,0
PIG-1550,FALSE,FALSE,Major,1205924,13d22h58m44,0
PIG-566,TRUE,FALSE,Minor,44662170,516d22h09m30,0
PIG-1552,FALSE,FALSE,Major,256840,02d23h20m40,0
PIG-564,FALSE,TRUE,Major,14764620,170d21h17m00,0
PIG-3487,FALSE,FALSE,Major,2355,00d00h39m15,0
PIG-3480,TRUE,TRUE,Major,1673452,19d08h50m52,0
PIG-705,FALSE,FALSE,Major,233995,02d16h59m55,0
PIG-4918,FALSE,FALSE,Major,19874171,230d00h36m11,0
PIG-4916,FALSE,FALSE,Major,427592,04d22h46m32,0
PIG-1435,TRUE,FALSE,Major,4300231,49d18h30m31,0
PIG-1433,TRUE,FALSE,Major,128362,01d11h39m22,0
PIG-1432,FALSE,FALSE,Trivial,87628,01d00h20m28,0
PIG-2775,FALSE,FALSE,Major,1989,00d00h33m09,0
PIG-2777,FALSE,FALSE,Major,2090,00d00h34m50,0
PIG-2779,TRUE,TRUE,Major,2820801,32d15h33m21,0
PIG-2778,TRUE,TRUE,Major,9680955,112d01h09m15,0
PIG-3393,TRUE,FALSE,Major,113628,01d07h33m48,0
PIG-3395,TRUE,FALSE,Major,620681,07d04h24m41,0
PIG-1723,TRUE,FALSE,Major,330013,03d19h40m13,0
PIG-1721,TRUE,FALSE,Major,652671,07d13h17m51,0
PIG-1720,TRUE,FALSE,Major,504360,05d20h06m00,0
PIG-1727,FALSE,FALSE,Major,157388,01d19h43m08,0
PIG-1725,FALSE,FALSE,Major,583274,06d18h01m14,0
PIG-3559,FALSE,FALSE,Blocker,9872,00d02h44m32,0
PIG-1729,TRUE,FALSE,Major,273558,03d03h59m18,0
PIG-1728,FALSE,FALSE,Major,1940304,22d10h58m24,0
PIG-3552,FALSE,FALSE,Major,85049,00d23h37m29,0
PIG-3553,FALSE,FALSE,Major,891388,10d07h36m28,0
PIG-2363,FALSE,FALSE,Major,4280337,49d12h58m57,0
PIG-1890,TRUE,FALSE,Major,10725452,124d03h17m32,0
PIG-1893,TRUE,FALSE,Major,1614262,18d16h24m22,0
PIG-1892,TRUE,FALSE,Major,917154,10d14h45m54,0
PIG-1897,FALSE,FALSE,Major,2880047,33d08h00m47,0
PIG-2162,FALSE,FALSE,Major,366061,04d05h41m01,0
PIG-942,FALSE,FALSE,Major,1959928,22d16h25m28,1
PIG-944,TRUE,FALSE,Major,4116074,47d15h21m14,0
PIG-949,TRUE,FALSE,Major,1381746,15d23h49m06,0
PIG-3168,FALSE,FALSE,Major,17000151,196d18h15m51,1
PIG-3167,FALSE,FALSE,Trivial,1092139,12d15h22m19,0
PIG-3161,FALSE,FALSE,Major,1045851,12d02h30m51,0
PIG-1949,FALSE,FALSE,Minor,3387151,39d04h52m31,0
PIG-2110,FALSE,FALSE,Major,2666853,30d20h47m33,0
PIG-2949,TRUE,FALSE,Minor,71044861,822d06h41m01,0
PIG-2944,FALSE,FALSE,Major,1762,00d00h29m22,0
PIG-2940,FALSE,FALSE,Major,1639457,18d23h24m17,0
PIG-2941,FALSE,FALSE,Major,1607212,18d14h26m52,0
PIG-3013,FALSE,FALSE,Major,598678,06d22h17m58,0
PIG-3017,TRUE,FALSE,Major,21022,00d05h50m22,0
PIG-3014,TRUE,FALSE,Major,2785609,32d05h46m49,1
PIG-3018,TRUE,FALSE,Major,91786,01d01h29m46,0
PIG-2384,TRUE,FALSE,Major,580675,06d17h17m55,0
PIG-2385,FALSE,FALSE,Critical,947061,10d23h04m21,0
PIG-2387,FALSE,FALSE,Major,1082187,12d12h36m27,0
PIG-4759,TRUE,FALSE,Major,5369839,62d03h37m19,0
PIG-4753,FALSE,FALSE,Major,164129,01d21h35m29,0
PIG-4755,FALSE,FALSE,Major,2703,00d00h45m03,0
PIG-4757,TRUE,FALSE,Major,2663129,30d19h45m29,0
PIG-3414,TRUE,FALSE,Major,492266,05d16h44m26,1
PIG-4618,TRUE,FALSE,Major,1247980,14d10h39m40,0
PIG-4355,TRUE,FALSE,Major,3071710,35d13h15m10,0
PIG-4351,TRUE,FALSE,Major,606531,07d00h28m51,0
PIG-3833,FALSE,FALSE,Major,167891,01d22h38m11,0
PIG-3832,FALSE,FALSE,Major,80758,00d22h25m58,0
PIG-4139,FALSE,FALSE,Major,202544,02d08h15m44,0
PIG-3837,FALSE,FALSE,Major,91373,01d01h22m53,0
PIG-3836,FALSE,FALSE,Major,70175,00d19h29m35,0
PIG-4135,TRUE,FALSE,Major,79061,00d21h57m41,0
PIG-4134,FALSE,FALSE,Trivial,3391,00d00h56m31,0
PIG-4137,FALSE,FALSE,Major,57589,00d15h59m49,0
PIG-4133,FALSE,FALSE,Minor,92351,01d01h39m11,0
PIG-4132,FALSE,FALSE,Trivial,17294,00d04h48m14,0
PIG-3949,FALSE,FALSE,Major,535162,06d04h39m22,0
PIG-3945,FALSE,FALSE,Major,153728,01d18h42m08,0
PIG-3944,FALSE,FALSE,Major,220865,02d13h21m05,0
PIG-3940,FALSE,FALSE,Major,296962,03d10h29m22,0
PIG-2568,FALSE,FALSE,Major,80468,00d22h21m08,0
PIG-2569,TRUE,FALSE,Major,13300313,153d22h31m53,0
PIG-2564,FALSE,FALSE,Critical,49608,00d13h46m48,0
PIG-5245,FALSE,FALSE,Major,47307,00d13h08m27,0
PIG-5246,FALSE,FALSE,Major,4728635,54d17h30m35,0
PIG-2563,TRUE,FALSE,Major,1528006,17d16h26m46,0
PIG-5088,FALSE,FALSE,Major,6089,00d01h41m29,0
PIG-4624,FALSE,FALSE,Major,2419180,27d23h59m40,0
PIG-4627,TRUE,FALSE,Major,3084868,35d16h54m28,0
PIG-5083,TRUE,FALSE,Major,1008214,11d16h03m34,0
PIG-1091,TRUE,FALSE,Minor,632506,07d07h41m46,0
PIG-1095,TRUE,FALSE,Minor,743129,08d14h25m29,0
PIG-1546,FALSE,FALSE,Minor,80047,00d22h14m07,0
PIG-1543,FALSE,FALSE,Major,1903817,22d00h50m17,0
PIG-1542,FALSE,FALSE,Major,5894903,68d05h28m23,0
PIG-719,FALSE,FALSE,Minor,63158457,731d00h00m57,0
PIG-3497,FALSE,FALSE,Minor,88843,01d00h40m43,0
PIG-3496,FALSE,FALSE,Minor,330939,03d19h55m39,0
PIG-3495,FALSE,FALSE,Major,73570,00d20h26m10,0
PIG-3494,FALSE,FALSE,Major,28347,00d07h52m27,0
PIG-715,FALSE,FALSE,Minor,89488,01d00h51m28,0
PIG-3491,FALSE,FALSE,Major,17492,00d04h51m32,0
PIG-4921,TRUE,FALSE,Major,394589,04d13h36m29,0
PIG-1407,FALSE,FALSE,Trivial,462865,05d08h34m25,0
PIG-4017,FALSE,FALSE,Trivial,2788,00d00h46m28,0
PIG-3380,FALSE,FALSE,Minor,58872,00d16h21m12,0
PIG-3385,TRUE,FALSE,Minor,3467294,40d03h08m14,0
PIG-3384,FALSE,FALSE,Trivial,73592,00d20h26m32,0
PIG-3389,FALSE,FALSE,Minor,193244,02d05h40m44,0
PIG-1716,TRUE,FALSE,Major,1976532,22d21h02m12,0
PIG-2019,FALSE,FALSE,Major,366063,04d05h41m03,0
PIG-1714,FALSE,FALSE,Major,192434,02d05h27m14,0
PIG-1715,FALSE,FALSE,Major,61312,00d17h01m52,0
PIG-3545,TRUE,TRUE,Major,17617579,203d21h46m19,0
PIG-3549,FALSE,FALSE,Major,70397,00d19h33m17,0
PIG-2012,TRUE,FALSE,Major,1412180,16d08h16m20,0
PIG-2013,FALSE,FALSE,Major,8505940,98d10h45m40,1
PIG-2014,TRUE,FALSE,Major,1365950,15d19h25m50,0
PIG-2015,FALSE,FALSE,Minor,267116,03d02h11m56,0
PIG-2016,TRUE,FALSE,Minor,535544,06d04h45m44,0
PIG-1719,FALSE,FALSE,Major,674101,07d19h15m01,0
PIG-943,TRUE,FALSE,Major,420148,04d20h42m28,0
PIG-2374,FALSE,FALSE,Major,1889757,21d20h55m57,0
PIG-2370,FALSE,FALSE,Major,1904027,22d00h53m47,0
PIG-2379,FALSE,FALSE,Major,421448,04d21h04m08,0
PIG-2165,FALSE,FALSE,Major,9886999,114d10h23m19,0
PIG-2173,FALSE,FALSE,Trivial,27389670,317d00h14m30,0
PIG-2172,FALSE,FALSE,Major,18312,00d05h05m12,0
PIG-2171,FALSE,FALSE,Major,173470,02d00h11m10,0
PIG-2170,TRUE,FALSE,Major,1749269,20d05h54m29,0
PIG-958,TRUE,FALSE,Major,4520919,52d07h48m39,0
PIG-2174,FALSE,FALSE,Major,2076902,24d00h55m02,0
PIG-957,FALSE,FALSE,Major,242428,02d19h20m28,0
PIG-2179,TRUE,FALSE,Major,149858,01d17h37m38,0
PIG-951,TRUE,FALSE,Major,741489,08d13h58m09,0
PIG-4806,TRUE,FALSE,Major,502065,05d19h27m45,0
PIG-4801,FALSE,FALSE,Major,27905,00d07h45m05,0
PIG-4800,FALSE,FALSE,Major,27838,00d07h43m58,0
PIG-3153,FALSE,FALSE,Major,2113654,24d11h07m34,0
PIG-3150,FALSE,FALSE,Major,2208660,25d13h31m00,0
PIG-3156,FALSE,FALSE,Major,775197,08d23h19m57,0
PIG-3154,FALSE,FALSE,Major,703101,08d03h18m21,0
PIG-3155,FALSE,FALSE,Major,777412,08d23h56m52,0
PIG-1068,TRUE,FALSE,Major,2945393,34d02h09m53,0
PIG-3158,FALSE,FALSE,Major,1281202,14d19h53m22,0
PIG-1064,TRUE,FALSE,Major,1789686,20d17h08m06,0
PIG-1978,FALSE,FALSE,Major,1063964,12d07h32m44,0
PIG-1979,FALSE,FALSE,Major,579672,06d17h01m12,0
PIG-1976,FALSE,FALSE,Major,1551843,17d23h04m03,0
PIG-1977,TRUE,FALSE,Major,325548,03d18h25m48,0
PIG-1974,TRUE,FALSE,Major,479195,05d13h06m35,0
PIG-1975,FALSE,FALSE,Major,1123500,13d00h05m00,0
PIG-2950,FALSE,FALSE,Trivial,1411925,16d08h12m05,0
PIG-1060,TRUE,FALSE,Major,1755477,20d07h37m57,0
PIG-3913,TRUE,TRUE,Major,1791419,20d17h36m59,0
PIG-1063,TRUE,FALSE,Major,81974,00d22h46m14,0
PIG-3020,TRUE,FALSE,Major,4077999,47d04h46m39,0
PIG-3021,TRUE,FALSE,Major,143953281,1666d03h01m21,0
PIG-2391,FALSE,FALSE,Major,605542,07d00h12m22,0
PIG-4426,TRUE,FALSE,Major,432189,05d00h03m09,0
PIG-1145,TRUE,FALSE,Major,147248,01d16h54m08,0
PIG-4725,FALSE,FALSE,Trivial,11251,00d03h07m31,0
PIG-4727,FALSE,FALSE,Trivial,10849,00d03h00m49,0
PIG-4721,FALSE,FALSE,Trivial,2012,00d00h33m32,0
PIG-4722,FALSE,TRUE,Major,1186071,13d17h27m51,0
PIG-1392,TRUE,FALSE,Major,9959232,115d06h27m12,0
PIG-1391,TRUE,FALSE,Major,1837272,21d06h21m12,0
PIG-1396,FALSE,FALSE,Major,150439,01d17h47m19,0
PIG-1394,FALSE,FALSE,Major,613458,07d02h24m18,0
PIG-4431,TRUE,FALSE,Major,232178,02d16h29m38,0
PIG-1152,FALSE,FALSE,Major,39348444,455d10h07m24,0
PIG-4433,TRUE,FALSE,Major,13627,00d03h47m07,0
PIG-1154,FALSE,FALSE,Major,4341315,50d05h55m15,0
PIG-1155,TRUE,FALSE,Major,92162,01d01h36m02,0
PIG-1157,FALSE,FALSE,Major,183532,02d02h58m52,0
PIG-1158,TRUE,FALSE,Major,411664,04d18h21m04,0
PIG-4387,TRUE,FALSE,Major,120423,01d09h27m03,0
PIG-4384,FALSE,FALSE,Major,55575,00d15h26m15,0
PIG-4381,FALSE,FALSE,Major,444325,05d03h25m25,0
PIG-2578,TRUE,TRUE,Major,3044408,35d05h40m08,0
PIG-2576,TRUE,FALSE,Major,652393,07d13h13m13,0
PIG-5254,FALSE,FALSE,Major,5278230,61d02h10m30,0
PIG-2573,TRUE,FALSE,Major,764217,08d20h16m57,0
PIG-2572,FALSE,FALSE,Major,100349,01d03h52m29,0
PIG-2570,TRUE,FALSE,Major,682309,07d21h31m49,0
PIG-4650,FALSE,FALSE,Major,16696,00d04h38m16,0
PIG-490,TRUE,FALSE,Major,69058254,799d06h50m54,0
PIG-496,FALSE,FALSE,Minor,71863510,831d18h05m10,0
PIG-1579,FALSE,FALSE,Major,3062356,35d10h39m16,0
PIG-1572,TRUE,FALSE,Major,542768,06d06h46m08,0
PIG-1570,TRUE,FALSE,Major,375542,04d08h19m02,0
PIG-1574,TRUE,FALSE,Major,219720,02d13h02m00,0
PIG-1575,TRUE,FALSE,Major,814950,09d10h22m30,0
PIG-1378,TRUE,FALSE,Major,1796869,20d19h07m49,1
PIG-5383,TRUE,FALSE,Minor,29990,00d08h19m50,0
PIG-5387,TRUE,FALSE,Major,1114914,12d21h41m54,0
PIG-5386,FALSE,FALSE,Minor,6798118,78d16h21m58,0
PIG-544,TRUE,FALSE,Major,8722803,100d23h00m03,0
PIG-1372,TRUE,FALSE,Major,241442,02d19h04m02,0
PIG-1373,FALSE,FALSE,Minor,12184099,141d00h28m19,0
PIG-1374,TRUE,FALSE,Major,317069,03d16h04m29,0
PIG-814,FALSE,FALSE,Major,76732,00d21h18m52,0
PIG-5263,TRUE,FALSE,Minor,622168,07d04h49m28,0
PIG-813,FALSE,FALSE,Major,35784410,414d04h06m50,0
PIG-1415,TRUE,FALSE,Major,330191,03d19h43m11,0
PIG-3621,FALSE,FALSE,Major,510964,05d21h56m04,0
PIG-3623,FALSE,FALSE,Major,4624327,53d12h32m07,0
PIG-4930,FALSE,FALSE,Major,17718131,205d01h42m11,0
PIG-4933,TRUE,FALSE,Major,4313791,49d22h16m31,0
PIG-3627,TRUE,FALSE,Major,4594242,53d04h10m42,0
PIG-2840,TRUE,FALSE,Major,4930835,57d01h40m35,0
PIG-1419,TRUE,FALSE,Major,1018370,11d18h52m50,0
PIG-4973,TRUE,FALSE,Major,140677,01d15h04m37,0
PIG-2717,FALSE,FALSE,Critical,689825,07d23h37m05,0
PIG-2714,FALSE,FALSE,Minor,145218,01d16h20m18,0
PIG-2712,TRUE,FALSE,Major,10537863,121d23h11m03,0
PIG-2618,FALSE,FALSE,Blocker,6299,00d01h44m59,0
PIG-812,FALSE,TRUE,Major,8095786,93d16h49m46,1
PIG-2549,FALSE,FALSE,Trivial,34197,00d09h29m57,0
PIG-1709,TRUE,FALSE,Major,2862349,33d03h05m49,0
PIG-819,FALSE,FALSE,Major,174135,02d00h22m15,0
PIG-818,TRUE,FALSE,Major,224151,02d14h15m51,0
PIG-816,FALSE,FALSE,Critical,589307,06d19h41m47,0
PIG-1702,TRUE,FALSE,Minor,20211577,233d22h19m37,0
PIG-1705,TRUE,FALSE,Major,161197,01d20h46m37,0
PIG-1704,FALSE,FALSE,Major,254890,02d22h48m10,0
PIG-811,FALSE,FALSE,Major,268861,03d02h41m01,0
PIG-1706,TRUE,FALSE,Major,160093,01d20h28m13,0
PIG-2008,FALSE,FALSE,Minor,1157627,13d09h33m47,0
PIG-3530,FALSE,FALSE,Major,171177,01d23h32m57,0
PIG-2003,FALSE,FALSE,Major,547858,06d08h10m58,0
PIG-2002,FALSE,FALSE,Major,83814,00d23h16m54,0
PIG-2007,FALSE,FALSE,Major,115343,01d08h02m23,0
PIG-2006,FALSE,FALSE,Major,496294,05d17h51m34,1
PIG-2005,FALSE,FALSE,Major,163355,01d21h22m35,0
PIG-2004,TRUE,FALSE,Major,551291,06d09h08m11,0
PIG-720,FALSE,FALSE,Major,18989,00d05h16m29,0
PIG-1944,TRUE,FALSE,Major,681149,07d21h12m29,0
PIG-728,TRUE,TRUE,Minor,10284642,119d00h50m42,0
PIG-2146,TRUE,FALSE,Major,1940507,22d11h01m47,0
PIG-2147,FALSE,FALSE,Major,1226451,14d04h40m51,0
PIG-2144,TRUE,FALSE,Major,122896,01d10h08m16,0
PIG-2140,FALSE,FALSE,Major,12520,00d03h28m40,0
PIG-923,FALSE,FALSE,Major,530774,06d03h26m14,0
PIG-921,TRUE,FALSE,Major,5363654,62d01h54m14,0
PIG-3444,TRUE,FALSE,Major,4948184,57d06h29m44,0
PIG-925,TRUE,FALSE,Major,368245,04d06h17m25,0
PIG-3447,TRUE,FALSE,Trivial,13602299,157d10h24m59,0
PIG-3145,TRUE,FALSE,Major,2409666,27d21h21m06,1
PIG-3144,TRUE,FALSE,Major,3011872,34d20h37m52,0
PIG-3147,FALSE,FALSE,Blocker,79793,00d22h09m53,0
PIG-3140,FALSE,TRUE,Major,86146,00d23h55m46,0
PIG-3149,FALSE,FALSE,Major,85982,00d23h53m02,0
PIG-1961,TRUE,FALSE,Major,334034,03d20h47m14,0
PIG-1963,FALSE,FALSE,Major,335519,03d21h11m59,0
PIG-1962,TRUE,FALSE,Major,1327395,15d08h43m15,0
PIG-1964,FALSE,FALSE,Major,70020,00d19h27m00,0
PIG-2924,TRUE,TRUE,Major,5289441,61d05h17m21,0
PIG-2920,FALSE,FALSE,Minor,1616662,18d17h04m22,0
PIG-2929,FALSE,FALSE,Major,271930,03d03h32m10,0
PIG-3039,TRUE,FALSE,Major,1009051,11d16h17m31,0
PIG-3031,FALSE,FALSE,Major,6915555,80d00h59m15,0
PIG-3033,FALSE,FALSE,Major,2936924,33d23h48m44,0
PIG-3035,FALSE,FALSE,Major,120051,01d09h20m51,0
PIG-2813,TRUE,FALSE,Major,12961,00d03h36m01,0
PIG-2814,FALSE,FALSE,Minor,1558390,18d00h53m10,0
PIG-2815,TRUE,FALSE,Major,12674961,146d16h49m21,0
PIG-4737,TRUE,FALSE,Major,4926315,57d00h25m15,0
PIG-4736,TRUE,FALSE,Major,81790,00d22h43m10,0
PIG-4734,TRUE,FALSE,Major,17279059,199d23h44m19,0
PIG-4733,TRUE,FALSE,Major,71496,00d19h51m36,0
PIG-4730,TRUE,FALSE,Major,11824,00d03h17m04,0
PIG-1383,FALSE,FALSE,Major,74050,00d20h34m10,0
PIG-3859,FALSE,FALSE,Trivial,2336673,27d01h04m33,0
PIG-3858,TRUE,FALSE,Major,176992,02d01h09m52,0
PIG-1143,TRUE,FALSE,Major,1102427,12d18h13m47,0
PIG-1142,FALSE,FALSE,Major,153544,01d18h39m04,1
PIG-4392,FALSE,FALSE,Major,952876,11d00h41m16,0
PIG-4394,FALSE,FALSE,Major,215357,02d11h49m17,0
PIG-4397,FALSE,FALSE,Critical,2519284,29d03h48m04,0
PIG-1144,TRUE,FALSE,Major,702498,08d03h08m18,0
PIG-1149,TRUE,FALSE,Minor,602057,06d23h14m17,0
PIG-5262,FALSE,FALSE,Major,81608,00d22h40m08,0
PIG-2543,FALSE,FALSE,Major,1943837,22d11h57m17,0
PIG-2540,FALSE,FALSE,Critical,3386428,39d04h40m28,0
PIG-5269,FALSE,FALSE,Major,246984,02d20h36m24,0
PIG-4644,TRUE,FALSE,Major,4861046,56d06h17m26,0
PIG-5064,FALSE,FALSE,Minor,295594,03d10h06m34,0
PIG-4641,FALSE,FALSE,Minor,23674584,274d00h16m24,0
PIG-5067,TRUE,FALSE,Major,1192125,13d19h08m45,0
PIG-4649,TRUE,FALSE,Major,95034,01d02h23m54,0
PIG-1132,TRUE,FALSE,Major,76793,00d21h19m53,0
PIG-1569,TRUE,FALSE,Major,375362,04d08h16m02,0
PIG-1568,TRUE,FALSE,Major,382898,04d10h21m38,0
PIG-4324,FALSE,FALSE,Major,85,00d00h01m25,0
PIG-1561,TRUE,FALSE,Major,12875244,149d00h27m24,0
PIG-1560,FALSE,FALSE,Major,90822,01d01h13m42,0
PIG-1563,TRUE,FALSE,Major,525182,06d01h53m02,0
PIG-1562,FALSE,FALSE,Major,1731858,20d01h04m18,0
PIG-2495,TRUE,FALSE,Major,86748031,1004d00h40m31,0
PIG-1369,FALSE,FALSE,Major,428975,04d23h09m35,0
PIG-2497,TRUE,FALSE,Major,665127,07d16h45m27,0
PIG-1134,TRUE,FALSE,Major,53536,00d14h52m16,0
PIG-2493,TRUE,FALSE,Major,28226946,326d16h49m06,1
PIG-1363,TRUE,FALSE,Major,697732,08d01h48m52,1
PIG-2499,FALSE,FALSE,Major,39255,00d10h54m15,0
PIG-1365,TRUE,FALSE,Critical,63340,00d17h35m40,0
PIG-1364,FALSE,FALSE,Critical,437684,05d01h34m44,0
PIG-3633,FALSE,FALSE,Minor,31822,00d08h50m22,0
PIG-3632,FALSE,FALSE,Major,858596,09d22h29m56,0
PIG-2729,TRUE,FALSE,Major,5471871,63d07h57m51,0
PIG-3637,FALSE,FALSE,Minor,591081,06d20h11m21,0
PIG-5111,FALSE,FALSE,Major,472810,05d11h20m10,0
PIG-5112,FALSE,FALSE,Major,83055,00d23h04m15,0
PIG-2721,TRUE,FALSE,Major,495708,05d17h41m48,0
PIG-2727,FALSE,FALSE,Major,94388,01d02h13m08,0
PIG-5283,TRUE,FALSE,Major,582373,06d17h46m13,0
PIG-5284,FALSE,FALSE,Major,17584,00d04h53m04,0
PIG-5287,FALSE,FALSE,Minor,23268,00d06h27m48,0
PIG-1366,TRUE,FALSE,Major,131609,01d12h33m29,0
PIG-1779,FALSE,FALSE,Major,6520599,75d11h16m39,0
PIG-804,TRUE,FALSE,Major,1620758,18d18h12m38,0
PIG-806,FALSE,FALSE,Major,18223,00d05h03m43,0
PIG-1770,TRUE,FALSE,Major,7344648,85d00h10m48,0
PIG-3526,FALSE,FALSE,Major,796895,09d05h21m35,0
PIG-3525,TRUE,FALSE,Major,2795561,32d08h32m41,0
PIG-3524,TRUE,TRUE,Major,165792,01d22h03m12,0
PIG-2038,TRUE,FALSE,Major,448771,05d04h39m31,0
PIG-3520,TRUE,FALSE,Major,36986,00d10h16m26,0
PIG-4892,FALSE,FALSE,Major,6428,00d01h47m08,0
PIG-2035,FALSE,FALSE,Major,543637,06d07h00m37,0
PIG-4896,FALSE,FALSE,Minor,2584722,29d21h58m42,0
PIG-4897,TRUE,FALSE,Major,20646394,238d23h06m34,0
PIG-2030,TRUE,FALSE,Major,674543,07d19h22m23,0
PIG-4895,TRUE,FALSE,Major,241597,02d19h06m37,0
PIG-733,TRUE,FALSE,Major,1323112,15d07h31m52,0
PIG-730,TRUE,FALSE,Major,57971057,670d23h04m17,0
PIG-734,TRUE,FALSE,Minor,7793142,90d04h45m42,0
PIG-738,TRUE,FALSE,Major,15409286,178d08h21m26,0
PIG-3420,TRUE,FALSE,Major,256459,02d23h14m19,0
PIG-2159,FALSE,FALSE,Blocker,475637,05d12h07m17,0
PIG-2152,FALSE,FALSE,Major,5779747,66d21h29m07,0
PIG-2156,FALSE,FALSE,Major,177618,02d01h20m18,0
PIG-1601,FALSE,FALSE,Major,318681,03d16h31m21,0
PIG-1602,FALSE,FALSE,Minor,23088,00d06h24m48,0
PIG-3458,FALSE,FALSE,Major,1108806,12d20h00m06,0
PIG-1604,FALSE,FALSE,Major,4382,00d01h13m02,0
PIG-1605,TRUE,FALSE,Major,992685,11d11h44m45,0
PIG-1607,FALSE,FALSE,Major,1724385,19d22h59m45,0
PIG-1608,FALSE,FALSE,Major,434178,05d00h36m18,0
PIG-1609,FALSE,FALSE,Major,327091,03d18h51m31,0
PIG-3451,FALSE,FALSE,Major,3666566,42d10h29m26,0
PIG-934,TRUE,FALSE,Major,542885,06d06h48m05,0
PIG-935,FALSE,FALSE,Major,608106,07d00h55m06,0
PIG-3455,TRUE,FALSE,Critical,770036,08d21h53m56,0
PIG-1917,FALSE,FALSE,Major,2205814,25d12h43m34,0
PIG-1910,TRUE,FALSE,Major,3195727,36d23h42m07,0
PIG-1911,FALSE,FALSE,Major,1980444,22d22h07m24,0
PIG-1912,TRUE,FALSE,Major,531553,06d03h39m13,0
PIG-1918,TRUE,FALSE,Major,1806354,20d21h45m54,0
PIG-2937,TRUE,FALSE,Major,4158260,48d03h04m20,0
PIG-2936,TRUE,FALSE,Blocker,10868,00d03h01m08,0
PIG-2935,FALSE,FALSE,Critical,432983,05d00h16m23,0
PIG-2933,FALSE,FALSE,Minor,3053772,35d08h16m12,0
PIG-2932,FALSE,FALSE,Critical,806626,09d08h03m46,0
PIG-2931,FALSE,FALSE,Major,2053567,23d18h26m07,0
PIG-2930,FALSE,FALSE,Blocker,961,00d00h16m01,0
PIG-2938,FALSE,FALSE,Critical,326405,03d18h40m05,0
PIG-3045,FALSE,FALSE,Major,116690,01d08h24m50,0
PIG-3046,FALSE,FALSE,Major,88855,01d00h40m55,0
PIG-5118,TRUE,FALSE,Major,247908,02d20h51m48,0
PIG-5119,FALSE,FALSE,Major,9948,00d02h45m48,0
PIG-3286,FALSE,FALSE,Major,975905,11d07h05m05,0
PIG-3285,FALSE,FALSE,Major,18922470,219d00h14m30,0
PIG-2807,TRUE,FALSE,Major,7699,00d02h08m19,0
PIG-2806,TRUE,FALSE,Major,248732,02d21h05m32,0
PIG-1820,FALSE,FALSE,Major,2080850,24d02h00m50,0
PIG-1821,FALSE,FALSE,Major,8888663,102d21h04m23,1
PIG-2809,FALSE,FALSE,Major,5955,00d01h39m15,0
PIG-1826,TRUE,FALSE,Major,7960881,92d03h21m21,0
PIG-1827,TRUE,TRUE,Major,9228642,106d19h30m42,0
PIG-4250,TRUE,FALSE,Major,340356,03d22h32m36,0
PIG-4703,TRUE,FALSE,Major,96826,01d02h53m46,0
PIG-4700,FALSE,FALSE,Major,51852058,600d03h20m58,0
PIG-4707,TRUE,FALSE,Major,473890,05d11h38m10,0
PIG-4256,FALSE,FALSE,Major,23326,00d06h28m46,0
PIG-4257,TRUE,FALSE,Major,309257,03d13h54m17,0
PIG-4258,FALSE,FALSE,Major,10224,00d02h50m24,0
PIG-968,FALSE,FALSE,Major,2164551,25d01h15m51,0
PIG-3639,FALSE,FALSE,Major,513888,05d22h44m48,0
PIG-3198,TRUE,TRUE,Major,5140174,59d11h49m34,1
PIG-3194,FALSE,FALSE,Major,2211229,25d14h13m49,0
PIG-3192,FALSE,FALSE,Major,142263,01d15h31m03,0
PIG-3193,FALSE,FALSE,Major,4984392,57d16h33m12,0
PIG-3191,FALSE,FALSE,Critical,143230,01d15h47m10,0
PIG-1176,TRUE,FALSE,Major,229345,02d15h42m25,0
PIG-1172,TRUE,FALSE,Major,970808,11d05h40m08,0
PIG-3936,TRUE,FALSE,Major,531359,06d03h35m59,0
PIG-4410,FALSE,FALSE,Major,2048,00d00h34m08,0
PIG-1171,FALSE,FALSE,Major,1042110,12d01h28m30,0
PIG-4418,FALSE,FALSE,Critical,8504680,98d10h24m40,0
PIG-4035,TRUE,FALSE,Major,1413,00d00h23m33,0
PIG-4524,FALSE,FALSE,Major,166265,01d22h11m05,0
PIG-3996,TRUE,FALSE,Major,1415,00d00h23m35,0
PIG-3997,FALSE,FALSE,Major,33056,00d09h10m56,0
PIG-3995,FALSE,FALSE,Major,75650,00d21h00m50,0
PIG-3990,FALSE,FALSE,Major,6084,00d01h41m24,0
PIG-3991,FALSE,FALSE,Major,5566,00d01h32m46,0
PIG-4098,FALSE,FALSE,Major,1651,00d00h27m31,0
PIG-4099,FALSE,FALSE,Major,1343,00d00h22m23,0
PIG-3998,FALSE,FALSE,Minor,23232,00d06h27m12,0
PIG-4031,TRUE,FALSE,Major,100031,01d03h47m11,0
PIG-5274,FALSE,FALSE,Major,172048,01d23h47m28,0
PIG-4679,FALSE,FALSE,Major,80813,00d22h26m53,0
PIG-1288,TRUE,FALSE,Major,12849724,148d17h22m04,0
PIG-1289,TRUE,FALSE,Minor,742306,08d14h11m46,0
PIG-4670,TRUE,FALSE,Major,2599136,30d01h58m56,0
PIG-1001,FALSE,FALSE,Major,2421336,28d00h35m36,0
PIG-2559,FALSE,FALSE,Major,300721,03d11h32m01,0
PIG-4677,TRUE,FALSE,Major,48618676,562d17h11m16,0
PIG-4674,FALSE,TRUE,Major,504564,05d20h09m24,0
PIG-1283,FALSE,FALSE,Major,82516788,955d01h19m48,0
PIG-4079,FALSE,TRUE,Major,31683,00d08h48m03,0
PIG-5074,FALSE,FALSE,Major,26744,00d07h25m44,0
PIG-4071,FALSE,FALSE,Major,350119,04d01h15m19,0
PIG-5078,FALSE,TRUE,Major,2756219,31d21h36m59,0
PIG-4074,TRUE,FALSE,Major,121040,01d09h37m20,0
PIG-4075,FALSE,FALSE,Critical,4633,00d01h17m13,0
PIG-4076,FALSE,FALSE,Major,2525262,29d05h27m42,0
PIG-3868,FALSE,FALSE,Major,570088,06d14h21m28,0
PIG-1008,FALSE,FALSE,Major,515354,05d23h09m14,0
PIG-3860,TRUE,FALSE,Major,2247078,26d00h11m18,0
PIG-3861,TRUE,TRUE,Minor,17613674,203d20h41m14,0
PIG-3867,FALSE,FALSE,Major,2985650,34d13h20m50,0
PIG-3864,FALSE,FALSE,Major,117869401,1364d05h30m01,0
PIG-3730,FALSE,FALSE,Major,88361,01d00h32m41,0
PIG-3737,FALSE,FALSE,Major,7187338,83d04h28m58,0
PIG-3739,FALSE,FALSE,Major,10238553,118d12h02m33,0
PIG-1591,FALSE,FALSE,Major,176762,02d01h06m02,0
PIG-1595,TRUE,FALSE,Major,165757,01d22h02m37,0
PIG-1596,FALSE,FALSE,Major,346670,04d00h17m50,0
PIG-1597,FALSE,FALSE,Major,235744,02d17h29m04,0
PIG-1599,FALSE,FALSE,Major,17864,00d04h57m44,0
PIG-2484,FALSE,FALSE,Major,89907,01d00h58m27,0
PIG-1359,FALSE,FALSE,Trivial,3838366,44d10h12m46,1
PIG-1356,FALSE,FALSE,Major,238824,02d18h20m24,0
PIG-1352,FALSE,FALSE,Major,872615,10d02h23m35,0
PIG-3606,FALSE,FALSE,Major,5644482,65d07h54m42,0
PIG-3607,FALSE,FALSE,Major,113824,01d07h37m04,0
PIG-5108,TRUE,FALSE,Major,524403,06d01h40m03,1
PIG-2739,TRUE,FALSE,Major,108230,01d06h03m50,0
PIG-2730,FALSE,FALSE,Major,19713,00d05h28m33,0
PIG-3608,TRUE,FALSE,Minor,2019418,23d08h56m58,0
PIG-3609,TRUE,FALSE,Minor,1673368,19d08h49m28,0
PIG-5299,FALSE,FALSE,Major,1027790,11d21h29m50,0
PIG-5293,FALSE,FALSE,Major,722722,08d08h45m22,0
PIG-5290,FALSE,FALSE,Major,2445036,28d07h10m36,0
PIG-5294,FALSE,FALSE,Major,83937,00d23h18m57,0
PIG-2828,FALSE,FALSE,Major,27637141,319d20h59m01,0
PIG-839,FALSE,FALSE,Major,75214,00d20h53m34,0
PIG-3518,FALSE,FALSE,Major,775948,08d23h32m28,0
PIG-3512,FALSE,FALSE,Major,9373,00d02h36m13,0
PIG-1766,FALSE,FALSE,Major,70218,00d19h30m18,0
PIG-3510,FALSE,FALSE,Major,76278,00d21h11m18,0
PIG-3511,TRUE,FALSE,Major,9017993,104d08h59m53,0
PIG-3516,FALSE,FALSE,Major,776553,08d23h42m33,0
PIG-1762,TRUE,FALSE,Major,37786,00d10h29m46,0
PIG-1761,FALSE,FALSE,Major,74570,00d20h42m50,0
PIG-1760,FALSE,FALSE,Major,60910,00d16h55m10,0
PIG-2025,FALSE,FALSE,Trivial,31356,00d08h42m36,0
PIG-4888,FALSE,FALSE,Trivial,583909,06d18h11m49,0
PIG-2027,FALSE,FALSE,Trivial,6814539,78d20h55m39,0
PIG-2026,FALSE,FALSE,Trivial,282559,03d06h29m19,0
PIG-2029,FALSE,FALSE,Major,1537129,17d18h58m49,0
PIG-2028,TRUE,FALSE,Major,92115,01d01h35m15,0
PIG-4887,FALSE,FALSE,Major,632359,07d07h39m19,0
PIG-4881,TRUE,FALSE,Minor,1214518,14d01h21m58,0
PIG-4880,FALSE,FALSE,Major,1450491,16d18h54m51,0
PIG-4883,FALSE,FALSE,Major,1292447,14d23h00m47,0
PIG-4562,FALSE,FALSE,Major,66542,00d18h29m02,0
PIG-905,TRUE,FALSE,Major,212226,02d10h57m06,0
PIG-901,TRUE,FALSE,Major,189557,02d04h39m17,0
PIG-2129,FALSE,FALSE,Blocker,5371,00d01h29m31,0
PIG-2124,FALSE,FALSE,Major,4420399,51d03h53m19,0
PIG-2120,FALSE,FALSE,Major,620464,07d04h21m04,0
PIG-2121,FALSE,FALSE,Minor,2251830,26d01h30m30,0
PIG-2122,FALSE,FALSE,Minor,95745428,1108d03h57m08,0
PIG-1610,TRUE,FALSE,Major,267704,03d02h21m44,0
PIG-1616,FALSE,FALSE,Major,332065,03d20h14m25,0
PIG-3468,TRUE,FALSE,Major,541594,06d06h26m34,0
PIG-3469,FALSE,FALSE,Major,1303767,15d02h09m27,0
PIG-3466,FALSE,FALSE,Major,3864,00d01h04m24,0
PIG-800,TRUE,FALSE,Major,73067,00d20h17m47,0
PIG-3464,TRUE,FALSE,Major,51186,00d14h13m06,0
PIG-3461,TRUE,TRUE,Major,685605,07d22h26m45,0
PIG-5244,FALSE,FALSE,Major,4819,00d01h20m19,0
PIG-4448,TRUE,FALSE,Major,514058,05d22h47m38,0
PIG-2231,TRUE,FALSE,Major,209317,02d10h08m37,0
PIG-2232,FALSE,FALSE,Trivial,1409,00d00h23m29,0
PIG-5322,TRUE,FALSE,Major,520119,06d00h28m39,0
PIG-2039,FALSE,FALSE,Major,520991,06d00h43m11,0
PIG-2033,TRUE,FALSE,Major,263143,03d01h05m43,0
PIG-3058,FALSE,FALSE,Major,1130916,13d02h08m36,0
PIG-4628,FALSE,FALSE,Major,3014894,34d21h28m14,0
PIG-3051,TRUE,FALSE,Major,3646275,42d04h51m15,0
PIG-3050,TRUE,FALSE,Major,3639326,42d02h55m26,0
PIG-3295,TRUE,FALSE,Minor,16307908,188d17h58m28,0
PIG-3297,FALSE,FALSE,Major,2294956,26d13h29m16,0
PIG-3290,FALSE,FALSE,Major,49660,00d13h47m40,0
PIG-3292,FALSE,FALSE,Major,13859224,160d09h47m04,0
PIG-2837,TRUE,FALSE,Major,969864,11d05h24m24,0
PIG-1839,FALSE,FALSE,Major,121014,01d09h36m54,0
PIG-2832,FALSE,FALSE,Major,8932877,103d09h21m17,0
PIG-2833,FALSE,FALSE,Major,5461513,63d05h05m13,0
PIG-1831,TRUE,FALSE,Major,1786467,20d16h14m27,0
PIG-1830,TRUE,FALSE,Major,4239816,49d01h43m36,0
PIG-1837,FALSE,FALSE,Major,2923750,33d20h09m10,0
PIG-2839,TRUE,FALSE,Major,14058,00d03h54m18,0
PIG-4242,FALSE,FALSE,Major,499318,05d18h41m58,0
PIG-4241,FALSE,FALSE,Major,923044,10d16h24m04,0
PIG-4247,FALSE,TRUE,Major,264332,03d01h25m32,0
PIG-4712,FALSE,FALSE,Major,37791,00d10h29m51,0
PIG-3186,FALSE,FALSE,Major,5262008,60d21h40m08,0
PIG-5270,FALSE,FALSE,Minor,59523,00d16h32m03,0
PIG-2901,FALSE,TRUE,Major,746323,08d15h18m43,0
PIG-4409,FALSE,FALSE,Critical,3444,00d00h57m24,0
PIG-4403,FALSE,FALSE,Major,34980,00d09h43m00,0
PIG-4402,FALSE,FALSE,Minor,40018,00d11h06m58,0
PIG-1165,FALSE,FALSE,Major,259712,03d00h08m32,0
PIG-4404,TRUE,FALSE,Major,8968,00d02h29m28,0
PIG-3989,FALSE,FALSE,Major,348,00d00h05m48,0
PIG-3988,FALSE,FALSE,Minor,441160,05d02h32m40,1
PIG-3983,TRUE,FALSE,Major,1272736,14d17h32m16,0
PIG-3982,FALSE,FALSE,Minor,4659675,53d22h21m15,0
PIG-3985,TRUE,FALSE,Major,10508702,121d15h05m02,0
PIG-3984,TRUE,FALSE,Major,2920306,33d19h11m46,0
PIG-4085,FALSE,FALSE,Major,58396,00d16h13m16,0
PIG-4086,FALSE,FALSE,Major,405752,04d16h42m32,0
PIG-4081,FALSE,FALSE,Trivial,8333,00d02h18m53,0
PIG-4082,FALSE,FALSE,Major,14260,00d03h57m40,0
PIG-4089,FALSE,FALSE,Major,756,00d00h12m36,0
PIG-4088,FALSE,FALSE,Major,7709,00d02h08m29,0
PIG-1299,TRUE,FALSE,Major,2076139,24d00h42m19,0
PIG-1298,TRUE,FALSE,Major,355645,04d02h47m25,0
PIG-1296,FALSE,FALSE,Major,275224,03d04h27m04,0
PIG-1293,FALSE,FALSE,Major,514954,05d23h02m34,0
PIG-1292,TRUE,FALSE,Major,414928,04d19h15m28,0
PIG-1290,TRUE,FALSE,Major,241977,02d19h12m57,0
PIG-5046,FALSE,FALSE,Major,8005319,92d15h41m59,0
PIG-5045,FALSE,FALSE,Minor,461027,05d08h03m47,0
PIG-5043,TRUE,FALSE,Major,7760105,89d19h35m05,0
PIG-5040,TRUE,FALSE,Critical,425687,04d22h14m47,0
PIG-5041,TRUE,FALSE,Critical,431313,04d23h48m33,0
PIG-4067,FALSE,FALSE,Major,86307,00d23h58m27,0
PIG-5048,TRUE,FALSE,Major,1632754,18d21h32m34,0
PIG-5049,FALSE,FALSE,Major,831868,09d15h04m28,0
PIG-2251,FALSE,FALSE,Major,42540455,492d08h47m35,0
PIG-3874,TRUE,FALSE,Major,4347531,50d07h38m51,0
PIG-3871,FALSE,FALSE,Major,11899,00d03h18m19,0
PIG-3870,TRUE,FALSE,Major,15099142,174d18h12m22,0
PIG-3726,TRUE,FALSE,Major,357710,04d03h21m50,0
PIG-3722,TRUE,FALSE,Major,505996,05d20h33m16,0
PIG-1583,TRUE,FALSE,Major,95265,01d02h27m45,0
PIG-1467,TRUE,FALSE,Major,243886,02d19h44m46,0
PIG-1585,FALSE,FALSE,Major,86507,01d00h01m47,0
PIG-1340,FALSE,FALSE,Trivial,83262,00d23h07m42,0
PIG-1343,TRUE,FALSE,Major,13195109,152d17h18m29,0
PIG-1347,FALSE,FALSE,Major,4804200,55d14h30m00,0
PIG-1346,FALSE,FALSE,Major,117940,01d08h45m40,0
PIG-1348,TRUE,FALSE,Major,1290170,14d22h22m50,0
PIG-4457,FALSE,FALSE,Major,1146879,13d06h34m39,1
PIG-598,FALSE,FALSE,Major,27881242,322d16h47m22,0
PIG-939,FALSE,FALSE,Major,1261914,14d14h31m54,0
PIG-3612,FALSE,FALSE,Major,33480,00d09h18m00,0
PIG-592,FALSE,FALSE,Major,23837400,275d21h30m00,0
PIG-3617,FALSE,FALSE,Major,2520875,29d04h14m35,0
PIG-3616,TRUE,FALSE,Minor,1669224,19d07h40m24,0
PIG-2588,FALSE,FALSE,Major,33747,00d09h22m27,0
PIG-2585,FALSE,FALSE,Major,372991,04d07h36m31,0
PIG-2582,TRUE,FALSE,Minor,20685750,239d10h02m30,0
PIG-2581,FALSE,FALSE,Minor,229729,02d15h48m49,0
PIG-825,FALSE,FALSE,Major,244932,02d20h02m12,0
PIG-1751,FALSE,FALSE,Major,279524,03d05h38m44,0
PIG-3509,FALSE,FALSE,Major,9900,00d02h45m00,0
PIG-3504,FALSE,FALSE,Major,8646,00d02h24m06,0
PIG-3507,FALSE,FALSE,Major,29850599,345d11h49m59,1
PIG-3506,FALSE,FALSE,Trivial,9484,00d02h38m04,0
PIG-1119,TRUE,FALSE,Major,502961,05d19h42m41,0
PIG-2055,TRUE,FALSE,Major,8993933,104d02h18m53,0
PIG-2056,FALSE,FALSE,Minor,169557,01d23h05m57,0
PIG-4873,FALSE,FALSE,Major,2841273,32d21h14m33,0
PIG-2052,FALSE,FALSE,Major,90331,01d01h05m31,0
PIG-4877,FALSE,FALSE,Major,116258,01d08h17m38,0
PIG-4878,FALSE,FALSE,Major,188988,02d04h29m48,0
PIG-2058,FALSE,FALSE,Major,67452,00d18h44m12,0
PIG-2059,TRUE,FALSE,Major,240749,02d18h52m29,0
PIG-1114,FALSE,FALSE,Critical,300283,03d11h24m43,0
PIG-1116,TRUE,FALSE,Major,234606,02d17h10m06,0
PIG-913,FALSE,FALSE,Critical,657529,07d14h38m49,0
PIG-2139,TRUE,FALSE,Major,187702,02d04h08m22,0
PIG-2137,TRUE,FALSE,Critical,169539,01d23h05m39,0
PIG-2136,TRUE,FALSE,Minor,211150,02d10h39m10,0
PIG-918,FALSE,FALSE,Major,1900350,21d23h52m30,0
PIG-2132,FALSE,FALSE,Minor,77256857,894d04h14m17,0
PIG-2130,TRUE,FALSE,Major,2185551,25d07h05m51,0
PIG-1622,TRUE,TRUE,Minor,19623782,227d03h03m02,0
PIG-3479,TRUE,FALSE,Major,62901,00d17h28m21,0
PIG-3478,TRUE,FALSE,Major,23528922,272d07h48m42,0
PIG-1628,FALSE,FALSE,Major,441137,05d02h32m17,0
PIG-2223,TRUE,FALSE,Major,3545611,41d00h53m31,0
PIG-2221,FALSE,FALSE,Major,1350480,15d15h08m00,0
PIG-1939,FALSE,FALSE,Major,2010070,23d06h21m10,0
PIG-2227,FALSE,FALSE,Major,166957,01d22h22m37,0
PIG-1932,TRUE,FALSE,Minor,678220,07d20h23m40,0
PIG-1933,FALSE,FALSE,Major,14709,00d04h05m09,0
PIG-1931,TRUE,FALSE,Major,1292722,14d23h05m22,0
PIG-1934,FALSE,FALSE,Major,92432,01d01h40m32,0
PIG-1935,FALSE,FALSE,Major,933180,10d19h13m00,0
PIG-4046,FALSE,FALSE,Minor,7715332,89d07h08m52,0
PIG-3060,FALSE,TRUE,Major,12044828,139d09h47m08,0
PIG-3066,FALSE,FALSE,Major,3031512,35d02h05m12,0
PIG-3261,FALSE,FALSE,Major,1055519,12d05h11m59,0
PIG-3262,FALSE,FALSE,Major,7653,00d02h07m33,0
PIG-3264,FALSE,FALSE,Major,1019,00d00h16m59,0
PIG-3267,FALSE,TRUE,Major,702986,08d03h16m26,0
PIG-2821,TRUE,TRUE,Major,3550195,41d02h09m55,0
PIG-2820,TRUE,FALSE,Major,195555,02d06h19m15,0
PIG-2825,FALSE,FALSE,Critical,97582,01d03h06m22,0
PIG-2827,FALSE,FALSE,Major,35909,00d09h58m29,0
PIG-2193,FALSE,FALSE,Major,2227704,25d18h48m24,0
PIG-1127,TRUE,FALSE,Major,275793,03d04h36m33,0
PIG-1800,FALSE,FALSE,Major,784900,09d02h01m40,0
PIG-1801,TRUE,FALSE,Major,503480,05d19h51m20,0
PIG-1126,TRUE,FALSE,Major,6542,00d01h49m02,0
PIG-4437,TRUE,FALSE,Major,42366,00d11h46m06,0
PIG-2918,TRUE,FALSE,Major,162326,01d21h05m26,0
PIG-2917,FALSE,FALSE,Major,1612390,18d15h53m10,0
PIG-2912,TRUE,FALSE,Major,261750,03d00h42m30,0
PIG-4478,FALSE,FALSE,Major,6898,00d01h54m58,0
PIG-4479,TRUE,FALSE,Major,161758,01d20h55m58,0
PIG-4474,FALSE,FALSE,Major,275529,03d04h32m09,0
PIG-4475,FALSE,FALSE,Major,300470,03d11h27m50,0
PIG-4476,FALSE,FALSE,Major,210596,02d10h29m56,0
PIG-1113,TRUE,FALSE,Major,627372,07d06h16m12,0
PIG-3081,FALSE,FALSE,Major,7749306,89d16h35m06,0
PIG-3082,TRUE,TRUE,Major,4149149,48d00h32m29,0
PIG-3084,FALSE,FALSE,Major,1901,00d00h31m41,0
PIG-3085,FALSE,FALSE,Major,556722,06d10h38m42,0
PIG-3087,TRUE,FALSE,Major,120611461,1395d23h11m01,0
