BugID, #isArch, #isInduce, #Priority, #TimeSec, #Time, #Reopen
PIVOT-975,TRUE,FALSE,Minor,4844066,56d01h34m26,0
PIVOT-399,FALSE,FALSE,Minor,17069491,197d13h31m31,1
PIVOT-392,TRUE,FALSE,Major,17581042,203d11h37m22,1
PIVOT-393,TRUE,FALSE,Major,6833774,79d02h16m14,1
PIVOT-390,FALSE,FALSE,Major,20403918,236d03h45m18,0
PIVOT-554,FALSE,FALSE,Minor,609259,07d01h14m19,0
PIVOT-949,TRUE,FALSE,Major,36748922,425d08h02m02,0
PIVOT-948,FALSE,FALSE,Minor,71611625,828d20h07m05,0
PIVOT-417,FALSE,FALSE,Minor,2906559,33d15h22m39,0
PIVOT-976,TRUE,FALSE,Minor,26628573,308d04h49m33,0
PIVOT-413,FALSE,FALSE,Major,840,00d00h14m00,0
PIVOT-268,FALSE,FALSE,Minor,535761,06d04h49m21,0
PIVOT-269,TRUE,FALSE,Minor,1537,00d00h25m37,0
PIVOT-266,TRUE,FALSE,Minor,12763,00d03h32m43,0
PIVOT-267,TRUE,FALSE,Major,12670,00d03h31m10,0
PIVOT-264,FALSE,FALSE,Major,1045,00d00h17m25,0
PIVOT-265,TRUE,FALSE,Major,12801,00d03h33m21,0
PIVOT-996,TRUE,FALSE,Major,4163625,48d04h33m45,0
PIVOT-716,TRUE,FALSE,Critical,23762,00d06h36m02,0
PIVOT-872,FALSE,FALSE,Major,70996,00d19h43m16,0
PIVOT-714,FALSE,FALSE,Minor,442261,05d02h51m01,0
PIVOT-715,FALSE,FALSE,Minor,302623,03d12h03m43,0
PIVOT-876,FALSE,FALSE,Major,629894,07d06h58m14,0
PIVOT-659,FALSE,FALSE,Major,23504730,272d01h05m30,0
PIVOT-874,TRUE,FALSE,Minor,183294,02d02h54m54,0
PIVOT-657,TRUE,FALSE,Major,4001,00d01h06m41,0
PIVOT-990,FALSE,FALSE,Minor,35602399,412d01h33m19,1
PIVOT-499,FALSE,FALSE,Minor,28788882,333d04h54m42,0
PIVOT-652,FALSE,FALSE,Major,2669,00d00h44m29,0
PIVOT-651,FALSE,FALSE,Major,171224,01d23h33m44,0
PIVOT-719,FALSE,FALSE,Minor,524329,06d01h38m49,0
PIVOT-811,TRUE,FALSE,Minor,16981516,196d13h05m16,0
PIVOT-815,FALSE,FALSE,Major,1248052,14d10h40m52,1
PIVOT-814,FALSE,FALSE,Minor,34302,00d09h31m42,0
PIVOT-76,FALSE,FALSE,Major,64,00d00h01m04,0
PIVOT-166,TRUE,FALSE,Major,81978,00d22h46m18,1
PIVOT-71,FALSE,FALSE,Minor,3485,00d00h58m05,0
PIVOT-951,TRUE,FALSE,Major,584373,06d18h19m33,0
PIVOT-953,FALSE,FALSE,Minor,253650,02d22h27m30,0
PIVOT-954,FALSE,FALSE,Minor,769,00d00h12m49,0
PIVOT-291,FALSE,FALSE,Minor,8389,00d02h19m49,0
PIVOT-406,FALSE,FALSE,Minor,56246344,650d23h59m04,0
PIVOT-959,FALSE,FALSE,Minor,345814,04d00h03m34,0
PIVOT-892,TRUE,FALSE,Minor,774379,08d23h06m19,0
PIVOT-253,TRUE,FALSE,Trivial,101422,01d04h10m22,0
PIVOT-252,TRUE,FALSE,Major,5029,00d01h23m49,0
PIVOT-255,FALSE,FALSE,Trivial,52495,00d14h34m55,0
PIVOT-254,TRUE,FALSE,Major,5891396,68d04h29m56,0
PIVOT-258,TRUE,FALSE,Minor,7680,00d02h08m00,0
PIVOT-726,TRUE,FALSE,Minor,55309,00d15h21m49,0
PIVOT-725,FALSE,FALSE,Major,349225,04d01h00m25,0
PIVOT-724,FALSE,FALSE,Minor,418118,04d20h08m38,0
PIVOT-486,FALSE,FALSE,Major,1944,00d00h32m24,0
PIVOT-487,TRUE,FALSE,Major,10978655,127d01h37m35,0
PIVOT-484,FALSE,FALSE,Major,27262,00d07h34m22,0
PIVOT-1018,FALSE,FALSE,Minor,68078,00d18h54m38,0
PIVOT-860,FALSE,FALSE,Major,3042398,35d05h06m38,0
PIVOT-861,FALSE,FALSE,Major,20769322,240d09h15m22,1
PIVOT-646,TRUE,FALSE,Major,24096,00d06h41m36,0
PIVOT-647,FALSE,FALSE,Minor,21463770,248d10h09m30,0
PIVOT-319,FALSE,FALSE,Major,2690538,31d03h22m18,1
PIVOT-1016,FALSE,FALSE,Minor,60222,00d16h43m42,0
PIVOT-489,FALSE,FALSE,Minor,1261,00d00h21m01,0
PIVOT-803,FALSE,FALSE,Minor,553077,06d09h37m57,0
PIVOT-800,TRUE,FALSE,Major,13328743,154d06h25m43,0
PIVOT-552,TRUE,FALSE,Major,5090,00d01h24m50,0
PIVOT-804,FALSE,FALSE,Minor,134,00d00h02m14,0
PIVOT-65,TRUE,FALSE,Minor,2825588,32d16h53m08,0
PIVOT-809,TRUE,FALSE,Minor,210861,02d10h34m21,0
PIVOT-925,FALSE,FALSE,Minor,12622991,146d02h23m11,0
PIVOT-927,FALSE,FALSE,Major,15684552,181d12h49m12,1
PIVOT-437,FALSE,FALSE,Minor,5659740,65d12h09m00,2
PIVOT-923,FALSE,FALSE,Minor,25322579,293d02h02m59,1
PIVOT-922,FALSE,FALSE,Minor,1483634,17d04h07m14,0
PIVOT-880,FALSE,FALSE,Minor,69668,00d19h21m08,0
PIVOT-438,FALSE,FALSE,Minor,201499,02d07h58m19,0
PIVOT-887,TRUE,FALSE,Minor,91834,01d01h30m34,0
PIVOT-533,TRUE,FALSE,Minor,501701,05d19h21m41,0
PIVOT-738,TRUE,FALSE,Minor,32217106,372d21h11m46,0
PIVOT-241,TRUE,FALSE,Minor,140784,01d15h06m24,0
PIVOT-829,FALSE,FALSE,Minor,70701,00d19h38m21,0
PIVOT-734,TRUE,FALSE,Minor,214757221,2485d14h47m01,1
PIVOT-735,TRUE,FALSE,Major,416938,04d19h48m58,0
PIVOT-737,TRUE,FALSE,Major,1824671,21d02h51m11,1
PIVOT-730,TRUE,FALSE,Minor,237006,02d17h50m06,0
PIVOT-249,FALSE,FALSE,Trivial,7035957,81d10h25m57,0
PIVOT-485,FALSE,FALSE,Major,712766,08d05h59m26,0
PIVOT-323,FALSE,FALSE,Critical,10028,00d02h47m08,0
PIVOT-630,FALSE,FALSE,Major,305727,03d12h55m27,0
PIVOT-167,FALSE,FALSE,Minor,132,00d00h02m12,0
PIVOT-213,TRUE,FALSE,Major,379909,04d09h31m49,0
PIVOT-329,FALSE,FALSE,Major,9041,00d02h30m41,0
PIVOT-837,TRUE,FALSE,Minor,2222222,25d17h17m02,1
PIVOT-835,TRUE,FALSE,Major,698721,08d02h05m21,0
PIVOT-832,TRUE,FALSE,Minor,11081620,128d06h13m40,0
PIVOT-932,FALSE,FALSE,Minor,35833,00d09h57m13,0
PIVOT-52,FALSE,FALSE,Major,159571,01d20h19m31,0
PIVOT-938,FALSE,FALSE,Major,1586059,18d08h34m19,0
PIVOT-507,TRUE,FALSE,Minor,2226948,25d18h35m48,0
PIVOT-339,FALSE,FALSE,Minor,1156980,13d09h23m00,0
PIVOT-503,FALSE,FALSE,Major,24015,00d06h40m15,1
PIVOT-501,FALSE,FALSE,Minor,24021,00d06h40m21,0
PIVOT-335,FALSE,FALSE,Major,7695,00d02h08m15,0
PIVOT-336,FALSE,FALSE,Minor,534755,06d04h32m35,0
PIVOT-825,FALSE,FALSE,Minor,541429,06d06h23m49,1
PIVOT-749,FALSE,FALSE,Minor,499902,05d18h51m42,0
PIVOT-94,FALSE,FALSE,Major,2720,00d00h45m20,0
PIVOT-237,FALSE,FALSE,Minor,371540,04d07h12m20,0
PIVOT-586,FALSE,FALSE,Major,1223367,14d03h49m27,0
PIVOT-745,FALSE,FALSE,Minor,630,00d00h10m30,0
PIVOT-744,FALSE,TRUE,Minor,7314865,84d15h54m25,0
PIVOT-44,FALSE,FALSE,Critical,58,00d00h00m58,0
PIVOT-40,FALSE,FALSE,Minor,9067611,104d22h46m51,0
PIVOT-298,FALSE,FALSE,Minor,770462,08d22h01m02,0
PIVOT-297,TRUE,FALSE,Critical,75293,00d20h54m53,0
PIVOT-48,FALSE,FALSE,Minor,580110,06d17h08m30,0
PIVOT-905,FALSE,FALSE,Minor,1292785,14d23h06m25,1
PIVOT-290,TRUE,FALSE,Major,14929,00d04h08m49,0
PIVOT-693,FALSE,FALSE,Major,5298688,61d07h51m28,0
PIVOT-510,FALSE,FALSE,Trivial,2576336,29d19h38m56,0
PIVOT-511,FALSE,FALSE,Minor,46174710,534d10h18m30,1
PIVOT-515,FALSE,FALSE,Minor,36338,00d10h05m38,0
PIVOT-619,TRUE,FALSE,Major,268461,03d02h34m21,0
PIVOT-100,FALSE,FALSE,Minor,191532,02d05h12m12,0
PIVOT-107,FALSE,FALSE,Major,1618561,18d17h36m01,0
PIVOT-717,FALSE,FALSE,Minor,27890,00d07h44m50,0
PIVOT-613,FALSE,FALSE,Major,185,00d00h03m05,0
PIVOT-612,FALSE,FALSE,Major,4938,00d01h22m18,0
PIVOT-108,FALSE,FALSE,Minor,3970,00d01h06m10,0
PIVOT-518,FALSE,FALSE,Major,238,00d00h03m58,0
PIVOT-983,FALSE,FALSE,Minor,3376,00d00h56m16,0
PIVOT-496,FALSE,FALSE,Minor,100381,01d03h53m01,0
PIVOT-597,FALSE,FALSE,Minor,22259,00d06h10m59,0
PIVOT-182,TRUE,FALSE,Major,1200503,13d21h28m23,0
PIVOT-751,TRUE,FALSE,Minor,28782184,333d03h03m04,0
PIVOT-756,TRUE,FALSE,Major,75804,00d21h03m24,0
PIVOT-774,FALSE,FALSE,Minor,1103371,12d18h29m31,0
PIVOT-282,FALSE,FALSE,Major,24284,00d06h44m44,0
PIVOT-1021,TRUE,FALSE,Minor,1648380,19d01h53m00,0
PIVOT-284,FALSE,FALSE,Major,14772,00d04h06m12,0
PIVOT-1025,FALSE,FALSE,Minor,1255799,14d12h49m59,0
PIVOT-1028,FALSE,FALSE,Minor,1031,00d00h17m11,0
PIVOT-912,FALSE,FALSE,Minor,405,00d00h06m45,0
PIVOT-684,FALSE,FALSE,Minor,8036136,93d00h15m36,0
PIVOT-128,FALSE,FALSE,Minor,538330,06d05h32m10,0
PIVOT-681,FALSE,FALSE,Minor,9389998,108d16h19m58,0
PIVOT-683,FALSE,FALSE,Minor,8036819,93d00h26m59,0
PIVOT-125,TRUE,FALSE,Minor,349580,04d01h06m20,0
PIVOT-229,FALSE,FALSE,Critical,666,00d00h11m06,0
PIVOT-446,TRUE,FALSE,Major,5908,00d01h38m28,0
PIVOT-604,FALSE,FALSE,Major,4335,00d01h12m15,0
PIVOT-187,FALSE,FALSE,Major,1419384,16d10h16m24,0
PIVOT-606,FALSE,TRUE,Major,7243,00d02h00m43,0
PIVOT-601,FALSE,FALSE,Major,50901,00d14h08m21,1
PIVOT-350,TRUE,FALSE,Minor,15123458,175d00h57m38,1
PIVOT-351,FALSE,FALSE,Major,2262,00d00h37m42,0
PIVOT-828,FALSE,FALSE,Minor,3825,00d01h03m45,0
PIVOT-982,FALSE,FALSE,Minor,10095319,116d20h15m19,0
PIVOT-987,FALSE,FALSE,Minor,9696673,112d05h31m13,0
PIVOT-985,TRUE,FALSE,Minor,74966,00d20h49m26,0
PIVOT-195,TRUE,FALSE,Major,182906,02d02h48m26,0
PIVOT-989,FALSE,FALSE,Minor,1800,00d00h30m00,0
PIVOT-988,FALSE,FALSE,Minor,1115,00d00h18m35,0
PIVOT-762,FALSE,FALSE,Minor,88738,01d00h38m58,0
PIVOT-826,FALSE,FALSE,Minor,4357,00d01h12m37,0
PIVOT-193,TRUE,FALSE,Minor,414385,04d19h06m25,0
PIVOT-311,FALSE,FALSE,Major,103954,01d04h52m34,0
PIVOT-157,TRUE,FALSE,Minor,533526,06d04h12m06,1
PIVOT-1037,TRUE,FALSE,Minor,17359,00d04h49m19,0
PIVOT-91,FALSE,FALSE,Major,12514,00d03h28m34,0
PIVOT-577,TRUE,FALSE,Minor,49761,00d13h49m21,0
PIVOT-272,TRUE,FALSE,Minor,466117,05d09h28m37,0
PIVOT-964,TRUE,FALSE,Major,23659436,273d20h03m56,0
PIVOT-967,TRUE,FALSE,Minor,469887,05d10h31m27,0
PIVOT-79,FALSE,FALSE,Minor,9272292,107d07h38m12,1
PIVOT-363,TRUE,FALSE,Trivial,182913,02d02h48m33,0
PIVOT-362,FALSE,FALSE,Trivial,181078,02d02h17m58,0
PIVOT-704,TRUE,FALSE,Minor,5825816,67d10h16m56,0
PIVOT-928,FALSE,FALSE,Trivial,1829,00d00h30m29,0
PIVOT-995,TRUE,FALSE,Minor,740,00d00h12m20,0
PIVOT-772,FALSE,FALSE,Minor,1757090,20d08h04m50,1
PIVOT-162,TRUE,FALSE,Major,7791,00d02h09m51,0
PIVOT-165,TRUE,FALSE,Blocker,5000,00d01h23m20,0
PIVOT-992,FALSE,FALSE,Minor,9962884,115d07h28m04,1
PIVOT-993,TRUE,FALSE,Critical,430307,04d23h31m47,0
PIVOT-779,FALSE,FALSE,Minor,310682,03d14h18m02,0
PIVOT-388,TRUE,FALSE,Minor,2509155,29d00h59m15,0
PIVOT-1006,TRUE,FALSE,Major,2466,00d00h41m06,0
PIVOT-1001,FALSE,FALSE,Minor,2237483,25d21h31m23,0
PIVOT-476,FALSE,FALSE,Minor,7530,00d02h05m30,0
PIVOT-469,FALSE,FALSE,Minor,98262,01d03h17m42,0
PIVOT-978,FALSE,FALSE,Minor,3022338,34d23h32m18,0
PIVOT-545,TRUE,FALSE,Major,78,00d00h01m18,0
PIVOT-238,FALSE,FALSE,Minor,363618,04d05h00m18,0
PIVOT-781,FALSE,FALSE,Minor,40040527,463d10h22m07,0
PIVOT-780,TRUE,FALSE,Major,765483,08d20h38m03,0
PIVOT-974,FALSE,FALSE,Critical,340231,03d22h30m31,0
PIVOT-782,FALSE,FALSE,Major,16524403,191d06h06m43,0
PIVOT-374,TRUE,FALSE,Minor,31475,00d08h44m35,0
PIVOT-375,FALSE,FALSE,Minor,30123,00d08h22m03,0
PIVOT-376,TRUE,FALSE,Minor,2587,00d00h43m07,0
PIVOT-278,FALSE,FALSE,Major,171686,01d23h41m26,0
PIVOT-373,FALSE,FALSE,Major,4320143,50d00h02m23,0
PIVOT-97,FALSE,FALSE,Minor,21,00d00h00m21,0
PIVOT-277,FALSE,FALSE,Major,2568,00d00h42m48,0
PIVOT-270,FALSE,FALSE,Minor,1075,00d00h17m55,0
PIVOT-273,TRUE,FALSE,Minor,83436,00d23h10m36,0
PIVOT-582,FALSE,FALSE,Major,61455,00d17h04m15,0
PIVOT-172,TRUE,FALSE,Critical,1820636,21d01h43m56,0
PIVOT-302,FALSE,FALSE,Major,39,00d00h00m39,0
PIVOT-176,FALSE,FALSE,Minor,3023,00d00h50m23,0
PIVOT-702,FALSE,FALSE,Major,1995444,23d02h17m24,0
PIVOT-662,FALSE,FALSE,Minor,6634,00d01h50m34,0
PIVOT-701,FALSE,FALSE,Minor,6562177,75d22h49m37,0
