BugID, #isArch, #isInduce, #Priority, #TimeSec, #Time, #Reopen
RAMPART-334,FALSE,FALSE,Major,6203854,71d19h17m34,0
RAMPART-336,FALSE,FALSE,Major,847921,09d19h32m01,0
RAMPART-331,FALSE,FALSE,Minor,182557496,2112d22h24m56,0
RAMPART-338,FALSE,FALSE,Major,7055447,81d15h50m47,0
RAMPART-139,TRUE,FALSE,Major,269857,03d02h57m37,0
RAMPART-138,TRUE,FALSE,Major,21265,00d05h54m25,0
RAMPART-230,FALSE,FALSE,Major,6481712,75d00h28m32,0
RAMPART-232,FALSE,FALSE,Major,519048,06d00h10m48,0
RAMPART-78,FALSE,FALSE,Major,11310195,130d21h43m15,0
RAMPART-132,FALSE,FALSE,Critical,59290,00d16h28m10,0
RAMPART-131,TRUE,FALSE,Major,254976,02d22h49m36,0
RAMPART-136,FALSE,FALSE,Major,91470012,1058d16h20m12,1
RAMPART-71,FALSE,FALSE,Critical,5567,00d01h32m47,0
RAMPART-204,FALSE,FALSE,Major,19676799,227d17h46m39,0
RAMPART-280,TRUE,FALSE,Major,28237196,326d19h39m56,0
RAMPART-283,FALSE,FALSE,Major,26613946,308d00h45m46,0
RAMPART-285,FALSE,FALSE,Major,26444890,306d01h48m10,0
RAMPART-288,FALSE,FALSE,Major,25238239,292d02h37m19,0
RAMPART-326,FALSE,FALSE,Major,7962829,92d03h53m49,0
RAMPART-327,FALSE,FALSE,Major,7764572,89d20h49m32,0
RAMPART-324,FALSE,FALSE,Major,20269384,234d14h23m04,0
RAMPART-160,FALSE,FALSE,Major,24492,00d06h48m12,0
RAMPART-202,TRUE,FALSE,Major,68319937,790d17h45m37,0
AXIS2-5761,FALSE,FALSE,Major,525244,06d01h54m04,0
RAMPART-82,FALSE,FALSE,Trivial,596282,06d21h38m02,0
RAMPART-86,FALSE,FALSE,Major,512615,05d22h23m35,0
RAMPART-123,FALSE,FALSE,Major,2940604,34d00h50m04,0
RAMPART-125,TRUE,FALSE,Major,2000924,23d03h48m44,0
RAMPART-127,TRUE,FALSE,Critical,17880,00d04h58m00,0
WSS-52,FALSE,FALSE,Major,54004250,625d01h10m50,0
RAMPART-293,FALSE,FALSE,Major,21108480,244d07h28m00,0
RAMPART-290,FALSE,FALSE,Major,23456509,271d11h41m49,0
RAMPART-358,TRUE,FALSE,Major,16073186,186d00h46m26,0
RAMPART-357,FALSE,FALSE,Major,783246,09d01h34m06,0
RAMPART-298,FALSE,FALSE,Major,18157009,210d03h36m49,0
RAMPART-299,TRUE,FALSE,Major,22330774,258d10h59m34,0
RAMPART-191,FALSE,FALSE,Critical,31894890,369d03h41m30,0
RAMPART-218,FALSE,FALSE,Major,56452003,653d09h06m43,0
RAMPART-214,TRUE,FALSE,Major,963,00d00h16m03,0
RAMPART-91,TRUE,FALSE,Major,178862,02d01h41m02,0
RAMPART-90,TRUE,FALSE,Major,9083281,105d03h08m01,0
RAMPART-93,TRUE,FALSE,Major,169164,01d22h59m24,0
RAMPART-92,TRUE,FALSE,Major,176486,02d01h01m26,0
RAMPART-119,FALSE,FALSE,Major,96101176,1112d06h46m16,0
RAMPART-115,TRUE,FALSE,Major,1934379,22d09h19m39,0
RAMPART-114,FALSE,FALSE,Major,2520069,29d04h01m09,0
RAMPART-111,TRUE,FALSE,Major,97986875,1134d02h34m35,0
RAMPART-110,TRUE,FALSE,Major,765040,08d20h30m40,0
RAMPART-8,FALSE,FALSE,Major,17007103,196d20h11m43,1
RAMPART-189,FALSE,FALSE,Critical,33308173,385d12h16m13,0
RAMPART-279,FALSE,FALSE,Major,28236197,326d19h23m17,0
RAMPART-183,FALSE,FALSE,Major,83202801,962d23h53m21,0
RAMPART-180,FALSE,FALSE,Major,77872606,901d07h16m46,0
RAMPART-347,FALSE,FALSE,Major,16674,00d04h37m54,0
RAMPART-186,FALSE,FALSE,Major,76916902,890d05h48m22,0
RAMPART-187,FALSE,FALSE,Major,76736407,888d03h40m07,0
RAMPART-4,FALSE,FALSE,Major,2045500,23d16h11m40,0
RAMPART-102,FALSE,FALSE,Major,462271,05d08h24m31,0
RAMPART-269,FALSE,FALSE,Critical,68326246,790d19h30m46,0
RAMPART-107,FALSE,FALSE,Major,206165,02d09h16m05,0
RAMPART-104,FALSE,FALSE,Major,36544,00d10h09m04,0
RAMPART-109,FALSE,FALSE,Major,206448,02d09h20m48,0
RAMPART-21,FALSE,FALSE,Major,649071,07d12h17m51,0
RAMPART-148,FALSE,FALSE,Major,353677,04d02h14m37,0
RAMPART-377,FALSE,FALSE,Blocker,27839,00d07h43m59,0
RAMPART-376,FALSE,FALSE,Blocker,28069,00d07h47m49,0
RAMPART-379,FALSE,FALSE,Major,110326561,1276d22h16m01,0
RAMPART-378,FALSE,FALSE,Major,110326596,1276d22h16m36,0
RAMPART-146,FALSE,FALSE,Major,1553804,17d23h36m44,0
RAMPART-278,FALSE,FALSE,Major,29411821,340d09h57m01,0
RAMPART-176,FALSE,FALSE,Major,1276810,14d18h40m10,0
RAMPART-174,TRUE,FALSE,Major,80022750,926d04h32m30,0
RAMPART-173,FALSE,FALSE,Major,1499298,17d08h28m18,0
RAMPART-170,FALSE,FALSE,Major,2073066,23d23h51m06,0
RAMPART-270,FALSE,FALSE,Major,35085428,406d01h57m08,0
RAMPART-271,FALSE,FALSE,Major,32032107,370d17h48m27,0
RAMPART-273,FALSE,FALSE,Minor,31620391,365d23h26m31,0
RAMPART-274,FALSE,FALSE,Major,31347685,362d19h41m25,0
RAMPART-276,FALSE,FALSE,Major,29602917,342d15h01m57,0
RAMPART-277,FALSE,FALSE,Minor,29653554,343d05h05m54,0
RAMPART-363,FALSE,FALSE,Major,10567,00d02h56m07,0
RAMPART-409,FALSE,FALSE,Critical,4818349,55d18h25m49,0
RAMPART-405,FALSE,FALSE,Major,72537061,839d13h11m01,0
RAMPART-400,FALSE,FALSE,Major,736058,08d12h27m38,0
RAMPART-165,FALSE,FALSE,Major,890485,10d07h21m25,0
RAMPART-166,FALSE,FALSE,Major,1092035,12d15h20m35,0
RAMPART-167,FALSE,FALSE,Major,350371,04d01h19m31,0
RAMPART-249,FALSE,FALSE,Major,4088,00d01h08m08,0
RAMPART-161,FALSE,FALSE,Blocker,90608,01d01h10m08,0
RAMPART-162,TRUE,FALSE,Major,67700,00d18h48m20,0
RAMPART-244,FALSE,FALSE,Major,181982,02d02h33m02,0
RAMPART-247,FALSE,FALSE,Major,29061,00d08h04m21,0
RAMPART-168,FALSE,FALSE,Major,7179,00d01h59m39,0
RAMPART-169,TRUE,FALSE,Minor,2754342,31d21h05m42,0
RAMPART-181,FALSE,FALSE,Minor,77590853,898d01h00m53,0
RAMPART-49,FALSE,FALSE,Major,1379653,15d23h14m13,0
RAMPART-64,TRUE,FALSE,Blocker,24038621,278d05h23m41,1
RAMPART-310,FALSE,FALSE,Major,5762594,66d16h43m14,0
RAMPART-317,TRUE,FALSE,Major,4234733,49d00h18m53,0
RAMPART-316,FALSE,FALSE,Major,1338,00d00h22m18,0
RAMPART-315,FALSE,FALSE,Major,722,00d00h12m02,0
RAMPART-314,FALSE,FALSE,Major,1052,00d00h17m32,0
RAMPART-151,FALSE,FALSE,Minor,206563,02d09h22m43,0
RAMPART-154,FALSE,FALSE,Major,84150322,973d23h05m22,0
RAMPART-157,FALSE,FALSE,Minor,581735,06d17h35m35,0
RAMPART-253,FALSE,FALSE,Major,41385736,479d00h02m16,0
RAMPART-250,FALSE,FALSE,Major,6684,00d01h51m24,0
RAMPART-251,FALSE,FALSE,Major,45427,00d12h37m07,0
RAMPART-254,FALSE,FALSE,Major,41439630,479d15h00m30,0
RAMPART-255,FALSE,FALSE,Critical,73734,00d20h28m54,0
RAMPART-390,TRUE,FALSE,Minor,138320177,1600d22h16m17,0
RAMPART-50,FALSE,FALSE,Major,3578232,41d09h57m12,0
RAMPART-52,FALSE,FALSE,Major,12418,00d03h26m58,0
RAMPART-423,TRUE,FALSE,Major,62266266,720d16h11m06,0
RAMPART-304,TRUE,FALSE,Major,4761089,55d02h31m29,0
RAMPART-305,FALSE,FALSE,Major,17798333,205d23h58m53,0
RAMPART-306,FALSE,FALSE,Major,11739587,135d20h59m47,0
RAMPART-307,FALSE,FALSE,Trivial,9059094,104d20h24m54,0
RAMPART-308,FALSE,FALSE,Major,8535645,98d19h00m45,0
RAMPART-145,FALSE,FALSE,Major,5127830,59d08h23m50,0
RAMPART-140,TRUE,FALSE,Major,70377,00d19h32m57,0
RAMPART-141,TRUE,FALSE,Major,144032,01d16h00m32,0
RAMPART-225,FALSE,FALSE,Major,52686163,609d19h02m43,0
RAMPART-224,FALSE,FALSE,Minor,52769342,610d18h09m02,1
RAMPART-381,FALSE,FALSE,Major,109611616,1268d15h40m16,0
RAMPART-62,FALSE,FALSE,Major,1336208,15d11h10m08,0
RAMPART-384,FALSE,FALSE,Critical,16389220,189d16h33m40,0
AXIS2-3213,FALSE,FALSE,Major,98579895,1140d23h18m15,1
RAMPART-66,FALSE,FALSE,Major,32828,00d09h07m08,0
