BugID, #isArch, #isInduce, #Priority, #TimeSec, #Time, #Reopen
SAMZA-731,TRUE,FALSE,Major,6624286,76d16h04m46,0
SAMZA-1817,FALSE,FALSE,Major,1807698,20d22h08m18,0
SAMZA-1428,TRUE,FALSE,Major,1034,00d00h17m14,0
SAMZA-1813,TRUE,FALSE,Major,939982,10d21h06m22,0
SAMZA-1954,TRUE,FALSE,Major,13383837,154d21h43m57,0
SAMZA-795,FALSE,FALSE,Major,53393,00d14h49m53,0
SAMZA-1956,TRUE,FALSE,Major,84676,00d23h31m16,0
SAMZA-797,FALSE,FALSE,Major,678742,07d20h32m22,0
SAMZA-791,FALSE,FALSE,Trivial,1051048,12d03h57m28,0
SAMZA-792,TRUE,FALSE,Blocker,83508,00d23h11m48,0
SAMZA-1953,TRUE,FALSE,Major,13386908,154d22h35m08,0
SAMZA-798,TRUE,FALSE,Major,934347,10d19h32m27,0
SAMZA-151,FALSE,FALSE,Major,6043394,69d22h43m14,0
SAMZA-156,FALSE,FALSE,Major,61545,00d17h05m45,0
SAMZA-157,TRUE,FALSE,Major,1463670,16d22h34m30,1
SAMZA-154,FALSE,FALSE,Major,965467,11d04h11m07,0
SAMZA-155,FALSE,FALSE,Major,240120,02d18h42m00,0
SAMZA-158,FALSE,FALSE,Major,250872,02d21h41m12,0
SAMZA-1550,FALSE,FALSE,Major,6311335,73d01h08m55,0
SAMZA-1220,TRUE,FALSE,Major,533493,06d04h11m33,0
SAMZA-1553,FALSE,FALSE,Major,5715582,66d03h39m42,0
SAMZA-1556,TRUE,FALSE,Major,492234,05d16h43m54,0
SAMZA-1557,TRUE,FALSE,Major,3265910,37d19h11m50,0
SAMZA-1653,TRUE,FALSE,Major,2180550,25d05h42m30,0
SAMZA-1651,TRUE,FALSE,Major,698092,08d01h54m52,0
SAMZA-1229,FALSE,FALSE,Major,359533,04d03h52m13,0
SAMZA-1656,FALSE,FALSE,Major,868249,10d01h10m49,0
SAMZA-1723,FALSE,FALSE,Major,1692,00d00h28m12,0
SAMZA-59,FALSE,FALSE,Major,22977651,265d22h40m51,0
SAMZA-1720,FALSE,FALSE,Major,26417593,305d18h13m13,0
SAMZA-299,FALSE,FALSE,Major,75684,00d21h01m24,0
SAMZA-1725,FALSE,FALSE,Major,175495,02d00h44m55,0
SAMZA-1042,TRUE,FALSE,Major,1816690,21d00h38m10,0
SAMZA-294,FALSE,FALSE,Major,70165,00d19h29m25,0
SAMZA-1040,FALSE,FALSE,Major,860,00d00h14m20,0
SAMZA-1728,FALSE,FALSE,Major,5573526,64d12h12m06,0
SAMZA-1046,FALSE,FALSE,Major,4516811,52d06h40m11,0
SAMZA-1047,FALSE,FALSE,Major,1397649,16d04h14m09,0
SAMZA-56,FALSE,FALSE,Major,4249,00d01h10m49,0
SAMZA-57,FALSE,FALSE,Major,85703,00d23h48m23,0
SAMZA-842,FALSE,FALSE,Major,23415382,271d00h16m22,0
SAMZA-1138,TRUE,FALSE,Major,2979916,34d11h45m16,0
SAMZA-846,FALSE,FALSE,Minor,101841,01d04h17m21,0
SAMZA-481,FALSE,FALSE,Major,5266571,60d22h56m11,0
SAMZA-486,FALSE,FALSE,Major,169925,01d23h12m05,0
SAMZA-487,FALSE,FALSE,Major,161999,01d20h59m59,0
SAMZA-796,FALSE,FALSE,Major,101845,01d04h17m25,0
SAMZA-28,TRUE,FALSE,Major,4159175,48d03h19m35,0
SAMZA-1039,TRUE,FALSE,Major,76976,00d21h22m56,0
SAMZA-999,FALSE,FALSE,Major,413222,04d18h47m02,0
SAMZA-25,TRUE,TRUE,Major,2698782,31d05h39m42,0
SAMZA-994,FALSE,FALSE,Major,322612,03d17h36m52,0
SAMZA-995,FALSE,FALSE,Major,4721504,54d15h31m44,0
SAMZA-992,FALSE,FALSE,Major,1447025,16d17h57m05,0
SAMZA-20,FALSE,FALSE,Major,25817902,298d19h38m22,0
SAMZA-658,FALSE,FALSE,Major,2396842,27d17h47m22,1
SAMZA-793,FALSE,FALSE,Major,3113260,36d00h47m40,0
SAMZA-206,FALSE,FALSE,Major,4190,00d01h09m50,0
SAMZA-893,FALSE,FALSE,Major,846311,09d19h05m11,0
SAMZA-202,FALSE,FALSE,Minor,11056842,127d23h20m42,0
SAMZA-579,FALSE,FALSE,Major,103905,01d04h51m45,0
SAMZA-201,FALSE,FALSE,Major,1293,00d00h21m33,0
SAMZA-574,FALSE,FALSE,Major,62670,00d17h24m30,0
SAMZA-576,FALSE,FALSE,Major,1381517,15d23h45m17,0
SAMZA-577,FALSE,FALSE,Major,18324,00d05h05m24,0
SAMZA-572,FALSE,FALSE,Major,10099261,116d21h21m01,0
SAMZA-209,FALSE,FALSE,Major,44582,00d12h23m02,0
SAMZA-778,FALSE,FALSE,Major,241807,02d19h10m07,0
SAMZA-1508,TRUE,FALSE,Major,15281897,176d20h58m17,0
SAMZA-470,FALSE,FALSE,Major,7199,00d01h59m59,0
SAMZA-473,FALSE,FALSE,Major,24373,00d06h46m13,0
SAMZA-472,FALSE,FALSE,Major,64432,00d17h53m52,0
SAMZA-897,FALSE,FALSE,Major,185243,02d03h27m23,0
SAMZA-770,FALSE,FALSE,Blocker,350903,04d01h28m23,0
SAMZA-2111,TRUE,FALSE,Major,1186412,13d17h33m32,0
SAMZA-2309,FALSE,FALSE,Major,14054,00d03h54m14,0
SAMZA-1921,TRUE,FALSE,Major,14942059,172d22h34m19,0
SAMZA-337,FALSE,FALSE,Critical,177989,02d01h26m29,0
SAMZA-2231,FALSE,FALSE,Major,4050964,46d21h16m04,0
SAMZA-503,FALSE,FALSE,Major,2119286,24d12h41m26,0
SAMZA-505,FALSE,FALSE,Major,5006131,57d22h35m31,0
SAMZA-507,FALSE,FALSE,Major,2606361,30d03h59m21,0
SAMZA-1914,TRUE,FALSE,Major,12795,00d03h33m15,0
SAMZA-1667,TRUE,FALSE,Major,504903,05d20h15m03,0
SAMZA-1664,FALSE,FALSE,Major,1119421,12d22h57m01,0
SAMZA-1397,FALSE,FALSE,Minor,3622,00d01h00m22,0
SAMZA-1121,FALSE,FALSE,Major,115771,01d08h09m31,0
SAMZA-1033,FALSE,FALSE,Major,2238936,25d21h55m36,0
SAMZA-922,FALSE,TRUE,Major,1803283,20d20h54m43,0
SAMZA-1392,TRUE,FALSE,Major,3118102,36d02h08m22,0
SAMZA-114,FALSE,FALSE,Major,72727,00d20h12m07,0
SAMZA-115,FALSE,FALSE,Major,333749,03d20h42m29,0
SAMZA-110,FALSE,FALSE,Major,6414086,74d05h41m26,0
SAMZA-111,TRUE,FALSE,Major,1226651,14d04h44m11,0
SAMZA-1187,TRUE,TRUE,Major,347251,04d00h27m31,0
SAMZA-1222,TRUE,TRUE,Major,1369657,15d20h27m37,0
SAMZA-1183,TRUE,TRUE,Major,32930363,381d03h19m23,1
SAMZA-1182,FALSE,TRUE,Major,1566651,18d03h10m51,1
SAMZA-1181,FALSE,FALSE,Blocker,282901,03d06h35m01,0
SAMZA-1269,FALSE,TRUE,Major,13062213,151d04h23m33,0
SAMZA-1266,FALSE,FALSE,Major,22116,00d06h08m36,0
SAMZA-1267,TRUE,TRUE,Major,255241,02d22h54m01,0
SAMZA-1264,TRUE,FALSE,Major,2359373,27d07h22m53,0
SAMZA-1263,FALSE,FALSE,Major,1334,00d00h22m14,0
SAMZA-1189,FALSE,FALSE,Major,38436,00d10h40m36,0
SAMZA-1261,FALSE,TRUE,Major,31802443,368d02h00m43,0
SAMZA-1340,TRUE,FALSE,Major,574212,06d15h30m12,0
SAMZA-1615,TRUE,FALSE,Major,364412,04d05h13m32,0
SAMZA-1221,TRUE,TRUE,Major,4234501,49d00h15m01,0
SAMZA-1611,FALSE,FALSE,Major,223326,02d14h02m06,0
SAMZA-882,FALSE,FALSE,Major,2096858,24d06h27m38,0
SAMZA-1619,TRUE,FALSE,Major,3280971,37d23h22m51,0
SAMZA-1618,TRUE,FALSE,Major,1259,00d00h20m59,0
SAMZA-1007,TRUE,FALSE,Minor,1422709,16d11h11m49,0
SAMZA-1004,FALSE,FALSE,Minor,1647301,19d01h35m01,0
SAMZA-1711,TRUE,FALSE,Major,491435,05d16h30m35,0
SAMZA-1224,FALSE,FALSE,Major,1235814,14d07h16m54,0
SAMZA-805,FALSE,FALSE,Major,524650,06d01h44m10,0
SAMZA-1167,TRUE,FALSE,Major,441892,05d02h44m52,0
SAMZA-1558,FALSE,FALSE,Major,9474,00d02h37m54,0
SAMZA-920,FALSE,FALSE,Major,1038116,12d00h21m56,0
SAMZA-47,TRUE,TRUE,Major,14611694,169d02h48m14,0
SAMZA-1860,TRUE,FALSE,Major,2863571,33d03h26m11,0
SAMZA-1988,FALSE,FALSE,Major,251536,02d21h52m16,0
SAMZA-1228,FALSE,FALSE,Major,1294414,14d23h33m34,0
SAMZA-602,FALSE,FALSE,Major,1920,00d00h32m00,0
SAMZA-600,TRUE,FALSE,Major,101738,01d04h15m38,0
SAMZA-1650,FALSE,TRUE,Major,1550107,17d22h35m07,0
SAMZA-605,FALSE,FALSE,Major,19332,00d05h22m12,0
SAMZA-1460,TRUE,TRUE,Major,12356312,143d00h18m32,0
SAMZA-1198,FALSE,FALSE,Major,247369,02d20h42m49,0
SAMZA-1463,FALSE,FALSE,Major,2590,00d00h43m10,0
SAMZA-1464,FALSE,FALSE,Major,780988,09d00h56m28,0
SAMZA-1465,FALSE,FALSE,Major,97693,01d03h08m13,0
SAMZA-1466,FALSE,TRUE,Major,175186,02d00h39m46,0
SAMZA-1502,TRUE,FALSE,Major,2599475,30d02h04m35,0
SAMZA-898,FALSE,FALSE,Major,1136519,13d03h41m59,0
SAMZA-1507,TRUE,FALSE,Major,3780952,43d18h15m52,0
SAMZA-1506,FALSE,FALSE,Major,876015,10d03h20m15,0
SAMZA-1505,FALSE,FALSE,Major,82120,00d22h48m40,0
SAMZA-1504,TRUE,FALSE,Major,497545,05d18h12m25,0
SAMZA-58,FALSE,FALSE,Major,14512023,167d23h07m03,0
SAMZA-1718,TRUE,FALSE,Major,3181330,36d19h42m10,0
SAMZA-132,FALSE,FALSE,Major,943,00d00h15m43,0
SAMZA-1712,FALSE,FALSE,Major,925700,10d17h08m20,0
SAMZA-2084,TRUE,FALSE,Minor,3632601,42d01h03m21,0
SAMZA-2169,FALSE,FALSE,Major,4596868,53d04h54m28,0
SAMZA-2081,TRUE,FALSE,Major,250,00d00h04m10,0
SAMZA-970,FALSE,FALSE,Major,3266223,37d19h17m03,0
SAMZA-971,FALSE,FALSE,Major,181982,02d02h33m02,0
SAMZA-972,TRUE,FALSE,Major,1439001,16d15h43m21,0
SAMZA-973,FALSE,FALSE,Major,448551,05d04h35m51,0
SAMZA-978,FALSE,FALSE,Major,934510,10d19h35m10,0
SAMZA-979,FALSE,FALSE,Blocker,674259,07d19h17m39,0
SAMZA-1480,FALSE,FALSE,Trivial,690138,07d23h42m18,0
SAMZA-872,FALSE,FALSE,Major,688720,07d23h18m40,0
SAMZA-1487,TRUE,FALSE,Major,65965,00d18h19m25,0
SAMZA-1870,TRUE,FALSE,Major,107063,01d05h44m23,0
SAMZA-464,FALSE,FALSE,Major,172127,01d23h48m47,0
SAMZA-1825,FALSE,FALSE,Major,168,00d00h02m48,0
SAMZA-874,FALSE,FALSE,Major,11046069,127d20h21m09,0
SAMZA-736,FALSE,FALSE,Major,3246818,37d13h53m38,0
SAMZA-737,FALSE,FALSE,Minor,3269339,37d20h08m59,0
SAMZA-2013,FALSE,FALSE,Major,72620,00d20h10m20,0
SAMZA-1769,TRUE,FALSE,Major,21596361,249d22h59m21,0
SAMZA-1768,FALSE,FALSE,Major,4501369,52d02h22m49,0
SAMZA-2019,TRUE,FALSE,Major,9387388,108d15h36m28,0
SAMZA-52,FALSE,FALSE,Major,6017,00d01h40m17,0
SAMZA-738,FALSE,FALSE,Major,2705222,31d07h27m02,0
SAMZA-2260,TRUE,FALSE,Major,3199916,37d00h51m56,0
SAMZA-2266,TRUE,FALSE,Major,4578157,52d23h42m37,0
SAMZA-54,FALSE,FALSE,Major,11684,00d03h14m44,0
SAMZA-461,FALSE,FALSE,Major,1254989,14d12h36m29,0
SAMZA-290,FALSE,FALSE,Major,6488320,75d02h18m40,0
SAMZA-878,FALSE,FALSE,Major,616275,07d03h11m15,0
SAMZA-1368,FALSE,FALSE,Major,100486,01d03h54m46,0
SAMZA-377,FALSE,FALSE,Major,1026578,11d21h09m38,0
SAMZA-1359,FALSE,FALSE,Major,1194581,13d19h49m41,0
SAMZA-372,FALSE,FALSE,Major,6446,00d01h47m26,0
SAMZA-373,FALSE,FALSE,Major,18092,00d05h01m32,0
SAMZA-370,FALSE,FALSE,Major,969224,11d05h13m44,0
SAMZA-276,FALSE,FALSE,Major,596179,06d21h36m19,0
SAMZA-275,FALSE,FALSE,Major,429,00d00h07m09,0
SAMZA-272,FALSE,FALSE,Major,90475470,1047d04h04m30,0
SAMZA-271,FALSE,FALSE,Minor,71401,00d19h50m01,0
SAMZA-379,FALSE,FALSE,Major,175962,02d00h52m42,0
SAMZA-544,FALSE,FALSE,Major,2265121,26d05h12m01,0
SAMZA-547,FALSE,FALSE,Major,445364,05d03h42m44,0
SAMZA-543,FALSE,FALSE,Major,4150154,48d00h49m14,0
SAMZA-422,FALSE,FALSE,Major,512347,05d22h19m07,0
SAMZA-420,FALSE,FALSE,Major,2685321,31d01h55m21,0
SAMZA-426,FALSE,FALSE,Major,10198116,118d00h48m36,0
SAMZA-548,TRUE,FALSE,Major,429223,04d23h13m43,0
SAMZA-1051,TRUE,FALSE,Major,61961,00d17h12m41,0
SAMZA-63,FALSE,FALSE,Major,4044,00d01h07m24,0
SAMZA-62,FALSE,FALSE,Major,6501,00d01h48m21,0
SAMZA-64,FALSE,FALSE,Major,15639284,181d00h14m44,0
SAMZA-1482,TRUE,FALSE,Major,1108815,12d20h00m15,1
SAMZA-1693,TRUE,FALSE,Major,30983,00d08h36m23,0
SAMZA-1304,TRUE,FALSE,Minor,4750042,54d23h27m22,0
SAMZA-1307,TRUE,FALSE,Major,2065,00d00h34m25,0
SAMZA-66,FALSE,FALSE,Major,3374,00d00h56m14,0
SAMZA-1079,FALSE,FALSE,Major,7747329,89d16h02m09,0
SAMZA-1820,FALSE,FALSE,Major,2399,00d00h39m59,0
SAMZA-1821,TRUE,FALSE,Major,1013016,11d17h23m36,0
SAMZA-1822,FALSE,FALSE,Major,296995,03d10h29m55,0
SAMZA-1948,TRUE,FALSE,Major,17810,00d04h56m50,0
SAMZA-1288,TRUE,FALSE,Blocker,12762685,147d17h11m25,0
SAMZA-1289,TRUE,FALSE,Major,16676661,193d00h24m21,0
SAMZA-1826,TRUE,FALSE,Major,238286,02d18h11m26,0
SAMZA-1535,TRUE,FALSE,Major,8114467,93d22h01m07,0
SAMZA-1943,TRUE,FALSE,Major,13905331,160d22h35m31,0
SAMZA-1538,FALSE,TRUE,Major,7868690,91d01h44m50,0
SAMZA-1539,FALSE,FALSE,Major,172050,01d23h47m30,0
SAMZA-1282,TRUE,FALSE,Major,6565115,75d23h38m35,0
SAMZA-166,FALSE,FALSE,Major,81003,00d22h30m03,0
SAMZA-165,FALSE,FALSE,Major,9251860,107d01h57m40,0
SAMZA-160,FALSE,TRUE,Major,64644,00d17h57m24,0
SAMZA-169,FALSE,FALSE,Major,114754,01d07h52m34,0
SAMZA-168,FALSE,TRUE,Major,65925,00d18h18m45,0
SAMZA-1547,FALSE,FALSE,Major,7259373,84d00h29m33,0
SAMZA-1540,TRUE,FALSE,Major,15612662,180d16h51m02,0
SAMZA-1627,TRUE,FALSE,Major,4675858,54d02h50m58,0
SAMZA-1624,TRUE,FALSE,Major,2585183,29d22h06m23,0
SAMZA-1622,FALSE,FALSE,Major,99849,01d03h44m09,0
SAMZA-1548,TRUE,FALSE,Major,2428543,28d02h35m43,0
SAMZA-1756,TRUE,FALSE,Major,16449,00d04h34m09,0
SAMZA-49,FALSE,FALSE,Major,7588169,87d19h49m29,0
SAMZA-1752,FALSE,FALSE,Major,4838633,56d00h03m53,0
SAMZA-1753,FALSE,FALSE,Major,6549044,75d19h10m44,0
SAMZA-289,FALSE,FALSE,Blocker,153281,01d18h34m41,0
SAMZA-43,FALSE,FALSE,Major,14305367,165d13h42m47,0
SAMZA-41,TRUE,FALSE,Major,89531041,1036d05h44m01,0
SAMZA-1856,TRUE,FALSE,Major,3000347,34d17h25m47,0
SAMZA-1055,FALSE,FALSE,Major,73967,00d20h32m47,0
SAMZA-932,FALSE,FALSE,Major,2680851,31d00h40m51,0
SAMZA-44,FALSE,FALSE,Major,18474337,213d19h45m37,0
SAMZA-834,FALSE,FALSE,Blocker,76394,00d21h13m14,0
SAMZA-837,FALSE,FALSE,Major,10987062,127d03h57m42,0
SAMZA-836,FALSE,FALSE,Major,5621976,65d01h39m36,0
SAMZA-831,FALSE,FALSE,Major,1620263,18d18h04m23,0
SAMZA-833,FALSE,FALSE,Major,11165647,129d05h34m07,0
SAMZA-838,FALSE,FALSE,Trivial,10827141,125d07h32m21,0
SAMZA-1146,FALSE,FALSE,Major,161432,01d20h50m32,0
SAMZA-871,TRUE,TRUE,Major,39440074,456d11h34m34,0
SAMZA-1809,FALSE,FALSE,Major,171725,01d23h42m05,0
SAMZA-1806,FALSE,FALSE,Minor,2824831,32d16h40m31,0
SAMZA-1439,TRUE,FALSE,Major,18205,00d05h03m25,0
SAMZA-1437,TRUE,FALSE,Major,6481974,75d00h32m54,0
SAMZA-1435,TRUE,FALSE,Blocker,592137,06d20h28m57,0
SAMZA-1434,TRUE,FALSE,Major,4582184,53d00h49m44,0
SAMZA-948,FALSE,FALSE,Blocker,174433,02d00h27m13,0
SAMZA-233,FALSE,FALSE,Major,453386,05d05h56m26,0
SAMZA-940,FALSE,FALSE,Major,515193,05d23h06m33,0
SAMZA-943,TRUE,FALSE,Major,1208425,13d23h40m25,0
SAMZA-944,TRUE,FALSE,Major,1110688,12d20h31m28,0
SAMZA-947,TRUE,FALSE,Minor,487341,05d15h22m21,0
SAMZA-946,FALSE,FALSE,Major,19320,00d05h22m00,0
SAMZA-581,FALSE,FALSE,Major,5321,00d01h28m41,0
SAMZA-583,FALSE,FALSE,Major,183191,02d02h53m11,0
SAMZA-584,FALSE,FALSE,Major,81677,00d22h41m17,0
SAMZA-586,FALSE,FALSE,Major,1185362,13d17h16m02,0
SAMZA-589,TRUE,FALSE,Major,594380,06d21h06m20,0
SAMZA-588,TRUE,FALSE,Major,1622440,18d18h40m40,0
SAMZA-466,FALSE,FALSE,Trivial,405356,04d16h35m56,0
SAMZA-2122,FALSE,FALSE,Major,86523,01d00h02m03,0
SAMZA-748,FALSE,FALSE,Major,671705,07d18h35m05,0
SAMZA-747,FALSE,FALSE,Major,6657592,77d01h19m52,0
SAMZA-745,FALSE,FALSE,Minor,64970,00d18h02m50,0
SAMZA-744,FALSE,FALSE,Major,864860,10d00h14m20,0
SAMZA-743,FALSE,FALSE,Major,20266,00d05h37m46,0
SAMZA-469,FALSE,FALSE,Major,66041519,764d08h51m59,0
SAMZA-2259,FALSE,FALSE,Trivial,1633697,18d21h48m17,0
SAMZA-1292,FALSE,FALSE,Minor,12692435,146d21h40m35,0
SAMZA-309,FALSE,FALSE,Major,99743,01d03h42m23,0
SAMZA-304,FALSE,FALSE,Major,245299,02d20h08m19,0
SAMZA-303,FALSE,FALSE,Major,377577,04d08h52m57,0
SAMZA-1681,FALSE,FALSE,Major,604146,06d23h49m06,0
SAMZA-512,FALSE,FALSE,Major,423721,04d21h42m01,0
SAMZA-511,FALSE,FALSE,Major,83999,00d23h19m59,0
SAMZA-1900,FALSE,FALSE,Major,1709845,19d18h57m25,0
SAMZA-191,FALSE,FALSE,Major,3290,00d00h54m50,0
SAMZA-1685,FALSE,FALSE,Major,56538,00d15h42m18,0
SAMZA-120,FALSE,FALSE,Major,73579,00d20h26m19,0
SAMZA-127,FALSE,FALSE,Major,3252,00d00h54m12,0
SAMZA-126,FALSE,FALSE,Major,3693,00d01h01m33,0
SAMZA-145,FALSE,FALSE,Major,6342,00d01h45m42,0
SAMZA-1279,FALSE,FALSE,Major,93649,01d02h00m49,0
SAMZA-1275,TRUE,FALSE,Major,14168,00d03h56m08,0
SAMZA-1274,FALSE,FALSE,Major,21793,00d06h03m13,0
SAMZA-1277,TRUE,FALSE,Major,83804,00d23h16m44,0
SAMZA-1276,FALSE,FALSE,Major,11702,00d03h15m02,0
SAMZA-1271,TRUE,FALSE,Major,2400013,27d18h40m13,0
SAMZA-1272,FALSE,TRUE,Major,169938,01d23h12m18,1
SAMZA-1370,FALSE,FALSE,Major,176932,02d01h08m52,0
SAMZA-1100,FALSE,FALSE,Major,1720130,19d21h48m50,0
SAMZA-249,FALSE,FALSE,Major,3802854,44d00h20m54,0
SAMZA-1015,FALSE,FALSE,Major,1558929,18d01h02m09,0
SAMZA-1401,FALSE,FALSE,Major,2012,00d00h33m32,0
SAMZA-1406,FALSE,FALSE,Major,11481276,132d21h14m36,0
SAMZA-1404,FALSE,FALSE,Major,3956613,45d19h03m33,0
SAMZA-1012,FALSE,FALSE,Major,2755229,31d21h20m29,0
SAMZA-1155,TRUE,FALSE,Major,4297496,49d17h44m56,0
SAMZA-1157,FALSE,FALSE,Major,2635103,30d11h58m23,0
SAMZA-1150,TRUE,TRUE,Major,4578079,52d23h41m19,0
SAMZA-1018,FALSE,FALSE,Major,781236,09d01h00m36,0
SAMZA-53,FALSE,FALSE,Major,9484,00d02h38m04,0
SAMZA-1971,FALSE,FALSE,Major,12086879,139d21h27m59,0
SAMZA-1978,TRUE,FALSE,Major,11547254,133d15h34m14,0
SAMZA-80,FALSE,FALSE,Major,2143991,24d19h33m11,0
SAMZA-634,FALSE,FALSE,Minor,432240,05d00h04m00,0
SAMZA-98,FALSE,FALSE,Major,7337448,84d22h10m48,0
SAMZA-99,FALSE,FALSE,Major,438921,05d01h55m21,0
SAMZA-94,FALSE,FALSE,Major,609132,07d01h12m12,0
SAMZA-95,FALSE,FALSE,Minor,12181488,140d23h44m48,1
SAMZA-96,FALSE,FALSE,Trivial,5691721,65d21h02m01,0
SAMZA-97,FALSE,FALSE,Major,7304885,84d13h08m05,0
SAMZA-92,FALSE,FALSE,Major,17003611,196d19h13m31,0
SAMZA-1477,TRUE,FALSE,Major,1820851,21d01h47m31,0
SAMZA-1476,FALSE,TRUE,Major,15742414,182d04h53m34,0
SAMZA-886,FALSE,FALSE,Major,4192787,48d12h39m47,1
SAMZA-1472,FALSE,FALSE,Major,1030,00d00h17m10,0
SAMZA-1578,FALSE,FALSE,Major,421724,04d21h08m44,0
SAMZA-1470,TRUE,FALSE,Major,21917,00d06h05m17,0
SAMZA-1572,FALSE,FALSE,Major,1634152,18d21h55m52,0
SAMZA-889,TRUE,FALSE,Major,9490903,109d20h21m43,0
SAMZA-1479,TRUE,FALSE,Trivial,1392285,16d02h44m45,0
SAMZA-1571,TRUE,FALSE,Major,9498636,109d22h30m36,0
SAMZA-2070,FALSE,FALSE,Major,600414,06d22h46m54,0
SAMZA-2076,FALSE,FALSE,Major,10307,00d02h51m47,0
SAMZA-1707,TRUE,FALSE,Minor,27179627,314d13h53m47,0
SAMZA-905,FALSE,FALSE,Major,1200145,13d21h22m25,0
SAMZA-1498,TRUE,FALSE,Minor,9706652,112d08h17m32,0
SAMZA-906,TRUE,TRUE,Major,1212619,14d00h50m19,0
SAMZA-862,FALSE,FALSE,Major,779992,09d00h39m52,0
SAMZA-1490,FALSE,FALSE,Major,423186,04d21h33m06,0
SAMZA-1492,FALSE,FALSE,Major,54212,00d15h03m32,0
SAMZA-1495,FALSE,FALSE,Major,88770,01d00h39m30,0
SAMZA-867,TRUE,FALSE,Major,3027929,35d01h05m29,0
SAMZA-864,FALSE,FALSE,Major,1974059,22d20h20m59,0
SAMZA-203,FALSE,FALSE,Major,147503,01d16h58m23,0
SAMZA-1886,FALSE,FALSE,Major,214386,02d11h33m06,0
SAMZA-707,FALSE,FALSE,Trivial,611257,07d01h47m37,0
SAMZA-1888,TRUE,FALSE,Major,15713862,181d20h57m42,0
SAMZA-1889,TRUE,TRUE,Major,1832834,21d05h07m14,0
SAMZA-1790,TRUE,FALSE,Major,500180,05d18h56m20,0
SAMZA-349,TRUE,TRUE,Major,1381776,15d23h49m36,0
SAMZA-208,FALSE,FALSE,Major,621203,07d04h33m23,0
SAMZA-346,FALSE,FALSE,Major,7689585,88d23h59m45,0
SAMZA-260,FALSE,FALSE,Major,709017,08d04h56m57,0
SAMZA-266,FALSE,FALSE,Major,412899,04d18h41m39,0
SAMZA-267,FALSE,FALSE,Major,1188703,13d18h11m43,0
SAMZA-269,FALSE,FALSE,Major,5960,00d01h39m20,0
SAMZA-779,FALSE,FALSE,Major,92417,01d01h40m17,0
SAMZA-550,FALSE,FALSE,Trivial,2668107,30d21h08m27,0
SAMZA-2172,TRUE,FALSE,Major,2577346,29d19h55m46,0
SAMZA-2170,FALSE,FALSE,Major,4574708,52d22h45m08,0
SAMZA-413,FALSE,FALSE,Major,169628,01d23h07m08,0
SAMZA-1824,TRUE,FALSE,Major,17886170,207d00h22m50,0
SAMZA-410,FALSE,FALSE,Major,1362075,15d18h21m15,0
SAMZA-1330,FALSE,FALSE,Major,417213,04d19h53m33,0
SAMZA-1334,TRUE,FALSE,Major,23749282,274d21h01m22,0
SAMZA-1335,FALSE,FALSE,Major,9965,00d02h46m05,0
SAMZA-1208,FALSE,FALSE,Major,14915,00d04h08m35,0
SAMZA-1837,TRUE,FALSE,Major,928745,10d17h59m05,0
SAMZA-1689,TRUE,FALSE,Major,290033,03d08h33m53,0
SAMZA-1523,TRUE,FALSE,Major,3710422,42d22h40m22,0
SAMZA-1290,FALSE,FALSE,Major,1780,00d00h29m40,0
SAMZA-1832,TRUE,FALSE,Major,17493957,202d11h25m57,0
SAMZA-1938,TRUE,FALSE,Major,14236192,164d18h29m52,0
SAMZA-1937,TRUE,FALSE,Major,1047588,12d02h59m48,0
SAMZA-1934,TRUE,FALSE,Major,14509917,167d22h31m57,0
SAMZA-1933,TRUE,FALSE,Major,14515861,168d00h11m01,0
SAMZA-1686,FALSE,FALSE,Major,75512,00d20h58m32,0
SAMZA-173,FALSE,FALSE,Major,11691,00d03h14m51,0
SAMZA-175,FALSE,FALSE,Major,998487,11d13h21m27,0
SAMZA-725,FALSE,FALSE,Major,5450399,63d01h59m59,0
SAMZA-1204,TRUE,TRUE,Major,1986426,22d23h47m06,0
SAMZA-1205,FALSE,FALSE,Major,799450,09d06h04m10,0
SAMZA-1206,FALSE,TRUE,Major,2419891,28d00h11m31,0
SAMZA-1200,FALSE,FALSE,Major,1406231,16d06h37m11,0
SAMZA-1638,FALSE,FALSE,Major,21159235,244d21h33m55,0
SAMZA-1202,TRUE,FALSE,Major,1235146,14d07h05m46,0
SAMZA-77,FALSE,FALSE,Major,1208582,13d23h43m02,0
SAMZA-1631,TRUE,FALSE,Major,13367,00d03h42m47,0
SAMZA-1632,FALSE,FALSE,Minor,4067524,47d01h52m04,0
SAMZA-1744,FALSE,FALSE,Major,16723,00d04h38m43,0
SAMZA-75,FALSE,FALSE,Major,2291,00d00h38m11,0
SAMZA-1741,TRUE,FALSE,Major,150937,01d17h55m37,0
SAMZA-1069,FALSE,FALSE,Major,82632,00d22h57m12,0
SAMZA-79,FALSE,FALSE,Major,13027506,150d18h45m06,0
SAMZA-1065,FALSE,FALSE,Major,685821,07d22h30m21,0
SAMZA-1066,TRUE,FALSE,Major,258812,02d23h53m32,0
SAMZA-1067,TRUE,TRUE,Major,7346915,85d00h48m35,0
SAMZA-1060,FALSE,FALSE,Major,522144,06d01h02m24,0
SAMZA-826,FALSE,FALSE,Trivial,248669,02d21h04m29,0
SAMZA-827,FALSE,FALSE,Major,13848,00d03h50m48,0
SAMZA-822,FALSE,FALSE,Major,85202,00d23h40m02,0
SAMZA-820,FALSE,FALSE,Major,265434,03d01h43m54,0
SAMZA-1845,TRUE,FALSE,Major,16744696,193d19h18m16,0
SAMZA-493,FALSE,FALSE,Major,1456,00d00h24m16,0
SAMZA-1596,FALSE,FALSE,Major,927697,10d17h41m37,0
SAMZA-829,FALSE,FALSE,Major,3297,00d00h54m57,0
SAMZA-55,FALSE,FALSE,Major,5336,00d01h28m56,0
SAMZA-686,FALSE,FALSE,Major,515984,05d23h19m44,0
SAMZA-728,FALSE,FALSE,Major,1101861,12d18h04m21,0
SAMZA-185,FALSE,FALSE,Major,1566918,18d03h15m18,1
SAMZA-186,FALSE,FALSE,Major,6591757,76d07h02m37,0
SAMZA-180,FALSE,TRUE,Major,1995105,23d02h11m45,0
SAMZA-1447,TRUE,FALSE,Major,13919900,161d02h38m20,0
SAMZA-1112,FALSE,FALSE,Major,4008889,46d09h34m49,0
SAMZA-1442,FALSE,FALSE,Major,81631,00d22h40m31,0
SAMZA-188,FALSE,FALSE,Major,363696,04d05h01m36,0
SAMZA-1440,FALSE,TRUE,Major,195474,02d06h17m54,0
SAMZA-2143,FALSE,FALSE,Major,1514023,17d12h33m43,0
SAMZA-2146,TRUE,FALSE,Major,6738106,77d23h41m46,0
SAMZA-385,FALSE,FALSE,Major,2338,00d00h38m58,0
SAMZA-1016,FALSE,FALSE,Major,1552481,17d23h14m41,0
SAMZA-383,FALSE,FALSE,Major,59233,00d16h27m13,0
SAMZA-382,FALSE,FALSE,Major,490496,05d16h14m56,0
SAMZA-381,FALSE,FALSE,Major,507226,05d20h53m46,0
SAMZA-1532,TRUE,FALSE,Major,170188,01d23h16m28,0
SAMZA-950,FALSE,FALSE,Major,100171,01d03h49m31,0
SAMZA-227,TRUE,FALSE,Major,25664239,297d00h57m19,0
SAMZA-220,FALSE,FALSE,Major,1629566,18d20h39m26,0
SAMZA-957,FALSE,FALSE,Major,592115,06d20h28m35,0
SAMZA-389,FALSE,FALSE,Major,314079,03d15h14m39,0
SAMZA-592,FALSE,FALSE,Major,186265,02d03h44m25,0
SAMZA-590,FALSE,FALSE,Major,75868,00d21h04m28,0
SAMZA-458,FALSE,FALSE,Major,11900255,137d17h37m35,0
SAMZA-596,FALSE,FALSE,Major,17818,00d04h56m58,0
SAMZA-597,TRUE,FALSE,Major,75207,00d20h53m27,0
SAMZA-453,FALSE,FALSE,Major,187967,02d04h12m47,0
SAMZA-452,FALSE,FALSE,Major,56357,00d15h39m17,0
SAMZA-450,FALSE,FALSE,Major,8595,00d02h23m15,0
SAMZA-456,FALSE,FALSE,Major,11646297,134d19h04m57,0
SAMZA-699,FALSE,FALSE,Major,1109766,12d20h16m06,0
SAMZA-2134,FALSE,FALSE,Minor,7257523,83d23h58m43,0
SAMZA-754,FALSE,FALSE,Major,9061959,104d21h12m39,0
SAMZA-691,FALSE,FALSE,Minor,502077,05d19h27m57,0
SAMZA-690,FALSE,FALSE,Major,6602851,76d10h07m31,0
SAMZA-2035,TRUE,FALSE,Major,8482780,98d04h19m40,0
SAMZA-2030,FALSE,FALSE,Major,8897875,102d23h37m55,0
SAMZA-1409,FALSE,FALSE,Minor,7519661,87d00h47m41,0
SAMZA-2245,FALSE,FALSE,Minor,151176,01d17h59m36,0
SAMZA-32,FALSE,TRUE,Major,22983899,266d00h24m59,0
SAMZA-296,FALSE,FALSE,Major,6270,00d01h44m30,0
SAMZA-109,FALSE,TRUE,Major,19417475,224d17h44m35,0
SAMZA-30,FALSE,FALSE,Major,16533779,191d08h42m59,0
SAMZA-259,FALSE,FALSE,Major,9108834,105d10h13m54,0
SAMZA-251,FALSE,FALSE,Major,9018055,104d09h00m55,0
SAMZA-319,FALSE,FALSE,Major,11539869,133d13h31m09,1
SAMZA-254,FALSE,FALSE,Major,162510,01d21h08m30,0
SAMZA-529,FALSE,FALSE,Major,11086,00d03h04m46,0
SAMZA-527,FALSE,FALSE,Major,146,00d00h02m26,0
SAMZA-526,FALSE,FALSE,Major,1354,00d00h22m34,0
SAMZA-35,FALSE,FALSE,Major,26086422,301d22h13m42,0
SAMZA-522,FALSE,FALSE,Major,1717022,19d20h57m02,0
SAMZA-520,FALSE,TRUE,Major,108469,01d06h07m49,0
SAMZA-1396,TRUE,FALSE,Blocker,4386,00d01h13m06,0
SAMZA-1645,FALSE,FALSE,Major,1699322,19d16h02m02,0
SAMZA-1647,TRUE,FALSE,Major,1627728,18d20h08m48,0
SAMZA-1640,TRUE,FALSE,Major,3367325,38d23h22m05,0
SAMZA-1390,TRUE,FALSE,Minor,6463,00d01h47m43,0
SAMZA-1643,FALSE,FALSE,Major,3010007,34d20h06m47,0
SAMZA-1530,FALSE,FALSE,Major,7516662,86d23h57m42,0
SAMZA-1399,FALSE,FALSE,Major,60840009,704d04h00m09,0
SAMZA-134,FALSE,FALSE,Major,175521,02d00h45m21,0
SAMZA-135,FALSE,FALSE,Major,62191,00d17h16m31,0
SAMZA-130,FALSE,FALSE,Major,428777,04d23h06m17,0
KAFKA-6100,FALSE,FALSE,Major,520675,06d00h37m55,0
SAMZA-1536,FALSE,FALSE,Major,82563,00d22h56m03,0
SAMZA-1537,TRUE,FALSE,Major,582626,06d17h50m26,0
SAMZA-1241,TRUE,TRUE,Major,731930,08d11h18m50,0
SAMZA-1243,FALSE,TRUE,Major,31956000,369d20h40m00,0
SAMZA-1534,TRUE,FALSE,Major,5019,00d01h23m39,0
SAMZA-1246,TRUE,FALSE,Blocker,1020490,11d19h28m10,0
SAMZA-1247,TRUE,FALSE,Major,519550,06d00h19m10,0
SAMZA-1248,FALSE,FALSE,Major,292584,03d09h16m24,0
SAMZA-1249,TRUE,FALSE,Major,43760,00d12h09m20,0
SAMZA-1361,TRUE,FALSE,Major,1220862,14d03h07m42,0
SAMZA-1122,TRUE,TRUE,Major,180365,02d02h06m05,0
SAMZA-1366,FALSE,FALSE,Major,1125563,13d00h39m23,0
SAMZA-1365,FALSE,FALSE,Major,1295627,14d23h53m47,0
SAMZA-1364,FALSE,FALSE,Major,533351,06d04h09m11,0
SAMZA-1413,TRUE,FALSE,Major,97603,01d03h06m43,0
SAMZA-1287,FALSE,FALSE,Major,353070,04d02h04m30,0
SAMZA-1414,FALSE,FALSE,Major,1233819,14d06h43m39,0
SAMZA-1416,TRUE,FALSE,Major,1029854,11d22h04m14,0
SAMZA-1419,TRUE,FALSE,Major,116,00d00h01m56,0
SAMZA-1804,TRUE,TRUE,Major,3003749,34d18h22m29,0
SAMZA-1803,FALSE,FALSE,Major,3024074,35d00h01m14,0
SAMZA-628,FALSE,FALSE,Trivial,6211157,71d21h19m17,0
SAMZA-780,FALSE,FALSE,Blocker,61848,00d17h10m48,0
SAMZA-787,FALSE,FALSE,Blocker,98178,01d03h16m18,0
SAMZA-1964,TRUE,FALSE,Major,4737,00d01h18m57,0
SAMZA-1967,TRUE,FALSE,Major,4536547,52d12h09m07,0
SAMZA-620,FALSE,FALSE,Major,63062,00d17h31m02,0
SAMZA-621,FALSE,FALSE,Major,53050,00d14h44m10,0
SAMZA-789,FALSE,FALSE,Major,198603,02d07h10m03,0
SAMZA-788,FALSE,FALSE,Minor,3894626,45d01h50m26,0
SAMZA-141,FALSE,FALSE,Major,11657,00d03h14m17,0
SAMZA-140,FALSE,FALSE,Major,5811,00d01h36m51,0
SAMZA-143,FALSE,FALSE,Major,1480670,17d03h17m50,0
SAMZA-142,FALSE,FALSE,Major,1465627,16d23h07m07,0
SAMZA-1099,FALSE,FALSE,Major,4668468,54d00h47m48,0
SAMZA-144,FALSE,FALSE,Major,10115894,117d01h58m14,0
SAMZA-146,FALSE,FALSE,Major,6175,00d01h42m55,0
SAMZA-87,FALSE,FALSE,Critical,1107133,12d19h32m13,1
SAMZA-1094,TRUE,FALSE,Major,4115216,47d15h06m56,0
SAMZA-1097,FALSE,FALSE,Major,3027,00d00h50m27,0
SAMZA-1096,TRUE,FALSE,Major,1142637,13d05h23m57,0
SAMZA-2017,FALSE,FALSE,Major,9389642,108d16h14m02,0
SAMZA-82,TRUE,FALSE,Major,2930919,33d22h08m39,0
SAMZA-1093,TRUE,FALSE,Major,2572169,29d18h29m29,0
SAMZA-1092,TRUE,FALSE,Major,5016717,58d01h31m57,0
SAMZA-1568,FALSE,FALSE,Major,4327457,50d02h04m17,0
SAMZA-1561,FALSE,FALSE,Major,4928731,57d01h05m31,0
SAMZA-1560,TRUE,FALSE,Major,5001473,57d21h17m53,0
SAMZA-250,FALSE,FALSE,Major,251214,02d21h46m54,0
SAMZA-2061,FALSE,FALSE,Major,874946,10d03h02m26,0
SAMZA-236,FALSE,FALSE,Major,16223311,187d18h28m31,0
SAMZA-246,FALSE,FALSE,Trivial,13353,00d03h42m33,0
SAMZA-1736,FALSE,FALSE,Major,178172,02d01h29m32,0
SAMZA-1730,TRUE,FALSE,Major,4598469,53d05h21m09,0
SAMZA-1731,FALSE,FALSE,Major,25718199,297d15h56m39,0
SAMZA-1732,FALSE,FALSE,Major,25640131,296d18h15m31,0
SAMZA-247,FALSE,FALSE,Major,14931,00d04h08m51,0
SAMZA-913,TRUE,TRUE,Major,82640,00d22h57m20,0
SAMZA-910,TRUE,FALSE,Major,2082191,24d02h23m11,0
SAMZA-911,FALSE,FALSE,Major,3015152,34d21h32m32,0
SAMZA-857,FALSE,FALSE,Minor,161780,01d20h56m20,0
SAMZA-1666,TRUE,FALSE,Major,67951,00d18h52m31,0
SAMZA-855,TRUE,FALSE,Major,29780118,344d16h15m18,0
SAMZA-853,FALSE,FALSE,Major,1995957,23d02h25m57,0
SAMZA-852,FALSE,FALSE,Minor,10532015,121d21h33m35,0
SAMZA-851,FALSE,FALSE,Major,3052286,35d07h51m26,0
SAMZA-919,FALSE,FALSE,Major,622466,07d04h54m26,0
SAMZA-530,FALSE,FALSE,Major,9842,00d02h44m02,0
SAMZA-495,FALSE,FALSE,Major,69818,00d19h23m38,0
SAMZA-494,FALSE,FALSE,Major,68201,00d18h56m41,0
SAMZA-1891,FALSE,FALSE,Major,1829248,21d04h07m28,0
SAMZA-1890,FALSE,FALSE,Major,6103,00d01h41m43,0
SAMZA-491,FALSE,FALSE,Major,85229,00d23h40m29,0
SAMZA-714,FALSE,FALSE,Major,2181945,25d06h05m45,0
SAMZA-716,FALSE,FALSE,Major,82598,00d22h56m38,0
SAMZA-711,FALSE,FALSE,Minor,72001,00d20h00m01,0
SAMZA-712,FALSE,FALSE,Major,511967,05d22h12m47,0
SAMZA-351,FALSE,FALSE,Major,18114,00d05h01m54,0
SAMZA-1028,FALSE,FALSE,Major,11312,00d03h08m32,0
SAMZA-38,FALSE,FALSE,Major,11934383,138d03h06m23,0
SAMZA-1782,FALSE,FALSE,Major,4150470,48d00h54m30,0
SAMZA-1785,TRUE,FALSE,Major,421326,04d21h02m06,0
SAMZA-988,FALSE,TRUE,Major,3721241,43d01h40m41,0
SAMZA-1020,FALSE,FALSE,Major,1192579,13d19h16m19,0
SAMZA-1021,FALSE,FALSE,Major,37245331,431d01h55m31,0
SAMZA-1022,FALSE,FALSE,Major,165987,01d22h06m27,0
SAMZA-1023,FALSE,FALSE,Major,668423,07d17h40m23,0
SAMZA-982,FALSE,FALSE,Blocker,73480,00d20h24m40,0
SAMZA-1471,FALSE,FALSE,Major,2328219,26d22h43m39,0
SAMZA-359,TRUE,FALSE,Major,58263,00d16h11m03,0
SAMZA-357,FALSE,FALSE,Major,64813,00d18h00m13,0
SAMZA-350,TRUE,FALSE,Major,1196158,13d20h15m58,0
SAMZA-2198,TRUE,FALSE,Major,10723668,124d02h47m48,0
SAMZA-352,FALSE,FALSE,Blocker,334,00d00h05m34,0
SAMZA-213,FALSE,FALSE,Major,87129,01d00h12m09,0
SAMZA-2298,TRUE,FALSE,Major,1811490,20d23h11m30,0
SAMZA-2299,FALSE,FALSE,Major,264149,03d01h22m29,0
SAMZA-2296,TRUE,FALSE,Major,130279,01d12h11m19,0
SAMZA-888,FALSE,FALSE,Major,43503,00d12h05m03,0
SAMZA-2294,TRUE,FALSE,Major,18497,00d05h08m17,0
SAMZA-567,FALSE,FALSE,Major,2612975,30d05h49m35,0
SAMZA-2293,FALSE,FALSE,Major,5934,00d01h38m54,0
SAMZA-400,FALSE,FALSE,Major,1137281,13d03h54m41,0
SAMZA-563,FALSE,TRUE,Major,19425907,224d20h05m07,0
SAMZA-959,FALSE,FALSE,Major,359598,04d03h53m18,0
SAMZA-765,FALSE,FALSE,Major,294551,03d09h49m11,0
SAMZA-767,FALSE,FALSE,Major,6916415,80d01h13m35,0
SAMZA-766,FALSE,FALSE,Minor,692176,08d00h16m16,0
SAMZA-219,FALSE,FALSE,Major,168410,01d22h46m50,0
SAMZA-222,FALSE,FALSE,Major,245485,02d20h11m25,0
SAMZA-218,FALSE,FALSE,Major,2449847,28d08h30m47,0
SAMZA-224,FALSE,FALSE,Major,5311251,61d11h20m51,0
SAMZA-226,TRUE,FALSE,Major,22529793,260d18h16m33,1
SAMZA-1327,TRUE,FALSE,Major,4857565,56d05h19m25,0
SAMZA-1326,FALSE,FALSE,Major,14545,00d04h02m25,0
SAMZA-768,FALSE,FALSE,Major,1232471,14d06h21m11,0
SAMZA-321,FALSE,FALSE,Critical,506500,05d20h41m40,0
SAMZA-322,FALSE,FALSE,Major,856221,09d21h50m21,0
SAMZA-325,FALSE,FALSE,Major,256493,02d23h14m53,0
SAMZA-221,FALSE,FALSE,Minor,347849,04d00h37m29,0
SAMZA-954,FALSE,FALSE,Major,5694182,65d21h43m02,0
SAMZA-1514,FALSE,FALSE,Major,17746,00d04h55m46,0
SAMZA-1516,FALSE,FALSE,Major,413370,04d18h49m30,0
SAMZA-1512,FALSE,FALSE,Major,3290083,38d01h54m43,0
SAMZA-1698,FALSE,FALSE,Major,3644,00d01h00m44,0
SAMZA-1925,FALSE,FALSE,Major,14846641,171d20h04m01,0
SAMZA-1696,FALSE,TRUE,Major,1088744,12d14h25m44,0
SAMZA-1695,TRUE,FALSE,Major,550098,06d08h48m18,0
SAMZA-1518,FALSE,FALSE,Major,175416,02d00h43m36,0
SAMZA-1692,FALSE,FALSE,Major,1346275,15d13h57m55,0
SAMZA-1691,TRUE,FALSE,Major,885282,10d05h54m42,0
SAMZA-2,TRUE,FALSE,Major,5168457,59d19h40m57,0
SAMZA-3,TRUE,TRUE,Major,1960866,22d16h41m06,0
SAMZA-660,FALSE,FALSE,Major,94213,01d02h10m13,0
SAMZA-7,FALSE,FALSE,Major,26052663,301d12h51m03,0
SAMZA-662,FALSE,FALSE,Major,4333299,50d03h41m39,1
SAMZA-104,FALSE,FALSE,Major,68880,00d19h08m00,0
SAMZA-9,FALSE,TRUE,Major,6110552,70d17h22m32,0
SAMZA-1191,FALSE,TRUE,Major,85288,00d23h41m28,0
SAMZA-1192,FALSE,FALSE,Major,7513,00d02h05m13,0
SAMZA-1193,FALSE,TRUE,Major,3954072,45d18h21m12,0
SAMZA-1194,FALSE,FALSE,Major,78939,00d21h55m39,0
SAMZA-1195,FALSE,FALSE,Minor,596836,06d21h47m16,0
SAMZA-1196,FALSE,TRUE,Major,2689151,31d02h59m11,0
SAMZA-1213,TRUE,FALSE,Major,157037,01d19h37m17,0
SAMZA-1212,TRUE,TRUE,Major,1721578,19d22h12m58,0
SAMZA-1211,TRUE,FALSE,Major,329868,03d19h37m48,0
SAMZA-1217,FALSE,FALSE,Major,10554,00d02h55m54,0
SAMZA-1216,FALSE,TRUE,Major,3255,00d00h54m15,0
SAMZA-1215,FALSE,TRUE,Major,3364,00d00h56m04,0
SAMZA-1214,FALSE,FALSE,Major,796581,09d05h16m21,0
SAMZA-1600,FALSE,FALSE,Major,14291,00d03h58m11,0
SAMZA-1356,FALSE,FALSE,Major,14850137,171d21h02m17,0
SAMZA-1607,FALSE,FALSE,Major,825121,09d13h12m01,0
SAMZA-1608,TRUE,FALSE,Major,680440,07d21h00m40,0
SAMZA-1358,FALSE,FALSE,Major,5583,00d01h33m03,0
SAMZA-1621,FALSE,FALSE,Major,5952856,68d21h34m16,0
SAMZA-61,FALSE,FALSE,Minor,3029160,35d01h26m00,0
SAMZA-60,FALSE,FALSE,Major,836740,09d16h25m40,0
SAMZA-819,FALSE,FALSE,Major,163444,01d21h24m04,0
SAMZA-599,FALSE,FALSE,Major,272758,03d03h45m58,0
SAMZA-1077,FALSE,FALSE,Major,2151388,24d21h36m28,0
SAMZA-1076,FALSE,FALSE,Major,8733513,101d01h58m33,0
SAMZA-1075,TRUE,TRUE,Major,3892608,45d01h16m48,0
SAMZA-1074,FALSE,FALSE,Major,8979386,103d22h16m26,0
SAMZA-1172,FALSE,TRUE,Blocker,82761,00d22h59m21,0
SAMZA-812,FALSE,FALSE,Major,158500,01d20h01m40,0
SAMZA-1170,TRUE,FALSE,Major,1918873,22d05h01m13,0
SAMZA-1171,FALSE,TRUE,Blocker,153740,01d18h42m20,0
SAMZA-1176,TRUE,TRUE,Major,1736261,20d02h17m41,1
SAMZA-816,TRUE,FALSE,Major,355638,04d02h47m18,0
SAMZA-1582,FALSE,FALSE,Major,6405879,74d03h24m39,0
SAMZA-1852,TRUE,FALSE,Major,2164363,25d01h12m43,0
SAMZA-1854,TRUE,FALSE,Major,1183878,13d16h51m18,0
SAMZA-1584,FALSE,FALSE,Major,5087503,58d21h11m43,0
SAMZA-1990,FALSE,FALSE,Major,10280668,118d23h44m28,0
SAMZA-938,FALSE,FALSE,Major,868181,10d01h09m41,0
SAMZA-1994,TRUE,FALSE,Major,10708461,123d22h34m21,0
SAMZA-616,FALSE,FALSE,Major,5071347,58d16h42m27,1
SAMZA-866,FALSE,FALSE,Major,720364,08d08h06m04,0
SAMZA-197,FALSE,FALSE,Major,343335,03d23h22m15,0
SAMZA-753,FALSE,FALSE,Major,9079669,105d02h07m49,0
SAMZA-193,FALSE,FALSE,Major,192428,02d05h27m08,0
SAMZA-1108,TRUE,FALSE,Major,4157623,48d02h53m43,0
SAMZA-1454,TRUE,FALSE,Major,1225975,14d04h32m55,0
SAMZA-1457,TRUE,FALSE,Major,3437199,39d18h46m39,0
SAMZA-1101,TRUE,FALSE,Major,8985741,104d00h02m21,0
SAMZA-199,FALSE,FALSE,Major,8782411,101d15h33m31,0
SAMZA-399,FALSE,FALSE,Major,5472,00d01h31m12,0
SAMZA-2155,FALSE,FALSE,Major,1982355,22d22h39m15,0
SAMZA-2090,FALSE,FALSE,Major,24756,00d06h52m36,0
SAMZA-930,TRUE,FALSE,Major,2415439,27d22h57m19,0
SAMZA-392,FALSE,FALSE,Major,1489849,17d05h50m49,0
SAMZA-397,FALSE,FALSE,Major,1696,00d00h28m16,0
SAMZA-45,FALSE,FALSE,Major,75708,00d21h01m48,0
SAMZA-969,FALSE,FALSE,Major,22364,00d06h12m44,0
SAMZA-968,FALSE,FALSE,Minor,449526,05d04h52m06,0
SAMZA-964,TRUE,FALSE,Major,511117,05d21h58m37,0
SAMZA-933,FALSE,FALSE,Major,613243,07d02h20m43,0
SAMZA-83,FALSE,FALSE,Major,232552,02d16h35m52,0
SAMZA-446,FALSE,FALSE,Major,250823,02d21h40m23,0
SAMZA-447,FALSE,FALSE,Major,1228669,14d05h17m49,0
SAMZA-440,FALSE,FALSE,Major,9695,00d02h41m35,0
SAMZA-443,FALSE,FALSE,Major,56011,00d15h33m31,0
SAMZA-1778,FALSE,FALSE,Major,20904070,241d22h41m10,0
SAMZA-688,FALSE,FALSE,Major,1624729,18d19h18m49,0
SAMZA-720,FALSE,FALSE,Blocker,179577,02d01h52m57,0
SAMZA-723,TRUE,FALSE,Major,10644383,123d04h46m23,0
SAMZA-1774,TRUE,FALSE,Major,20982112,242d20h21m52,0
SAMZA-1775,FALSE,FALSE,Major,60201,00d16h43m21,0
SAMZA-1777,FALSE,FALSE,Major,20907389,241d23h36m29,0
SAMZA-2278,TRUE,FALSE,Major,779591,09d00h33m11,0
SAMZA-2277,TRUE,TRUE,Major,886080,10d06h08m00,0
SAMZA-16,FALSE,FALSE,Major,17954530,207d19h22m10,0
SAMZA-1452,FALSE,FALSE,Major,223,00d00h03m43,0
SAMZA-1005,TRUE,FALSE,Major,1581435,18d07h17m15,0
SAMZA-1003,FALSE,FALSE,Blocker,9127,00d02h32m07,0
SAMZA-365,FALSE,FALSE,Blocker,182,00d00h03m02,0
SAMZA-248,FALSE,FALSE,Major,87236,01d00h13m56,0
SAMZA-366,FALSE,FALSE,Major,220,00d00h03m40,0
SAMZA-361,FALSE,FALSE,Major,1818843,21d01h14m03,0
SAMZA-360,FALSE,FALSE,Major,79387,00d22h03m07,0
SAMZA-240,FALSE,FALSE,Minor,593119,06d20h45m19,0
SAMZA-241,FALSE,FALSE,Minor,685235,07d22h20m35,0
SAMZA-369,FALSE,FALSE,Major,2960240,34d06h17m20,0
SAMZA-368,FALSE,FALSE,Major,37837216,437d22h20m16,0
SAMZA-245,TRUE,FALSE,Major,8142447,94d05h47m27,0
SAMZA-439,FALSE,FALSE,Major,8912980,103d03h49m40,0
SAMZA-534,FALSE,FALSE,Major,70250,00d19h30m50,0
SAMZA-433,FALSE,FALSE,Major,16527386,191d06h56m26,0
SAMZA-432,FALSE,FALSE,Major,69638,00d19h20m38,0
SAMZA-435,FALSE,FALSE,Major,9596263,111d01h37m43,0
SAMZA-434,FALSE,FALSE,Major,962817,11d03h26m57,0
SAMZA-437,TRUE,FALSE,Major,1139250,13d04h27m30,0
SAMZA-1385,TRUE,FALSE,Major,459884,05d07h44m44,0
SAMZA-1384,FALSE,FALSE,Major,536087,06d04h54m47,0
SAMZA-1387,FALSE,FALSE,Major,85113,00d23h38m33,0
SAMZA-1386,TRUE,FALSE,Major,8970069,103d19h41m09,0
SAMZA-1382,TRUE,FALSE,Major,2494712,28d20h58m32,0
SAMZA-1389,FALSE,FALSE,Minor,236,00d00h03m56,0
SAMZA-21,FALSE,FALSE,Major,12429020,143d20h30m20,0
SAMZA-1257,FALSE,FALSE,Major,93733,01d02h02m13,0
SAMZA-1256,FALSE,FALSE,Major,92046,01d01h34m06,0
SAMZA-1253,TRUE,FALSE,Major,180051,02d02h00m51,0
SAMZA-1250,FALSE,FALSE,Major,8508,00d02h21m48,0
SAMZA-1317,FALSE,FALSE,Major,237057,02d17h50m57,0
SAMZA-1312,TRUE,TRUE,Major,2839335,32d20h42m15,0
SAMZA-1259,FALSE,FALSE,Major,14635,00d04h03m55,0
