BugID, #isArch, #isInduce, #Priority, #TimeSec, #Time, #Reopen
SMX4-1671,FALSE,FALSE,Major,12505,00d03h28m25,0
SMX4-875,FALSE,FALSE,Major,845062,09d18h44m22,0
SMX4-1381,FALSE,FALSE,Major,7727159,89d10h25m59,0
SMX4-177,FALSE,FALSE,Major,515942,05d23h19m02,0
SMX4-1815,TRUE,FALSE,Major,702,00d00h11m42,0
SMX4-1816,FALSE,TRUE,Major,16412449,189d23h00m49,1
SMX4-1813,FALSE,FALSE,Major,546,00d00h09m06,0
SMX4-767,FALSE,FALSE,Major,45641,00d12h40m41,0
SMX4-476,FALSE,FALSE,Major,10331453,119d13h50m53,0
SMX4-477,FALSE,FALSE,Major,10585,00d02h56m25,1
SMX4-561,FALSE,FALSE,Major,60996,00d16h56m36,0
SMX4-1404,FALSE,FALSE,Major,1411046,16d07h57m26,0
SMX4-1709,FALSE,TRUE,Major,10418,00d02h53m38,0
SMX4-1252,FALSE,FALSE,Major,967,00d00h16m07,0
SMX4-94,FALSE,FALSE,Major,276777,03d04h52m57,0
SMX4-388,FALSE,FALSE,Major,1898408,21d23h20m08,1
SMX4-254,FALSE,FALSE,Major,3349,00d00h55m49,0
SMX4-1860,FALSE,FALSE,Major,763813,08d20h10m13,0
SMX4-1470,FALSE,FALSE,Major,18654,00d05h10m54,0
SMX4-1261,FALSE,FALSE,Major,2105,00d00h35m05,0
SMX4-1303,FALSE,FALSE,Major,4020,00d01h07m00,0
SMX4-1119,FALSE,FALSE,Minor,4191363,48d12h16m03,0
SMX4-797,FALSE,FALSE,Minor,1313,00d00h21m53,0
SMX4-796,FALSE,FALSE,Minor,1357673,15d17h07m53,0
SMX4-1117,FALSE,FALSE,Major,5825,00d01h37m05,0
SMX4-1048,FALSE,FALSE,Major,51736,00d14h22m16,0
SMX4-1749,FALSE,FALSE,Major,362,00d00h06m02,0
SMX4-736,FALSE,FALSE,Major,580,00d00h09m40,0
SMX4-393,FALSE,FALSE,Major,1162,00d00h19m22,0
SMX4-491,FALSE,FALSE,Major,83658,00d23h14m18,0
SMX4-1688,FALSE,FALSE,Major,744,00d00h12m24,0
SMX4-1449,FALSE,FALSE,Major,497207,05d18h06m47,0
SMX4-1686,FALSE,FALSE,Major,408,00d00h06m48,0
SMX4-1876,FALSE,FALSE,Major,2311192,26d17h59m52,0
SMX4-1875,FALSE,FALSE,Major,1547,00d00h25m47,0
SMX4-1379,FALSE,FALSE,Major,4087,00d01h08m07,0
SMX4-541,FALSE,FALSE,Major,715,00d00h11m55,0
SMX4-256,FALSE,FALSE,Minor,117068,01d08h31m08,0
SMX4-412,FALSE,FALSE,Major,11486464,132d22h41m04,0
SMX4-250,FALSE,FALSE,Major,65935,00d18h18m55,0
SMX4-1581,FALSE,FALSE,Major,1936661,22d09h57m41,0
SMX4-1748,FALSE,FALSE,Major,1895,00d00h31m35,0
SMX4-1103,FALSE,FALSE,Major,9867,00d02h44m27,0
SMX4-985,FALSE,FALSE,Minor,858576,09d22h29m36,0
SMX4-1105,FALSE,FALSE,Major,346588,04d00h16m28,0
SMX4-1296,FALSE,FALSE,Major,276,00d00h04m36,0
SMX4-1085,FALSE,FALSE,Major,1435,00d00h23m55,0
SMX4-1697,FALSE,FALSE,Critical,81179,00d22h32m59,0
SMX4-249,FALSE,FALSE,Major,275509,03d04h31m49,0
SMX4-406,FALSE,FALSE,Major,3174,00d00h52m54,0
SMX4-1322,FALSE,FALSE,Major,965,00d00h16m05,0
SMX4-1801,FALSE,FALSE,Major,2601971,30d02h46m11,0
SMX4-1422,FALSE,FALSE,Minor,46309,00d12h51m49,0
SMX4-1856,FALSE,FALSE,Major,121955,01d09h52m35,0
SMX4-1858,FALSE,FALSE,Major,404,00d00h06m44,0
SMX4-724,FALSE,FALSE,Major,113411,01d07h30m11,0
SMX4-1181,FALSE,FALSE,Major,9649829,111d16h30m29,0
SMX4-1185,FALSE,FALSE,Major,5651013,65d09h43m33,0
SMX4-1429,FALSE,FALSE,Major,523447,06d01h24m07,0
SM-1869,FALSE,FALSE,Major,3219835,37d06h23m55,0
SMX4-1488,FALSE,FALSE,Major,2124,00d00h35m24,0
SMX4-1902,FALSE,FALSE,Major,1539888,17d19h44m48,0
SMX4-1751,FALSE,TRUE,Major,2714137,31d09h55m37,0
SMX4-1537,FALSE,FALSE,Major,63314,00d17h35m14,0
SMX4-1535,FALSE,FALSE,Major,554,00d00h09m14,0
SMX4-530,FALSE,FALSE,Major,367860,04d06h11m00,0
SMX4-188,FALSE,FALSE,Major,167936,01d22h38m56,0
SMX4-1343,FALSE,FALSE,Major,430133,04d23h28m53,0
SMX4-340,FALSE,FALSE,Major,326,00d00h05m26,0
SMX4-1635,FALSE,FALSE,Major,639819,07d09h43m39,0
SMX4-1637,FALSE,FALSE,Major,391844,04d12h50m44,1
SMX4-1490,FALSE,FALSE,Major,162904,01d21h15m04,0
SMX4-1321,FALSE,FALSE,Major,209591,02d10h13m11,0
SMX4-1087,FALSE,TRUE,Major,162985,01d21h16m25,0
SMXCOMP-472,FALSE,FALSE,Major,1289350,14d22h09m10,1
SMX4-1884,FALSE,FALSE,Major,1073,00d00h17m53,0
SMX4-1669,FALSE,FALSE,Major,1008177,11d16h02m57,0
SMX4-1127,FALSE,FALSE,Trivial,4429,00d01h13m49,0
SMX4-358,FALSE,FALSE,Major,224,00d00h03m44,0
SMX4-194,FALSE,FALSE,Major,6972,00d01h56m12,0
SMX4-1232,FALSE,FALSE,Major,273428,03d03h57m08,0
SMX4-581,FALSE,FALSE,Minor,154799,01d18h59m59,0
SMX4-821,FALSE,FALSE,Major,166,00d00h02m46,0
SMX4-823,FALSE,FALSE,Major,9380665,108d13h44m25,0
SMX4-822,FALSE,FALSE,Major,54,00d00h00m54,0
SMX4-1883,FALSE,FALSE,Major,612075,07d02h01m15,0
SMX4-1881,FALSE,FALSE,Major,6637,00d01h50m37,0
SMX4-1880,FALSE,FALSE,Trivial,22403,00d06h13m23,0
SMX4-962,FALSE,FALSE,Major,210,00d00h03m30,0
SMX4-1668,FALSE,FALSE,Major,1345104,15d13h38m24,0
SMX4-1667,FALSE,FALSE,Major,1927117,22d07h18m37,0
SMX4-1921,FALSE,FALSE,Major,119180,01d09h06m20,0
SMX4-1398,FALSE,FALSE,Major,2030728,23d12h05m28,0
SMX4-165,FALSE,FALSE,Major,6356,00d01h45m56,0
SMX4-1395,FALSE,FALSE,Major,155581,01d19h13m01,0
SMX4-1390,FALSE,FALSE,Major,2208,00d00h36m48,0
SMX4-515,FALSE,FALSE,Major,341,00d00h05m41,0
SMX4-1792,FALSE,FALSE,Minor,2938051,34d00h07m31,0
SMX4-1790,FALSE,FALSE,Major,4468731,51d17h18m51,0
SMX4-1718,FALSE,FALSE,Major,1913824,22d03h37m04,0
SMX4-1249,FALSE,FALSE,Minor,4426306,51d05h31m46,1
SMX4-1717,FALSE,FALSE,Major,2049,00d00h34m09,0
SMX4-363,FALSE,FALSE,Major,5070953,58d16h35m53,0
