BugID, #isArch, #isInduce, #Priority, #TimeSec, #Time, #Reopen
SHINDIG-1255,FALSE,FALSE,Major,786768,09d02h32m48,0
SHINDIG-1038,FALSE,FALSE,Major,980362,11d08h19m22,0
SHINDIG-1404,FALSE,FALSE,Major,61731,00d17h08m51,0
SHINDIG-1405,FALSE,FALSE,Major,61106,00d16h58m26,0
SHINDIG-367,FALSE,FALSE,Major,10038,00d02h47m18,0
SHINDIG-1037,FALSE,FALSE,Minor,980350,11d08h19m10,0
SHINDIG-1035,FALSE,FALSE,Major,151040,01d17h57m20,0
SHINDIG-939,FALSE,FALSE,Minor,89700,01d00h55m00,0
SHINDIG-930,FALSE,FALSE,Minor,340588,03d22h36m28,0
SHINDIG-931,FALSE,FALSE,Major,1991858,23d01h17m38,0
SHINDIG-933,TRUE,FALSE,Major,2063786,23d21h16m26,0
SHINDIG-937,FALSE,FALSE,Major,327801,03d19h03m21,0
SHINDIG-55,FALSE,FALSE,Major,239488,02d18h31m28,0
SHINDIG-1392,FALSE,FALSE,Major,209477,02d10h11m17,0
SHINDIG-1393,FALSE,FALSE,Major,206581,02d09h23m01,0
SHINDIG-1396,FALSE,FALSE,Major,152030,01d18h13m50,0
SHINDIG-1397,FALSE,FALSE,Major,12315,00d03h25m15,0
SHINDIG-1394,FALSE,FALSE,Major,393674,04d13h21m14,1
SHINDIG-509,FALSE,FALSE,Major,5084102,58d20h15m02,0
SHINDIG-1719,FALSE,FALSE,Minor,328203,03d19h10m03,0
SHINDIG-1241,FALSE,FALSE,Major,127731,01d11h28m51,0
SHINDIG-1712,FALSE,FALSE,Major,449404,05d04h50m04,0
SHINDIG-1713,TRUE,FALSE,Trivial,11876,00d03h17m56,0
SHINDIG-1711,FALSE,FALSE,Major,782562,09d01h22m42,0
SHINDIG-1494,FALSE,FALSE,Major,4459,00d01h14m19,0
SHINDIG-1322,FALSE,FALSE,Minor,177715,02d01h21m55,0
SHINDIG-1084,FALSE,FALSE,Minor,23699,00d06h34m59,0
SHINDIG-1085,FALSE,FALSE,Minor,31800404,368d01h26m44,0
SHINDIG-1082,TRUE,FALSE,Minor,48,00d00h00m48,0
SHINDIG-1083,FALSE,FALSE,Minor,9337128,108d01h38m48,0
SHINDIG-1328,TRUE,FALSE,Major,328499,03d19h14m59,0
SHINDIG-142,FALSE,FALSE,Major,1002,00d00h16m42,0
SHINDIG-144,TRUE,FALSE,Major,2447399,28d07h49m59,0
SHINDIG-149,FALSE,FALSE,Major,11244,00d03h07m24,1
SHINDIG-1810,FALSE,FALSE,Minor,687548,07d22h59m08,0
SHINDIG-1813,FALSE,FALSE,Major,253120,02d22h18m40,0
SHINDIG-1812,FALSE,FALSE,Major,71280,00d19h48m00,0
SHINDIG-1816,FALSE,FALSE,Minor,10331,00d02h52m11,0
SHINDIG-758,FALSE,FALSE,Minor,302,00d00h05m02,0
SHINDIG-614,FALSE,FALSE,Major,69,00d00h01m09,0
SHINDIG-599,FALSE,FALSE,Minor,2058002,23d19h40m02,0
SHINDIG-597,FALSE,FALSE,Blocker,4807216,55d15h20m16,0
SHINDIG-593,FALSE,FALSE,Major,10182438,117d20h27m18,0
SHINDIG-1887,FALSE,FALSE,Minor,3155908,36d12h38m28,0
SHINDIG-1884,FALSE,FALSE,Major,2425197,28d01h39m57,0
SHINDIG-1593,FALSE,FALSE,Minor,69289,00d19h14m49,0
SHINDIG-1147,FALSE,FALSE,Major,11630644,134d14h44m04,0
SHINDIG-1883,FALSE,FALSE,Major,3825328,44d06h35m28,0
SHINDIG-1145,FALSE,FALSE,Major,490,00d00h08m10,0
SHINDIG-1144,FALSE,FALSE,Major,25816400,298d19h13m20,0
SHINDIG-1925,FALSE,FALSE,Minor,551375,06d09h09m35,0
SHINDIG-1924,FALSE,TRUE,Major,117168,01d08h32m48,0
SHINDIG-1149,FALSE,FALSE,Major,1112731,12d21h05m31,0
SHINDIG-1148,FALSE,FALSE,Major,1736711,20d02h25m11,0
SHINDIG-1666,FALSE,FALSE,Minor,156350,01d19h25m50,0
SHINDIG-1920,FALSE,FALSE,Major,345283,03d23h54m43,0
SHINDIG-1664,FALSE,FALSE,Major,437281,05d01h28m01,0
SHINDIG-1889,FALSE,FALSE,Major,4520171,52d07h36m11,0
SHINDIG-1045,FALSE,FALSE,Major,17797,00d04h56m37,0
SHINDIG-390,FALSE,FALSE,Major,2960,00d00h49m20,0
SHINDIG-391,FALSE,FALSE,Major,28175,00d07h49m35,0
SHINDIG-392,FALSE,FALSE,Major,27403,00d07h36m43,0
SHINDIG-447,FALSE,FALSE,Major,1743703,20d04h21m43,0
SHINDIG-1868,FALSE,FALSE,Major,91152,01d01h19m12,0
SHINDIG-1867,FALSE,FALSE,Major,614286,07d02h38m06,1
SHINDIG-1861,FALSE,FALSE,Minor,146587,01d16h43m07,0
SHINDIG-1863,TRUE,FALSE,Major,11958198,138d09h43m18,0
SHINDIG-680,FALSE,FALSE,Minor,49861,00d13h51m01,0
SHINDIG-688,FALSE,FALSE,Major,728195,08d10h16m35,0
SHINDIG-689,FALSE,FALSE,Critical,12091587,139d22h46m27,0
SHINDIG-1408,FALSE,FALSE,Major,103225,01d04h40m25,0
SHINDIG-1447,TRUE,FALSE,Minor,2578866,29d20h21m06,0
SHINDIG-1569,FALSE,FALSE,Minor,4843234,56d01h20m34,0
SHINDIG-1568,FALSE,FALSE,Minor,4552040,52d16h27m20,0
SHINDIG-1440,FALSE,FALSE,Major,30854,00d08h34m14,0
SHINDIG-487,FALSE,FALSE,Major,3065979,35d11h39m39,0
SHINDIG-1565,FALSE,FALSE,Major,1206271,13d23h04m31,0
SHINDIG-320,FALSE,FALSE,Major,594436,06d21h07m16,0
SHINDIG-1566,FALSE,FALSE,Minor,5044,00d01h24m04,0
SHINDIG-326,FALSE,FALSE,Minor,66787,00d18h33m07,0
SHINDIG-879,FALSE,FALSE,Major,161902,01d20h58m22,0
SHINDIG-971,FALSE,FALSE,Major,7439568,86d02h32m48,0
SHINDIG-1975,FALSE,FALSE,Minor,207355,02d09h35m55,0
SHINDIG-870,FALSE,FALSE,Major,4282663,49d13h37m43,0
SHINDIG-873,FALSE,FALSE,Major,279569,03d05h39m29,0
SHINDIG-315,FALSE,FALSE,Major,12470,00d03h27m50,0
SHINDIG-1698,TRUE,FALSE,Major,6011447,69d13h50m47,0
SHINDIG-1692,FALSE,FALSE,Minor,1184,00d00h19m44,0
SHINDIG-1696,FALSE,FALSE,Minor,1213922,14d01h12m02,0
SHINDIG-311,FALSE,FALSE,Major,760,00d00h12m40,0
SHINDIG-439,FALSE,FALSE,Major,3703,00d01h01m43,0
SHINDIG-312,FALSE,FALSE,Critical,152212,01d18h16m52,0
SHINDIG-434,FALSE,FALSE,Trivial,60214,00d16h43m34,0
SHINDIG-1361,FALSE,FALSE,Major,169184,01d22h59m44,0
SHINDIG-1366,FALSE,FALSE,Minor,40426,00d11h13m46,0
SHINDIG-433,FALSE,FALSE,Minor,2079,00d00h34m39,0
SHINDIG-432,FALSE,FALSE,Major,99237,01d03h33m57,0
SHINDIG-1591,FALSE,FALSE,Major,188357,02d04h19m17,0
SHINDIG-1592,TRUE,FALSE,Minor,231806,02d16h23m26,0
SHINDIG-1041,FALSE,FALSE,Minor,894500,10d08h28m20,0
SHINDIG-1597,FALSE,FALSE,Minor,75939,00d21h05m39,0
SHINDIG-1048,FALSE,FALSE,Major,33296651,385d09h04m11,0
SHINDIG-1910,FALSE,FALSE,Major,61449,00d17h04m09,0
SHINDIG-87,FALSE,FALSE,Major,3547,00d00h59m07,0
SHINDIG-84,FALSE,FALSE,Major,11871,00d03h17m51,0
SHINDIG-83,TRUE,FALSE,Major,1875698,21d17h01m38,0
SHINDIG-82,FALSE,FALSE,Major,4732,00d01h18m52,0
SHINDIG-558,TRUE,FALSE,Major,2094054,24d05h40m54,0
SHINDIG-652,FALSE,FALSE,Critical,907,00d00h15m07,0
SHINDIG-655,FALSE,FALSE,Major,71146,00d19h45m46,0
SHINDIG-654,FALSE,FALSE,Major,4653849,53d20h44m09,1
SHINDIG-657,FALSE,FALSE,Minor,7533,00d02h05m33,0
SHINDIG-659,FALSE,FALSE,Major,784783,09d01h59m43,0
SHINDIG-550,FALSE,FALSE,Major,8274,00d02h17m54,0
SHINDIG-1186,FALSE,FALSE,Minor,811741,09d09h29m01,0
SHINDIG-1185,FALSE,FALSE,Minor,1141964,13d05h12m44,0
SHINDIG-1184,FALSE,FALSE,Minor,1215551,14d01h39m11,0
SHINDIG-1181,FALSE,FALSE,Major,1681522,19d11h05m22,0
SHINDIG-1180,FALSE,FALSE,Minor,17403427,201d10h17m07,1
SHINDIG-1626,TRUE,FALSE,Major,173134,02d00h05m34,0
SHINDIG-1627,FALSE,FALSE,Major,2395324,27d17h22m04,0
SHINDIG-1625,TRUE,FALSE,Major,45307,00d12h35m07,0
SHINDIG-1622,FALSE,FALSE,Major,66812,00d18h33m32,0
SHINDIG-1677,FALSE,TRUE,Major,10471082,121d04h38m02,0
SHINDIG-1189,TRUE,FALSE,Major,601845,06d23h10m45,0
SHINDIG-1621,FALSE,FALSE,Minor,1069,00d00h17m49,0
SHINDIG-1217,FALSE,FALSE,Minor,1577,00d00h26m17,0
SHINDIG-1960,TRUE,FALSE,Major,7201122,83d08h18m42,0
SHINDIG-1215,FALSE,FALSE,Major,238418,02d18h13m38,0
SHINDIG-1962,FALSE,FALSE,Major,994,00d00h16m34,0
SHINDIG-1965,FALSE,FALSE,Major,2313257,26d18h34m17,1
SHINDIG-1967,TRUE,FALSE,Major,82618,00d22h56m58,0
SHINDIG-1966,FALSE,FALSE,Major,12054,00d03h20m54,0
SHINDIG-1799,TRUE,FALSE,Major,1723544,19d22h45m44,1
SHINDIG-1219,FALSE,FALSE,Major,104128,01d04h55m28,0
SHINDIG-1670,FALSE,FALSE,Minor,202,00d00h03m22,0
SHINDIG-291,TRUE,FALSE,Major,91435,01d01h23m55,0
SHINDIG-292,FALSE,FALSE,Major,9824,00d02h43m44,0
SHINDIG-298,FALSE,FALSE,Major,13345,00d03h42m25,0
SHINDIG-110,FALSE,FALSE,Major,626088,07d05h54m48,0
SHINDIG-111,FALSE,FALSE,Minor,3125,00d00h52m05,0
SHINDIG-114,FALSE,FALSE,Major,32557,00d09h02m37,0
SHINDIG-59,FALSE,FALSE,Major,341,00d00h05m41,0
SHINDIG-43,TRUE,FALSE,Blocker,1745157,20d04h45m57,1
SHINDIG-1823,FALSE,FALSE,Major,203614,02d08h33m34,0
SHINDIG-884,FALSE,FALSE,Minor,24996900,289d07h35m00,0
SHINDIG-885,TRUE,FALSE,Major,25493,00d07h04m53,0
SHINDIG-886,FALSE,FALSE,Major,23661,00d06h34m21,0
SHINDIG-887,FALSE,FALSE,Major,126464,01d11h07m44,0
SHINDIG-1983,FALSE,FALSE,Minor,2948162,34d02h56m02,0
SHINDIG-1952,FALSE,FALSE,Major,573453,06d15h17m33,0
SHINDIG-724,FALSE,FALSE,Minor,10278,00d02h51m18,0
SHINDIG-727,FALSE,FALSE,Trivial,9747,00d02h42m27,0
SHINDIG-1953,FALSE,FALSE,Major,47580,00d13h13m00,0
SHINDIG-723,FALSE,FALSE,Minor,503191,05d19h46m31,0
SHINDIG-722,FALSE,FALSE,Major,9788,00d02h43m08,0
SHINDIG-47,FALSE,FALSE,Major,854860,09d21h27m40,0
SHINDIG-728,FALSE,FALSE,Major,118682,01d08h58m02,0
SHINDIG-46,TRUE,FALSE,Major,662981,07d16h09m41,0
SHINDIG-1139,FALSE,FALSE,Major,32754517,379d02h28m37,0
SHINDIG-184,TRUE,FALSE,Major,636337,07d08h45m37,0
SHINDIG-1132,FALSE,FALSE,Major,9571787,110d18h49m47,0
SHINDIG-1133,FALSE,FALSE,Major,10056,00d02h47m36,0
SHINDIG-1131,FALSE,FALSE,Major,16878,00d04h41m18,0
SHINDIG-1134,FALSE,FALSE,Major,44,00d00h00m44,0
SHINDIG-1520,FALSE,FALSE,Critical,108786,01d06h13m06,0
SHINDIG-1527,FALSE,FALSE,Minor,1724753,19d23h05m53,0
SHINDIG-209,FALSE,FALSE,Trivial,48540,00d13h29m00,0
SHINDIG-206,TRUE,FALSE,Major,20816,00d05h46m56,0
SHINDIG-207,FALSE,FALSE,Major,1108683,12d19h58m03,0
SHINDIG-205,FALSE,FALSE,Major,45831,00d12h43m51,0
SHINDIG-202,FALSE,FALSE,Major,68049,00d18h54m09,0
SHINDIG-839,FALSE,FALSE,Minor,27268,00d07h34m28,0
SHINDIG-11,FALSE,FALSE,Minor,703249,08d03h20m49,0
SHINDIG-1747,FALSE,FALSE,Minor,5314,00d01h28m34,0
SHINDIG-836,FALSE,FALSE,Major,60259,00d16h44m19,0
SHINDIG-849,FALSE,FALSE,Major,6701068,77d13h24m28,0
SHINDIG-1796,TRUE,FALSE,Major,182552,02d02h42m32,0
SHINDIG-1797,TRUE,FALSE,Major,3944337,45d15h38m57,0
SHINDIG-1794,FALSE,FALSE,Major,12255,00d03h24m15,0
SHINDIG-1793,TRUE,FALSE,Major,1142251,13d05h17m31,0
SHINDIG-1791,TRUE,FALSE,Major,162189,01d21h03m09,0
SHINDIG-1415,FALSE,FALSE,Major,21783,00d06h03m03,0
SHINDIG-472,FALSE,FALSE,Minor,64270,00d17h51m10,0
SHINDIG-474,FALSE,FALSE,Major,3675794,42d13h03m14,0
SHINDIG-1413,FALSE,FALSE,Trivial,55255,00d15h20m55,0
SHINDIG-1412,FALSE,FALSE,Major,2411263,27d21h47m43,1
SHINDIG-1556,TRUE,FALSE,Minor,577514,06d16h25m14,1
SHINDIG-1002,TRUE,FALSE,Major,8309,00d02h18m29,0
SHINDIG-377,FALSE,FALSE,Major,368474,04d06h21m14,0
SHINDIG-1001,TRUE,FALSE,Major,27245,00d07h34m05,0
SHINDIG-378,FALSE,FALSE,Major,80892,00d22h28m12,0
SHINDIG-275,FALSE,FALSE,Minor,1459672,16d21h27m52,0
SHINDIG-1009,FALSE,FALSE,Minor,331986,03d20h13m06,0
SHINDIG-909,FALSE,FALSE,Minor,121619,01d09h46m59,0
SHINDIG-908,TRUE,FALSE,Major,359125,04d03h45m25,0
SHINDIG-907,FALSE,FALSE,Major,3470,00d00h57m50,0
SHINDIG-901,FALSE,FALSE,Minor,5125350,59d07h42m30,0
SHINDIG-900,FALSE,FALSE,Major,1844872,21d08h27m52,0
SHINDIG-1385,FALSE,FALSE,Major,2163168,25d00h52m48,0
SHINDIG-1387,FALSE,FALSE,Major,393513,04d13h18m33,1
SHINDIG-1380,FALSE,FALSE,Major,687048,07d22h50m48,0
SHINDIG-1244,FALSE,FALSE,Minor,16123624,186d14h47m04,0
SHINDIG-1389,FALSE,FALSE,Major,39230,00d10h53m50,0
SHINDIG-1388,FALSE,FALSE,Major,333845,03d20h44m05,0
SHINDIG-1245,FALSE,FALSE,Major,4510593,52d04h56m33,0
SHINDIG-512,FALSE,FALSE,Minor,169152,01d22h59m12,0
SHINDIG-513,FALSE,FALSE,Major,7333,00d02h02m13,0
SHINDIG-510,FALSE,FALSE,Critical,89483,01d00h51m23,0
SHINDIG-129,FALSE,FALSE,Major,293552,03d09h32m32,0
SHINDIG-1708,FALSE,FALSE,Major,349513,04d01h05m13,0
SHINDIG-1253,FALSE,FALSE,Major,2715,00d00h45m15,0
SHINDIG-1703,FALSE,FALSE,Major,63441,00d17h37m21,0
SHINDIG-1250,FALSE,FALSE,Major,920827,10d15h47m07,0
SHINDIG-1256,TRUE,FALSE,Major,432883,05d00h14m43,0
SHINDIG-1707,FALSE,FALSE,Major,4844587,56d01h43m07,0
SHINDIG-1706,FALSE,FALSE,Major,1783297,20d15h21m37,0
SHINDIG-1312,FALSE,FALSE,Critical,915809,10d14h23m29,0
SHINDIG-1310,FALSE,FALSE,Critical,239049,02d18h24m09,0
SHINDIG-1316,FALSE,FALSE,Major,1141981,13d05h13m01,0
SHINDIG-1317,FALSE,FALSE,Major,61355,00d17h02m35,0
SHINDIG-113,FALSE,FALSE,Major,35502,00d09h51m42,0
SHINDIG-1090,FALSE,FALSE,Minor,26962459,312d01h34m19,0
SHINDIG-157,TRUE,FALSE,Major,625876,07d05h51m16,0
SHINDIG-153,FALSE,FALSE,Major,676231,07d19h50m31,0
SHINDIG-150,FALSE,FALSE,Major,7206,00d02h00m06,0
SHINDIG-158,FALSE,FALSE,Major,33219983,384d11h46m23,0
SHINDIG-159,TRUE,FALSE,Major,1504027,17d09h47m07,0
SHINDIG-761,FALSE,FALSE,Minor,973855,11d06h30m55,0
SHINDIG-760,FALSE,FALSE,Major,18981,00d05h16m21,0
SHINDIG-763,FALSE,FALSE,Trivial,422218,04d21h16m58,0
SHINDIG-609,FALSE,FALSE,Major,27606309,319d12h25m09,0
SHINDIG-765,FALSE,FALSE,Major,10410221,120d11h43m41,0
SHINDIG-764,FALSE,FALSE,Major,4051561,46d21h26m01,1
SHINDIG-769,FALSE,FALSE,Major,237657,02d18h00m57,0
SHINDIG-603,FALSE,FALSE,Minor,11068,00d03h04m28,0
SHINDIG-601,FALSE,FALSE,Blocker,3049481,35d07h04m41,0
SHINDIG-563,FALSE,FALSE,Minor,4677,00d01h17m57,0
SHINDIG-567,TRUE,FALSE,Major,35010,00d09h43m30,0
SHINDIG-566,FALSE,FALSE,Major,35583,00d09h53m03,0
SHINDIG-1178,FALSE,FALSE,Major,65690,00d18h14m50,0
SHINDIG-564,FALSE,FALSE,Minor,2424,00d00h40m24,0
SHINDIG-1170,FALSE,FALSE,Minor,37862,00d10h31m02,0
SHINDIG-1891,FALSE,FALSE,Major,2069810,23d22h56m50,0
SHINDIG-1890,FALSE,FALSE,Major,2048987,23d17h09m47,0
SHINDIG-1893,FALSE,FALSE,Major,33510332,387d20h25m32,0
SHINDIG-1895,FALSE,FALSE,Minor,1243322,14d09h22m02,0
SHINDIG-1894,FALSE,FALSE,Minor,3010443,34d20h14m03,0
SHINDIG-1897,FALSE,FALSE,Minor,624959,07d05h35m59,0
SHINDIG-1672,TRUE,FALSE,Major,619128,07d03h58m48,1
SHINDIG-1774,FALSE,FALSE,Trivial,12595,00d03h29m55,0
SHINDIG-1775,FALSE,FALSE,Major,6502143,75d06h09m03,0
SHINDIG-1776,FALSE,FALSE,Major,336160,03d21h22m40,0
SHINDIG-40,FALSE,FALSE,Critical,143186,01d15h46m26,0
SHINDIG-1679,FALSE,FALSE,Major,155597,01d19h13m17,0
SHINDIG-1678,FALSE,FALSE,Major,2395958,27d17h32m38,0
SHINDIG-405,FALSE,FALSE,Major,8805,00d02h26m45,0
SHINDIG-123,FALSE,FALSE,Major,16166,00d04h29m26,0
SHINDIG-1828,FALSE,FALSE,Trivial,81595,00d22h39m55,0
SHINDIG-126,FALSE,FALSE,Major,84811,00d23h33m31,0
SHINDIG-1877,FALSE,FALSE,Minor,12902027,149d07h53m47,0
SHINDIG-1875,FALSE,FALSE,Major,1232970,14d06h29m30,0
SHINDIG-1874,TRUE,FALSE,Major,37263,00d10h21m03,0
SHINDIG-1873,FALSE,FALSE,Major,463762,05d08h49m22,0
SHINDIG-1872,FALSE,FALSE,Critical,656,00d00h10m56,0
SHINDIG-457,FALSE,FALSE,Major,42764,00d11h52m44,0
SHINDIG-1029,FALSE,FALSE,Major,3121445,36d03h04m05,0
SHINDIG-455,TRUE,FALSE,Major,275433,03d04h30m33,0
SHINDIG-1450,FALSE,FALSE,Major,43118822,499d01h27m02,0
SHINDIG-1458,FALSE,FALSE,Major,130,00d00h02m10,0
SHINDIG-1515,TRUE,FALSE,Major,1456043,16d20h27m23,0
SHINDIG-1516,FALSE,FALSE,Minor,1757176,20d08h06m16,0
SHINDIG-331,FALSE,FALSE,Major,6051473,70d00h57m53,0
SHINDIG-233,FALSE,FALSE,Major,52656,00d14h37m36,0
SHINDIG-231,FALSE,FALSE,Trivial,6385364,73d21h42m44,0
SHINDIG-941,FALSE,FALSE,Major,41361,00d11h29m21,0
SHINDIG-58,FALSE,FALSE,Major,1261,00d00h21m01,0
SHINDIG-860,FALSE,TRUE,Major,25237958,292d02h32m38,0
SHINDIG-866,FALSE,FALSE,Major,1439,00d00h23m59,0
SHINDIG-867,FALSE,FALSE,Major,4213,00d01h10m13,0
SHINDIG-351,FALSE,FALSE,Minor,6175,00d01h42m55,0
SHINDIG-869,FALSE,FALSE,Major,66993,00d18h36m33,0
SHINDIG-787,FALSE,FALSE,Critical,3367093,38d23h18m13,0
SHINDIG-786,TRUE,FALSE,Trivial,41976441,485d20h07m21,0
SHINDIG-1371,FALSE,FALSE,Major,106,00d00h01m46,0
SHINDIG-1439,TRUE,FALSE,Minor,3395655,39d07h14m15,0
SHINDIG-458,FALSE,FALSE,Major,37168,00d10h19m28,0
SHINDIG-464,FALSE,FALSE,Minor,1946,00d00h32m26,0
SHINDIG-1356,FALSE,FALSE,Minor,3591698,41d13h41m38,0
SHINDIG-1425,FALSE,FALSE,Major,37530,00d10h25m30,0
SHINDIG-420,FALSE,FALSE,Major,1309682,15d03h48m02,1
SHINDIG-1355,FALSE,FALSE,Minor,5012,00d01h23m32,0
SHINDIG-1421,FALSE,FALSE,Minor,3154190,36d12h09m50,0
SHINDIG-1422,FALSE,FALSE,Major,30866,00d08h34m26,0
SHINDIG-1054,FALSE,FALSE,Minor,17860,00d04h57m40,0
SHINDIG-428,FALSE,FALSE,Major,772575,08d22h36m15,0
SHINDIG-1428,TRUE,FALSE,Major,10066,00d02h47m46,0
SHINDIG-1429,FALSE,FALSE,Major,135023,01d13h30m23,0
SHINDIG-1583,FALSE,FALSE,Minor,243,00d00h04m03,0
SHINDIG-1588,TRUE,FALSE,Major,42769839,495d00h30m39,0
SHINDIG-1907,TRUE,FALSE,Minor,457093,05d06h58m13,0
SHINDIG-1906,TRUE,FALSE,Major,6771209,78d08h53m29,0
SHINDIG-70,TRUE,FALSE,Minor,2330029,26d23h13m49,0
SHINDIG-1904,FALSE,FALSE,Minor,542450,06d06h40m50,0
SHINDIG-1902,FALSE,FALSE,Major,340181,03d22h29m41,0
SHINDIG-1901,FALSE,FALSE,Minor,699823,08d02h23m43,0
SHINDIG-1900,FALSE,FALSE,Major,4198,00d01h09m58,0
SHINDIG-94,FALSE,FALSE,Major,39208,00d10h53m28,0
SHINDIG-78,FALSE,FALSE,Major,1230628,14d05h50m28,1
SHINDIG-1909,FALSE,FALSE,Major,388039,04d11h47m19,0
SHINDIG-1908,TRUE,FALSE,Major,158373,01d19h59m33,0
SHINDIG-640,FALSE,FALSE,Major,444435,05d03h27m15,0
SHINDIG-526,FALSE,FALSE,Major,383161,04d10h26m01,0
SHINDIG-648,FALSE,FALSE,Trivial,3657721,42d08h02m01,0
SHINDIG-1014,FALSE,FALSE,Trivial,9126,00d02h32m06,0
SHINDIG-1639,FALSE,FALSE,Minor,107571,01d05h52m51,0
SHINDIG-1630,FALSE,FALSE,Minor,351910,04d01h45m10,0
SHINDIG-1632,FALSE,FALSE,Minor,1809602,20d22h40m02,0
SHINDIG-1634,FALSE,FALSE,Minor,5275,00d01h27m55,0
SHINDIG-1222,FALSE,FALSE,Major,121661,01d09h47m41,0
SHINDIG-1223,FALSE,FALSE,Major,2360733,27d07h45m33,0
SHINDIG-1220,FALSE,FALSE,Major,771546,08d22h19m06,0
SHINDIG-1221,FALSE,FALSE,Major,3369,00d00h56m09,0
SHINDIG-1226,FALSE,FALSE,Minor,1091,00d00h18m11,0
SHINDIG-1224,FALSE,FALSE,Major,860,00d00h14m20,0
SHINDIG-1737,TRUE,FALSE,Major,13071612,151d07h00m12,0
SHINDIG-286,FALSE,FALSE,Trivial,7243906,83d20h11m46,0
SHINDIG-169,FALSE,FALSE,Major,12985,00d03h36m25,0
SHINDIG-166,FALSE,FALSE,Major,370061,04d06h47m41,0
SHINDIG-165,FALSE,FALSE,Major,395214,04d13h46m54,0
SHINDIG-288,FALSE,FALSE,Major,33696,00d09h21m36,0
SHINDIG-1831,FALSE,FALSE,Major,3911426,45d06h30m26,0
SHINDIG-1830,TRUE,FALSE,Major,1327668,15d08h47m48,0
SHINDIG-309,TRUE,TRUE,Major,977622,11d07h33m42,0
SHINDIG-1835,FALSE,FALSE,Major,5565100,64d09h51m40,0
SHINDIG-1839,TRUE,FALSE,Major,4150658,48d00h57m38,0
SHINDIG-1838,FALSE,FALSE,Minor,463581,05d08h46m21,0
SHINDIG-632,FALSE,FALSE,Critical,8937808,103d10h43m28,0
SHINDIG-406,FALSE,FALSE,Major,2108,00d00h35m08,0
SHINDIG-1142,FALSE,FALSE,Major,37266,00d10h21m06,0
SHINDIG-189,FALSE,FALSE,Major,3200094,37d00h54m54,0
SHINDIG-859,TRUE,FALSE,Major,88282,01d00h31m22,0
SHINDIG-1124,FALSE,FALSE,Major,178146,02d01h29m06,0
SHINDIG-1127,FALSE,FALSE,Major,595,00d00h09m55,0
SHINDIG-1126,FALSE,FALSE,Major,670053,07d18h07m33,0
SHINDIG-1648,FALSE,FALSE,Major,196949,02d06h42m29,0
SHINDIG-1120,FALSE,FALSE,Major,241305,02d19h01m45,0
SHINDIG-1122,FALSE,FALSE,Major,1275,00d00h21m15,0
SHINDIG-1644,FALSE,FALSE,Major,170145,01d23h15m45,0
SHINDIG-1640,FALSE,FALSE,Minor,13647,00d03h47m27,0
SHINDIG-1642,FALSE,FALSE,Major,239575,02d18h32m55,0
SHINDIG-1643,FALSE,FALSE,Major,109879,01d06h31m19,0
SHINDIG-1880,FALSE,FALSE,Major,232615,02d16h36m55,0
SHINDIG-544,FALSE,FALSE,Major,7323719,84d18h21m59,0
SHINDIG-547,TRUE,FALSE,Major,140159,01d14h55m59,0
SHINDIG-541,FALSE,FALSE,Critical,8433724,97d14h42m04,0
SHINDIG-985,TRUE,FALSE,Major,26130,00d07h15m30,0
SHINDIG-987,FALSE,FALSE,Major,4452442,51d12h47m22,0
SHINDIG-1661,FALSE,FALSE,Minor,24810,00d06h53m30,0
SHINDIG-983,FALSE,FALSE,Major,1811,00d00h30m11,0
SHINDIG-829,TRUE,FALSE,Major,230808,02d16h06m48,0
SHINDIG-824,TRUE,FALSE,Major,7120,00d01h58m40,0
SHINDIG-989,TRUE,FALSE,Major,959,00d00h15m59,0
SHINDIG-1667,FALSE,FALSE,Minor,149648,01d17h34m08,0
SHINDIG-1923,FALSE,FALSE,Major,1591233,18d10h00m33,0
SHINDIG-1922,FALSE,FALSE,Major,342906,03d23h15m06,0
SHINDIG-208,TRUE,FALSE,Major,673031,07d18h57m11,0
SHINDIG-1442,FALSE,FALSE,Minor,14171,00d03h56m11,0
SHINDIG-1468,FALSE,FALSE,Minor,5650,00d01h34m10,0
SHINDIG-1784,FALSE,FALSE,Major,325675,03d18h27m55,0
SHINDIG-1787,FALSE,FALSE,Major,347222,04d00h27m02,0
SHINDIG-1786,FALSE,FALSE,Major,1491949,17d06h25m49,0
SHINDIG-1789,FALSE,FALSE,Major,8671,00d02h24m31,0
SHINDIG-1788,FALSE,FALSE,Major,2413181,27d22h19m41,0
SHINDIG-1462,FALSE,FALSE,Major,131,00d00h02m11,0
SHINDIG-1463,FALSE,FALSE,Minor,409615,04d17h46m55,0
SHINDIG-1010,FALSE,FALSE,Major,16884,00d04h41m24,0
SHINDIG-1542,FALSE,FALSE,Major,3379,00d00h56m19,0
SHINDIG-301,FALSE,FALSE,Major,1928,00d00h32m08,0
SHINDIG-1540,FALSE,FALSE,Major,28415040,328d21h04m00,0
SHINDIG-1058,FALSE,FALSE,Major,18868,00d05h14m28,0
SHINDIG-263,FALSE,FALSE,Trivial,341450,03d22h50m50,0
SHINDIG-789,FALSE,FALSE,Major,43400,00d12h03m20,0
SHINDIG-1549,TRUE,FALSE,Major,16490192,190d20h36m32,2
SHINDIG-1548,TRUE,FALSE,Major,28095561,325d04h19m21,0
SHINDIG-910,FALSE,FALSE,Trivial,123049,01d10h10m49,0
SHINDIG-911,FALSE,FALSE,Minor,556849,06d10h40m49,0
SHINDIG-917,TRUE,FALSE,Major,65002,00d18h03m22,0
SHINDIG-915,FALSE,FALSE,Trivial,1701522,19d16h38m42,0
SHINDIG-853,FALSE,FALSE,Major,354695,04d02h31m35,0
SHINDIG-852,FALSE,FALSE,Major,8039701,93d01h15m01,1
SHINDIG-397,TRUE,FALSE,Minor,221060,02d13h24m20,0
SHINDIG-1970,FALSE,FALSE,Major,3177922,36d18h45m22,0
SHINDIG-1614,FALSE,FALSE,Major,6467,00d01h47m47,0
SHINDIG-62,FALSE,FALSE,Major,396131,04d14h02m11,1
SHINDIG-1266,FALSE,FALSE,Major,121844,01d09h50m44,0
SHINDIG-1264,FALSE,FALSE,Major,91099,01d01h18m19,0
SHINDIG-1265,FALSE,FALSE,Major,2344101,27d03h08m21,0
SHINDIG-1262,FALSE,FALSE,Minor,4190906,48d12h08m26,0
SHINDIG-1263,FALSE,FALSE,Major,14268995,165d03h36m35,0
SHINDIG-1260,FALSE,FALSE,Major,1848913,21d09h35m13,0
SHINDIG-1261,FALSE,FALSE,Major,12450725,144d02h32m05,0
SHINDIG-1306,FALSE,FALSE,Major,87540,01d00h19m00,0
SHINDIG-1301,FALSE,FALSE,Major,8804610,101d21h43m30,0
SHINDIG-1268,FALSE,FALSE,Major,32582,00d09h03m02,0
SHINDIG-1302,FALSE,FALSE,Major,255798,02d23h03m18,0
SHINDIG-1945,FALSE,FALSE,Major,1782189,20d15h03m09,0
SHINDIG-1068,TRUE,FALSE,Major,5874185,67d23h43m05,0
SHINDIG-1284,FALSE,FALSE,Trivial,4067750,47d01h55m50,0
SHINDIG-1285,FALSE,FALSE,Major,38073,00d10h34m33,0
SHINDIG-1281,FALSE,FALSE,Critical,32425,00d09h00m25,0
SHINDIG-1283,TRUE,FALSE,Minor,4237791,49d01h09m51,0
SHINDIG-776,FALSE,FALSE,Major,9566228,110d17h17m08,0
SHINDIG-777,FALSE,FALSE,Minor,1223,00d00h20m23,0
SHINDIG-772,FALSE,FALSE,Major,13904,00d03h51m44,0
SHINDIG-773,TRUE,FALSE,Major,128339,01d11h38m59,0
SHINDIG-770,TRUE,FALSE,Major,235222,02d17h20m22,0
SHINDIG-676,FALSE,FALSE,Minor,605521,07d00h12m01,0
SHINDIG-674,FALSE,FALSE,Major,1177958,13d15h12m38,0
SHINDIG-673,FALSE,FALSE,Major,7433,00d02h03m53,0
SHINDIG-779,FALSE,FALSE,Minor,702,00d00h11m42,0
SHINDIG-1169,FALSE,FALSE,Major,866947,10d00h49m07,0
SHINDIG-573,FALSE,FALSE,Minor,2913246,33d17h14m06,0
SHINDIG-576,FALSE,FALSE,Major,32622,00d09h03m42,0
SHINDIG-577,FALSE,FALSE,Major,1348957,15d14h42m37,0
SHINDIG-1161,FALSE,FALSE,Major,412068,04d18h27m48,0
SHINDIG-1160,FALSE,FALSE,Major,2429097,28d02h44m57,0
SHINDIG-1163,FALSE,FALSE,Major,1730,00d00h28m50,0
SHINDIG-1166,FALSE,FALSE,Major,70221,00d19h30m21,0
SHINDIG-38,TRUE,FALSE,Major,1500867,17d08h54m27,0
SHINDIG-1607,FALSE,FALSE,Major,258514,02d23h48m34,0
SHINDIG-1943,FALSE,FALSE,Major,11322756,131d01h12m36,0
SHINDIG-1330,TRUE,FALSE,Major,9412335,108d22h32m15,0
SHINDIG-653,FALSE,FALSE,Major,18073,00d05h01m13,0
SHINDIG-1940,FALSE,FALSE,Major,689,00d00h11m29,0
SHINDIG-1947,FALSE,FALSE,Major,702106,08d03h01m46,0
SHINDIG-1016,FALSE,FALSE,Major,272,00d00h04m32,0
SHINDIG-1761,FALSE,FALSE,Major,4435914,51d08h11m54,0
SHINDIG-1332,FALSE,FALSE,Major,1386261,16d01h04m21,0
SHINDIG-134,TRUE,FALSE,Major,922,00d00h15m22,0
SHINDIG-1026,FALSE,FALSE,Minor,8903834,103d01h17m14,0
SHINDIG-1481,FALSE,FALSE,Minor,257581,02d23h33m01,0
SHINDIG-709,FALSE,FALSE,Trivial,1200,00d00h20m00,0
SHINDIG-708,FALSE,FALSE,Major,4554586,52d17h09m46,0
SHINDIG-1129,FALSE,FALSE,Minor,598105,06d22h08m25,0
SHINDIG-1119,FALSE,FALSE,Critical,242659,02d19h24m19,0
SHINDIG-1114,FALSE,FALSE,Major,269540,03d02h52m20,0
SHINDIG-1117,FALSE,FALSE,Minor,9133305,105d17h01m45,0
SHINDIG-1111,FALSE,FALSE,Major,55098,00d15h18m18,0
SHINDIG-1112,FALSE,FALSE,Major,9367,00d02h36m07,0
SHINDIG-1113,FALSE,FALSE,Major,269633,03d02h53m53,0
SHINDIG-1508,FALSE,FALSE,Major,296929,03d10h28m49,0
SHINDIG-1503,TRUE,FALSE,Minor,256541,02d23h15m41,0
SHINDIG-414,FALSE,FALSE,Minor,557772,06d10h56m12,0
SHINDIG-612,FALSE,FALSE,Major,768,00d00h12m48,0
SHINDIG-1505,FALSE,FALSE,Major,233,00d00h03m53,0
SHINDIG-220,FALSE,FALSE,Major,17312939,200d09h08m59,0
SHINDIG-958,FALSE,FALSE,Minor,5750,00d01h35m50,0
SHINDIG-956,FALSE,FALSE,Major,3956,00d01h05m56,0
SHINDIG-957,FALSE,FALSE,Major,272,00d00h04m32,0
SHINDIG-187,FALSE,FALSE,Major,1963996,22d17h33m16,0
SHINDIG-952,FALSE,FALSE,Minor,61341107,709d23h11m47,0
SHINDIG-953,FALSE,FALSE,Major,48142752,557d04h59m12,0
SHINDIG-183,TRUE,FALSE,Major,636610,07d08h50m10,0
SHINDIG-951,FALSE,FALSE,Major,620435,07d04h20m35,0
SHINDIG-798,FALSE,FALSE,Major,1811457,20d23h10m57,0
SHINDIG-815,FALSE,FALSE,Trivial,519582,06d00h19m42,0
SHINDIG-813,FALSE,FALSE,Trivial,608593,07d01h03m13,0
SHINDIG-790,FALSE,FALSE,Minor,9551665,110d13h14m25,0
SHINDIG-793,FALSE,FALSE,Major,2356806,27d06h40m06,0
SHINDIG-794,FALSE,FALSE,Major,327,00d00h05m27,0
SHINDIG-1958,FALSE,FALSE,Major,7206101,83d09h41m41,0
SHINDIG-819,FALSE,FALSE,Major,46525,00d12h55m25,0
SHINDIG-423,FALSE,FALSE,Major,29209648,338d01h47m28,0
SHINDIG-1426,FALSE,FALSE,Major,167443,01d22h30m43,0
SHINDIG-1757,FALSE,FALSE,Minor,65968,00d18h19m28,0
SHINDIG-1354,TRUE,FALSE,Trivial,2441210,28d06h06m50,0
SHINDIG-1437,FALSE,FALSE,Trivial,50488,00d14h01m28,0
SHINDIG-1436,FALSE,FALSE,Major,59967,00d16h39m27,0
SHINDIG-1435,FALSE,FALSE,Major,231,00d00h03m51,0
SHINDIG-1434,FALSE,FALSE,Major,222,00d00h03m42,0
SHINDIG-1345,TRUE,FALSE,Major,37571,00d10h26m11,0
SHINDIG-1431,FALSE,FALSE,Major,65803,00d18h16m43,0
SHINDIG-450,FALSE,FALSE,Major,7415059,85d19h44m19,0
SHINDIG-1021,FALSE,FALSE,Minor,510768,05d21h52m48,0
SHINDIG-1024,FALSE,FALSE,Minor,23153,00d06h25m53,0
SHINDIG-1025,FALSE,FALSE,Minor,1033,00d00h17m13,0
SHINDIG-459,FALSE,FALSE,Major,21389910,247d13h38m30,0
SHINDIG-1438,FALSE,FALSE,Minor,473787,05d11h36m27,0
SHINDIG-929,FALSE,FALSE,Trivial,343324,03d23h22m04,0
SHINDIG-922,FALSE,FALSE,Major,567611,06d13h40m11,0
SHINDIG-925,FALSE,FALSE,Trivial,446681,05d04h04m41,0
SHINDIG-1930,FALSE,FALSE,Major,3316,00d00h55m16,0
SHINDIG-1931,TRUE,FALSE,Major,520139,06d00h28m59,0
SHINDIG-1937,FALSE,FALSE,Major,117024,01d08h30m24,0
SHINDIG-1934,TRUE,FALSE,Minor,15690,00d04h21m30,0
SHINDIG-1935,TRUE,FALSE,Major,6595479,76d08h04m39,0
SHINDIG-1938,FALSE,FALSE,Major,75605,00d21h00m05,0
SHINDIG-538,FALSE,FALSE,Blocker,939666,10d21h01m06,0
SHINDIG-534,FALSE,FALSE,Minor,1457,00d00h24m17,0
SHINDIG-477,FALSE,FALSE,Major,289268,03d08h21m08,0
SHINDIG-533,FALSE,FALSE,Minor,416621,04d19h43m41,0
SHINDIG-1235,FALSE,FALSE,Major,72466,00d20h07m46,0
SHINDIG-1237,TRUE,FALSE,Major,123692,01d10h21m32,0
SHINDIG-1723,FALSE,FALSE,Major,1706620,19d18h03m40,0
SHINDIG-1721,FALSE,FALSE,Major,3252502,37d15h28m22,0
SHINDIG-1489,FALSE,FALSE,Major,38934110,450d15h01m50,0
SHINDIG-1727,FALSE,FALSE,Major,491671,05d16h34m31,0
SHINDIG-1331,FALSE,FALSE,Trivial,1833,00d00h30m33,0
SHINDIG-1725,FALSE,FALSE,Major,93810,01d02h03m30,0
SHINDIG-1480,FALSE,FALSE,Minor,16379,00d04h32m59,0
SHINDIG-1728,FALSE,FALSE,Major,932947,10d19h09m07,0
SHINDIG-1486,FALSE,FALSE,Major,4152,00d01h09m12,0
SHINDIG-1487,FALSE,FALSE,Blocker,420856,04d20h54m16,0
SHINDIG-1484,FALSE,FALSE,Minor,551692,06d09h14m52,0
SHINDIG-1485,FALSE,FALSE,Minor,273317,03d03h55m17,0
SHINDIG-1808,FALSE,FALSE,Minor,848697,09d19h44m57,0
SHINDIG-1809,TRUE,FALSE,Major,1073963,12d10h19m23,0
SHINDIG-1807,FALSE,FALSE,Major,59961,00d16h39m21,0
SHINDIG-177,FALSE,FALSE,Major,1372,00d00h22m52,0
SHINDIG-1802,FALSE,FALSE,Major,338445,03d22h00m45,0
SHINDIG-172,FALSE,FALSE,Major,44506,00d12h21m46,0
SHINDIG-1506,FALSE,FALSE,Major,9506,00d02h38m26,0
SHINDIG-847,FALSE,FALSE,Critical,1375,00d00h22m55,0
SHINDIG-621,FALSE,FALSE,Minor,7259892,84d00h38m12,0
SHINDIG-622,FALSE,FALSE,Major,789759,09d03h22m39,0
SHINDIG-582,FALSE,FALSE,Major,3963,00d01h06m03,0
SHINDIG-585,FALSE,FALSE,Major,10649060,123d06h04m20,0
SHINDIG-1151,FALSE,FALSE,Minor,50616,00d14h03m36,0
SHINDIG-1155,FALSE,FALSE,Minor,413200,04d18h46m40,0
SHINDIG-1157,FALSE,FALSE,Major,3184260,36d20h31m00,0
SHINDIG-1158,FALSE,FALSE,Major,1114119,12d21h28m39,0
SHINDIG-1159,TRUE,FALSE,Major,1159442,13d10h04m02,0
SHINDIG-1654,FALSE,FALSE,Trivial,122807,01d10h06m47,0
SHINDIG-271,FALSE,FALSE,Major,1714,00d00h28m34,0
SHINDIG-1651,FALSE,FALSE,Major,425457,04d22h10m57,0
SHINDIG-679,FALSE,FALSE,Major,1291,00d00h21m31,0
SHINDIG-389,FALSE,FALSE,Major,1763,00d00h29m23,0
SHINDIG-73,FALSE,FALSE,Major,27861,00d07h44m21,0
SHINDIG-386,FALSE,FALSE,Major,604,00d00h10m04,0
SHINDIG-385,FALSE,FALSE,Major,23052,00d06h24m12,0
SHINDIG-384,FALSE,FALSE,Critical,36309,00d10h05m09,0
SHINDIG-383,FALSE,FALSE,Major,628249,07d06h30m49,0
SHINDIG-382,FALSE,FALSE,Major,318,00d00h05m18,0
SHINDIG-381,FALSE,FALSE,Major,8283,00d02h18m03,0
SHINDIG-998,FALSE,FALSE,Major,61,00d00h01m01,0
SHINDIG-993,FALSE,FALSE,Major,24491,00d06h48m11,0
SHINDIG-991,TRUE,FALSE,Major,1097376,12d16h49m36,0
SHINDIG-322,FALSE,FALSE,Major,567810,06d13h43m30,0
SHINDIG-698,FALSE,FALSE,Major,344,00d00h05m44,0
SHINDIG-695,FALSE,FALSE,Blocker,5453460,63d02h51m00,0
SHINDIG-694,FALSE,FALSE,Major,862559,09d23h35m59,0
SHINDIG-697,FALSE,FALSE,Major,182167,02d02h36m07,0
SHINDIG-491,FALSE,FALSE,Major,1402,00d00h23m22,0
SHINDIG-497,TRUE,FALSE,Blocker,8972139,103d20h15m39,0
SHINDIG-495,FALSE,FALSE,Major,40037,00d11h07m17,0
SHINDIG-1656,FALSE,FALSE,Minor,407,00d00h06m47,0
SHINDIG-1471,FALSE,FALSE,Major,5805,00d01h36m45,0
SHINDIG-1476,FALSE,FALSE,Minor,283459,03d06h44m19,0
SHINDIG-1572,FALSE,FALSE,Major,14093681,163d02h54m41,0
SHINDIG-1573,FALSE,FALSE,Major,155657,01d19h14m17,0
SHINDIG-316,TRUE,FALSE,Major,734203,08d11h56m43,0
SHINDIG-310,TRUE,FALSE,Major,893079,10d08h04m39,0
SHINDIG-1577,FALSE,FALSE,Major,61884,00d17h11m24,0
SHINDIG-1574,FALSE,FALSE,Minor,95064,01d02h24m24,0
SHINDIG-1575,FALSE,FALSE,Major,374463,04d08h01m03,0
SHINDIG-254,TRUE,FALSE,Major,91446,01d01h24m06,0
SHINDIG-257,TRUE,FALSE,Major,85167,00d23h39m27,0
SHINDIG-251,FALSE,FALSE,Major,694013,08d00h46m53,0
SHINDIG-319,FALSE,FALSE,Blocker,1538,00d00h25m38,0
SHINDIG-1652,FALSE,FALSE,Major,169518,01d23h05m18,0
SHINDIG-848,FALSE,FALSE,Major,26510734,306d20h05m34,1
SHINDIG-966,FALSE,FALSE,Major,43948058,508d15h47m38,1
SHINDIG-965,FALSE,FALSE,Major,1105687,12d19h08m07,0
SHINDIG-962,FALSE,FALSE,Minor,50328,00d13h58m48,0
SHINDIG-841,FALSE,FALSE,Minor,8978,00d02h29m38,0
SHINDIG-842,FALSE,FALSE,Major,319697,03d16h48m17,0
SHINDIG-845,FALSE,FALSE,Major,159899,01d20h24m59,0
SHINDIG-968,FALSE,FALSE,Trivial,1604,00d00h26m44,0
SHINDIG-1777,FALSE,FALSE,Minor,863778,09d23h56m18,0
SHINDIG-780,FALSE,FALSE,Critical,2164434,25d01h13m54,0
SHINDIG-1688,FALSE,FALSE,Major,84036,00d23h20m36,0
SHINDIG-1689,FALSE,FALSE,Major,4753478,55d00h24m38,0
SHINDIG-1682,FALSE,FALSE,Major,1636530,18d22h35m30,0
SHINDIG-1685,FALSE,FALSE,Major,6957051,80d12h30m51,0
SHINDIG-1686,FALSE,FALSE,Major,473093,05d11h24m53,0
SHINDIG-1378,FALSE,FALSE,Major,1159116,13d09h58m36,0
SHINDIG-409,FALSE,FALSE,Major,6268,00d01h44m28,0
SHINDIG-1275,FALSE,FALSE,Major,5624,00d01h33m44,0
SHINDIG-1274,FALSE,FALSE,Major,11319897,131d00h24m57,0
SHINDIG-1278,FALSE,FALSE,Minor,18078,00d05h01m18,0
SHINDIG-1374,TRUE,FALSE,Major,7297016,84d10h56m56,0
SHINDIG-1375,FALSE,FALSE,Major,177191,02d01h13m11,0
SHINDIG-1376,FALSE,FALSE,Major,83372,00d23h09m32,0
SHINDIG-407,FALSE,FALSE,Major,496,00d00h08m16,0
SHINDIG-1076,FALSE,FALSE,Major,50022,00d13h53m42,0
SHINDIG-1075,FALSE,FALSE,Major,168061,01d22h41m01,0
SHINDIG-1073,TRUE,FALSE,Major,216420,02d12h07m00,0
SHINDIG-1071,FALSE,FALSE,Minor,629052,07d06h44m12,0
SHINDIG-649,FALSE,FALSE,Minor,8155393,94d09h23m13,0
SHINDIG-1079,TRUE,FALSE,Major,100,00d00h01m40,0
SHINDIG-99,FALSE,FALSE,Trivial,1012112,11d17h08m32,0
SHINDIG-1299,TRUE,FALSE,Major,6366125,73d16h22m05,0
SHINDIG-91,FALSE,FALSE,Minor,841695,09d17h48m15,0
SHINDIG-1295,FALSE,FALSE,Major,15478904,179d03h41m44,0
SHINDIG-1293,FALSE,FALSE,Major,4158767,48d03h12m47,0
SHINDIG-95,FALSE,FALSE,Minor,545999,06d07h39m59,0
SHINDIG-96,FALSE,FALSE,Trivial,1472,00d00h24m32,0
SHINDIG-1767,FALSE,FALSE,Major,359492,04d03h51m32,0
SHINDIG-665,FALSE,FALSE,Minor,246326,02d20h25m26,0
SHINDIG-666,FALSE,FALSE,Major,23748,00d06h35m48,0
SHINDIG-667,FALSE,FALSE,Major,47480,00d13h11m20,0
SHINDIG-1941,TRUE,FALSE,Major,2287815,26d11h30m15,0
SHINDIG-662,FALSE,FALSE,Major,1972552,22d19h55m52,0
SHINDIG-1194,FALSE,FALSE,Major,71563,00d19h52m43,0
SHINDIG-1195,FALSE,FALSE,Major,1316830,15d05h47m10,0
SHINDIG-1196,FALSE,FALSE,Minor,6024,00d01h40m24,0
SHINDIG-1764,FALSE,FALSE,Major,81340,00d22h35m40,0
SHINDIG-1190,FALSE,FALSE,Trivial,2900748,33d13h45m48,1
SHINDIG-1192,TRUE,FALSE,Major,1882778,21d18h59m38,0
SHINDIG-1763,FALSE,FALSE,Minor,1163849,13d11h17m29,0
SHINDIG-1198,FALSE,FALSE,Minor,119302,01d09h08m22,0
SHINDIG-1976,FALSE,FALSE,Major,734467,08d12h01m07,0
SHINDIG-1206,FALSE,FALSE,Minor,210469,02d10h27m49,0
SHINDIG-1759,FALSE,FALSE,Major,182090,02d02h34m50,0
SHINDIG-1201,TRUE,FALSE,Major,65737,00d18h15m37,0
SHINDIG-1202,FALSE,FALSE,Major,2470,00d00h41m10,0
SHINDIG-1203,FALSE,FALSE,Minor,2045112,23d16h05m12,0
SHINDIG-1752,FALSE,FALSE,Major,7184,00d01h59m44,0
SHINDIG-1618,FALSE,FALSE,Major,11991111,138d18h51m51,0
SHINDIG-1209,FALSE,FALSE,Major,177,00d00h02m57,0
SHINDIG-1978,TRUE,FALSE,Minor,11959822,138d10h10m22,2
SHINDIG-1979,FALSE,FALSE,Major,744193,08d14h43m13,0
SHINDIG-1854,FALSE,FALSE,Major,223671,02d14h07m51,0
SHINDIG-107,FALSE,FALSE,Major,5420,00d01h30m20,0
SHINDIG-106,TRUE,FALSE,Minor,47485,00d13h11m25,0
SHINDIG-101,FALSE,FALSE,Major,84405,00d23h26m45,0
SHINDIG-898,TRUE,FALSE,Major,10991,00d03h03m11,0
SHINDIG-1994,FALSE,FALSE,Major,186762,02d03h52m42,0
SHINDIG-891,FALSE,FALSE,Minor,261584,03d00h39m44,0
SHINDIG-890,FALSE,FALSE,Major,23368018,270d11h06m58,0
SHINDIG-1730,TRUE,FALSE,Major,997904,11d13h11m44,0
SHINDIG-713,FALSE,FALSE,Major,16185,00d04h29m45,0
SHINDIG-714,FALSE,FALSE,Major,460017,05d07h46m57,0
SHINDIG-715,FALSE,FALSE,Minor,1112533,12d21h02m13,0
SHINDIG-716,FALSE,FALSE,Major,1130906,13d02h08m26,0
SHINDIG-718,FALSE,FALSE,Major,3291984,38d02h26m24,1
SHINDIG-719,FALSE,FALSE,Major,27852,00d07h44m12,0
SHINDIG-375,FALSE,FALSE,Major,2582570,29d21h22m50,0
SHINDIG-834,FALSE,FALSE,Major,58000,00d16h06m40,0
SHINDIG-1108,FALSE,FALSE,Major,71478,00d19h51m18,0
SHINDIG-1103,FALSE,FALSE,Major,790813,09d03h40m13,0
SHINDIG-1102,FALSE,FALSE,Critical,84163,00d23h22m43,0
SHINDIG-1146,FALSE,FALSE,Major,1339505,15d12h05m05,0
SHINDIG-1736,FALSE,FALSE,Major,587521,06d19h12m01,0
SHINDIG-218,TRUE,FALSE,Major,73104,00d20h18m24,0
SHINDIG-211,TRUE,FALSE,Major,672189,07d18h43m09,0
SHINDIG-213,FALSE,FALSE,Trivial,5787,00d01h36m27,0
SHINDIG-216,TRUE,FALSE,Major,363216,04d04h53m36,0
SHINDIG-192,FALSE,FALSE,Minor,2299435,26d14h43m55,0
SHINDIG-193,FALSE,FALSE,Minor,19215482,222d09h38m02,0
SHINDIG-191,TRUE,FALSE,Major,437497,05d01h31m37,0
SHINDIG-803,TRUE,FALSE,Major,46891242,542d17h20m42,0
