BugID, #isArch, #isInduce, #Priority, #TimeSec, #Time, #Reopen
STORM-977,FALSE,FALSE,Trivial,251315,02d21h48m35,1
STORM-1208,FALSE,FALSE,Major,172931,02d00h02m11,0
STORM-2511,TRUE,FALSE,Critical,222000,02d13h40m00,0
STORM-3466,FALSE,FALSE,Major,2730466,31d14h27m46,1
STORM-3297,TRUE,FALSE,Major,526272,06d02h11m12,0
STORM-3295,TRUE,FALSE,Major,1191708,13d19h01m48,0
STORM-480,FALSE,FALSE,Minor,2237747,25d21h35m47,0
STORM-1934,TRUE,FALSE,Critical,1012756,11d17h19m16,0
STORM-1005,FALSE,FALSE,Major,2127589,24d14h59m49,0
STORM-351,FALSE,FALSE,Blocker,2358329,27d07h05m29,0
STORM-330,FALSE,FALSE,Minor,8665333,100d07h02m13,0
STORM-1001,FALSE,FALSE,Minor,1001211,11d14h06m51,0
STORM-335,FALSE,FALSE,Trivial,867022,10d00h50m22,0
STORM-485,FALSE,FALSE,Major,1750697,20d06h18m17,0
STORM-338,FALSE,FALSE,Minor,681017,07d21h10m17,0
STORM-1773,FALSE,FALSE,Major,616058,07d03h07m38,0
STORM-1772,TRUE,FALSE,Major,26183520,303d01h12m00,0
STORM-1771,FALSE,FALSE,Critical,2695028,31d04h37m08,0
STORM-1426,FALSE,FALSE,Trivial,650152,07d12h35m52,0
STORM-1676,FALSE,FALSE,Major,3871212,44d19h20m12,0
STORM-1578,FALSE,FALSE,Major,3283,00d00h54m43,0
STORM-3269,FALSE,FALSE,Major,97821,01d03h10m21,0
STORM-3343,FALSE,FALSE,Major,467183,05d09h46m23,0
STORM-1672,FALSE,FALSE,Critical,3928096,45d11h08m16,0
STORM-1673,FALSE,FALSE,Major,49868,00d13h51m08,0
STORM-1670,FALSE,FALSE,Critical,357968,04d03h26m08,0
STORM-729,FALSE,FALSE,Minor,5437506,62d22h25m06,0
STORM-3348,FALSE,FALSE,Trivial,437410,05d01h30m10,1
STORM-3262,FALSE,FALSE,Major,346606,04d00h16m46,0
STORM-1572,FALSE,FALSE,Blocker,91684,01d01h28m04,0
STORM-1575,FALSE,FALSE,Minor,9124675,105d14h37m55,0
STORM-3265,FALSE,FALSE,Minor,1186547,13d17h35m47,0
STORM-3264,FALSE,FALSE,Minor,1537143,17d18h59m03,0
STORM-2431,FALSE,FALSE,Major,1183733,13d16h48m53,0
STORM-3129,FALSE,FALSE,Trivial,92964,01d01h49m24,0
STORM-2345,FALSE,FALSE,Trivial,2723176,31d12h26m16,0
STORM-2432,FALSE,FALSE,Critical,266395,03d01h59m55,0
STORM-2435,FALSE,FALSE,Minor,1405891,16d06h31m31,0
STORM-527,FALSE,FALSE,Major,9912212,114d17h23m32,1
STORM-2028,FALSE,FALSE,Minor,31490126,364d11h15m26,0
STORM-525,FALSE,FALSE,Minor,9508253,110d01h10m53,0
STORM-3120,FALSE,FALSE,Major,284212,03d06h56m52,0
STORM-3121,FALSE,FALSE,Major,162960,01d21h16m00,0
STORM-3123,FALSE,FALSE,Major,12343215,142d20h40m15,0
STORM-3124,FALSE,FALSE,Critical,111830,01d07h03m50,0
STORM-2023,FALSE,FALSE,Major,596704,06d21h45m04,0
STORM-3126,FALSE,FALSE,Minor,1049425,12d03h30m25,0
STORM-3127,FALSE,FALSE,Minor,1048747,12d03h19m07,0
STORM-3043,TRUE,FALSE,Major,95364,01d02h29m24,0
STORM-3042,TRUE,FALSE,Major,2228017,25d18h53m37,0
STORM-3046,TRUE,FALSE,Blocker,6312513,73d01h28m33,0
STORM-2976,TRUE,FALSE,Major,210923,02d10h35m23,0
STORM-2978,FALSE,FALSE,Blocker,194980,02d06h09m40,0
STORM-2979,TRUE,FALSE,Major,3716580,43d00h23m00,0
STORM-3048,FALSE,FALSE,Major,2919971,33d19h06m11,0
STORM-2210,TRUE,FALSE,Critical,179799,02d01h56m39,0
STORM-417,FALSE,FALSE,Minor,1374275,15d21h44m35,0
STORM-1134,FALSE,FALSE,Major,883065,10d05h17m45,0
STORM-203,FALSE,FALSE,Trivial,87291622,1010d07h40m22,0
STORM-2067,FALSE,FALSE,Major,1227264,14d04h54m24,0
STORM-2505,TRUE,FALSE,Major,2070333,23d23h05m33,0
STORM-3194,FALSE,FALSE,Minor,168737,01d22h52m17,0
STORM-635,FALSE,FALSE,Major,1092442,12d15h27m22,0
STORM-633,FALSE,FALSE,Major,2940645,34d00h50m45,0
STORM-2503,TRUE,FALSE,Major,2490980,28d19h56m20,0
STORM-1853,FALSE,FALSE,Critical,1014401,11d17h46m41,0
STORM-2239,FALSE,FALSE,Minor,898295,10d09h31m35,0
STORM-1851,FALSE,FALSE,Minor,451197,05d05h19m57,0
STORM-742,FALSE,TRUE,Critical,11721557,135d15h59m17,0
STORM-740,FALSE,FALSE,Major,271275,03d03h21m15,0
STORM-2231,FALSE,FALSE,Critical,23067790,266d23h43m10,0
STORM-1859,FALSE,FALSE,Major,200139,02d07h35m39,0
STORM-2234,FALSE,FALSE,Major,284286,03d06h58m06,0
STORM-2724,FALSE,FALSE,Major,117211,01d08h33m31,0
STORM-2330,TRUE,FALSE,Major,285786,03d07h23m06,0
STORM-2331,FALSE,FALSE,Major,416504,04d19h41m44,0
STORM-2488,FALSE,FALSE,Minor,6097333,70d13h42m13,1
STORM-2489,FALSE,FALSE,Major,3135655,36d07h00m55,0
STORM-2334,TRUE,FALSE,Major,2061849,23d20h44m09,1
CURATOR-409,FALSE,FALSE,Major,207010,02d09h30m10,0
STORM-849,FALSE,FALSE,Major,62112,00d17h15m12,0
STORM-596,FALSE,FALSE,Minor,13530364,156d14h26m04,0
STORM-2486,FALSE,FALSE,Minor,610479,07d01h34m39,0
STORM-2729,FALSE,FALSE,Critical,337694,03d21h48m14,0
STORM-829,FALSE,FALSE,Major,41379972,478d22h26m12,0
STORM-1370,TRUE,FALSE,Major,526779,06d02h19m39,0
STORM-3319,FALSE,FALSE,Major,4600857,53d06h00m57,0
STORM-3117,TRUE,FALSE,Major,422295,04d21h18m15,0
STORM-2246,FALSE,FALSE,Major,198473,02d07h07m53,0
STORM-2074,FALSE,FALSE,Minor,485805,05d14h56m45,0
STORM-449,FALSE,FALSE,Major,1197223,13d20h33m43,0
STORM-113,FALSE,FALSE,Major,12020845,139d03h07m25,0
STORM-447,FALSE,FALSE,Major,1803963,20d21h06m03,0
STORM-443,FALSE,FALSE,Major,1069410,12d09h03m30,0
STORM-442,FALSE,FALSE,Major,13181963,152d13h39m23,0
STORM-2659,FALSE,FALSE,Critical,85776,00d23h49m36,0
STORM-2226,FALSE,FALSE,Major,185929,02d03h38m49,0
STORM-2240,TRUE,FALSE,Major,18764330,217d04h18m50,0
STORM-2652,TRUE,FALSE,Major,181367,02d02h22m47,1
STORM-2655,TRUE,FALSE,Major,541700,06d06h28m20,0
STORM-766,FALSE,FALSE,Minor,1111027,12d20h37m07,0
STORM-2158,FALSE,FALSE,Major,462676,05d08h31m16,0
STORM-2321,FALSE,FALSE,Critical,849829,09d20h03m49,0
STORM-3310,FALSE,FALSE,Major,2035284,23d13h21m24,0
STORM-1405,FALSE,FALSE,Major,2892152,33d11h22m32,0
STORM-1407,FALSE,FALSE,Minor,587046,06d19h04m06,0
STORM-2320,TRUE,FALSE,Major,793154,09d04h19m14,0
STORM-1409,FALSE,FALSE,Trivial,499513,05d18h45m13,0
STORM-1625,FALSE,FALSE,Major,886604,10d06h16m44,0
CALCITE-1386,TRUE,TRUE,Major,230403,02d16h00m03,0
STORM-2323,TRUE,FALSE,Major,609027,07d01h10m27,0
STORM-2853,FALSE,FALSE,Major,4377808,50d16h03m28,0
STORM-2851,FALSE,FALSE,Major,497660,05d18h14m20,0
STORM-2850,TRUE,FALSE,Major,312438,03d14h47m18,0
STORM-2856,FALSE,FALSE,Major,1660344,19d05h12m24,0
STORM-2855,FALSE,FALSE,Major,62217,00d17h16m57,0
STORM-2993,FALSE,FALSE,Major,1541155,17d20h05m55,0
STORM-2859,TRUE,FALSE,Major,2069417,23d22h50m17,0
STORM-2994,TRUE,FALSE,Major,1837276,21d06h21m16,0
STORM-2496,TRUE,FALSE,Critical,1634638,18d22h03m58,0
STORM-3252,FALSE,FALSE,Major,100190,01d03h49m50,0
STORM-3251,FALSE,FALSE,Critical,106050,01d05h27m30,0
STORM-3254,FALSE,FALSE,Major,258880,02d23h54m40,0
STORM-3255,FALSE,FALSE,Minor,243982,02d19h46m22,0
STORM-992,FALSE,FALSE,Major,942800,10d21h53m20,1
STORM-549,FALSE,FALSE,Major,705199,08d03h53m19,0
STORM-2272,FALSE,FALSE,Major,159795,01d20h23m15,0
STORM-1579,FALSE,FALSE,Major,484722,05d14h38m42,0
STORM-1677,FALSE,FALSE,Major,224749,02d14h25m49,0
STORM-415,FALSE,FALSE,Minor,344386,03d23h39m46,0
STORM-1674,FALSE,FALSE,Major,4292959,49d16h29m19,0
STORM-1535,FALSE,FALSE,Major,6579922,76d03h45m22,0
STORM-1534,FALSE,FALSE,Major,175365,02d00h42m45,0
STORM-3225,FALSE,FALSE,Major,259352,03d00h02m32,0
STORM-3224,FALSE,FALSE,Minor,349820,04d01h10m20,0
STORM-3223,FALSE,FALSE,Major,88261,01d00h31m01,0
STORM-3221,FALSE,FALSE,Major,103946,01d04h52m26,0
STORM-3220,FALSE,FALSE,Minor,170420,01d23h20m20,0
STORM-994,FALSE,FALSE,Minor,1559153,18d01h05m53,0
STORM-1538,FALSE,FALSE,Critical,69896,00d19h24m56,0
STORM-3228,TRUE,FALSE,Major,95890,01d02h38m10,0
STORM-395,FALSE,FALSE,Major,70626,00d19h37m06,0
STORM-396,FALSE,FALSE,Minor,2536638,29d08h37m18,0
STORM-643,FALSE,FALSE,Major,14624166,169d06h16m06,1
STORM-3375,FALSE,FALSE,Major,354916,04d02h35m16,0
STORM-3009,FALSE,FALSE,Minor,424753,04d21h59m13,0
STORM-640,FALSE,FALSE,Trivial,2070322,23d23h05m22,0
STORM-399,FALSE,FALSE,Minor,1297849,15d00h30m49,0
STORM-649,FALSE,FALSE,Trivial,1814293,20d23h58m13,0
STORM-648,FALSE,FALSE,Trivial,1799132,20d19h45m32,0
STORM-369,FALSE,FALSE,Major,3162440,36d14h27m20,0
STORM-1078,FALSE,FALSE,Major,234166,02d17h02m46,0
STORM-1170,FALSE,FALSE,Minor,99253,01d03h34m13,0
STORM-244,FALSE,FALSE,Major,8721018,100d22h30m18,0
STORM-248,FALSE,FALSE,Trivial,28013371,324d05h29m31,1
STORM-1179,TRUE,FALSE,Major,3715470,43d00h04m30,0
STORM-366,FALSE,FALSE,Major,3225018,37d07h50m18,0
STORM-1073,TRUE,FALSE,Major,2562335,29d15h45m35,0
STORM-1629,FALSE,FALSE,Blocker,389574,04d12h12m54,0
STORM-3091,FALSE,FALSE,Major,345573,03d23h59m33,0
STORM-3092,FALSE,FALSE,Major,340241,03d22h30m41,1
STORM-1213,FALSE,FALSE,Major,544503,06d07h15m03,0
STORM-1396,FALSE,FALSE,Minor,1809297,20d22h34m57,0
STORM-3096,TRUE,FALSE,Major,245437,02d20h10m37,0
STORM-3097,TRUE,FALSE,Major,229899,02d15h51m39,0
STORM-3098,FALSE,FALSE,Major,86392,00d23h59m52,0
STORM-1620,FALSE,FALSE,Major,4350367,50d08h26m07,0
STORM-1623,FALSE,FALSE,Major,223451,02d14h04m11,0
STORM-1576,TRUE,FALSE,Major,355198,04d02h39m58,0
STORM-3317,FALSE,FALSE,Major,1049910,12d03h38m30,1
STORM-1749,FALSE,FALSE,Major,2801759,32d10h15m59,1
STORM-2276,TRUE,FALSE,Blocker,104873,01d05h07m53,0
STORM-2275,FALSE,FALSE,Blocker,122007,01d09h53m27,0
STORM-2274,FALSE,FALSE,Major,363392,04d04h56m32,0
STORM-809,FALSE,FALSE,Major,4171791,48d06h49m51,0
STORM-808,FALSE,FALSE,Major,1550295,17d22h38m15,0
STORM-2271,FALSE,FALSE,Minor,396012,04d14h00m12,0
STORM-2270,FALSE,FALSE,Major,3087918,35d17h45m18,0
STORM-2374,FALSE,FALSE,Blocker,178390,02d01h33m10,0
STORM-419,FALSE,FALSE,Major,197864,02d06h57m44,0
STORM-2372,FALSE,FALSE,Major,245793,02d20h16m33,0
STORM-800,FALSE,FALSE,Blocker,158283,01d19h58m03,0
STORM-2279,FALSE,TRUE,Blocker,359848,04d03h57m28,0
STORM-2371,FALSE,FALSE,Major,6150268,71d04h24m28,0
STORM-2070,FALSE,FALSE,Major,112785,01d07h19m45,0
STORM-3170,TRUE,FALSE,Major,155191,01d19h06m31,0
STORM-2885,TRUE,FALSE,Major,172999,02d00h03m19,0
STORM-1217,FALSE,FALSE,Minor,528768,06d02h52m48,0
STORM-2079,TRUE,FALSE,Trivial,380055,04d09h34m15,0
STORM-3073,FALSE,FALSE,Major,530170,06d03h16m10,0
STORM-3179,FALSE,FALSE,Blocker,363631,04d05h00m31,0
STORM-3070,FALSE,FALSE,Major,850471,09d20h14m31,0
STORM-3075,FALSE,FALSE,Major,157404,01d19h43m24,0
STORM-1526,FALSE,FALSE,Major,360035,04d04h00m35,0
STORM-1218,FALSE,FALSE,Major,4047695,46d20h21m35,0
STORM-296,FALSE,FALSE,Major,996938,11d12h55m38,1
STORM-3485,FALSE,FALSE,Blocker,85539,00d23h45m39,0
STORM-3488,TRUE,FALSE,Minor,1726952,19d23h42m32,0
STORM-2026,FALSE,FALSE,Major,184910,02d03h21m50,0
STORM-2479,TRUE,FALSE,Minor,1855155,21d11h19m15,0
STORM-2478,FALSE,FALSE,Minor,7044969,81d12h56m09,0
STORM-682,FALSE,FALSE,Major,2232639,25d20h10m39,0
STORM-2475,FALSE,FALSE,Major,158330,01d19h58m50,0
STORM-2474,FALSE,FALSE,Minor,73121,00d20h18m41,0
STORM-565,FALSE,FALSE,Minor,721485,08d08h24m45,0
STORM-563,FALSE,FALSE,Major,13033436,150d20h23m56,0
STORM-1219,FALSE,FALSE,Major,4586173,53d01h56m13,0
STORM-2193,FALSE,FALSE,Blocker,3444285,39d20h44m45,0
STORM-2190,TRUE,FALSE,Major,3667044,42d10h37m24,0
STORM-529,FALSE,FALSE,Major,2073131,23d23h52m11,0
STORM-2196,FALSE,FALSE,Major,347082,04d00h24m42,0
STORM-2197,FALSE,FALSE,Critical,109161,01d06h19m21,0
STORM-2194,FALSE,FALSE,Major,10290190,119d02h23m10,1
STORM-2195,FALSE,FALSE,Minor,1031654,11d22h34m14,0
STORM-737,TRUE,FALSE,Major,10296055,119d04h00m55,0
STORM-2022,FALSE,FALSE,Major,96274,01d02h44m34,0
STORM-1928,FALSE,FALSE,Critical,1796418,20d19h00m18,0
STORM-1521,FALSE,FALSE,Major,624956,07d05h35m56,0
STORM-3481,TRUE,FALSE,Major,361989,04d04h33m09,1
STORM-839,TRUE,FALSE,Critical,4074904,47d03h55m04,0
STORM-1884,FALSE,FALSE,Minor,282102,03d06h21m42,0
STORM-1887,FALSE,FALSE,Minor,72544,00d20h09m04,0
STORM-2449,TRUE,FALSE,Major,6941719,80d08h15m19,0
STORM-2758,FALSE,FALSE,Minor,136766,01d13h59m26,0
STORM-2020,FALSE,FALSE,Major,98916,01d03h28m36,0
STORM-2613,FALSE,FALSE,Minor,2646672,30d15h11m12,0
STORM-2205,FALSE,FALSE,Critical,280033,03d05h47m13,0
STORM-2208,FALSE,FALSE,Critical,427464,04d22h44m24,0
STORM-2757,FALSE,FALSE,Major,231764,02d16h22m44,0
STORM-2750,FALSE,FALSE,Major,129718,01d12h01m58,0
STORM-2751,FALSE,FALSE,Minor,87807,01d00h23m27,0
STORM-688,TRUE,FALSE,Critical,85574,00d23h46m14,0
STORM-1361,FALSE,FALSE,Minor,3730,00d01h02m10,0
STORM-1363,FALSE,FALSE,Major,38621341,447d00h09m01,0
STORM-2815,FALSE,FALSE,Minor,153916,01d18h45m16,0
STORM-2814,FALSE,FALSE,Minor,104554,01d05h02m34,0
STORM-2811,FALSE,FALSE,Major,139874,01d14h51m14,0
STORM-2810,TRUE,FALSE,Major,211513,02d10h45m13,0
STORM-1956,FALSE,FALSE,Blocker,164237,01d21h37m17,0
STORM-1954,FALSE,FALSE,Major,269705,03d02h55m05,0
STORM-786,FALSE,FALSE,Minor,389930,04d12h18m50,0
STORM-787,FALSE,FALSE,Trivial,533786,06d04h16m26,0
STORM-788,FALSE,FALSE,Minor,332542,03d20h22m22,0
STORM-1486,FALSE,FALSE,Major,197297,02d06h48m17,0
STORM-2682,FALSE,FALSE,Critical,990289,11d11h04m49,0
CURATOR-202,FALSE,FALSE,Major,1462935,16d22h22m15,0
STORM-1959,FALSE,FALSE,Blocker,258072,02d23h41m12,1
STORM-3018,FALSE,FALSE,Major,123717,01d10h21m57,0
STORM-1087,FALSE,FALSE,Major,357246,04d03h14m06,0
STORM-2109,FALSE,FALSE,Critical,337755,03d21h49m15,0
STORM-2101,FALSE,FALSE,Minor,7772436,89d23h00m36,0
STORM-2100,TRUE,FALSE,Major,151168,01d17h59m28,0
STORM-2066,FALSE,FALSE,Major,2805627,32d11h20m27,0
STORM-2104,TRUE,FALSE,Major,8588880,99d09h48m00,0
STORM-2736,TRUE,FALSE,Minor,185066,02d03h24m26,0
STORM-2293,FALSE,FALSE,Major,194721,02d06h05m21,0
STORM-675,FALSE,FALSE,Major,1626049,18d19h40m49,0
STORM-2295,TRUE,FALSE,Blocker,235383,02d17h23m03,0
STORM-2868,FALSE,FALSE,Minor,28472,00d07h54m32,0
STORM-2869,TRUE,FALSE,Major,187381,02d04h03m01,0
STORM-2863,TRUE,FALSE,Major,395530,04d13h52m10,0
STORM-3320,FALSE,FALSE,Major,3135684,36d07h01m24,0
STORM-3321,TRUE,FALSE,Major,3863307,44d17h08m27,0
STORM-3327,TRUE,FALSE,Major,1359099,15d17h31m39,0
STORM-3284,TRUE,FALSE,Major,428954,04d23h09m14,0
STORM-1030,TRUE,FALSE,Blocker,17844033,206d12h40m33,0
STORM-3288,FALSE,FALSE,Blocker,683257,07d21h47m37,0
STORM-326,FALSE,FALSE,Major,908441,10d12h20m41,0
STORM-2476,FALSE,FALSE,Major,24543,00d06h49m03,0
STORM-322,FALSE,FALSE,Minor,21190722,245d06h18m42,0
STORM-328,TRUE,FALSE,Major,4838883,56d00h08m03,0
STORM-1665,FALSE,FALSE,Critical,85436,00d23h43m56,0
STORM-3356,FALSE,FALSE,Minor,318347,03d16h25m47,0
STORM-3354,TRUE,FALSE,Major,1883796,21d19h16m36,0
STORM-3352,FALSE,FALSE,Blocker,761879,08d19h37m59,0
STORM-3218,FALSE,FALSE,Major,189908,02d04h45m08,0
STORM-3219,FALSE,FALSE,Major,174242,02d00h24m02,0
STORM-3216,TRUE,FALSE,Major,245265,02d20h07m45,0
STORM-3217,TRUE,FALSE,Major,283407,03d06h43m27,0
STORM-3215,FALSE,FALSE,Major,108993,01d06h16m33,0
STORM-1669,TRUE,FALSE,Critical,95668,01d02h34m28,0
STORM-3213,FALSE,FALSE,Major,167509,01d22h31m49,0
STORM-3210,FALSE,FALSE,Minor,184231,02d03h10m31,0
STORM-1543,FALSE,FALSE,Major,1818187,21d01h03m07,0
STORM-2407,TRUE,FALSE,Blocker,859315,09d22h41m55,0
STORM-2400,FALSE,FALSE,Major,89483,01d00h51m23,0
STORM-512,TRUE,FALSE,Major,15918596,184d05h49m56,0
STORM-511,TRUE,FALSE,Major,2615383,30d06h29m43,0
STORM-2403,FALSE,FALSE,Blocker,316980,03d16h03m00,0
STORM-3137,FALSE,FALSE,Major,949872,10d23h51m12,0
STORM-3136,TRUE,FALSE,Major,882192,10d05h03m12,0
STORM-3135,FALSE,FALSE,Major,958076,11d02h07m56,0
STORM-2036,FALSE,FALSE,Trivial,1435,00d00h23m55,0
STORM-922,FALSE,FALSE,Major,8054679,93d05h24m39,0
STORM-2409,TRUE,FALSE,Critical,694835,08d01h00m35,0
STORM-2032,FALSE,FALSE,Minor,123608,01d10h20m08,0
STORM-2967,FALSE,FALSE,Major,511910,05d22h11m50,0
STORM-2965,TRUE,FALSE,Major,475534,05d12h05m34,0
STORM-3035,TRUE,FALSE,Major,2104473,24d08h34m33,0
STORM-2969,TRUE,FALSE,Minor,223754,02d14h09m14,0
STORM-2968,FALSE,FALSE,Major,721679,08d08h27m59,0
STORM-1924,TRUE,FALSE,Major,453542,05d05h59m02,0
STORM-195,FALSE,FALSE,Trivial,54597818,631d22h03m38,1
STORM-194,FALSE,FALSE,Major,8696373,100d15h39m33,0
STORM-1104,FALSE,FALSE,Major,238259,02d18h10m59,0
STORM-1106,FALSE,FALSE,Blocker,253447,02d22h24m07,0
STORM-1925,FALSE,FALSE,Critical,93212,01d01h53m32,0
STORM-214,FALSE,FALSE,Major,35446543,410d06h15m43,0
STORM-1103,FALSE,FALSE,Minor,966746,11d04h32m26,0
STORM-603,FALSE,FALSE,Major,11391361,131d20h16m01,0
STORM-2532,FALSE,FALSE,Major,725392,08d09h29m52,0
STORM-2533,FALSE,FALSE,Major,9145200,105d20h20m00,0
STORM-2534,FALSE,FALSE,Major,10128140,117d05h22m20,0
STORM-2535,FALSE,FALSE,Major,677334,07d20h08m54,0
STORM-2536,FALSE,FALSE,Major,138465,01d14h27m45,0
STORM-356,FALSE,FALSE,Minor,6312152,73d01h22m32,0
STORM-1713,FALSE,FALSE,Minor,2675531,30d23h12m11,0
STORM-608,FALSE,FALSE,Minor,3418591,39d13h36m31,0
STORM-1714,TRUE,FALSE,Major,420996,04d20h56m36,0
STORM-1841,TRUE,FALSE,Minor,2376345,27d12h05m45,0
STORM-1842,FALSE,FALSE,Critical,321113,03d17h11m53,0
STORM-1844,FALSE,FALSE,Minor,4491820,51d23h43m40,0
STORM-1849,FALSE,FALSE,Major,10146227,117d10h23m47,0
STORM-1848,FALSE,FALSE,Minor,552452,06d09h27m32,0
STORM-2245,FALSE,FALSE,Major,262721,03d00h58m41,0
STORM-2716,TRUE,FALSE,Major,3323368,38d11h09m28,0
STORM-2088,FALSE,FALSE,Trivial,951270,11d00h14m30,0
STORM-853,FALSE,FALSE,Major,315965,03d15h46m05,0
STORM-3148,TRUE,FALSE,Blocker,97168,01d02h59m28,0
STORM-583,TRUE,FALSE,Major,12261766,141d22h02m46,0
STORM-584,FALSE,FALSE,Major,40883670,473d04h34m30,0
STORM-585,FALSE,FALSE,Minor,3713058,42d23h24m18,0
STORM-586,TRUE,FALSE,Critical,96617229,1118d06h07m09,1
STORM-3143,FALSE,FALSE,Major,378527,04d09h08m47,0
STORM-3141,TRUE,FALSE,Critical,847038,09d19h17m18,0
STORM-996,FALSE,FALSE,Blocker,1570523,18d04h15m23,0
STORM-2087,TRUE,FALSE,Major,8658117,100d05h01m57,0
STORM-2912,TRUE,FALSE,Blocker,130674,01d12h17m54,0
STORM-2913,TRUE,FALSE,Blocker,879581,10d04h19m41,0
STORM-2910,TRUE,FALSE,Major,704751,08d03h45m51,0
STORM-2911,FALSE,FALSE,Major,2855249,33d01h07m29,0
STORM-269,FALSE,FALSE,Major,4743592,54d21h39m52,0
STORM-2918,FALSE,FALSE,Blocker,117385,01d08h36m25,0
STORM-279,FALSE,FALSE,Major,10612286,122d19h51m26,0
STORM-687,FALSE,FALSE,Major,156572,01d19h29m32,0
STORM-1704,FALSE,FALSE,Minor,790420,09d03h33m40,0
STORM-458,FALSE,FALSE,Minor,409926,04d17h52m06,0
STORM-456,FALSE,FALSE,Trivial,25141685,290d23h48m05,0
STORM-1449,FALSE,FALSE,Major,370619,04d06h56m59,0
STORM-454,FALSE,FALSE,Trivial,1359605,15d17h40m05,0
STORM-451,FALSE,FALSE,Major,355340,04d02h42m20,0
STORM-3422,FALSE,FALSE,Major,1217922,14d02h18m42,0
STORM-747,FALSE,FALSE,Minor,1822947,21d02h22m27,0
STORM-1882,FALSE,FALSE,Major,392747,04d13h05m47,0
STORM-273,FALSE,FALSE,Major,416451,04d19h40m51,0
STORM-2144,FALSE,FALSE,Major,89486,01d00h51m26,0
STORM-745,FALSE,FALSE,Major,16380803,189d14h13m23,1
STORM-2142,FALSE,FALSE,Critical,690300,07d23h45m00,0
STORM-2666,TRUE,FALSE,Major,6032644,69d19h44m04,0
STORM-2660,TRUE,FALSE,Major,3424366,39d15h12m46,0
STORM-3079,TRUE,FALSE,Major,395497,04d13h51m37,0
STORM-1432,FALSE,FALSE,Major,513747,05d22h42m27,0
STORM-2988,FALSE,FALSE,Major,5838271,67d13h44m31,0
STORM-2396,FALSE,FALSE,Minor,398217,04d14h36m57,0
STORM-685,FALSE,FALSE,Major,712,00d00h11m52,0
STORM-2391,TRUE,FALSE,Major,208372,02d09h52m52,0
STORM-2989,FALSE,FALSE,Major,1141008,13d04h56m48,0
STORM-2827,FALSE,FALSE,Minor,760709,08d19h18m29,0
STORM-2820,FALSE,FALSE,Major,96486,01d02h48m06,0
STORM-2981,FALSE,FALSE,Major,137706,01d14h15m06,0
STORM-2980,FALSE,FALSE,Minor,139507,01d14h45m07,0
STORM-2983,FALSE,TRUE,Critical,3104720,35d22h25m20,0
STORM-1962,FALSE,FALSE,Major,863374,09d23h49m34,0
STORM-2987,TRUE,FALSE,Major,1202860,13d22h07m40,0
STORM-2986,FALSE,FALSE,Major,149135,01d17h25m35,0
STORM-3241,FALSE,FALSE,Major,165893,01d22h04m53,0
STORM-3240,FALSE,FALSE,Major,181218,02d02h20m18,0
STORM-3245,TRUE,FALSE,Blocker,91571,01d01h26m11,0
STORM-3244,FALSE,FALSE,Minor,179395,02d01h49m55,0
STORM-3247,FALSE,FALSE,Minor,238921,02d18h22m01,0
STORM-3246,FALSE,FALSE,Minor,85708,00d23h48m28,0
STORM-3249,TRUE,FALSE,Major,247089,02d20h38m09,0
STORM-3248,FALSE,FALSE,Major,90178,01d01h02m58,0
STORM-684,FALSE,FALSE,Minor,2358,00d00h39m18,0
STORM-370,FALSE,FALSE,Major,520324,06d00h32m04,0
STORM-1481,TRUE,FALSE,Major,376676,04d08h37m56,0
STORM-773,FALSE,FALSE,Major,412594,04d18h36m34,0
STORM-772,FALSE,FALSE,Major,419453,04d20h30m53,0
STORM-1964,TRUE,FALSE,Minor,791616,09d03h53m36,0
STORM-1631,TRUE,FALSE,Major,618845,07d03h54m05,0
STORM-1503,FALSE,FALSE,Major,98211,01d03h16m51,0
STORM-1504,TRUE,TRUE,Critical,675245,07d19h34m05,0
STORM-842,FALSE,FALSE,Major,159831,01d20h23m51,0
STORM-307,FALSE,FALSE,Major,15820742,183d02h39m02,0
STORM-2336,TRUE,FALSE,Major,115619,01d08h06m59,0
STORM-2829,FALSE,FALSE,Minor,237593,02d17h59m53,0
STORM-2040,FALSE,FALSE,Major,3931708,45d12h08m28,0
STORM-2337,FALSE,FALSE,Minor,114719,01d07h51m59,0
STORM-3408,FALSE,FALSE,Critical,1302037,15d01h40m37,0
STORM-381,FALSE,FALSE,Major,1244389,14d09h39m49,0
STORM-967,FALSE,FALSE,Critical,5553058,64d06h30m58,0
STORM-2722,FALSE,FALSE,Major,1140912,13d04h55m12,0
STORM-388,FALSE,FALSE,Major,21434421,248d02h00m21,0
STORM-303,FALSE,FALSE,Major,1898802,21d23h26m42,0
STORM-1939,FALSE,FALSE,Major,1185139,13d17h12m19,0
STORM-1142,FALSE,FALSE,Major,543,00d00h09m03,0
STORM-2338,FALSE,FALSE,Minor,325196,03d18h19m56,0
STORM-1147,TRUE,FALSE,Trivial,9600462,111d02h47m42,0
STORM-1063,FALSE,FALSE,Major,676068,07d19h47m48,0
STORM-2480,FALSE,FALSE,Major,151890,01d18h11m30,0
STORM-1069,FALSE,FALSE,Trivial,347284,04d00h28m04,0
STORM-406,TRUE,FALSE,Blocker,1033393,11d23h03m13,0
STORM-259,FALSE,FALSE,Major,29018,00d08h03m38,0
STORM-313,FALSE,FALSE,Major,2583028,29d21h30m28,0
STORM-3087,FALSE,FALSE,Major,470987,05d10h49m47,0
STORM-2303,TRUE,FALSE,Major,350064,04d01h14m24,0
STORM-3084,TRUE,FALSE,Major,672655,07d18h50m55,0
STORM-3082,FALSE,FALSE,Minor,4078988,47d05h03m08,0
STORM-156,FALSE,FALSE,Minor,57263110,662d18h25m10,1
STORM-1614,TRUE,FALSE,Minor,1143972,13d05h46m12,0
STORM-3379,TRUE,FALSE,Minor,1919751,22d05h15m51,0
STORM-1616,FALSE,FALSE,Major,692150,08d00h15m50,0
STORM-3362,FALSE,FALSE,Major,277042,03d04h57m22,0
STORM-427,FALSE,FALSE,Blocker,4827347,55d20h55m47,0
STORM-424,FALSE,FALSE,Minor,3049139,35d06h58m59,0
STORM-422,FALSE,FALSE,Minor,8848511,102d09h55m11,0
STORM-818,FALSE,FALSE,Major,1806989,20d21h56m29,0
STORM-420,FALSE,FALSE,Minor,1136,00d00h18m56,0
STORM-816,FALSE,FALSE,Minor,855833,09d21h43m53,0
STORM-139,FALSE,FALSE,Minor,50521445,584d17h44m05,0
STORM-813,FALSE,FALSE,Major,2526564,29d05h49m24,0
STORM-811,FALSE,FALSE,Major,1374887,15d21h54m47,0
STORM-3068,FALSE,FALSE,Major,1010505,11d16h41m45,0
STORM-2047,FALSE,FALSE,Major,363859,04d05h04m19,0
STORM-2893,FALSE,FALSE,Minor,218040,02d12h34m00,0
STORM-3103,FALSE,FALSE,Major,337230,03d21h40m30,0
STORM-2042,FALSE,FALSE,Major,163030,01d21h17m10,0
STORM-3063,FALSE,FALSE,Trivial,135082,01d13h31m22,0
STORM-3065,TRUE,FALSE,Minor,347103,04d00h25m03,0
STORM-1609,FALSE,FALSE,Major,1815421,21d00h17m01,0
STORM-2950,FALSE,FALSE,Major,270301,03d03h05m01,0
STORM-3109,TRUE,FALSE,Critical,155016,01d19h03m36,0
STORM-3376,TRUE,FALSE,Major,1972162,22d19h49m22,0
STORM-2346,FALSE,FALSE,Major,2631121,30d10h52m01,0
STORM-1566,FALSE,FALSE,Major,97053,01d02h57m33,0
STORM-659,FALSE,FALSE,Minor,2592600,30d00h10m00,0
STORM-2443,FALSE,FALSE,Major,13221377,153d00h36m17,0
STORM-2445,FALSE,FALSE,Major,13871759,160d13h15m59,0
STORM-555,FALSE,FALSE,Minor,332726,03d20h25m26,0
STORM-554,FALSE,FALSE,Major,9700951,112d06h42m31,1
STORM-2563,FALSE,FALSE,Major,94644,01d02h17m24,0
STORM-2562,FALSE,FALSE,Major,110919,01d06h48m39,0
STORM-558,FALSE,FALSE,Major,49116,00d13h38m36,0
STORM-2564,FALSE,FALSE,Major,697225,08d01h40m25,0
STORM-2350,FALSE,FALSE,Major,145436,01d16h23m56,0
STORM-723,TRUE,FALSE,Major,135712,01d13h41m52,0
STORM-2185,FALSE,FALSE,Major,407975,04d17h19m35,0
STORM-2184,FALSE,FALSE,Trivial,420454,04d20h47m34,0
STORM-1937,FALSE,FALSE,Major,248603,02d21h03m23,1
STORM-727,FALSE,FALSE,Trivial,322796,03d17h39m56,0
STORM-728,FALSE,FALSE,Major,5439547,62d22h59m07,0
STORM-2621,FALSE,FALSE,Major,949818,10d23h50m18,0
STORM-2627,FALSE,FALSE,Major,718795,08d07h39m55,0
STORM-1470,FALSE,FALSE,Blocker,171433,01d23h37m13,0
STORM-2742,FALSE,FALSE,Major,87196,01d00h13m16,0
STORM-2213,FALSE,FALSE,Major,196135,02d06h28m55,0
STORM-1378,FALSE,FALSE,Minor,246056,02d20h20m56,0
STORM-1476,FALSE,FALSE,Major,2251374,26d01h22m54,0
STORM-1478,TRUE,FALSE,Minor,279264,03d05h34m24,0
STORM-2748,TRUE,FALSE,Major,99501,01d03h38m21,0
STORM-1377,FALSE,FALSE,Minor,863617,09d23h53m37,0
STORM-1376,FALSE,FALSE,Blocker,917952,10d14h59m12,0
STORM-1375,FALSE,FALSE,Critical,167664,01d22h34m24,0
STORM-794,FALSE,FALSE,Major,17659992,204d09h33m12,0
STORM-1728,FALSE,FALSE,Major,2680066,31d00h27m46,0
STORM-683,FALSE,FALSE,Blocker,244464,02d19h54m24,0
STORM-2425,TRUE,FALSE,Major,152511,01d18h21m51,0
STORM-1220,TRUE,FALSE,Major,606307,07d00h25m07,1
STORM-538,FALSE,FALSE,Major,596663,06d21h44m23,1
STORM-2695,FALSE,FALSE,Critical,146080,01d16h34m40,0
STORM-793,FALSE,FALSE,Minor,7424664,85d22h24m24,0
STORM-2691,TRUE,TRUE,Major,17668298,204d11h51m38,0
STORM-2690,FALSE,FALSE,Minor,12034094,139d06h48m14,0
STORM-1556,FALSE,FALSE,Major,2990561,34d14h42m41,0
STORM-2343,TRUE,FALSE,Critical,9194571,106d10h02m51,0
STORM-3013,TRUE,FALSE,Major,8894927,102d22h48m47,0
STORM-945,FALSE,FALSE,Minor,1164833,13d11h33m53,0
STORM-1988,FALSE,FALSE,Critical,69143,00d19h12m23,0
STORM-1985,TRUE,FALSE,Major,8432785,97d14h26m25,0
STORM-1987,FALSE,FALSE,Minor,4759342,55d02h02m22,0
STORM-2131,FALSE,FALSE,Major,696873,08d01h34m33,0
STORM-3072,FALSE,FALSE,Major,89179,01d00h46m19,0
STORM-1558,FALSE,FALSE,Major,439877,05d02h11m17,0
STORM-1496,FALSE,TRUE,Major,265987,03d01h53m07,0
STORM-3500,FALSE,FALSE,Major,246201,02d20h23m21,0
STORM-2879,FALSE,FALSE,Critical,408703,04d17h31m43,0
STORM-1385,FALSE,FALSE,Minor,101028,01d04h03m48,0
STORM-2870,FALSE,FALSE,Major,94733,01d02h18m53,0
STORM-1388,FALSE,FALSE,Minor,574615,06d15h36m55,0
STORM-2876,FALSE,FALSE,Major,249839,02d21h23m59,0
STORM-2000,FALSE,FALSE,Major,298577,03d10h56m17,0
STORM-3333,FALSE,FALSE,Minor,215167,02d11h46m07,0
STORM-1542,TRUE,FALSE,Critical,1173206,13d13h53m26,0
STORM-1452,FALSE,FALSE,Blocker,1114779,12d21h39m39,0
STORM-1185,FALSE,FALSE,Minor,375340,04d08h15m40,0
STORM-1180,FALSE,FALSE,Trivial,78463,00d21h47m43,0
STORM-1027,FALSE,FALSE,Critical,1091464,12d15h11m04,0
STORM-1026,FALSE,FALSE,Minor,1626310,18d19h45m10,0
STORM-1024,FALSE,FALSE,Major,345177,03d23h52m57,0
STORM-1189,FALSE,FALSE,Major,205373,02d09h02m53,0
STORM-1658,FALSE,FALSE,Major,1429839,16d13h10m39,1
STORM-475,FALSE,FALSE,Major,750248,08d16h24m08,0
STORM-1453,FALSE,FALSE,Trivial,462717,05d08h31m57,0
STORM-1654,TRUE,FALSE,Critical,96057,01d02h40m57,0
STORM-1655,FALSE,FALSE,Minor,91515,01d01h25m15,0
STORM-2940,FALSE,FALSE,Major,192452,02d05h27m32,0
STORM-1499,TRUE,FALSE,Minor,131769,01d12h36m09,0
STORM-2325,FALSE,FALSE,Major,452581,05d05h43m01,0
STORM-3208,FALSE,FALSE,Minor,529800,06d03h10m00,0
STORM-1492,FALSE,FALSE,Minor,84058174,972d21h29m34,0
STORM-3207,FALSE,FALSE,Major,171822,01d23h43m42,0
STORM-3206,FALSE,FALSE,Major,1316500,15d05h41m40,0
STORM-3201,TRUE,FALSE,Major,89250,01d00h47m30,0
STORM-3200,FALSE,FALSE,Major,152398,01d18h19m58,0
STORM-3203,TRUE,FALSE,Major,1056060,12d05h21m00,0
STORM-1114,FALSE,FALSE,Major,47190915,546d04h35m15,0
STORM-2552,FALSE,FALSE,Major,644935,07d11h08m55,0
STORM-2557,FALSE,FALSE,Major,290598,03d08h43m18,0
STORM-2555,TRUE,FALSE,Major,790727,09d03h38m47,0
STORM-2558,FALSE,FALSE,Major,1092413,12d15h26m53,0
STORM-2559,FALSE,FALSE,Major,871427,10d02h03m47,0
STORM-2324,FALSE,FALSE,Major,770981,08d22h09m41,0
STORM-3436,FALSE,FALSE,Major,3674116,42d12h35m16,1
STORM-3020,TRUE,FALSE,Major,581211,06d17h26m51,0
STORM-3023,FALSE,FALSE,Major,273161,03d03h52m41,0
STORM-3385,FALSE,FALSE,Minor,1367002,15d19h43m22,0
STORM-3381,FALSE,FALSE,Blocker,94111,01d02h08m31,0
STORM-186,FALSE,FALSE,Major,6783116,78d12h11m56,0
STORM-1110,FALSE,FALSE,Major,499684,05d18h48m04,0
STORM-1117,FALSE,FALSE,Minor,364199,04d05h09m59,0
STORM-1115,FALSE,FALSE,Major,512558,05d22h22m38,0
STORM-183,FALSE,FALSE,Minor,15942204,184d12h23m24,0
STORM-264,FALSE,FALSE,Minor,4862091,56d06h34m51,0
STORM-1050,FALSE,FALSE,Major,173178,02d00h06m18,0
STORM-1051,FALSE,FALSE,Critical,274646,03d04h17m26,0
STORM-188,FALSE,FALSE,Minor,39452408,456d15h00m08,0
STORM-260,FALSE,FALSE,Minor,7680135,88d21h22m15,0
STORM-1054,FALSE,FALSE,Trivial,189899,02d04h44m59,0
STORM-479,FALSE,FALSE,Major,697685,08d01h48m05,0
STORM-342,TRUE,FALSE,Blocker,284663,03d07h04m23,0
STORM-2526,FALSE,FALSE,Blocker,89743,01d00h55m43,0
STORM-2525,TRUE,FALSE,Major,1734317,20d01h45m17,0
STORM-341,FALSE,FALSE,Critical,7375332,85d08h42m12,0
STORM-610,FALSE,FALSE,Trivial,747589,08d15h39m49,0
STORM-611,FALSE,FALSE,Major,745315,08d15h01m55,0
STORM-612,FALSE,FALSE,Minor,730911,08d11h01m51,0
STORM-2520,FALSE,FALSE,Major,62907,00d17h28m27,0
STORM-951,FALSE,FALSE,Critical,4512030,52d05h20m30,0
STORM-3021,FALSE,FALSE,Major,1774421,20d12h53m41,0
STORM-348,TRUE,FALSE,Major,4308132,49d20h42m12,0
STORM-349,FALSE,FALSE,Major,5960619,68d23h43m39,0
STORM-627,FALSE,FALSE,Major,173059,02d00h04m19,0
STORM-1872,FALSE,FALSE,Major,9968610,115d09h03m30,0
STORM-2706,FALSE,TRUE,Major,5309024,61d10h43m44,0
STORM-2705,TRUE,FALSE,Major,143726,01d15h55m26,0
STORM-2251,FALSE,FALSE,Major,361254,04d04h20m54,0
STORM-2257,FALSE,FALSE,Minor,215653,02d11h54m13,0
STORM-2700,TRUE,FALSE,Major,196685,02d06h38m05,0
STORM-3159,FALSE,FALSE,Major,2570,00d00h42m50,0
STORM-3158,FALSE,FALSE,Minor,750292,08d16h24m52,0
STORM-988,FALSE,FALSE,Trivial,130983,01d12h23m03,0
STORM-2189,FALSE,FALSE,Major,164261,01d21h37m41,0
STORM-2098,FALSE,FALSE,Major,268284,03d02h31m24,0
STORM-2095,FALSE,FALSE,Critical,9584289,110d22h18m09,0
STORM-2093,FALSE,FALSE,Major,25866459,299d09h07m39,0
STORM-2900,FALSE,FALSE,Critical,64349,00d17h52m29,0
STORM-2903,FALSE,FALSE,Major,196379,02d06h32m59,0
STORM-2906,FALSE,FALSE,Critical,813199,09d09h53m19,0
STORM-3028,FALSE,FALSE,Major,7639043,88d09h57m23,0
STORM-509,FALSE,FALSE,Critical,2788342,32d06h32m22,0
STORM-461,FALSE,FALSE,Critical,858368,09d22h26m08,0
STORM-460,FALSE,FALSE,Major,1619637,18d17h53m57,0
STORM-2794,FALSE,FALSE,Minor,616905,07d03h21m45,0
STORM-2795,FALSE,FALSE,Major,196465,02d06h34m25,0
STORM-464,FALSE,FALSE,Major,430443,04d23h34m03,0
STORM-2413,TRUE,FALSE,Critical,5841213,67d14h33m33,0
STORM-501,FALSE,FALSE,Blocker,360413,04d04h06m53,0
STORM-502,FALSE,FALSE,Minor,1309722,15d03h48m42,0
STORM-468,FALSE,FALSE,Minor,43712233,505d22h17m13,0
STORM-504,FALSE,FALSE,Minor,776947,08d23h49m07,0
STORM-505,FALSE,FALSE,Minor,7870937,91d02h22m17,0
STORM-506,FALSE,FALSE,Major,1176314,13d14h45m14,0
STORM-2414,FALSE,FALSE,Major,458363,05d07h19m23,0
STORM-2412,FALSE,FALSE,Major,694709,08d00h58m29,0
STORM-2451,FALSE,FALSE,Minor,173608,02d00h13m28,0
STORM-1400,FALSE,FALSE,Minor,88273,01d00h31m13,0
STORM-711,FALSE,FALSE,Major,6489794,75d02h43m14,0
STORM-2171,TRUE,FALSE,Major,48387875,560d01h04m35,0
STORM-713,FALSE,FALSE,Minor,6404644,74d03h04m04,1
STORM-715,FALSE,FALSE,Minor,5733804,66d08h43m24,0
STORM-1111,FALSE,FALSE,Major,797194,09d05h26m34,0
STORM-2176,FALSE,FALSE,Critical,7190697,83d05h24m57,0
STORM-1920,FALSE,FALSE,Major,28786,00d07h59m46,0
STORM-625,TRUE,FALSE,Major,11934405,138d03h06m45,1
STORM-1402,FALSE,FALSE,Minor,280151,03d05h49m11,0
STORM-2676,FALSE,FALSE,Major,150424,01d17h47m04,0
STORM-2675,TRUE,FALSE,Major,3592478,41d13h54m38,0
STORM-2674,FALSE,FALSE,Major,589218,06d19h40m18,0
STORM-1588,FALSE,FALSE,Blocker,594958,06d21h15m58,0
STORM-1422,FALSE,FALSE,Minor,699101,08d02h11m41,0
ZOOKEEPER-2184,FALSE,TRUE,Blocker,98663098,1141d22h24m58,1
STORM-482,FALSE,FALSE,Critical,3375511,39d01h38m31,0
STORM-1427,FALSE,FALSE,Trivial,540557,06d06h09m17,0
STORM-2777,FALSE,FALSE,Major,303898,03d12h24m58,0
STORM-1425,FALSE,FALSE,Major,1176313,13d14h45m13,0
STORM-486,FALSE,FALSE,Major,1661012,19d05h23m32,0
STORM-837,TRUE,FALSE,Critical,6919288,80d02h01m28,0
STORM-566,FALSE,FALSE,Major,29377285,340d00h21m25,0
STORM-2387,TRUE,FALSE,Minor,769579,08d21h46m19,0
STORM-2386,FALSE,FALSE,Major,343470,03d23h24m30,0
STORM-1344,FALSE,FALSE,Critical,24434885,282d19h28m05,0
STORM-1596,TRUE,FALSE,Critical,74659,00d20h44m19,0
STORM-548,TRUE,FALSE,Minor,29176387,337d16h33m07,1
STORM-1348,TRUE,FALSE,Major,4151906,48d01h18m26,0
STORM-1349,FALSE,FALSE,Major,882,00d00h14m42,0
STORM-620,FALSE,FALSE,Trivial,446454,05d04h00m54,0
STORM-2835,FALSE,FALSE,Critical,765328,08d20h35m28,0
STORM-2834,TRUE,FALSE,Minor,563066,06d12h24m26,0
STORM-499,FALSE,FALSE,Critical,2948644,34d03h04m04,0
STORM-2833,FALSE,FALSE,Major,108413,01d06h06m53,0
STORM-1408,FALSE,FALSE,Minor,1727461,19d23h51m01,0
STORM-2602,FALSE,FALSE,Major,834460,09d15h47m40,0
STORM-1977,TRUE,FALSE,Critical,224689,02d14h24m49,0
STORM-1976,FALSE,FALSE,Blocker,232159,02d16h29m19,0
STORM-760,FALSE,FALSE,Major,5011869,58d00h11m09,0
STORM-267,FALSE,FALSE,Trivial,4748355,54d22h59m15,0
STORM-807,FALSE,FALSE,Blocker,537702,06d05h21m42,0
STORM-763,TRUE,FALSE,Major,8415576,97d09h39m36,0
STORM-294,FALSE,FALSE,Major,160326,01d20h32m06,0
STORM-3275,FALSE,FALSE,Minor,773578,08d22h52m58,0
STORM-3276,FALSE,FALSE,Blocker,4845853,56d02h04m13,0
STORM-3272,FALSE,FALSE,Major,3783123,43d18h52m03,0
STORM-3273,FALSE,FALSE,Critical,92342,01d01h39m02,0
STORM-3278,FALSE,FALSE,Major,491709,05d16h35m09,0
STORM-3279,TRUE,FALSE,Major,3437694,39d18h54m54,0
STORM-3239,FALSE,FALSE,Blocker,309944,03d14h05m44,0
KAFKA-7044,FALSE,FALSE,Major,7919053,91d15h44m13,0
STORM-730,FALSE,FALSE,Minor,2408606,27d21h03m26,0
STORM-493,FALSE,FALSE,Minor,1237102,14d07h38m22,0
STORM-2541,TRUE,FALSE,Major,3756413,43d11h26m53,0
STORM-295,FALSE,TRUE,Major,2174729,25d04h05m29,0
STORM-1694,TRUE,FALSE,Major,23544393,272d12h06m33,0
CURATOR-209,FALSE,FALSE,Critical,23772863,275d03h34m23,0
STORM-1696,FALSE,FALSE,Blocker,1022994,11d20h09m54,0
STORM-1455,TRUE,FALSE,Major,2392473,27d16h34m33,0
STORM-1519,FALSE,FALSE,Minor,766520,08d20h55m20,0
STORM-1693,FALSE,FALSE,Critical,1048985,12d03h23m05,0
STORM-1517,TRUE,FALSE,Major,266202,03d01h56m42,0
STORM-1516,FALSE,FALSE,Blocker,1750017,20d06h06m57,0
STORM-1515,FALSE,FALSE,Major,113243784,1310d16h36m24,0
STORM-1510,FALSE,FALSE,Minor,84759,00d23h32m39,0
STORM-850,FALSE,FALSE,Major,66461,00d18h27m41,0
STORM-346,TRUE,FALSE,Major,4995899,57d19h44m59,0
STORM-347,TRUE,FALSE,Major,4157296,48d02h48m16,0
STORM-254,FALSE,FALSE,Major,11871664,137d09h41m04,0
STORM-344,FALSE,FALSE,Major,167825,01d22h37m05,0
STORM-613,FALSE,FALSE,Major,718915,08d07h41m55,0
STORM-3470,FALSE,FALSE,Major,1917595,22d04h39m55,1
STORM-1725,FALSE,FALSE,Blocker,1728,00d00h28m48,0
STORM-2021,FALSE,FALSE,Blocker,97026,01d02h57m06,0
STORM-297,TRUE,FALSE,Major,3923733,45d09h55m33,0
STORM-1911,FALSE,FALSE,Major,484837,05d14h40m37,0
STORM-1150,FALSE,FALSE,Major,6340390,73d09h13m10,0
STORM-1017,FALSE,FALSE,Major,4693650,54d07h47m30,0
STORM-1587,FALSE,FALSE,Major,93659,01d02h00m59,0
STORM-1012,FALSE,FALSE,Major,3185169,36d20h46m09,0
STORM-1011,FALSE,FALSE,Major,1851999,21d10h26m39,0
STORM-1761,FALSE,FALSE,Minor,1072559,12d09h55m59,1
STORM-1764,FALSE,FALSE,Major,1013293,11d17h28m13,0
STORM-2389,FALSE,FALSE,Blocker,207017,02d09h30m17,0
STORM-1602,FALSE,FALSE,Critical,1388753,16d01h45m53,0
STORM-1601,FALSE,FALSE,Major,76610,00d21h16m50,0
STORM-856,FALSE,FALSE,Critical,100243,01d03h50m43,0
STORM-1606,FALSE,FALSE,Major,124953,01d10h42m33,0
STORM-298,FALSE,FALSE,Trivial,1631065,18d21h04m25,0
STORM-1463,FALSE,FALSE,Major,928694,10d17h58m14,0
STORM-3377,FALSE,FALSE,Major,590717,06d20h05m17,0
STORM-1561,FALSE,FALSE,Major,1273658,14d17h47m38,0
STORM-3371,FALSE,FALSE,Major,2684594,31d01h43m14,0
STORM-1567,FALSE,FALSE,Trivial,18459006,213d15h30m06,0
STORM-1564,FALSE,FALSE,Major,458814,05d07h26m54,0
STORM-3372,TRUE,FALSE,Major,10072725,116d13h58m45,0
STORM-2422,FALSE,FALSE,Major,229176,02d15h39m36,0
STORM-2423,FALSE,FALSE,Critical,268257,03d02h30m57,0
STORM-827,FALSE,FALSE,Critical,265990,03d01h53m10,0
STORM-2427,FALSE,FALSE,Major,87708,01d00h21m48,0
STORM-537,FALSE,FALSE,Major,1988589,23d00h23m09,0
STORM-2357,TRUE,FALSE,Major,19930224,230d16h10m24,0
STORM-539,TRUE,FALSE,Major,12164538,140d19h02m18,0
STORM-2052,FALSE,FALSE,Critical,7870701,91d02h18m21,0
STORM-285,FALSE,FALSE,Trivial,183284,02d02h54m44,0
STORM-2429,FALSE,FALSE,Minor,1215249,14d01h34m09,0
STORM-944,FALSE,FALSE,Minor,2236497,25d21h14m57,0
STORM-2056,FALSE,FALSE,Major,534347,06d04h25m47,0
STORM-281,FALSE,FALSE,Minor,1283837,14d20h37m17,0
STORM-280,FALSE,FALSE,Major,3020413,34d23h00m13,0
STORM-857,FALSE,FALSE,Major,3213546,37d04h39m06,0
STORM-3501,TRUE,FALSE,Minor,272826,03d03h47m06,0
STORM-3059,TRUE,FALSE,Major,105852,01d05h24m12,0
STORM-3504,TRUE,FALSE,Major,1043882,12d01h58m02,0
STORM-3055,TRUE,FALSE,Major,2562119,29d15h41m59,0
STORM-3056,FALSE,FALSE,Minor,5817926,67d08h05m26,0
STORM-2941,FALSE,FALSE,Major,88582,01d00h36m22,0
STORM-3118,FALSE,FALSE,Major,102810,01d04h33m30,0
STORM-3052,FALSE,FALSE,Major,1786,00d00h29m46,0
STORM-3053,TRUE,FALSE,Major,2749068,31d19h37m48,0
STORM-2771,FALSE,FALSE,Major,326311,03d18h38m31,0
STORM-790,FALSE,FALSE,Major,3946608,45d16h16m48,0
STORM-1120,FALSE,FALSE,Major,3047703,35d06h35m03,0
STORM-1121,FALSE,FALSE,Major,200142,02d07h35m42,0
STORM-1663,FALSE,FALSE,Critical,216883,02d12h14m43,0
STORM-2054,FALSE,TRUE,Critical,1119962,12d23h06m02,0
STORM-2457,FALSE,FALSE,Major,88330,01d00h32m10,0
STORM-546,FALSE,FALSE,Minor,29234601,338d08h43m21,1
STORM-87,TRUE,FALSE,Minor,20420867,236d08h27m47,0
STORM-541,FALSE,FALSE,Minor,12427628,143d20h07m08,0
STORM-2518,FALSE,FALSE,Major,265065,03d01h37m45,0
STORM-2450,FALSE,FALSE,Major,182231,02d02h37m11,0
STORM-2516,TRUE,FALSE,Major,1178523,13d15h22m03,0
STORM-2517,TRUE,FALSE,Minor,8987591,104d00h33m11,0
STORM-238,FALSE,FALSE,Minor,6411358,74d04h55m58,0
STORM-239,FALSE,FALSE,Minor,14697630,170d02h40m30,0
STORM-3182,FALSE,FALSE,Blocker,356267,04d02h57m47,0
STORM-3183,FALSE,FALSE,Blocker,447039,05d04h10m39,0
STORM-3180,FALSE,FALSE,Blocker,363150,04d04h52m30,0
STORM-3181,FALSE,FALSE,Blocker,358403,04d03h33m23,0
STORM-1906,FALSE,FALSE,Minor,80937,00d22h28m57,0
STORM-1907,FALSE,FALSE,Blocker,710109,08d05h15m09,0
STORM-751,FALSE,FALSE,Critical,10465828,121d03h10m28,0
STORM-750,FALSE,FALSE,Major,268643,03d02h37m23,0
STORM-2639,TRUE,FALSE,Major,21154,00d05h52m34,0
STORM-2638,TRUE,FALSE,Major,239817,02d18h36m57,0
STORM-1878,TRUE,FALSE,Major,415467,04d19h24m27,0
STORM-2635,TRUE,FALSE,Major,4531195,52d10h39m55,0
STORM-1909,FALSE,FALSE,Major,2740495,31d17h14m55,0
STORM-1467,FALSE,FALSE,Major,255202,02d22h53m22,0
STORM-1466,FALSE,FALSE,Major,258576,02d23h49m36,0
STORM-2734,FALSE,FALSE,Major,161025,01d20h43m45,0
STORM-2732,TRUE,FALSE,Major,263994,03d01h19m54,0
STORM-2733,TRUE,FALSE,Major,514845,05d23h00m45,0
STORM-2228,TRUE,FALSE,Blocker,5458687,63d04h18m07,0
STORM-2738,TRUE,FALSE,Minor,534500,06d04h28m20,0
STORM-1468,FALSE,FALSE,Major,678067,07d20h21m07,0
STORM-867,FALSE,FALSE,Major,574153,06d15h29m13,0
STORM-2315,FALSE,FALSE,Major,6990344,80d21h45m44,0
STORM-3116,TRUE,FALSE,Trivial,121411,01d09h43m31,0
STORM-439,TRUE,FALSE,Major,5438531,62d22h42m11,0
STORM-1834,FALSE,FALSE,Trivial,4791553,55d10h59m13,0
STORM-762,FALSE,FALSE,Blocker,513320,05d22h35m20,0
STORM-1837,TRUE,FALSE,Minor,10985546,127d03h32m26,0
STORM-437,FALSE,FALSE,Major,1749454,20d05h57m34,0
STORM-1423,FALSE,FALSE,Major,1203434,13d22h17m14,0
STORM-1472,FALSE,FALSE,Minor,585183,06d18h33m03,0
STORM-3184,TRUE,FALSE,Major,651736,07d13h02m16,0
STORM-496,FALSE,FALSE,Major,15622568,180d19h36m08,1
STORM-860,FALSE,FALSE,Minor,447487,05d04h18m07,0
STORM-797,FALSE,FALSE,Critical,413844,04d18h57m24,0
STORM-2120,FALSE,FALSE,Major,15826,00d04h23m46,0
STORM-1997,TRUE,FALSE,Major,30725550,355d14h52m30,0
STORM-2126,FALSE,FALSE,Minor,162614,01d21h10m14,0
STORM-1995,FALSE,FALSE,Minor,864923,10d00h15m23,0
STORM-2642,FALSE,FALSE,Critical,115161,01d07h59m21,0
STORM-636,TRUE,FALSE,Minor,1045029,12d02h17m09,0
STORM-1999,FALSE,FALSE,Major,1809022,20d22h30m22,1
STORM-2641,FALSE,FALSE,Major,116691,01d08h24m51,0
STORM-1204,FALSE,FALSE,Major,439279,05d02h01m19,0
STORM-130,FALSE,FALSE,Minor,37626150,435d11h42m30,0
STORM-1412,FALSE,FALSE,Major,1084015,12d13h06m55,0
STORM-1413,FALSE,FALSE,Minor,1143675,13d05h41m15,0
STORM-1411,FALSE,FALSE,Minor,161355,01d20h49m15,0
STORM-1417,FALSE,FALSE,Major,1139171,13d04h26m11,0
STORM-497,FALSE,FALSE,Critical,4460959,51d15h09m19,0
STORM-1418,FALSE,FALSE,Minor,1507938,17d10h52m18,0
STORM-1419,TRUE,FALSE,Major,1667552,19d07h12m32,0
STORM-3110,FALSE,FALSE,Major,782771,09d01h26m11,0
STORM-1395,FALSE,FALSE,Major,88875,01d00h41m15,0
STORM-2454,FALSE,FALSE,Major,161588,01d20h53m08,0
STORM-1397,FALSE,FALSE,Major,1637892,18d22h58m12,0
STORM-1666,FALSE,FALSE,Minor,83900,00d23h18m20,0
STORM-690,FALSE,FALSE,Major,1196631,13d20h23m51,0
STORM-2844,TRUE,FALSE,Critical,1772909,20d12h28m29,0
STORM-2845,TRUE,FALSE,Major,787382,09d02h43m02,0
STORM-2847,TRUE,FALSE,Major,1211883,14d00h38m03,0
STORM-1399,TRUE,FALSE,Minor,358717,04d03h38m37,0
STORM-1398,FALSE,FALSE,Critical,357167,04d03h12m47,0
STORM-1756,FALSE,FALSE,Major,1196021,13d20h13m41,1
STORM-2843,FALSE,FALSE,Major,1786848,20d16h20m48,0
STORM-3307,TRUE,FALSE,Major,108631,01d06h10m31,0
STORM-3300,FALSE,FALSE,Major,842349,09d17h59m09,0
STORM-3301,FALSE,TRUE,Major,250603,02d21h36m43,0
STORM-3302,TRUE,FALSE,Major,675361,07d19h36m01,0
STORM-3303,FALSE,FALSE,Minor,590714,06d20h05m14,0
STORM-2361,FALSE,FALSE,Major,1992331,23d01h25m31,0
STORM-1191,FALSE,FALSE,Minor,261138,03d00h32m18,0
STORM-1190,FALSE,FALSE,Critical,392889,04d13h08m09,0
STORM-3309,TRUE,FALSE,Major,2205735,25d12h42m15,0
STORM-1544,FALSE,FALSE,Major,5959669,68d23h27m49,0
STORM-1545,TRUE,FALSE,Major,1162934,13d11h02m14,0
STORM-1608,TRUE,FALSE,Major,653621,07d13h33m41,0
STORM-2045,FALSE,FALSE,Major,344255,03d23h37m35,0
STORM-1646,TRUE,FALSE,Major,14027276,162d08h27m56,0
STORM-1642,FALSE,FALSE,Major,38682932,447d17h15m32,0
STORM-1668,FALSE,FALSE,Major,100577,01d03h56m17,0
STORM-3230,FALSE,FALSE,Major,99629,01d03h40m29,0
STORM-1488,FALSE,FALSE,Critical,3135125,36d06h52m05,0
STORM-2894,FALSE,FALSE,Trivial,474452,05d11h47m32,0
STORM-1522,FALSE,FALSE,Major,1399509,16d04h45m09,0
STORM-3235,TRUE,FALSE,Major,194693,02d06h04m53,0
STORM-1520,FALSE,FALSE,Blocker,518096,05d23h54m56,0
STORM-3237,FALSE,FALSE,Minor,337799,03d21h49m59,0
STORM-3238,FALSE,FALSE,Blocker,397366,04d14h22m46,0
STORM-3102,FALSE,FALSE,Major,263182,03d01h06m22,0
STORM-1482,FALSE,FALSE,Major,379835,04d09h30m35,1
STORM-1485,TRUE,FALSE,Major,265350,03d01h42m30,0
STORM-1484,FALSE,FALSE,Minor,287362,03d07h49m22,0
STORM-1528,FALSE,FALSE,Minor,2406262,27d20h24m22,0
STORM-2892,FALSE,FALSE,Trivial,222821,02d13h53m41,0
STORM-2017,FALSE,FALSE,Major,4855307,56d04h41m47,0
STORM-670,FALSE,FALSE,Major,2348791,27d04h26m31,0
STORM-2544,TRUE,FALSE,Major,3528786,40d20h13m06,0
STORM-2546,TRUE,FALSE,Major,13904617,160d22h23m37,0
STORM-2549,TRUE,FALSE,Major,13306655,154d00h17m35,0
STORM-3012,FALSE,FALSE,Major,259929,03d00h12m09,0
STORM-1203,FALSE,FALSE,Major,1007899,11d15h58m19,0
STORM-3390,FALSE,FALSE,Major,271173,03d03h19m33,0
STORM-513,TRUE,FALSE,Blocker,3807837,44d01h43m57,0
STORM-2678,TRUE,FALSE,Major,2987444,34d13h50m44,0
STORM-1681,FALSE,FALSE,Critical,1302151,15d01h42m31,0
STORM-2597,FALSE,FALSE,Major,517496,05d23h44m56,0
STORM-1163,FALSE,FALSE,Major,178069,02d01h27m49,0
STORM-1160,FALSE,FALSE,Major,5962130,69d00h08m50,0
STORM-1161,FALSE,FALSE,Major,261186,03d00h33m06,0
STORM-274,FALSE,FALSE,Major,12431716,143d21h15m16,0
STORM-1042,FALSE,FALSE,Critical,1901536,22d00h12m16,0
STORM-933,FALSE,FALSE,Major,2003824,23d04h37m04,0
STORM-1044,TRUE,FALSE,Minor,2363195,27d08h26m35,1
STORM-1168,FALSE,FALSE,Minor,99572,01d03h39m32,0
STORM-1733,FALSE,FALSE,Major,247236,02d20h40m36,0
STORM-694,FALSE,FALSE,Minor,8158755,94d10h19m15,0
STORM-1730,FALSE,FALSE,Minor,7273018,84d04h16m58,0
STORM-757,FALSE,FALSE,Major,606746,07d00h32m26,0
STORM-372,FALSE,FALSE,Trivial,451923,05d05h32m03,0
STORM-1735,FALSE,FALSE,Minor,1642494,19d00h14m54,0
STORM-695,FALSE,FALSE,Minor,26975473,312d05h11m13,0
STORM-2772,FALSE,FALSE,Major,563407,06d12h30m07,0
STORM-1531,FALSE,FALSE,Trivial,33099,00d09h11m39,0
STORM-2599,FALSE,FALSE,Blocker,399076,04d14h51m16,0
STORM-1636,TRUE,FALSE,Major,484744,05d14h39m04,0
STORM-2037,FALSE,FALSE,Major,210373,02d10h26m13,0
STORM-401,FALSE,FALSE,Minor,3777775,43d17h22m55,0
STORM-403,FALSE,FALSE,Minor,475722,05d12h08m42,0
STORM-402,FALSE,FALSE,Minor,619201,07d04h00m01,0
STORM-2264,FALSE,FALSE,Critical,1042783,12d01h39m43,0
STORM-1533,FALSE,FALSE,Major,180752,02d02h12m32,0
STORM-2266,TRUE,FALSE,Critical,4780459,55d07h54m19,1
STORM-2267,FALSE,FALSE,Major,106848,01d05h40m48,0
STORM-2268,FALSE,FALSE,Critical,780424,09d00h47m04,0
STORM-2408,FALSE,FALSE,Major,197371,02d06h49m31,0
STORM-155,FALSE,FALSE,Major,19233945,222d14h45m45,0
STORM-873,FALSE,FALSE,Critical,823289,09d12h41m29,0
STORM-630,FALSE,FALSE,Major,363518,04d04h58m38,0
STORM-2305,FALSE,FALSE,Blocker,395419,04d13h50m19,0
STORM-500,FALSE,FALSE,Minor,367628,04d06h07m08,0
STORM-1424,FALSE,FALSE,Minor,656609,07d14h23m29,0
STORM-3168,FALSE,FALSE,Major,157892,01d19h51m32,0
STORM-3169,FALSE,FALSE,Major,154517,01d18h55m17,0
STORM-2064,FALSE,FALSE,Minor,155281,01d19h08m01,0
STORM-976,FALSE,FALSE,Minor,680237,07d20h57m17,0
STORM-3164,FALSE,FALSE,Minor,157567,01d19h46m07,0
STORM-3166,FALSE,FALSE,Minor,181990,02d02h33m10,0
STORM-3167,FALSE,FALSE,Minor,177039,02d01h10m39,0
STORM-1221,TRUE,FALSE,Major,100024,01d03h47m04,0
STORM-3161,FALSE,FALSE,Major,171099,01d23h31m39,0
STORM-3162,TRUE,FALSE,Critical,4509707,52d04h41m47,0
STORM-2934,TRUE,FALSE,Major,186300,02d03h45m00,0
STORM-1540,TRUE,FALSE,Blocker,1212073,14d00h41m13,0
STORM-503,FALSE,FALSE,Minor,25664515,297d01h01m55,0
STORM-3498,FALSE,FALSE,Major,4480,00d01h14m40,0
STORM-2932,FALSE,FALSE,Major,987062,11d10h11m02,0
STORM-3491,FALSE,FALSE,Major,88028,01d00h27m08,0
STORM-2787,FALSE,FALSE,Critical,412748,04d18h39m08,0
STORM-2786,TRUE,FALSE,Critical,207830,02d09h43m50,0
STORM-476,FALSE,FALSE,Major,236434,02d17h40m34,0
STORM-477,FALSE,FALSE,Minor,26186557,303d02h02m37,0
STORM-578,FALSE,FALSE,Minor,3516643,40d16h50m43,0
STORM-472,FALSE,FALSE,Trivial,5491,00d01h31m31,0
STORM-2469,FALSE,FALSE,Major,85809,00d23h50m09,0
STORM-2467,FALSE,FALSE,Major,226929,02d15h02m09,0
STORM-577,FALSE,FALSE,Minor,2186065,25d07h14m25,0
STORM-507,FALSE,FALSE,Major,623517,07d05h11m57,0
STORM-2335,FALSE,FALSE,Major,114303,01d07h45m03,0
STORM-2463,TRUE,FALSE,Major,101891,01d04h18m11,0
STORM-1541,FALSE,FALSE,Major,675003,07d19h30m03,0
STORM-1532,FALSE,FALSE,Major,892380,10d07h53m00,0
STORM-708,FALSE,FALSE,Trivial,6645797,76d22h03m17,0
STORM-965,TRUE,FALSE,Major,3816380,44d04h06m20,0
STORM-703,FALSE,FALSE,Major,1090139,12d14h48m59,0
STORM-2769,FALSE,FALSE,Minor,88576,01d00h36m16,0
STORM-2607,TRUE,FALSE,Minor,9471557,109d14h59m17,0
STORM-1594,FALSE,TRUE,Minor,13074873,151d07h54m33,0
STORM-852,FALSE,FALSE,Minor,362974,04d04h49m34,0
STORM-1592,FALSE,FALSE,Blocker,91990,01d01h33m10,0
STORM-1458,FALSE,FALSE,Major,242371,02d19h19m31,0
STORM-2784,FALSE,FALSE,Major,353289,04d02h08m09,0
STORM-492,FALSE,FALSE,Major,34140114,395d03h21m54,1
STORM-1457,FALSE,FALSE,Major,247743,02d20h49m03,0
STORM-490,FALSE,FALSE,Blocker,2502292,28d23h04m52,0
STORM-2762,TRUE,FALSE,Minor,13900066,160d21h07m46,0
STORM-2765,TRUE,FALSE,Minor,321786,03d17h23m06,0
STORM-2764,FALSE,FALSE,Major,315761,03d15h42m41,0
STORM-2608,TRUE,FALSE,Major,958664,11d02h17m44,0
STORM-2808,FALSE,FALSE,Major,173685,02d00h14m45,0
STORM-2809,FALSE,FALSE,Blocker,294898,03d09h54m58,0
STORM-641,FALSE,FALSE,Trivial,2071345,23d23h22m25,0
STORM-1359,FALSE,FALSE,Minor,835123,09d15h58m43,0
STORM-2803,TRUE,FALSE,Major,192241,02d05h24m01,0
STORM-2804,FALSE,FALSE,Minor,89814,01d00h56m54,0
STORM-791,FALSE,FALSE,Major,254849,02d22h47m29,0
STORM-1941,FALSE,FALSE,Critical,324946,03d18h15m46,0
STORM-1942,FALSE,FALSE,Minor,782041,09d01h14m01,0
STORM-355,FALSE,FALSE,Major,633131,07d07h52m11,0
STORM-1945,FALSE,FALSE,Critical,149639,01d17h33m59,0
STORM-1946,FALSE,FALSE,Major,145171,01d16h19m31,0
STORM-796,FALSE,FALSE,Major,4170184,48d06h23m04,0
STORM-1862,FALSE,FALSE,Major,394,00d00h06m34,0
STORM-1861,FALSE,FALSE,Blocker,738785,08d13h13m05,0
STORM-2645,FALSE,FALSE,Major,171558,01d23h39m18,0
STORM-1864,TRUE,FALSE,Critical,1247714,14d10h35m14,1
STORM-2198,FALSE,FALSE,Major,461429,05d08h10m29,0
STORM-1099,FALSE,FALSE,Major,141279,01d15h14m39,0
STORM-1096,FALSE,FALSE,Blocker,152547,01d18h22m27,0
STORM-1094,FALSE,FALSE,Major,143280,01d15h48m00,0
STORM-2411,FALSE,FALSE,Major,536011,06d04h53m31,0
STORM-1090,FALSE,FALSE,Major,218285,02d12h38m05,0
STORM-2175,TRUE,FALSE,Major,555115,06d10h11m55,0
STORM-3236,FALSE,FALSE,Minor,160822,01d20h40m22,0
STORM-2118,FALSE,FALSE,Minor,258727,02d23h52m07,0
STORM-2119,FALSE,FALSE,Minor,236480,02d17h41m20,0
STORM-651,FALSE,FALSE,Minor,1798264,20d19h31m04,0
STORM-1683,FALSE,FALSE,Major,1344555,15d13h29m15,0
STORM-2110,FALSE,FALSE,Critical,121806,01d09h50m06,0
STORM-1687,FALSE,FALSE,Major,512635,05d22h23m55,0
STORM-2117,FALSE,FALSE,Critical,3039829,35d04h23m49,1
STORM-352,FALSE,FALSE,Major,6576,00d01h49m36,0
STORM-196,FALSE,FALSE,Blocker,7429578,85d23h46m18,0
STORM-489,FALSE,FALSE,Trivial,1647734,19d01h42m14,0
STORM-488,FALSE,FALSE,Minor,2804343,32d10h59m03,0
STORM-2283,FALSE,FALSE,Major,113673,01d07h34m33,0
STORM-1750,FALSE,FALSE,Critical,1337551,15d11h32m31,0
STORM-2281,TRUE,FALSE,Critical,2438698,28d05h24m58,0
STORM-693,FALSE,FALSE,Major,1703582,19d17h13m02,1
STORM-357,FALSE,FALSE,Major,9724,00d02h42m04,0
STORM-2779,FALSE,FALSE,Major,92055,01d01h34m15,0
STORM-1737,FALSE,FALSE,Blocker,6799121,78d16h38m41,0
