BugID, #isArch, #isInduce, #Priority, #TimeSec, #Time, #Reopen
WW-2058,FALSE,FALSE,Minor,1903639,22d00h47m19,0
WW-2350,FALSE,FALSE,Minor,6267584,72d12h59m44,0
WW-2351,TRUE,FALSE,Minor,5877702,68d00h41m42,0
WW-2727,FALSE,FALSE,Critical,12035622,139d07h13m42,0
WW-2721,FALSE,FALSE,Major,25427,00d07h03m47,0
WW-2720,FALSE,FALSE,Minor,13758937,159d05h55m37,0
WW-1814,FALSE,FALSE,Major,477995,05d12h46m35,0
WW-3329,TRUE,FALSE,Blocker,5388229,62d08h43m49,1
WW-1920,FALSE,FALSE,Major,971704,11d05h55m04,0
WW-1923,TRUE,FALSE,Blocker,321250,03d17h14m10,0
WW-3023,TRUE,FALSE,Minor,1354,00d00h22m34,0
WW-1316,TRUE,FALSE,Major,4413,00d01h13m33,0
WW-1315,TRUE,FALSE,Major,148982,01d17h23m02,0
WW-1313,FALSE,FALSE,Major,2800684,32d09h58m04,0
WW-3029,FALSE,FALSE,Critical,7158,00d01h59m18,0
WW-3028,FALSE,TRUE,Minor,1289,00d00h21m29,0
WW-2611,FALSE,FALSE,Blocker,4777409,55d07h03m29,0
WW-2610,TRUE,FALSE,Minor,18244176,211d03h49m36,0
WW-2752,FALSE,FALSE,Major,10665326,123d10h35m26,0
WW-2619,FALSE,FALSE,Minor,5013149,58d00h32m29,0
WW-2751,FALSE,FALSE,Minor,11281817,130d13h50m17,0
WW-1494,FALSE,FALSE,Major,1464,00d00h24m24,0
WW-1696,TRUE,FALSE,Critical,301876,03d11h51m16,0
WW-2536,FALSE,FALSE,Major,8675829,100d09h57m09,0
WW-2539,TRUE,FALSE,Major,3079031,35d15h17m11,0
WW-1699,FALSE,FALSE,Trivial,1300575,15d01h16m15,0
WW-2439,FALSE,FALSE,Major,667543,07d17h25m43,0
WW-2438,FALSE,FALSE,Minor,2076701,24d00h51m41,0
WW-2358,TRUE,FALSE,Major,18943300,219d06h01m40,0
WW-945,FALSE,FALSE,Major,18343776,212d07h29m36,0
WW-3562,FALSE,FALSE,Minor,9440643,109d06h24m03,0
WW-2120,TRUE,FALSE,Minor,23980435,277d13h13m55,0
WW-3560,FALSE,FALSE,Major,99011,01d03h30m11,0
WW-3208,FALSE,FALSE,Minor,1474,00d00h24m34,0
WW-2437,FALSE,FALSE,Blocker,844169,09d18h29m29,1
WW-2436,FALSE,FALSE,Trivial,2092552,24d05h15m52,0
WW-2435,FALSE,FALSE,Major,541718,06d06h28m38,0
WW-1993,FALSE,FALSE,Minor,5250271,60d18h24m31,0
WW-3368,FALSE,FALSE,Minor,529,00d00h08m49,0
WW-3361,FALSE,FALSE,Minor,9653693,111d17h34m53,0
WW-1385,FALSE,FALSE,Major,49888621,577d09h57m01,0
WW-1387,FALSE,FALSE,Major,49996,00d13h53m16,0
WW-1380,FALSE,FALSE,Major,172,00d00h02m52,0
WW-1381,FALSE,FALSE,Major,3322,00d00h55m22,0
WW-1538,TRUE,TRUE,Major,7126607,82d11h36m47,0
WW-1388,TRUE,FALSE,Critical,3431788,39d17h16m28,0
WW-2226,FALSE,FALSE,Major,9272606,107d07h43m26,0
WW-2225,FALSE,FALSE,Major,20308262,235d01h11m02,0
WW-2220,FALSE,FALSE,Major,145,00d00h02m25,0
WW-2221,FALSE,FALSE,Major,3169063,36d16h17m43,0
WW-1745,FALSE,FALSE,Minor,2649,00d00h44m09,0
WW-1746,TRUE,FALSE,Minor,7752440,89d17h27m20,0
WW-1747,FALSE,FALSE,Major,1397062,16d04h04m22,1
WW-3519,FALSE,FALSE,Major,7307835,84d13h57m15,0
WW-2988,FALSE,FALSE,Minor,771,00d00h12m51,0
WW-1662,TRUE,FALSE,Major,954735,11d01h12m15,1
WW-1660,FALSE,FALSE,Major,34032,00d09h27m12,0
WW-2983,FALSE,FALSE,Minor,768541,08d21h29m01,0
WW-3512,FALSE,FALSE,Minor,9940129,115d01h08m49,1
WW-2869,FALSE,FALSE,Major,50362007,582d21h26m47,0
WW-3291,TRUE,TRUE,Critical,12608352,145d22h19m12,0
WW-2862,TRUE,FALSE,Major,2358757,27d07h12m37,0
WW-2863,FALSE,FALSE,Major,14290737,165d09h38m57,0
WW-3294,FALSE,FALSE,Blocker,12188999,141d01h49m59,0
WW-3295,FALSE,FALSE,Major,13284702,153d18h11m42,0
WW-3097,FALSE,FALSE,Major,3004061,34d18h27m41,0
WW-3092,FALSE,FALSE,Major,422,00d00h07m02,0
WW-3090,TRUE,TRUE,Major,815009,09d10h23m29,0
WW-1444,FALSE,FALSE,Major,193,00d00h03m13,0
WW-1602,FALSE,FALSE,Trivial,4007348,46d09h09m08,0
WW-1524,TRUE,FALSE,Major,2761761,31d23h09m21,0
WW-2303,FALSE,FALSE,Major,6826105,79d00h08m25,0
WW-1526,FALSE,FALSE,Major,9032564,104d13h02m44,0
WW-1529,FALSE,FALSE,Major,70179,00d19h29m39,1
WW-1464,FALSE,FALSE,Major,1132,00d00h18m52,0
WW-3585,FALSE,FALSE,Minor,8118028,93d23h00m28,0
WW-769,TRUE,FALSE,Major,43226205,500d07h16m45,1
WW-3582,FALSE,FALSE,Major,21687,00d06h01m27,0
WW-2913,FALSE,FALSE,Major,2087,00d00h34m47,0
WW-3588,FALSE,FALSE,Major,222,00d00h03m42,0
WW-3424,FALSE,FALSE,Major,43364,00d12h02m44,0
WW-1960,TRUE,TRUE,Minor,10093608,116d19h46m48,0
WW-1966,FALSE,FALSE,Major,7830059,90d15h00m59,0
WW-2313,FALSE,FALSE,Blocker,415941,04d19h32m21,0
WW-1357,FALSE,FALSE,Major,7740,00d02h09m00,0
WW-1311,FALSE,FALSE,Major,166597,01d22h16m37,0
WW-1354,FALSE,FALSE,Major,120,00d00h02m00,0
WW-1292,FALSE,FALSE,Minor,910915,10d13h01m55,0
WW-1293,FALSE,FALSE,Major,2529583,29d06h39m43,0
WW-1297,FALSE,FALSE,Minor,7069691,81d19h48m11,0
WW-3068,TRUE,FALSE,Major,155509,01d19h11m49,0
WW-1591,FALSE,FALSE,Major,647,00d00h10m47,0
WW-3142,TRUE,FALSE,Major,6985204,80d20h20m04,0
WW-3143,FALSE,FALSE,Major,118676,01d08h57m56,0
WW-1455,FALSE,FALSE,Major,4539473,52d12h57m53,0
WW-3067,FALSE,FALSE,Major,8782,00d02h26m22,0
WW-1598,FALSE,TRUE,Critical,4326097,50d01h41m37,1
WW-2559,FALSE,FALSE,Major,7427696,85d23h14m56,0
WW-3637,FALSE,FALSE,Minor,659239,07d15h07m19,0
WW-3634,FALSE,FALSE,Major,24819,00d06h53m39,0
WW-3635,FALSE,FALSE,Minor,523918,06d01h31m58,0
WW-1793,FALSE,FALSE,Major,2507498,29d00h31m38,0
WW-2007,FALSE,FALSE,Major,3026516,35d00h41m56,0
WW-2168,FALSE,FALSE,Major,26604799,307d22h13m19,0
WW-1794,FALSE,FALSE,Trivial,15180,00d04h13m00,0
WW-2164,FALSE,FALSE,Major,43235,00d12h00m35,0
WW-2167,FALSE,FALSE,Major,73316133,848d13h35m33,1
WW-2009,FALSE,FALSE,Major,11095055,128d09h57m35,1
WW-3325,FALSE,FALSE,Major,13034684,150d20h44m44,0
WW-2367,FALSE,FALSE,Critical,41182323,476d15h32m03,0
WW-2366,FALSE,FALSE,Major,3926775,45d10h46m15,0
WW-1816,FALSE,FALSE,Major,3097500,35d20h25m00,0
WW-1812,FALSE,FALSE,Minor,915865,10d14h24m25,0
WW-3509,TRUE,FALSE,Major,1642026,19d00h07m06,0
WW-1668,TRUE,FALSE,Critical,228886,02d15h34m46,0
WW-1448,FALSE,FALSE,Major,1424,00d00h23m44,0
WW-2509,FALSE,FALSE,Major,409504,04d17h45m04,0
WW-2482,FALSE,FALSE,Minor,71896,00d19h58m16,0
WW-2480,FALSE,FALSE,Major,10676975,123d13h49m35,0
WW-2768,FALSE,FALSE,Critical,9817884,113d15h11m24,0
WW-3507,FALSE,FALSE,Major,10554311,122d03h45m11,0
WW-1470,FALSE,FALSE,Major,54,00d00h00m54,0
WW-2465,FALSE,FALSE,Major,5274916,61d01h15m16,0
WW-3498,FALSE,FALSE,Major,12462606,144d05h50m06,1
WW-3550,FALSE,FALSE,Major,5722275,66d05h31m15,0
WW-2462,FALSE,FALSE,Major,10105340,116d23h02m20,0
WW-3554,FALSE,FALSE,Blocker,114037,01d07h40m37,0
WW-1692,FALSE,FALSE,Major,19,00d00h00m19,0
WW-3490,TRUE,FALSE,Minor,13132276,151d23h51m16,0
WW-3558,FALSE,FALSE,Major,15309827,177d04h43m47,0
WW-3496,FALSE,FALSE,Minor,12430362,143d20h52m42,0
WW-3559,FALSE,FALSE,Major,416260,04d19h37m40,0
WW-2504,TRUE,FALSE,Major,5397489,62d11h18m09,0
WW-3395,FALSE,FALSE,Minor,32535028,376d13h30m28,0
WW-1709,FALSE,FALSE,Major,1051816,12d04h10m16,0
WW-2500,FALSE,FALSE,Minor,3367,00d00h56m07,0
WW-3393,FALSE,FALSE,Major,5100,00d01h25m00,0
WW-1702,FALSE,FALSE,Minor,1144576,13d05h56m16,0
WW-1703,FALSE,FALSE,Minor,14054886,162d16h08m06,0
WW-2506,TRUE,FALSE,Major,4831974,55d22h12m54,0
WW-1271,FALSE,FALSE,Trivial,3177816,36d18h43m36,0
WW-1278,FALSE,FALSE,Major,2953575,34d04h26m15,0
WW-3195,TRUE,FALSE,Major,8805715,101d22h01m55,0
WW-2217,TRUE,FALSE,Major,10332700,119d14h11m40,0
WW-2219,FALSE,FALSE,Blocker,17021,00d04h43m41,0
WW-2186,FALSE,FALSE,Minor,13191322,152d16h15m22,0
WW-1636,TRUE,FALSE,Major,77382,00d21h29m42,0
WW-2184,FALSE,FALSE,Trivial,481279,05d13h41m19,0
WW-1631,FALSE,FALSE,Trivial,141261,01d15h14m21,0
WW-2181,FALSE,FALSE,Major,355818,04d02h50m18,0
WW-1633,FALSE,FALSE,Minor,3374801,39d01h26m41,0
WW-1544,TRUE,FALSE,Major,191345,02d05h09m05,0
WW-1429,FALSE,FALSE,Major,10572629,122d08h50m29,0
WW-1575,FALSE,FALSE,Major,477,00d00h07m57,0
WW-1418,TRUE,FALSE,Major,2812601,32d13h16m41,0
WW-1419,FALSE,FALSE,Minor,1328485,15d09h01m25,0
WW-1559,FALSE,FALSE,Major,1284879,14d20h54m39,0
WW-1558,FALSE,FALSE,Major,1212516,14d00h48m36,0
WW-1550,FALSE,FALSE,Major,43075765,498d13h29m25,0
WW-3102,TRUE,FALSE,Minor,3919,00d01h05m19,0
WW-3103,FALSE,FALSE,Major,686458,07d22h40m58,0
WW-1554,TRUE,FALSE,Blocker,1634455,18d22h00m55,1
WW-3107,FALSE,FALSE,Major,2955110,34d04h51m50,0
WW-3564,FALSE,FALSE,Minor,8554105,99d00h08m25,0
WW-1549,FALSE,FALSE,Minor,21568,00d05h59m28,0
WW-2323,TRUE,FALSE,Major,6166448,71d08h54m08,0
WW-1851,FALSE,FALSE,Major,10107533,116d23h38m53,0
WW-2320,TRUE,FALSE,Major,6265559,72d12h25m59,0
WW-1854,FALSE,FALSE,Minor,9500571,109d23h02m51,0
WW-1856,TRUE,TRUE,Major,15727722,182d00h48m42,1
WW-2324,FALSE,FALSE,Major,6142322,71d02h12m02,0
WW-1858,FALSE,FALSE,Major,4424664,51d05h04m24,0
WW-1859,FALSE,FALSE,Major,25462232,294d16h50m32,0
WW-2329,FALSE,FALSE,Major,353140,04d02h05m40,0
WW-2328,FALSE,FALSE,Blocker,544071,06d07h07m51,0
WW-2730,FALSE,FALSE,Trivial,12092325,139d22h58m45,0
WW-2045,FALSE,FALSE,Critical,4024467,46d13h54m27,0
WW-1911,FALSE,FALSE,Major,6905395,79d22h09m55,0
WW-1915,FALSE,FALSE,Minor,35729,00d09h55m29,0
WW-1914,FALSE,FALSE,Major,446437,05d04h00m37,0
WW-1917,FALSE,FALSE,Major,13082,00d03h38m02,0
WW-3031,FALSE,FALSE,Minor,213,00d00h03m33,0
WW-3032,FALSE,FALSE,Critical,1983,00d00h33m03,0
WW-3033,FALSE,FALSE,Major,403479,04d16h04m39,0
WW-1301,FALSE,FALSE,Major,13046842,151d00h07m22,0
WW-1302,FALSE,FALSE,Major,13045898,150d23h51m38,0
WW-3607,FALSE,FALSE,Major,8202,00d02h16m42,0
WW-2604,FALSE,FALSE,Major,32,00d00h00m32,0
WW-3602,FALSE,FALSE,Major,299002,03d11h03m22,0
WW-3601,FALSE,FALSE,Minor,4975459,57d14h04m19,0
WW-2607,TRUE,FALSE,Major,548214,06d08h16m54,0
WW-2136,TRUE,FALSE,Blocker,348308,04d00h45m08,0
WW-2134,FALSE,FALSE,Blocker,531977,06d03h46m17,0
WW-3210,FALSE,FALSE,Minor,4432558,51d07h15m58,0
WW-2038,FALSE,FALSE,Major,1149568,13d07h19m28,0
WW-2031,FALSE,FALSE,Minor,1133459,13d02h50m59,0
WW-2427,FALSE,TRUE,Major,3447721,39d21h42m01,1
WW-1989,TRUE,FALSE,Major,6226079,72d01h27m59,1
WW-1803,FALSE,FALSE,Major,640632,07d09h57m12,0
WW-3355,FALSE,FALSE,Major,5786230,66d23h17m10,0
WW-1980,FALSE,FALSE,Blocker,104605,01d05h03m25,0
WW-2557,FALSE,FALSE,Major,7535082,87d05h04m42,0
WW-2551,FALSE,FALSE,Critical,3254869,37d16h07m49,0
WW-2256,FALSE,FALSE,Critical,11732060,135d18h54m20,0
WW-2254,FALSE,FALSE,Minor,10510599,121d15h36m39,0
WW-1771,FALSE,FALSE,Major,1547809,17d21h56m49,0
WW-1679,FALSE,FALSE,Critical,388071,04d11h47m51,0
WW-3508,FALSE,FALSE,Major,2623447,30d08h44m07,0
WW-2850,FALSE,FALSE,Major,13096764,151d13h59m24,0
WW-1777,FALSE,FALSE,Minor,107050,01d05h44m10,0
WW-1670,FALSE,FALSE,Major,708489,08d04h48m09,0
WW-1778,FALSE,FALSE,Major,2143719,24d19h28m39,0
WW-2996,FALSE,FALSE,Blocker,3988251,46d03h50m51,0
WW-2997,TRUE,FALSE,Major,3707298,42d21h48m18,0
WW-3500,TRUE,FALSE,Major,12439220,143d23h20m20,0
WW-2992,FALSE,FALSE,Major,3015537,34d21h38m57,0
WW-1677,FALSE,FALSE,Major,47558219,550d10h36m59,1
WW-492,TRUE,FALSE,Minor,78324895,906d12h54m55,1
WW-1519,TRUE,FALSE,Minor,15268762,176d17h19m22,0
WW-2334,FALSE,FALSE,Major,7485710,86d15h21m50,0
WW-3300,FALSE,FALSE,Minor,14481364,167d14h36m04,0
WW-1513,TRUE,FALSE,Major,41568,00d11h32m48,0
WW-1903,FALSE,FALSE,Minor,1927148,22d07h19m08,0
WW-3305,FALSE,FALSE,Critical,385592,04d11h06m32,0
WW-2678,FALSE,FALSE,Minor,492300,05d16h45m00,0
WW-1635,FALSE,FALSE,Critical,7414320,85d19h32m00,1
WW-1951,FALSE,FALSE,Major,547083,06d07h58m03,0
WW-1950,FALSE,FALSE,Major,6773052,78d09h24m12,0
WW-1953,TRUE,FALSE,Blocker,3044,00d00h50m44,0
WW-2676,FALSE,FALSE,Critical,40261,00d11h11m01,0
WW-1582,FALSE,FALSE,Minor,26321,00d07h18m41,0
WW-1583,FALSE,FALSE,Major,67785,00d18h49m45,1
WW-1580,TRUE,FALSE,Critical,147033,01d16h50m33,0
WW-3172,FALSE,FALSE,Major,425,00d00h07m05,0
WW-1589,FALSE,FALSE,Minor,4650001,53d19h40m01,0
WW-3075,FALSE,FALSE,Major,1134076,13d03h01m16,0
WW-3077,FALSE,FALSE,Major,10902153,126d04h22m33,0
WW-3643,FALSE,FALSE,Major,13854,00d03h50m54,0
WW-3642,FALSE,FALSE,Minor,33619,00d09h20m19,0
WW-2071,TRUE,FALSE,Major,41484284,480d03h24m44,0
WW-1784,FALSE,FALSE,Major,6287709,72d18h35m09,0
WW-1786,FALSE,FALSE,Major,805052,09d07h37m32,0
WW-1787,FALSE,FALSE,Minor,779777,09d00h36m17,0
WW-2170,FALSE,FALSE,Major,13689455,158d10h37m35,0
WW-2171,FALSE,FALSE,Minor,11652081,134d20h41m21,0
WW-1828,FALSE,FALSE,Trivial,122758,01d10h05m58,0
WW-1823,FALSE,FALSE,Major,550,00d00h09m10,0
WW-2370,FALSE,FALSE,Major,2350221,27d04h50m21,1
WW-1824,FALSE,FALSE,Trivial,205063,02d08h57m43,0
WW-1826,FALSE,FALSE,Minor,700,00d00h11m40,0
WW-2779,FALSE,FALSE,Blocker,253,00d00h04m13,0
WW-2295,FALSE,FALSE,Major,3739,00d01h02m19,0
WW-2290,FALSE,FALSE,Critical,21730459,251d12h14m19,0
WW-2518,FALSE,FALSE,Major,45062,00d12h31m02,0
WW-3542,FALSE,FALSE,Minor,11955384,138d08h56m24,0
WW-2452,FALSE,FALSE,Major,2080457,24d01h54m17,0
WW-3545,FALSE,FALSE,Critical,17777571,205d18h12m51,0
WW-2457,FALSE,FALSE,Major,7346659,85d00h44m19,0
WW-3547,FALSE,FALSE,Major,6596069,76d08h14m29,0
WW-2107,FALSE,FALSE,Blocker,1793742,20d18h15m42,0
WW-2511,TRUE,FALSE,Minor,2099,00d00h34m59,0
WW-2105,TRUE,FALSE,Major,1054090,12d04h48m10,1
WW-2104,TRUE,FALSE,Major,373694,04d07h48m14,0
WW-2103,FALSE,FALSE,Minor,428580,04d23h03m00,0
WW-2102,FALSE,FALSE,Major,3960380,45d20h06m20,0
WW-2101,TRUE,FALSE,Critical,16727282,193d14h28m02,1
WW-3263,FALSE,FALSE,Major,3817,00d01h03m37,0
WW-3264,TRUE,FALSE,Critical,53704551,621d13h55m51,1
WW-1486,FALSE,FALSE,Major,361,00d00h06m01,0
WW-2512,FALSE,FALSE,Minor,297,00d00h04m57,0
WW-2587,FALSE,FALSE,Major,4310780,49d21h26m20,0
WW-3182,FALSE,FALSE,Major,23683511,274d02h45m11,0
WW-3083,TRUE,FALSE,Minor,31792,00d08h49m52,0
WW-3187,FALSE,FALSE,Major,5976617,69d04h10m17,0
WW-1748,TRUE,TRUE,Major,3170950,36d16h49m10,1
WW-2204,FALSE,FALSE,Major,3046585,35d06h16m25,0
WW-2206,FALSE,FALSE,Minor,24110,00d06h41m50,1
WW-2203,TRUE,FALSE,Minor,19849,00d05h30m49,0
WW-2209,FALSE,FALSE,Trivial,50013,00d13h53m33,0
WW-2966,FALSE,FALSE,Trivial,496538,05d17h55m38,0
WW-3299,FALSE,FALSE,Minor,14220767,164d14h12m47,1
WW-2809,FALSE,FALSE,Minor,18561469,214d19h57m49,0
WW-2802,TRUE,FALSE,Major,29228867,338d07h07m47,0
WW-1468,FALSE,FALSE,Major,41515,00d11h31m55,0
WW-1619,FALSE,FALSE,Minor,5391234,62d09h33m54,0
WW-3135,TRUE,FALSE,Major,7395,00d02h03m15,0
WW-1547,TRUE,FALSE,Major,2169526,25d02h38m46,0
WW-3137,FALSE,FALSE,Major,597640,06d22h00m40,0
WW-1545,FALSE,FALSE,Major,312,00d00h05m12,0
WW-1542,FALSE,FALSE,Major,16390,00d04h33m10,0
WW-1543,FALSE,FALSE,Major,2226071,25d18h21m11,0
WW-1541,FALSE,FALSE,Major,1333,00d00h22m13,0
WW-1425,FALSE,FALSE,Major,68211,00d18h56m51,0
WW-1427,FALSE,FALSE,Major,1044888,12d02h14m48,0
WW-1426,FALSE,FALSE,Major,1263,00d00h21m03,0
WW-3138,TRUE,FALSE,Major,6860794,79d09h46m34,0
WW-1422,FALSE,FALSE,Critical,206047,02d09h14m07,0
WW-3449,FALSE,FALSE,Minor,13572446,157d02h07m26,0
WW-2882,FALSE,FALSE,Major,10784,00d02h59m44,0
WW-1907,FALSE,FALSE,Major,1682759,19d11h25m59,0
WW-1905,TRUE,FALSE,Major,1738587,20d02h56m27,0
WW-1869,FALSE,FALSE,Major,19679,00d05h27m59,0
WW-2335,FALSE,FALSE,Major,63763,00d17h42m43,0
WW-2337,FALSE,FALSE,Major,3709278,42d22h21m18,0
WW-2701,FALSE,FALSE,Minor,3576,00d00h59m36,0
WW-1860,FALSE,FALSE,Major,620834,07d04h27m14,0
WW-2706,FALSE,FALSE,Minor,7370,00d02h02m50,0
WW-3241,TRUE,FALSE,Minor,51527298,596d09h08m18,0
WW-1466,FALSE,FALSE,Major,2563,00d00h42m43,0
WW-3000,FALSE,TRUE,Critical,5131579,59d09h26m19,0
WW-3003,FALSE,FALSE,Major,70,00d00h01m10,0
WW-3129,FALSE,FALSE,Major,1196977,13d20h29m37,0
WW-2110,FALSE,FALSE,Minor,19691,00d05h28m11,0
WW-1335,FALSE,FALSE,Major,873057,10d02h30m57,0
WW-1337,FALSE,FALSE,Major,284,00d00h04m44,0
WW-1336,FALSE,FALSE,Major,51707,00d14h21m47,0
WW-3614,TRUE,FALSE,Minor,908,00d00h15m08,0
WW-3615,FALSE,FALSE,Minor,1363,00d00h22m43,0
WW-3616,FALSE,FALSE,Major,25658,00d07h07m38,0
WW-1687,FALSE,FALSE,Major,106712,01d05h38m32,0
WW-3612,TRUE,TRUE,Minor,119375,01d09h09m35,0
WW-2631,FALSE,FALSE,Major,3319367,38d10h02m47,0
WW-2414,FALSE,FALSE,Critical,3857798,44d15h36m38,1
WW-2416,FALSE,FALSE,Major,823932,09d12h52m12,0
WW-2412,FALSE,FALSE,Major,1304245,15d02h17m25,0
WW-2381,FALSE,FALSE,Major,20905313,241d23h01m53,0
WW-2383,FALSE,FALSE,Minor,2409902,27d21h25m02,0
WW-2796,FALSE,FALSE,Critical,8477852,98d02h57m32,0
WW-3227,FALSE,FALSE,Major,71660,00d19h54m20,0
WW-2020,FALSE,FALSE,Major,1116513,12d22h08m33,0
WW-3349,FALSE,FALSE,Trivial,43699625,505d18h47m05,0
WW-1523,FALSE,FALSE,Major,3005182,34d18h46m22,0
WW-2561,FALSE,FALSE,Major,272664246,3155d20h04m06,1
WW-2024,FALSE,FALSE,Major,433771,05d00h29m31,0
WW-1646,FALSE,FALSE,Minor,36159,00d10h02m39,0
WW-2565,FALSE,FALSE,Major,630163,07d07h02m43,0
WW-2240,FALSE,FALSE,Major,22097623,255d18h13m43,0
WW-1649,FALSE,FALSE,Minor,11283612,130d14h20m12,0
WW-1648,FALSE,FALSE,Major,20344,00d05h39m04,0
WW-2246,FALSE,FALSE,Major,34842471,403d06h27m51,0
WW-1887,FALSE,FALSE,Major,8011427,92d17h23m47,0
WW-2846,FALSE,FALSE,Major,4720202,54d15h10m02,0
WW-2094,FALSE,FALSE,Major,13720048,158d19h07m28,1
WW-2993,FALSE,FALSE,Major,5916105,68d11h21m45,0
WW-2096,TRUE,FALSE,Critical,32540,00d09h02m20,0
WW-1764,FALSE,FALSE,Minor,7475372,86d12h29m32,0
WW-1763,FALSE,FALSE,Minor,934359,10d19h32m39,0
WW-3551,FALSE,FALSE,Minor,653666,07d13h34m26,0
WW-3536,TRUE,FALSE,Trivial,12781472,147d22h24m32,0
WW-2079,FALSE,FALSE,Critical,30064806,347d23h20m06,0
WW-1508,TRUE,FALSE,Major,413555,04d18h52m35,0
WW-1506,FALSE,FALSE,Major,59496,00d16h31m36,0
WW-1507,FALSE,FALSE,Minor,129972,01d12h06m12,0
WW-3405,FALSE,FALSE,Critical,1289842,14d22h17m22,0
WW-3407,FALSE,FALSE,Major,11949,00d03h19m09,0
WW-3402,FALSE,FALSE,Major,607,00d00h10m07,0
WW-3409,FALSE,FALSE,Major,246712,02d20h31m52,0
WW-2937,FALSE,FALSE,Blocker,13152,00d03h39m12,0
WW-1942,FALSE,FALSE,Major,14230205,164d16h50m05,1
WW-1941,FALSE,FALSE,Blocker,11166,00d03h06m06,0
WW-1474,FALSE,FALSE,Major,957801,11d02h03m21,0
WW-3046,TRUE,FALSE,Major,775327,08d23h22m07,0
WW-3043,TRUE,FALSE,Major,87,00d00h01m27,0
WW-1471,TRUE,FALSE,Major,2258,00d00h37m38,0
WW-2327,FALSE,FALSE,Major,2411,00d00h40m11,0
WW-1377,FALSE,FALSE,Major,203,00d00h03m23,0
WW-2142,FALSE,FALSE,Major,14723,00d04h05m23,0
WW-1579,FALSE,FALSE,Major,190316,02d04h51m56,0
WW-3166,FALSE,FALSE,Trivial,4205232,48d16h07m12,0
WW-1825,FALSE,FALSE,Minor,209879,02d10h17m59,0
WW-3164,TRUE,FALSE,Major,506230,05d20h37m10,0
WW-1574,FALSE,FALSE,Trivial,121410,01d09h43m30,0
WW-3163,FALSE,FALSE,Major,7125,00d01h58m45,0
WW-1571,TRUE,FALSE,Blocker,283616,03d06h46m56,0
WW-3491,FALSE,FALSE,Minor,1162241,13d10h50m41,0
WW-2063,FALSE,FALSE,Minor,8407619,97d07h26m59,0
WW-2064,FALSE,FALSE,Trivial,4211,00d01h10m11,0
WW-1830,TRUE,FALSE,Major,5143435,59d12h43m55,0
WW-2068,TRUE,FALSE,Major,24153141,279d13h12m21,0
WW-2046,FALSE,FALSE,Major,29203639,338d00h07m19,0
WW-2348,TRUE,FALSE,Major,201173,02d07h52m53,0
WW-3309,FALSE,FALSE,Minor,16146472,186d21h07m52,0
WW-1938,TRUE,FALSE,Major,99906510,1156d07h48m30,1
WW-1937,TRUE,FALSE,Major,6107989,70d16h39m49,0
WW-2691,FALSE,FALSE,Critical,1806718,20d21h51m58,0
WW-1932,FALSE,FALSE,Minor,333615,03d20h40m15,0
WW-2347,TRUE,FALSE,Major,222281,02d13h44m41,0
WW-1930,FALSE,FALSE,Minor,3028643,35d01h17m23,0
WW-2667,TRUE,FALSE,Major,58368,00d16h12m48,0
WW-2748,FALSE,FALSE,Minor,10926286,126d11h04m46,0
WW-2660,FALSE,FALSE,Major,1266052,14d15h40m52,0
WW-2740,FALSE,FALSE,Major,399,00d00h06m39,0
WW-2669,FALSE,FALSE,Major,1266431,14d15h47m11,0
WW-2526,FALSE,FALSE,Major,5143351,59d12h42m31,0
WW-2520,FALSE,FALSE,Major,9198384,106d11h06m24,0
WW-2285,FALSE,FALSE,Minor,6359470,73d14h31m10,0
WW-2286,FALSE,FALSE,Minor,6359233,73d14h27m13,0
WW-2287,FALSE,FALSE,Major,7239115,83d18h51m55,0
WW-1689,FALSE,FALSE,Minor,110210,01d06h36m50,0
WW-3274,FALSE,FALSE,Minor,1102958,12d18h22m38,0
WW-3579,FALSE,FALSE,Major,697414,08d01h43m34,0
WW-1724,FALSE,FALSE,Major,14062453,162d18h14m13,0
WW-3577,FALSE,FALSE,Major,570388,06d14h26m28,1
WW-1729,FALSE,FALSE,Minor,527920,06d02h38m40,0
WW-2442,FALSE,FALSE,Major,2194346,25d09h32m26,0
WW-1684,FALSE,FALSE,Major,189800,02d04h43m20,0
WW-2440,FALSE,FALSE,Major,666814,07d17h13m34,0
WW-2441,FALSE,FALSE,Minor,2574268,29d19h04m28,0
WW-1396,FALSE,FALSE,Trivial,1057,00d00h17m37,0
WW-2594,TRUE,TRUE,Major,344706,03d23h45m06,0
WW-2597,FALSE,FALSE,Major,19885459,230d03h44m19,0
WW-1255,FALSE,FALSE,Minor,10617494,122d21h18m14,0
WW-2231,FALSE,FALSE,Minor,25225623,291d23h07m03,0
WW-2236,FALSE,FALSE,Major,8656365,100d04h32m45,0
WW-2238,FALSE,FALSE,Minor,35201407,407d10h10m07,1
WW-1757,TRUE,TRUE,Minor,1958938,22d16h08m58,0
WW-1756,FALSE,FALSE,Minor,1270357,14d16h52m37,0
WW-1754,FALSE,FALSE,Minor,1668356,19d07h25m56,0
WW-1753,FALSE,FALSE,Major,5541898,64d03h24m58,0
WW-1752,FALSE,FALSE,Major,7402997,85d16h23m17,0
WW-1618,FALSE,FALSE,Major,16434356,190d05h05m56,1
WW-1644,FALSE,FALSE,Critical,3233324,37d10h08m44,0
WW-1617,FALSE,FALSE,Major,944734,10d22h25m34,0
WW-1750,FALSE,FALSE,Minor,1390516,16d02h15m16,0
WW-1758,FALSE,FALSE,Major,6055387,70d02h03m07,0
WW-1615,FALSE,FALSE,Critical,3303107,38d05h31m47,0
WW-3122,FALSE,FALSE,Minor,1865141,21d14h05m41,0
WW-1532,FALSE,FALSE,Major,43,00d00h00m43,0
WW-1438,FALSE,FALSE,Major,852,00d00h14m12,0
WW-3121,FALSE,FALSE,Critical,8930185,103d08h36m25,1
WW-1537,TRUE,FALSE,Blocker,156806,01d19h33m26,0
WW-3124,FALSE,FALSE,Blocker,310,00d00h05m10,0
WW-1433,FALSE,FALSE,Minor,149,00d00h02m29,0
WW-3128,FALSE,FALSE,Major,1228658,14d05h17m38,0
WW-1611,FALSE,FALSE,Critical,199411,02d07h23m31,0
WW-1436,FALSE,FALSE,Major,398,00d00h06m38,0
WW-1437,FALSE,FALSE,Major,617,00d00h10m17,0
WW-3087,TRUE,FALSE,Major,1126648,13d00h57m28,0
WW-2443,FALSE,FALSE,Minor,2535479,29d08h17m59,0
WW-3597,FALSE,FALSE,Critical,73151,00d20h19m11,0
WW-2905,TRUE,FALSE,Major,192,00d00h03m12,0
WW-2902,TRUE,TRUE,Major,75580,00d20h59m40,0
WW-308,FALSE,FALSE,Major,617893,07d03h38m13,0
WW-3450,FALSE,FALSE,Trivial,29472481,341d02h48m01,0
WW-3598,FALSE,FALSE,Minor,15468,00d04h17m48,0
WW-1977,FALSE,FALSE,Major,6004378,69d11h52m58,0
WW-1975,FALSE,FALSE,Major,17989,00d04h59m49,0
WW-1979,FALSE,FALSE,Minor,396,00d00h06m36,0
WW-2651,FALSE,FALSE,Minor,306163,03d13h02m43,0
WW-1875,TRUE,FALSE,Major,32998599,381d22h16m39,0
WW-1324,FALSE,FALSE,Major,2122825,24d13h40m25,0
WW-1596,TRUE,FALSE,Major,241384,02d19h03m04,1
WW-1288,FALSE,FALSE,Minor,6972761,80d16h52m41,0
WW-1284,TRUE,FALSE,Major,2740013,31d17h06m53,0
WW-1286,FALSE,FALSE,Major,5468397,63d06h59m57,0
WW-1283,FALSE,FALSE,Critical,41704,00d11h35m04,0
WW-1593,FALSE,FALSE,Major,339488,03d22h18m08,0
WW-1449,FALSE,FALSE,Major,446,00d00h07m26,0
WW-3150,FALSE,FALSE,Major,7618,00d02h06m58,0
WW-1445,FALSE,FALSE,Major,128,00d00h02m08,0
WW-1769,TRUE,FALSE,Major,6921141,80d02h32m21,0
WW-1443,FALSE,FALSE,Major,99,00d00h01m39,0
WW-1441,FALSE,FALSE,Major,321,00d00h05m21,0
WW-1440,FALSE,FALSE,Major,182,00d00h03m02,0
WW-3626,FALSE,FALSE,Minor,1091445,12d15h10m45,0
WW-2622,TRUE,FALSE,Minor,6988799,80d21h19m59,1
WW-3628,FALSE,FALSE,Major,789407,09d03h16m47,0
WW-2624,FALSE,FALSE,Major,60440064,699d12h54m24,0
WW-1730,FALSE,FALSE,Major,489780,05d16h03m00,0
WW-1733,FALSE,FALSE,Critical,1089760,12d14h42m40,0
WW-2404,FALSE,FALSE,Major,256516,02d23h15m16,0
WW-3330,TRUE,FALSE,Blocker,40948636,473d22h37m16,1
WW-1889,TRUE,FALSE,Minor,177338,02d01h15m38,0
WW-3549,FALSE,FALSE,Critical,5958334,68d23h05m34,0
WW-2011,FALSE,FALSE,Major,2230671,25d19h37m51,0
WW-2398,FALSE,FALSE,Minor,4088964,47d07h49m24,0
WW-2015,FALSE,FALSE,Minor,4249730,49d04h28m50,0
WW-3237,FALSE,FALSE,Major,18689482,216d07h31m22,0
WW-2017,FALSE,FALSE,Minor,7899413,91d10h16m53,0
WW-1195,FALSE,FALSE,Minor,2709583,31d08h39m43,1
WW-2716,TRUE,FALSE,Minor,260976,03d00h29m36,0
WW-1813,FALSE,FALSE,Major,2728994,31d14h03m14,1
WW-2499,FALSE,FALSE,Major,5140979,59d12h02m59,0
WW-2494,FALSE,FALSE,Blocker,65577,00d18h12m57,0
WW-2275,FALSE,FALSE,Major,538181,06d05h29m41,0
WW-2271,FALSE,FALSE,Minor,23525586,272d06h53m06,0
WW-2477,TRUE,FALSE,Major,75257,00d20h54m17,0
WW-1653,TRUE,FALSE,Major,191146,02d05h05m46,0
WW-1650,TRUE,FALSE,Blocker,1000897,11d14h01m37,0
WW-2053,TRUE,TRUE,Major,2747266,31d19h07m46,1
WW-3489,FALSE,FALSE,Minor,23645603,273d16h13m23,0
WW-3488,FALSE,FALSE,Major,13656753,158d01h32m33,0
WW-2471,FALSE,FALSE,Major,1356687,15d16h51m27,0
WW-2572,FALSE,FALSE,Critical,1427001,16d12h23m21,0
WW-1892,FALSE,FALSE,Major,38877460,449d23h17m40,0
WW-1712,TRUE,FALSE,Major,8773703,101d13h08m23,0
WW-1711,FALSE,TRUE,Critical,880555,10d04h35m55,1
WW-2080,FALSE,FALSE,Major,5579,00d01h32m59,0
WW-1266,FALSE,FALSE,Minor,2526875,29d05h54m35,0
WW-2674,FALSE,FALSE,Major,257310,02d23h28m30,0
WW-1546,TRUE,FALSE,Minor,66843,00d18h34m03,0
WW-1775,FALSE,FALSE,Major,2152818,24d22h00m18,0
WW-1563,FALSE,FALSE,Major,14159,00d03h55m59,0
WW-3524,TRUE,FALSE,Major,11410167,132d01h29m27,0
WW-1430,FALSE,FALSE,Major,160,00d00h02m40,0
WW-1627,FALSE,FALSE,Major,1886212,21d19h56m52,0
WW-3410,FALSE,FALSE,Major,499104,05d18h38m24,0
WW-3411,FALSE,FALSE,Major,498902,05d18h35m02,0
WW-1621,FALSE,FALSE,Major,145120,01d16h18m40,0
WW-992,FALSE,FALSE,Major,69077571,799d12h12m51,1
WW-2030,FALSE,FALSE,Critical,1245180,14d09h53m00,0
WW-1799,FALSE,FALSE,Minor,902511,10d10h41m51,0
WW-2944,FALSE,FALSE,Major,401,00d00h06m41,0
WW-1368,TRUE,FALSE,Major,12250,00d03h24m10,0
WW-1407,FALSE,FALSE,Major,3419687,39d13h54m47,0
WW-1406,FALSE,FALSE,Major,581,00d00h09m41,0
WW-3661,FALSE,FALSE,Major,48258,00d13h24m18,0
WW-3117,FALSE,FALSE,Trivial,57718,00d16h01m58,0
WW-3668,FALSE,FALSE,Major,2706937,31d07h55m37,0
WW-1562,FALSE,FALSE,Minor,1876726,21d17h18m46,0
WW-3114,FALSE,FALSE,Major,413035,04d18h43m55,0
WW-3463,TRUE,FALSE,Major,383660,04d10h34m20,0
WW-3469,FALSE,FALSE,Major,24097105,278d21h38m25,0
WW-3158,FALSE,FALSE,Major,4995954,57d19h45m54,0
