BugID, #isArch, #isInduce, #Priority, #TimeSec, #Time, #Reopen
SYNCOPE-54,TRUE,FALSE,Major,2884,00d00h48m04,0
SYNCOPE-399,TRUE,FALSE,Major,886,00d00h14m46,0
SYNCOPE-398,FALSE,FALSE,Major,2520,00d00h42m00,0
SYNCOPE-394,TRUE,FALSE,Major,1650,00d00h27m30,0
SYNCOPE-397,TRUE,FALSE,Major,77563,00d21h32m43,0
SYNCOPE-396,FALSE,FALSE,Major,4408,00d01h13m28,0
SYNCOPE-58,TRUE,FALSE,Major,3460,00d00h57m40,0
SYNCOPE-400,FALSE,FALSE,Critical,6539,00d01h48m59,0
CXF-6688,TRUE,FALSE,Minor,8016,00d02h13m36,0
SYNCOPE-52,TRUE,FALSE,Major,15993,00d04h26m33,0
SYNCOPE-1128,TRUE,TRUE,Major,1322,00d00h22m02,0
SYNCOPE-1001,FALSE,FALSE,Major,82,00d00h01m22,0
SYNCOPE-1123,TRUE,FALSE,Major,338623,03d22h03m43,0
SYNCOPE-1121,FALSE,FALSE,Major,265677,03d01h47m57,0
SYNCOPE-717,TRUE,FALSE,Major,853,00d00h14m13,0
SYNCOPE-1125,FALSE,FALSE,Major,150053,01d17h40m53,0
SYNCOPE-320,TRUE,FALSE,Major,8418,00d02h20m18,0
SYNCOPE-321,TRUE,FALSE,Major,9323,00d02h35m23,0
SYNCOPE-490,TRUE,FALSE,Minor,443651,05d03h14m11,1
SYNCOPE-323,TRUE,FALSE,Major,10748,00d02h59m08,0
SYNCOPE-497,FALSE,FALSE,Minor,611985,07d01h59m45,0
SYNCOPE-495,FALSE,FALSE,Major,1052210,12d04h16m50,1
SYNCOPE-328,TRUE,FALSE,Major,447296,05d04h14m56,0
SYNCOPE-329,TRUE,FALSE,Major,1302119,15d01h41m59,0
SYNCOPE-498,FALSE,FALSE,Minor,359385,04d03h49m45,0
SYNCOPE-499,TRUE,FALSE,Major,160649,01d20h37m29,0
SYNCOPE-677,FALSE,FALSE,Minor,1483,00d00h24m43,0
SYNCOPE-1438,FALSE,FALSE,Major,1068,00d00h17m48,0
SYNCOPE-1439,TRUE,FALSE,Major,1292827,14d23h07m07,0
SYNCOPE-1430,TRUE,FALSE,Major,95670,01d02h34m30,0
SYNCOPE-1431,TRUE,FALSE,Major,30035,00d08h20m35,0
SYNCOPE-1432,FALSE,FALSE,Major,2342264,27d02h37m44,0
SYNCOPE-812,TRUE,FALSE,Major,10116,00d02h48m36,0
SYNCOPE-813,TRUE,FALSE,Minor,5517,00d01h31m57,0
SYNCOPE-1437,FALSE,FALSE,Minor,64683,00d17h58m03,0
SYNCOPE-23,FALSE,FALSE,Major,2490,00d00h41m30,0
SYNCOPE-21,FALSE,FALSE,Critical,1228544,14d05h15m44,1
SYNCOPE-27,TRUE,FALSE,Major,1201,00d00h20m01,0
SYNCOPE-29,FALSE,FALSE,Major,2170261,25d02h51m01,0
SYNCOPE-881,TRUE,FALSE,Major,5255895,60d19h58m15,1
SYNCOPE-928,FALSE,FALSE,Major,1969,00d00h32m49,0
SYNCOPE-929,TRUE,FALSE,Major,272333,03d03h38m53,0
SYNCOPE-669,FALSE,FALSE,Major,68651,00d19h04m11,0
SYNCOPE-884,TRUE,FALSE,Major,5180191,59d22h56m31,1
SYNCOPE-887,TRUE,FALSE,Major,5014027,58d00h47m07,1
SYNCOPE-886,TRUE,FALSE,Major,5019844,58d02h24m04,1
SYNCOPE-923,TRUE,FALSE,Major,370801,04d07h00m01,1
SYNCOPE-921,FALSE,FALSE,Major,1301019,15d01h23m39,1
SYNCOPE-927,FALSE,FALSE,Major,2113,00d00h35m13,0
SYNCOPE-1387,FALSE,FALSE,Major,15071,00d04h11m11,0
SYNCOPE-1493,FALSE,FALSE,Major,10240,00d02h50m40,0
SYNCOPE-1229,TRUE,FALSE,Major,1299794,15d01h03m14,0
SYNCOPE-1383,FALSE,FALSE,Major,5024,00d01h23m44,0
SYNCOPE-1380,TRUE,FALSE,Major,2645,00d00h44m05,0
SYNCOPE-1224,TRUE,FALSE,Major,776,00d00h12m56,0
SYNCOPE-1227,FALSE,FALSE,Major,1475297,17d01h48m17,0
SYNCOPE-1226,FALSE,FALSE,Trivial,2927452,33d21h10m52,0
SYNCOPE-1223,TRUE,FALSE,Major,11634,00d03h13m54,0
SYNCOPE-1389,FALSE,FALSE,Major,15531,00d04h18m51,0
SYNCOPE-869,FALSE,TRUE,Major,1373043,15d21h24m03,0
SYNCOPE-868,FALSE,FALSE,Major,877,00d00h14m37,0
SYNCOPE-863,TRUE,FALSE,Major,2418914,27d23h55m14,0
SYNCOPE-302,FALSE,FALSE,Major,559,00d00h09m19,0
SYNCOPE-867,FALSE,FALSE,Major,973,00d00h16m13,0
SYNCOPE-865,TRUE,FALSE,Major,1496685,17d07h44m45,0
SYNCOPE-1250,FALSE,FALSE,Major,5286,00d01h28m06,0
SYNCOPE-741,TRUE,FALSE,Major,145132,01d16h18m52,0
SYNCOPE-1319,FALSE,FALSE,Major,365,00d00h06m05,0
SYNCOPE-1318,TRUE,FALSE,Major,2105,00d00h35m05,0
SYNCOPE-1090,FALSE,FALSE,Major,1931,00d00h32m11,0
SYNCOPE-1091,TRUE,FALSE,Major,15169,00d04h12m49,0
SYNCOPE-1094,FALSE,FALSE,Major,6423,00d01h47m03,0
SYNCOPE-562,TRUE,FALSE,Major,92721,01d01h45m21,0
SYNCOPE-1098,TRUE,FALSE,Major,2515,00d00h41m55,0
SYNCOPE-1312,FALSE,FALSE,Major,1107554,12d19h39m14,1
SYNCOPE-1315,TRUE,FALSE,Major,538575,06d05h36m15,0
SYNCOPE-1314,FALSE,FALSE,Major,183072,02d02h51m12,0
SYNCOPE-564,TRUE,FALSE,Major,1050884,12d03h54m44,0
SYNCOPE-565,FALSE,FALSE,Major,92295,01d01h38m15,0
SYNCOPE-710,TRUE,FALSE,Major,68083,00d18h54m43,0
SYNCOPE-712,TRUE,FALSE,Major,277315,03d05h01m55,0
SYNCOPE-357,TRUE,FALSE,Major,794261,09d04h37m41,0
SYNCOPE-1168,FALSE,FALSE,Major,8715,00d02h25m15,0
SYNCOPE-1166,TRUE,FALSE,Major,967955,11d04h52m35,0
SYNCOPE-716,FALSE,FALSE,Minor,122,00d00h02m02,0
SYNCOPE-1162,FALSE,FALSE,Minor,14019,00d03h53m39,0
SYNCOPE-1163,FALSE,FALSE,Major,497,00d00h08m17,0
SYNCOPE-1004,FALSE,FALSE,Major,54515,00d15h08m35,0
SYNCOPE-1007,FALSE,FALSE,Minor,84107,00d23h21m47,0
SYNCOPE-368,TRUE,FALSE,Major,7007,00d01h56m47,0
SYNCOPE-1000,FALSE,FALSE,Major,5092,00d01h24m52,0
SYNCOPE-1003,FALSE,FALSE,Major,55370,00d15h22m50,0
SYNCOPE-1002,FALSE,FALSE,Major,1380,00d00h23m00,0
SYNCOPE-364,FALSE,FALSE,Major,3231,00d00h53m51,0
SYNCOPE-1365,FALSE,FALSE,Major,2314,00d00h38m34,0
SYNCOPE-1366,TRUE,FALSE,Major,1503,00d00h25m03,0
SYNCOPE-1360,FALSE,FALSE,Major,889,00d00h14m49,0
SYNCOPE-1361,FALSE,FALSE,Major,103131,01d04h38m51,0
SYNCOPE-1362,FALSE,FALSE,Major,61,00d00h01m01,0
SYNCOPE-363,FALSE,FALSE,Major,17146,00d04h45m46,0
SYNCOPE-597,TRUE,FALSE,Major,63514,00d17h38m34,0
SYNCOPE-596,FALSE,FALSE,Major,7685,00d02h08m05,0
SYNCOPE-598,TRUE,FALSE,Major,300278,03d11h24m38,0
SYNCOPE-912,FALSE,FALSE,Major,2523950,29d05h05m50,1
SYNCOPE-911,FALSE,FALSE,Major,2525199,29d05h26m39,1
SYNCOPE-916,TRUE,FALSE,Major,1997642,23d02h54m02,1
SYNCOPE-915,TRUE,FALSE,Major,2002531,23d04h15m31,1
SYNCOPE-918,FALSE,FALSE,Major,1666592,19d06h56m32,1
SYNCOPE-274,TRUE,FALSE,Major,4431,00d01h13m51,0
SYNCOPE-629,TRUE,FALSE,Major,78919,00d21h55m19,0
LOG4J2-344,FALSE,FALSE,Major,14584646,168d19h17m26,0
SYNCOPE-183,FALSE,FALSE,Major,4174286,48d07h31m26,2
SYNCOPE-187,FALSE,FALSE,Major,20713,00d05h45m13,0
SYNCOPE-625,FALSE,FALSE,Critical,677258,07d20h07m38,0
SYNCOPE-966,FALSE,FALSE,Major,33919,00d09h25m19,0
SYNCOPE-965,TRUE,FALSE,Major,143169,01d15h46m09,0
SYNCOPE-376,FALSE,FALSE,Major,576,00d00h09m36,0
SYNCOPE-375,FALSE,FALSE,Major,55282,00d15h21m22,0
SYNCOPE-1261,FALSE,FALSE,Major,2065,00d00h34m25,0
SYNCOPE-1263,FALSE,FALSE,Minor,1051,00d00h17m31,0
SYNCOPE-1265,TRUE,FALSE,Major,13801,00d03h50m01,0
SYNCOPE-1266,FALSE,FALSE,Major,17362,00d04h49m22,0
SYNCOPE-1269,TRUE,FALSE,Major,1405949,16d06h32m29,0
SYNCOPE-373,TRUE,FALSE,Major,4073,00d01h07m53,0
SYNCOPE-372,FALSE,FALSE,Major,58193,00d16h09m53,0
SYNCOPE-1467,FALSE,FALSE,Major,338735,03d22h05m35,1
SYNCOPE-825,FALSE,FALSE,Minor,1810034,20d22h47m14,0
SYNCOPE-823,FALSE,FALSE,Major,152177,01d18h16m17,0
SYNCOPE-371,FALSE,FALSE,Major,292,00d00h04m52,0
SYNCOPE-980,TRUE,FALSE,Major,9751,00d02h42m31,0
SYNCOPE-981,FALSE,FALSE,Major,181,00d00h03m01,0
SYNCOPE-982,TRUE,FALSE,Major,64155,00d17h49m15,0
SYNCOPE-1469,FALSE,FALSE,Major,107,00d00h01m47,0
SYNCOPE-898,TRUE,FALSE,Major,4427753,51d05h55m53,1
SYNCOPE-817,TRUE,FALSE,Minor,2009896,23d06h18m16,0
SYNCOPE-987,FALSE,TRUE,Major,78686,00d21h51m26,0
SYNCOPE-899,FALSE,FALSE,Trivial,4404130,50d23h22m10,1
SYNCOPE-1214,FALSE,FALSE,Major,1929,00d00h32m09,0
SYNCOPE-527,TRUE,FALSE,Major,80764,00d22h26m04,0
SYNCOPE-1216,TRUE,FALSE,Major,542,00d00h09m02,0
SYNCOPE-1217,FALSE,FALSE,Trivial,4871,00d01h21m11,1
SYNCOPE-1210,TRUE,FALSE,Major,2294,00d00h38m14,0
SYNCOPE-1211,FALSE,FALSE,Major,140103,01d14h55m03,0
SYNCOPE-1213,TRUE,FALSE,Minor,565013,06d12h56m53,0
SYNCOPE-342,FALSE,FALSE,Major,5022,00d01h23m42,0
SYNCOPE-811,FALSE,FALSE,Minor,948917,10d23h35m17,0
SYNCOPE-343,TRUE,FALSE,Minor,3324,00d00h55m24,0
SYNCOPE-341,TRUE,FALSE,Minor,108462,01d06h07m42,0
SYNCOPE-1069,FALSE,FALSE,Major,6477,00d01h47m57,0
SYNCOPE-1049,TRUE,FALSE,Major,6697,00d01h51m37,0
SYNCOPE-1048,TRUE,FALSE,Major,1773,00d00h29m33,0
SYNCOPE-793,FALSE,FALSE,Minor,1119854,12d23h04m14,0
SYNCOPE-792,TRUE,FALSE,Minor,867982,10d01h06m22,0
SYNCOPE-799,TRUE,FALSE,Major,3709335,42d22h22m15,0
SYNCOPE-798,TRUE,FALSE,Major,3544227,41d00h30m27,0
SYNCOPE-1043,TRUE,FALSE,Major,253779,02d22h29m39,0
SYNCOPE-1042,FALSE,FALSE,Minor,13064,00d03h37m44,0
SYNCOPE-1045,TRUE,FALSE,Major,107,00d00h01m47,0
SYNCOPE-1044,FALSE,FALSE,Major,2832,00d00h47m12,0
SYNCOPE-414,FALSE,FALSE,Major,11404571,131d23h56m11,0
SYNCOPE-1046,FALSE,FALSE,Minor,83,00d00h01m23,0
SYNCOPE-1320,FALSE,FALSE,Major,3666,00d01h01m06,0
SYNCOPE-1321,FALSE,FALSE,Major,779303,09d00h28m23,0
SYNCOPE-551,FALSE,FALSE,Major,151,00d00h02m31,0
SYNCOPE-557,FALSE,FALSE,Major,318150,03d16h22m30,0
SYNCOPE-556,FALSE,FALSE,Major,77864,00d21h37m44,0
SYNCOPE-1326,TRUE,FALSE,Major,5357,00d01h29m17,0
SYNCOPE-1288,TRUE,TRUE,Major,608314,07d00h58m34,0
SYNCOPE-1285,FALSE,FALSE,Major,8460,00d02h21m00,0
SYNCOPE-1282,FALSE,TRUE,Major,3093,00d00h51m33,0
SYNCOPE-12,FALSE,FALSE,Major,14851,00d04h07m31,0
SYNCOPE-774,TRUE,FALSE,Major,710621,08d05h23m41,0
SYNCOPE-540,FALSE,FALSE,Major,104495,01d05h01m35,1
SYNCOPE-381,FALSE,FALSE,Minor,20010,00d05h33m30,0
SYNCOPE-386,FALSE,FALSE,Major,145,00d00h02m25,0
SYNCOPE-387,FALSE,FALSE,Major,343378,03d23h22m58,0
SYNCOPE-384,FALSE,TRUE,Major,3597,00d00h59m57,0
SYNCOPE-385,TRUE,FALSE,Major,160,00d00h02m40,0
SYNCOPE-17,FALSE,FALSE,Major,1506,00d00h25m06,0
SYNCOPE-543,TRUE,FALSE,Minor,1052495,12d04h21m35,0
SYNCOPE-297,FALSE,FALSE,Major,191636,02d05h13m56,0
SYNCOPE-1476,FALSE,FALSE,Major,82200,00d22h50m00,0
SYNCOPE-1135,TRUE,FALSE,Major,96048,01d02h40m48,0
SYNCOPE-1134,FALSE,FALSE,Minor,91183,01d01h19m43,0
SYNCOPE-1038,FALSE,FALSE,Minor,542256,06d06h37m36,0
SYNCOPE-1130,TRUE,FALSE,Major,5499,00d01h31m39,0
SYNCOPE-1133,TRUE,FALSE,Major,18418,00d05h06m58,0
SYNCOPE-1034,TRUE,FALSE,Minor,625145,07d05h39m05,0
SYNCOPE-707,TRUE,FALSE,Minor,10319,00d02h51m59,0
SYNCOPE-1036,TRUE,FALSE,Minor,186920,02d03h55m20,0
SYNCOPE-1037,FALSE,FALSE,Minor,186757,02d03h52m37,0
SYNCOPE-1030,TRUE,FALSE,Major,278820,03d05h27m00,0
SYNCOPE-703,FALSE,FALSE,Major,721,00d00h12m01,0
SYNCOPE-1032,FALSE,FALSE,Minor,280663,03d05h57m43,0
SYNCOPE-1033,FALSE,FALSE,Major,2332,00d00h38m52,0
SYNCOPE-315,TRUE,FALSE,Minor,265167,03d01h39m27,1
SYNCOPE-314,FALSE,FALSE,Major,329,00d00h05m29,0
SYNCOPE-317,TRUE,FALSE,Major,11202,00d03h06m42,0
SYNCOPE-316,FALSE,FALSE,Major,10240,00d02h50m40,0
SYNCOPE-310,TRUE,FALSE,Major,2673,00d00h44m33,0
SYNCOPE-312,TRUE,FALSE,Minor,1643406,19d00h30m06,1
SYNCOPE-318,FALSE,FALSE,Major,707418,08d04h30m18,0
SYNCOPE-40,FALSE,FALSE,Major,320319,03d16h58m39,0
SYNCOPE-1429,TRUE,FALSE,Minor,427859,04d22h50m59,1
SYNCOPE-1428,FALSE,FALSE,Major,2818,00d00h46m58,0
SYNCOPE-41,TRUE,FALSE,Major,1117711,12d22h28m31,0
SYNCOPE-1420,TRUE,FALSE,Major,3245,00d00h54m05,0
SYNCOPE-1425,FALSE,FALSE,Major,922,00d00h15m22,0
SYNCOPE-31,TRUE,FALSE,Major,66499,00d18h28m19,0
SYNCOPE-30,FALSE,FALSE,Critical,3087,00d00h51m27,0
SYNCOPE-33,FALSE,FALSE,Major,7961,00d02h12m41,0
SYNCOPE-43,TRUE,FALSE,Major,180689,02d02h11m29,0
SYNCOPE-34,FALSE,FALSE,Major,234,00d00h03m54,0
SYNCOPE-37,FALSE,FALSE,Major,188031,02d04h13m51,0
SYNCOPE-39,TRUE,FALSE,Major,600056,06d22h40m56,0
SYNCOPE-46,FALSE,FALSE,Major,14614,00d04h03m34,0
SYNCOPE-883,FALSE,FALSE,Major,5180868,59d23h07m48,1
SYNCOPE-672,FALSE,FALSE,Major,3323,00d00h55m23,0
SYNCOPE-673,FALSE,FALSE,Minor,10035,00d02h47m15,0
SYNCOPE-670,TRUE,FALSE,Major,71064,00d19h44m24,0
SYNCOPE-671,TRUE,FALSE,Major,3069,00d00h51m09,0
SYNCOPE-892,FALSE,FALSE,Major,4573953,52d22h32m33,1
SYNCOPE-893,FALSE,FALSE,Major,4559689,52d18h34m49,1
SYNCOPE-891,FALSE,FALSE,Minor,5009810,57d23h36m50,1
SYNCOPE-678,FALSE,FALSE,Major,437945,05d01h39m05,0
SYNCOPE-510,TRUE,FALSE,Major,11598,00d03h13m18,0
SYNCOPE-953,TRUE,FALSE,Major,2176,00d00h36m16,0
SYNCOPE-776,FALSE,FALSE,Critical,234759,02d17h12m39,0
SYNCOPE-775,TRUE,FALSE,Major,526339,06d02h12m19,0
SYNCOPE-950,FALSE,FALSE,Major,1632,00d00h27m12,0
SYNCOPE-1391,FALSE,FALSE,Major,878222,10d03h57m02,0
SYNCOPE-1390,TRUE,FALSE,Major,88994,01d00h43m14,0
SYNCOPE-1393,FALSE,FALSE,Minor,10247,00d02h50m47,0
SYNCOPE-1399,TRUE,FALSE,Major,20401,00d05h40m01,0
SYNCOPE-1251,FALSE,FALSE,Major,5555,00d01h32m35,0
SYNCOPE-1252,FALSE,FALSE,Major,32218,00d08h56m58,0
SYNCOPE-1253,FALSE,FALSE,Major,71,00d00h01m11,0
SYNCOPE-1254,FALSE,FALSE,Major,9070104,104d23h28m24,0
SYNCOPE-1257,FALSE,FALSE,Major,14124,00d03h55m24,0
SYNCOPE-878,TRUE,FALSE,Major,5543157,64d03h45m57,1
SYNCOPE-879,TRUE,FALSE,Major,5534834,64d01h27m14,2
SYNCOPE-888,FALSE,FALSE,Major,5011551,58d00h05m51,1
CXF-7968,TRUE,FALSE,Major,281,00d00h04m41,0
SYNCOPE-872,TRUE,TRUE,Major,6418439,74d06h53m59,2
SYNCOPE-1492,FALSE,FALSE,Minor,73645,00d20h27m25,0
SYNCOPE-875,FALSE,FALSE,Major,66697,00d18h31m37,0
SYNCOPE-876,FALSE,FALSE,Minor,1996,00d00h33m16,0
SYNCOPE-1215,TRUE,FALSE,Minor,71218,00d19h46m58,0
SYNCOPE-84,FALSE,FALSE,Major,23466,00d06h31m06,0
SYNCOPE-86,TRUE,FALSE,Major,10765,00d02h59m25,0
SYNCOPE-80,TRUE,FALSE,Minor,406055,04d16h47m35,0
SYNCOPE-81,TRUE,FALSE,Major,68433,00d19h00m33,0
SYNCOPE-82,TRUE,FALSE,Major,12074,00d03h21m14,0
SYNCOPE-83,FALSE,FALSE,Major,792323,09d04h05m23,0
SYNCOPE-668,TRUE,FALSE,Major,73136,00d20h18m56,0
SYNCOPE-1089,FALSE,FALSE,Major,6872,00d01h54m32,0
SYNCOPE-1085,FALSE,FALSE,Minor,2126,00d00h35m26,0
SYNCOPE-1081,TRUE,FALSE,Major,953007,11d00h43m27,1
SYNCOPE-1082,TRUE,FALSE,Major,18197,00d05h03m17,0
SYNCOPE-456,FALSE,FALSE,Major,78558,00d21h49m18,1
SYNCOPE-457,TRUE,FALSE,Major,108017,01d06h00m17,0
SYNCOPE-454,TRUE,FALSE,Major,445041,05d03h37m21,0
SYNCOPE-455,TRUE,FALSE,Major,430264,04d23h31m04,0
SYNCOPE-452,FALSE,FALSE,Major,364485,04d05h14m45,0
SYNCOPE-453,TRUE,FALSE,Major,361600,04d04h26m40,0
SYNCOPE-515,TRUE,FALSE,Major,83355,00d23h09m15,0
SYNCOPE-514,FALSE,FALSE,Major,171899,01d23h44m59,0
SYNCOPE-512,FALSE,FALSE,Major,747,00d00h12m27,0
SYNCOPE-458,TRUE,FALSE,Major,16301949,188d16h19m09,0
SYNCOPE-459,TRUE,FALSE,Minor,853380,09d21h03m00,0
SYNCOPE-615,FALSE,FALSE,Critical,69073,00d19h11m13,0
SYNCOPE-759,TRUE,FALSE,Major,106370,01d05h32m50,0
SYNCOPE-974,TRUE,FALSE,Major,3024,00d00h50m24,0
SYNCOPE-613,FALSE,FALSE,Minor,871703,10d02h08m23,0
SYNCOPE-1179,FALSE,FALSE,Major,6702,00d01h51m42,0
SYNCOPE-1178,FALSE,FALSE,Major,418795,04d20h19m55,0
SYNCOPE-1388,TRUE,FALSE,Major,635291,07d08h28m11,0
SYNCOPE-1170,TRUE,FALSE,Major,971822,11d05h57m02,1
SYNCOPE-1222,FALSE,FALSE,Major,8025,00d02h13m45,0
SYNCOPE-1175,FALSE,FALSE,Critical,70186,00d19h29m46,0
SYNCOPE-1174,TRUE,FALSE,Trivial,50,00d00h00m50,0
SYNCOPE-11,FALSE,FALSE,Major,12030,00d03h20m30,0
SYNCOPE-1070,FALSE,FALSE,Major,188,00d00h03m08,0
SYNCOPE-1071,FALSE,FALSE,Major,4942,00d01h22m22,0
SYNCOPE-353,FALSE,FALSE,Major,7242,00d02h00m42,0
SYNCOPE-352,FALSE,FALSE,Major,71695,00d19h54m55,0
SYNCOPE-1075,FALSE,FALSE,Minor,255918,02d23h05m18,0
SYNCOPE-1076,FALSE,FALSE,Major,21808,00d06h03m28,0
SYNCOPE-356,FALSE,FALSE,Major,60986,00d16h56m26,0
SYNCOPE-1078,TRUE,FALSE,Major,8685,00d02h24m45,0
SYNCOPE-358,FALSE,FALSE,Major,3909,00d01h05m09,0
SYNCOPE-1375,FALSE,FALSE,Major,8450,00d02h20m50,0
SYNCOPE-1374,TRUE,FALSE,Major,1923,00d00h32m03,0
SYNCOPE-1373,FALSE,FALSE,Major,249769,02d21h22m49,0
SYNCOPE-1372,FALSE,FALSE,Major,568,00d00h09m28,0
SYNCOPE-1371,FALSE,FALSE,Major,166,00d00h02m46,0
SYNCOPE-1370,FALSE,FALSE,Major,206,00d00h03m26,0
SYNCOPE-3,FALSE,FALSE,Major,348278,04d00h44m38,1
SYNCOPE-1,FALSE,FALSE,Major,496792,05d17h59m52,1
SYNCOPE-664,FALSE,FALSE,Critical,3706,00d01h01m46,0
SYNCOPE-8,TRUE,FALSE,Critical,239696,02d18h34m56,0
SYNCOPE-900,TRUE,FALSE,Major,4401817,50d22h43m37,1
SYNCOPE-901,TRUE,FALSE,Minor,4342464,50d06h14m24,1
SYNCOPE-905,TRUE,FALSE,Major,3838787,44d10h19m47,1
SYNCOPE-907,FALSE,FALSE,Major,2873111,33d06h05m11,1
SYNCOPE-908,TRUE,FALSE,Major,2872590,33d05h56m30,1
SYNCOPE-77,FALSE,FALSE,Major,227,00d00h03m47,0
SYNCOPE-71,TRUE,FALSE,Major,2190,00d00h36m30,0
SYNCOPE-70,FALSE,FALSE,Major,22804,00d06h20m04,0
SYNCOPE-72,FALSE,FALSE,Major,9407,00d02h36m47,0
SYNCOPE-234,FALSE,FALSE,Minor,13477,00d03h44m37,0
SYNCOPE-1108,FALSE,FALSE,Minor,22082,00d06h08m02,0
SYNCOPE-1109,TRUE,FALSE,Major,654,00d00h10m54,0
SYNCOPE-638,FALSE,FALSE,Major,21487,00d05h58m07,0
SYNCOPE-639,FALSE,FALSE,Minor,22625,00d06h17m05,0
SYNCOPE-1104,TRUE,FALSE,Major,540176,06d06h02m56,0
SYNCOPE-1107,FALSE,FALSE,Major,64,00d00h01m04,0
SYNCOPE-632,TRUE,FALSE,Major,107937,01d05h58m57,0
SYNCOPE-1101,FALSE,FALSE,Major,88527,01d00h35m27,0
SYNCOPE-737,TRUE,TRUE,Major,12770678,147d19h24m38,0
SYNCOPE-735,TRUE,TRUE,Major,1515,00d00h25m15,0
SYNCOPE-734,TRUE,TRUE,Major,352231,04d01h50m31,0
SYNCOPE-733,FALSE,TRUE,Major,158850,01d20h07m30,0
SYNCOPE-730,TRUE,TRUE,Major,10826469,125d07h21m09,0
SYNCOPE-739,FALSE,FALSE,Major,329709,03d19h35m09,0
SYNCOPE-738,FALSE,FALSE,Minor,24009891,277d21h24m51,0
LOG4J2-359,FALSE,FALSE,Major,14192387,164d06h19m47,1
SYNCOPE-260,TRUE,FALSE,Major,429366,04d23h16m06,1
SYNCOPE-1452,FALSE,FALSE,Major,91661,01d01h27m41,0
SYNCOPE-1453,TRUE,FALSE,Major,18925,00d05h15m25,0
SYNCOPE-836,FALSE,FALSE,Major,1120494,12d23h14m54,0
SYNCOPE-837,FALSE,FALSE,Minor,3280,00d00h54m40,0
SYNCOPE-1457,TRUE,FALSE,Minor,248061,02d20h54m21,0
SYNCOPE-1454,FALSE,FALSE,Major,697,00d00h11m37,0
SYNCOPE-839,FALSE,FALSE,Major,500474,05d19h01m14,0
CXF-7670,FALSE,FALSE,Major,1258356,14d13h32m36,0
SYNCOPE-850,TRUE,FALSE,Major,1326774,15d08h32m54,0
SYNCOPE-1027,TRUE,FALSE,Major,356558,04d03h02m38,0
SYNCOPE-1149,TRUE,TRUE,Major,7430,00d02h03m50,0
SYNCOPE-643,FALSE,FALSE,Major,18321,00d05h05m21,0
WICKET-6588,FALSE,FALSE,Major,354143,04d02h22m23,0
SYNCOPE-647,TRUE,FALSE,Major,70749,00d19h39m09,0
SYNCOPE-644,TRUE,FALSE,Critical,13032,00d03h37m12,0
SYNCOPE-301,TRUE,TRUE,Major,23410,00d06h30m10,0
SYNCOPE-306,FALSE,FALSE,Major,12720,00d03h32m00,0
SYNCOPE-307,TRUE,FALSE,Major,802437,09d06h53m57,0
SYNCOPE-1207,TRUE,FALSE,Major,180494,02d02h08m14,0
SYNCOPE-1206,TRUE,FALSE,Major,18748,00d05h12m28,0
SYNCOPE-1205,FALSE,FALSE,Major,1831720,21d04h48m40,0
SYNCOPE-1203,TRUE,FALSE,Major,58472,00d16h14m32,0
WICKET-5071,FALSE,TRUE,Major,9301002,107d15h36m42,1
SYNCOPE-997,FALSE,FALSE,Major,18435,00d05h07m15,0
SYNCOPE-758,TRUE,TRUE,Major,1990662,23d00h57m42,0
SYNCOPE-360,TRUE,FALSE,Major,54387,00d15h06m27,0
SYNCOPE-351,FALSE,FALSE,Major,351277,04d01h34m37,0
LOG4J2-323,FALSE,TRUE,Major,70589658,817d00h14m18,1
SYNCOPE-782,FALSE,FALSE,Major,526,00d00h08m46,0
SYNCOPE-783,TRUE,FALSE,Major,4586000,53d01h53m20,0
SYNCOPE-780,FALSE,FALSE,Major,345851,04d00h04m11,0
SYNCOPE-781,FALSE,FALSE,Major,2937447,33d23h57m27,0
SYNCOPE-466,TRUE,FALSE,Major,4394,00d01h13m14,0
SYNCOPE-465,TRUE,FALSE,Major,163910,01d21h31m50,0
SYNCOPE-462,FALSE,FALSE,Major,3894943,45d01h55m43,0
SYNCOPE-426,FALSE,FALSE,Minor,2273,00d00h37m53,0
SYNCOPE-1333,TRUE,FALSE,Major,63762,00d17h42m42,0
SYNCOPE-423,TRUE,FALSE,Major,4220598,48d20h23m18,0
SYNCOPE-1331,FALSE,FALSE,Major,1092,00d00h18m12,0
SYNCOPE-1330,FALSE,FALSE,Major,2019,00d00h33m39,0
SYNCOPE-1337,TRUE,TRUE,Major,23344,00d06h29m04,0
SYNCOPE-545,FALSE,FALSE,Major,84320,00d23h25m20,0
SYNCOPE-1335,FALSE,FALSE,Major,104,00d00h01m44,0
SYNCOPE-547,FALSE,FALSE,Major,1469,00d00h24m29,0
SYNCOPE-548,FALSE,FALSE,Major,8474,00d02h21m14,0
SYNCOPE-549,FALSE,FALSE,Major,315,00d00h05m15,0
SYNCOPE-1339,FALSE,FALSE,Minor,1990319,23d00h51m59,0
SYNCOPE-1338,TRUE,FALSE,Major,166,00d00h02m46,0
SYNCOPE-354,TRUE,FALSE,Major,1001393,11d14h09m53,0
SYNCOPE-418,TRUE,FALSE,Major,16529,00d04h35m29,0
SYNCOPE-1377,TRUE,FALSE,Minor,9973,00d02h46m13,0
SYNCOPE-419,TRUE,FALSE,Major,1330,00d00h22m10,0
SYNCOPE-1079,TRUE,FALSE,Major,101,00d00h01m41,0
SYNCOPE-412,TRUE,FALSE,Major,167506,01d22h31m46,0
SYNCOPE-1040,TRUE,FALSE,Major,78,00d00h01m18,0
SYNCOPE-1140,FALSE,FALSE,Minor,689841,07d23h37m21,0
SYNCOPE-1141,TRUE,FALSE,Minor,288,00d00h04m48,0
SYNCOPE-308,FALSE,FALSE,Major,605520,07d00h12m00,0
SYNCOPE-309,TRUE,FALSE,Minor,1795527,20d18h45m27,0
SYNCOPE-267,FALSE,FALSE,Major,5718,00d01h35m18,0
SYNCOPE-269,FALSE,FALSE,Critical,104505,01d05h01m45,0
SYNCOPE-1026,FALSE,FALSE,Major,289233,03d08h20m33,0
SYNCOPE-1025,TRUE,FALSE,Major,90,00d00h01m30,0
SYNCOPE-1024,TRUE,FALSE,Major,518960,06d00h09m20,0
SYNCOPE-1023,FALSE,FALSE,Major,6951,00d01h55m51,0
SYNCOPE-1022,FALSE,FALSE,Major,1152368,13d08h06m08,0
SYNCOPE-417,FALSE,FALSE,Minor,3707,00d01h01m47,0
SYNCOPE-1417,TRUE,FALSE,Major,70120,00d19h28m40,0
SYNCOPE-1411,FALSE,FALSE,Major,14288,00d03h58m08,0
SYNCOPE-285,TRUE,TRUE,Major,15900868,184d00h54m28,0
SYNCOPE-1419,TRUE,FALSE,Major,34812,00d09h40m12,0
SYNCOPE-1008,TRUE,FALSE,Major,3018187,34d22h23m07,0
SYNCOPE-284,TRUE,FALSE,Major,1062392,12d07h06m32,0
SYNCOPE-440,FALSE,FALSE,Critical,531340,06d03h35m40,0
SYNCOPE-554,FALSE,FALSE,Major,2077388,24d01h03m08,1
SYNCOPE-568,FALSE,FALSE,Minor,76704,00d21h18m24,0
SYNCOPE-768,TRUE,FALSE,Major,92308,01d01h38m28,0
SYNCOPE-769,FALSE,FALSE,Major,3277,00d00h54m37,0
SYNCOPE-605,FALSE,FALSE,Major,87430,01d00h17m10,0
SYNCOPE-569,FALSE,FALSE,Major,75149,00d20h52m29,0
SYNCOPE-603,TRUE,FALSE,Major,50093,00d13h54m53,0
SYNCOPE-601,FALSE,FALSE,Major,350141,04d01h15m41,0
SYNCOPE-600,TRUE,FALSE,Major,2179,00d00h36m19,0
SYNCOPE-944,TRUE,FALSE,Major,1339,00d00h22m19,0
SYNCOPE-946,TRUE,TRUE,Major,954170,11d01h02m50,0
SYNCOPE-947,FALSE,FALSE,Major,1585,00d00h26m25,0
SYNCOPE-940,TRUE,FALSE,Major,1529494,17d16h51m34,0
SYNCOPE-942,FALSE,FALSE,Trivial,1715487,19d20h31m27,0
SYNCOPE-608,FALSE,FALSE,Major,171875,01d23h44m35,0
SYNCOPE-1248,FALSE,FALSE,Major,2383,00d00h39m43,0
SYNCOPE-1241,TRUE,FALSE,Major,11597,00d03h13m17,0
SYNCOPE-1334,FALSE,FALSE,Trivial,22071,00d06h07m51,0
SYNCOPE-1247,TRUE,FALSE,Major,705228,08d03h53m48,0
SYNCOPE-1246,TRUE,FALSE,Major,626105,07d05h55m05,0
SYNCOPE-1244,TRUE,FALSE,Major,227124,02d15h05m24,1
SYNCOPE-1488,FALSE,FALSE,Minor,81998,00d22h46m38,0
SYNCOPE-849,TRUE,FALSE,Major,1327035,15d08h37m15,0
SYNCOPE-1481,TRUE,FALSE,Major,524108,06d01h35m08,0
SYNCOPE-844,FALSE,FALSE,Major,172106,01d23h48m26,0
SYNCOPE-1483,FALSE,FALSE,Minor,2542,00d00h42m22,0
SYNCOPE-846,TRUE,FALSE,Major,1734254,20d01h44m14,0
SYNCOPE-1485,TRUE,FALSE,Major,5838,00d01h37m18,0
SYNCOPE-1484,FALSE,FALSE,Minor,12856,00d03h34m16,0
SYNCOPE-1487,FALSE,FALSE,Minor,84349,00d23h25m49,0
SYNCOPE-92,FALSE,FALSE,Major,363084,04d04h51m24,0
SYNCOPE-1099,TRUE,FALSE,Major,3208,00d00h53m28,0
SYNCOPE-97,TRUE,FALSE,Critical,170763,01d23h26m03,0
SYNCOPE-96,TRUE,FALSE,Major,516267,05d23h24m27,0
SYNCOPE-95,TRUE,FALSE,Major,170461,01d23h21m01,0
SYNCOPE-94,FALSE,FALSE,Major,354954,04d02h35m54,0
SYNCOPE-566,FALSE,FALSE,Major,72036,00d20h00m36,0
SYNCOPE-99,FALSE,FALSE,Major,75433,00d20h57m13,0
SYNCOPE-567,FALSE,FALSE,Major,156549,01d19h29m09,0
SYNCOPE-75,TRUE,FALSE,Major,92648,01d01h44m08,0
SYNCOPE-118,FALSE,FALSE,Minor,231117,02d16h11m57,0
SYNCOPE-113,TRUE,FALSE,Minor,38773,00d10h46m13,0
SYNCOPE-112,TRUE,FALSE,Major,8639,00d02h23m59,0
SYNCOPE-111,FALSE,FALSE,Major,14231,00d03h57m11,0
SYNCOPE-117,TRUE,FALSE,Minor,244701,02d19h58m21,0
SYNCOPE-115,FALSE,FALSE,Minor,863,00d00h14m23,0
SYNCOPE-114,FALSE,FALSE,Major,10334,00d02h52m14,0
SYNCOPE-509,FALSE,FALSE,Major,17863,00d04h57m43,0
SYNCOPE-504,TRUE,TRUE,Major,1225216,14d04h20m16,0
SYNCOPE-506,FALSE,FALSE,Major,76211,00d21h10m11,0
SYNCOPE-500,FALSE,FALSE,Major,11115,00d03h05m15,0
SYNCOPE-501,TRUE,FALSE,Major,606313,07d00h25m13,0
SYNCOPE-383,TRUE,FALSE,Major,7771,00d02h09m31,0
SYNCOPE-607,FALSE,FALSE,Major,173877,02d00h17m57,0
SYNCOPE-1180,TRUE,FALSE,Minor,265302,03d01h41m42,0
SYNCOPE-553,TRUE,FALSE,Major,26817,00d07h26m57,0
SYNCOPE-560,FALSE,FALSE,Major,990,00d00h16m30,0
SYNCOPE-1188,FALSE,FALSE,Minor,75114,00d20h51m54,0
SYNCOPE-1189,FALSE,FALSE,Major,74767,00d20h46m07,0
SYNCOPE-1062,TRUE,FALSE,Major,8553,00d02h22m33,0
SYNCOPE-433,FALSE,FALSE,Major,4106,00d01h08m26,0
SYNCOPE-434,TRUE,FALSE,Major,4426,00d01h13m46,0
SYNCOPE-435,TRUE,FALSE,Major,322852,03d17h40m52,0
SYNCOPE-436,TRUE,FALSE,Major,540312,06d06h05m12,1
SYNCOPE-437,FALSE,FALSE,Major,12020,00d03h20m20,0
SYNCOPE-1342,FALSE,FALSE,Major,48105,00d13h21m45,0
SYNCOPE-1343,TRUE,FALSE,Major,158565,01d20h02m45,0
SYNCOPE-1340,FALSE,FALSE,Major,90095,01d01h01m35,0
SYNCOPE-1346,TRUE,FALSE,Major,58914,00d16h21m54,0
SYNCOPE-1347,FALSE,FALSE,Major,110,00d00h01m50,0
SYNCOPE-1344,FALSE,FALSE,Major,805,00d00h13m25,0
SYNCOPE-349,TRUE,FALSE,Major,22543855,260d22h10m55,0
SYNCOPE-561,FALSE,FALSE,Minor,2349,00d00h39m09,0
SYNCOPE-935,TRUE,FALSE,Major,6320,00d01h45m20,0
SYNCOPE-934,FALSE,FALSE,Major,29459,00d08h10m59,0
SYNCOPE-937,FALSE,FALSE,Major,1325294,15d08h08m14,0
SYNCOPE-936,FALSE,FALSE,Major,4137,00d01h08m57,0
SYNCOPE-931,TRUE,FALSE,Major,94093,01d02h08m13,0
SYNCOPE-930,TRUE,FALSE,Minor,226628,02d14h57m08,0
SYNCOPE-933,FALSE,FALSE,Major,109381,01d06h23m01,0
SYNCOPE-47,TRUE,FALSE,Major,14070,00d03h54m30,0
SYNCOPE-48,TRUE,FALSE,Major,680451,07d21h00m51,0
SYNCOPE-49,FALSE,FALSE,Major,21783,00d06h03m03,0
SYNCOPE-762,FALSE,FALSE,Major,340110,03d22h28m30,0
SYNCOPE-1114,TRUE,FALSE,Major,41107,00d11h25m07,0
SYNCOPE-1112,TRUE,FALSE,Major,159,00d00h02m39,0
SYNCOPE-1111,TRUE,FALSE,Major,1191279,13d18h54m39,0
SYNCOPE-1110,TRUE,FALSE,Major,1184813,13d17h06m53,1
SYNCOPE-332,TRUE,FALSE,Trivial,73067,00d20h17m47,0
SYNCOPE-330,TRUE,FALSE,Major,343985,03d23h33m05,0
SYNCOPE-489,FALSE,FALSE,Minor,518043,05d23h54m03,1
SYNCOPE-336,TRUE,FALSE,Major,695503,08d01h11m43,0
SYNCOPE-334,FALSE,FALSE,Minor,1706,00d00h28m26,0
SYNCOPE-484,FALSE,FALSE,Major,58161,00d16h09m21,0
SYNCOPE-339,FALSE,FALSE,Major,11478,00d03h11m18,0
SYNCOPE-338,FALSE,FALSE,Critical,16491,00d04h34m51,0
SYNCOPE-729,TRUE,FALSE,Major,1832,00d00h30m32,0
SYNCOPE-483,FALSE,FALSE,Major,5457478,63d03h57m58,1
SYNCOPE-482,FALSE,FALSE,Major,6415,00d01h46m55,0
SYNCOPE-1448,TRUE,FALSE,Major,1186425,13d17h33m45,0
SYNCOPE-801,TRUE,FALSE,Major,2568944,29d17h35m44,0
SYNCOPE-800,TRUE,FALSE,Major,501943,05d19h25m43,0
SYNCOPE-1447,TRUE,FALSE,Major,16581,00d04h36m21,0
SYNCOPE-1446,TRUE,FALSE,Major,330082,03d19h41m22,0
SYNCOPE-1440,FALSE,FALSE,Major,953755,11d00h55m55,0
SYNCOPE-1443,TRUE,FALSE,Critical,334216,03d20h50m16,0
SYNCOPE-1442,FALSE,TRUE,Major,512524,05d22h22m04,0
SYNCOPE-658,TRUE,FALSE,Major,328076,03d19h07m56,0
SYNCOPE-659,FALSE,FALSE,Major,83165,00d23h06m05,0
SYNCOPE-654,TRUE,FALSE,Major,1638506,18d23h08m26,0
SYNCOPE-655,FALSE,FALSE,Major,6365,00d01h46m05,0
SYNCOPE-656,FALSE,FALSE,Major,904,00d00h15m04,0
SYNCOPE-1232,TRUE,FALSE,Major,5009,00d01h23m29,0
SYNCOPE-1233,TRUE,FALSE,Major,114134,01d07h42m14,0
SYNCOPE-1230,FALSE,FALSE,Major,1314883,15d05h14m43,0
SYNCOPE-1231,FALSE,FALSE,Major,1321615,15d07h06m55,0
SYNCOPE-1236,FALSE,FALSE,Major,158117,01d19h55m17,0
SYNCOPE-1235,FALSE,FALSE,Major,10146,00d02h49m06,0
SYNCOPE-1131,TRUE,FALSE,Major,506,00d00h08m26,0
SYNCOPE-1239,FALSE,FALSE,Major,285,00d00h04m45,0
SYNCOPE-1039,TRUE,FALSE,Major,525011,06d01h50m11,0
SYNCOPE-706,FALSE,FALSE,Major,64016,00d17h46m56,0
SYNCOPE-1139,TRUE,FALSE,Major,84399,00d23h26m39,0
SYNCOPE-845,TRUE,TRUE,Major,3187250,36d21h20m50,0
SYNCOPE-1308,FALSE,FALSE,Major,347086,04d00h24m46,0
SYNCOPE-1480,TRUE,FALSE,Major,4162591,48d04h16m31,0
SYNCOPE-1306,FALSE,FALSE,Major,163381,01d21h23m01,0
SYNCOPE-1307,TRUE,FALSE,Major,18786,00d05h13m06,0
SYNCOPE-1304,TRUE,FALSE,Major,4077,00d01h07m57,0
SYNCOPE-477,TRUE,FALSE,Major,6071,00d01h41m11,0
SYNCOPE-847,TRUE,FALSE,Major,424150,04d21h49m10,0
SYNCOPE-1301,TRUE,FALSE,Major,92008,01d01h33m28,0
SYNCOPE-574,FALSE,FALSE,Minor,191963,02d05h19m23,1
SYNCOPE-322,FALSE,FALSE,Major,16143,00d04h29m03,0
SYNCOPE-571,FALSE,FALSE,Minor,195830,02d06h23m50,0
SYNCOPE-572,TRUE,FALSE,Major,952192,11d00h29m52,0
SYNCOPE-578,TRUE,FALSE,Major,614297,07d02h38m17,0
SYNCOPE-691,TRUE,FALSE,Major,8996,00d02h29m56,0
SYNCOPE-1060,TRUE,FALSE,Major,397299,04d14h21m39,1
SYNCOPE-90,FALSE,FALSE,Major,437490,05d01h31m30,0
SYNCOPE-689,TRUE,FALSE,Major,419368,04d20h29m28,0
SYNCOPE-688,FALSE,FALSE,Major,610844,07d01h40m44,0
SYNCOPE-686,TRUE,FALSE,Major,106644,01d05h37m24,0
SYNCOPE-684,TRUE,FALSE,Major,624,00d00h10m24,0
SYNCOPE-683,TRUE,FALSE,Major,3633,00d01h00m33,0
SYNCOPE-682,FALSE,FALSE,Major,4341,00d01h12m21,0
SYNCOPE-369,FALSE,FALSE,Major,176046,02d00h54m06,0
SYNCOPE-1151,FALSE,FALSE,Minor,252888,02d22h14m48,0
SYNCOPE-1150,TRUE,FALSE,Minor,66340,00d18h25m40,0
SYNCOPE-272,FALSE,FALSE,Major,271111,03d03h18m31,0
SYNCOPE-1012,FALSE,FALSE,Major,804,00d00h13m24,0
SYNCOPE-1013,FALSE,FALSE,Major,99,00d00h01m39,0
SYNCOPE-1010,FALSE,FALSE,Major,161,00d00h02m41,0
SYNCOPE-1158,TRUE,FALSE,Major,17654,00d04h54m14,0
SYNCOPE-1016,TRUE,FALSE,Major,427,00d00h07m07,0
SYNCOPE-1450,TRUE,FALSE,Major,2084,00d00h34m44,0
SYNCOPE-1014,FALSE,FALSE,Minor,146,00d00h02m26,0
SYNCOPE-370,FALSE,FALSE,Minor,4741391,54d21h03m11,0
SYNCOPE-365,FALSE,FALSE,Major,11930,00d03h18m50,0
SYNCOPE-325,FALSE,FALSE,Major,181,00d00h03m01,0
SYNCOPE-702,FALSE,FALSE,Minor,3114,00d00h51m54,0
SYNCOPE-18,TRUE,FALSE,Major,1041890,12d01h24m50,0
SYNCOPE-1405,FALSE,FALSE,Major,585,00d00h09m45,0
SYNCOPE-1404,FALSE,FALSE,Minor,1696,00d00h28m16,0
SYNCOPE-1407,FALSE,FALSE,Minor,1361,00d00h22m41,0
SYNCOPE-1406,FALSE,FALSE,Major,311,00d00h05m11,0
SYNCOPE-1408,TRUE,FALSE,Major,11542,00d03h12m22,0
SYNCOPE-292,TRUE,FALSE,Major,21496,00d05h58m16,1
SYNCOPE-10,TRUE,FALSE,Major,16833,00d04h40m33,0
SYNCOPE-294,TRUE,FALSE,Minor,339679,03d22h21m19,0
SYNCOPE-16,TRUE,FALSE,Major,12485,00d03h28m05,0
SYNCOPE-361,TRUE,FALSE,Minor,178,00d00h02m58,0
SYNCOPE-546,FALSE,FALSE,Major,22453,00d06h14m13,0
OLINGO-535,FALSE,FALSE,Major,7422,00d02h03m42,0
SYNCOPE-1363,TRUE,FALSE,Minor,51,00d00h00m51,0
SYNCOPE-197,FALSE,FALSE,Trivial,171107,01d23h31m47,0
SYNCOPE-196,FALSE,FALSE,Trivial,87265,01d00h14m25,0
SYNCOPE-614,TRUE,FALSE,Major,518237,05d23h57m17,0
SYNCOPE-970,FALSE,FALSE,Minor,80365,00d22h19m25,0
SYNCOPE-973,FALSE,FALSE,Major,526,00d00h08m46,0
SYNCOPE-617,FALSE,FALSE,Minor,364575,04d05h16m15,0
SYNCOPE-975,FALSE,FALSE,Minor,13402,00d03h43m22,0
SYNCOPE-611,FALSE,FALSE,Major,97090,01d02h58m10,0
SYNCOPE-977,FALSE,FALSE,Major,12847,00d03h34m07,0
SYNCOPE-976,TRUE,FALSE,Major,2959,00d00h49m19,0
SYNCOPE-979,FALSE,FALSE,Major,109672,01d06h27m52,0
SYNCOPE-327,TRUE,FALSE,Major,171380,01d23h36m20,0
SYNCOPE-756,TRUE,FALSE,Major,1572136,18d04h42m16,0
SYNCOPE-1276,FALSE,FALSE,Major,595611,06d21h26m51,0
SYNCOPE-1275,TRUE,FALSE,Major,759818,08d19h03m38,0
SYNCOPE-1272,FALSE,FALSE,Major,244856,02d20h00m56,0
SYNCOPE-404,FALSE,FALSE,Major,209558,02d10h12m38,0
SYNCOPE-1474,FALSE,FALSE,Minor,9481517,109d17h45m17,0
SYNCOPE-999,TRUE,FALSE,Major,4388,00d01h13m08,0
SYNCOPE-1477,FALSE,FALSE,Major,2007,00d00h33m27,0
SYNCOPE-1470,TRUE,FALSE,Major,363,00d00h06m03,0
SYNCOPE-1472,FALSE,FALSE,Major,348620,04d00h50m20,0
SYNCOPE-993,FALSE,FALSE,Major,350476,04d01h21m16,0
SYNCOPE-992,TRUE,FALSE,Major,74944,00d20h49m04,0
SYNCOPE-990,FALSE,FALSE,Major,104,00d00h01m44,0
SYNCOPE-1478,FALSE,FALSE,Minor,6720165,77d18h42m45,0
SYNCOPE-994,TRUE,FALSE,Major,678914,07d20h35m14,0
SYNCOPE-108,FALSE,TRUE,Major,76548,00d21h15m48,0
SYNCOPE-32,FALSE,FALSE,Major,1015,00d00h16m55,0
SYNCOPE-814,FALSE,FALSE,Minor,426307,04d22h25m07,0
SYNCOPE-101,FALSE,FALSE,Major,1891879,21d21h31m19,1
SYNCOPE-102,FALSE,FALSE,Major,1390722,16d02h18m42,0
SYNCOPE-103,TRUE,FALSE,Major,86539,01d00h02m19,0
SYNCOPE-104,FALSE,FALSE,Major,786,00d00h13m06,0
SYNCOPE-106,FALSE,FALSE,Major,860,00d00h14m20,0
SYNCOPE-262,TRUE,FALSE,Major,288566,03d08h09m26,0
SYNCOPE-1309,TRUE,FALSE,Major,1566873,18d03h14m33,0
SYNCOPE-1376,FALSE,FALSE,Minor,684888,07d22h14m48,0
SYNCOPE-1358,TRUE,FALSE,Major,721,00d00h12m01,0
SYNCOPE-531,TRUE,FALSE,Minor,169938,01d23h12m18,0
SYNCOPE-474,FALSE,FALSE,Major,16492,00d04h34m52,0
SYNCOPE-532,TRUE,FALSE,Blocker,8054,00d02h14m14,0
SYNCOPE-475,FALSE,FALSE,Major,9084,00d02h31m24,0
SYNCOPE-539,FALSE,FALSE,Major,585715,06d18h41m55,0
SYNCOPE-476,TRUE,FALSE,Critical,69406,00d19h16m46,0
SYNCOPE-68,TRUE,FALSE,Major,2269804,26d06h30m04,0
SYNCOPE-1303,FALSE,FALSE,Minor,2292,00d00h38m12,0
SYNCOPE-65,TRUE,FALSE,Major,678180,07d20h23m00,0
SYNCOPE-63,FALSE,FALSE,Major,2139,00d00h35m39,0
SYNCOPE-576,TRUE,FALSE,Major,631775,07d07h29m35,0
SYNCOPE-1193,TRUE,FALSE,Major,89051,01d00h44m11,0
SYNCOPE-1190,TRUE,FALSE,Minor,867314,10d00h55m14,1
SYNCOPE-1057,TRUE,FALSE,Major,75234,00d20h53m54,0
SYNCOPE-1052,TRUE,FALSE,Major,334903,03d21h01m43,0
SYNCOPE-641,TRUE,FALSE,Major,5040,00d01h24m00,0
SYNCOPE-1199,TRUE,FALSE,Major,1566237,18d03h03m57,1
SYNCOPE-1051,FALSE,FALSE,Major,1360,00d00h22m40,0
SYNCOPE-1354,FALSE,FALSE,Major,1647,00d00h27m27,0
SYNCOPE-1357,FALSE,FALSE,Major,6303,00d01h45m03,0
SYNCOPE-1356,TRUE,FALSE,Major,7948,00d02h12m28,0
SYNCOPE-1298,TRUE,FALSE,Major,7769,00d02h09m29,0
SYNCOPE-1350,FALSE,FALSE,Major,101,00d00h01m41,0
SYNCOPE-1353,FALSE,FALSE,Trivial,18891,00d05h14m51,0
SYNCOPE-1352,FALSE,FALSE,Major,1177,00d00h19m37,0
SYNCOPE-1294,FALSE,FALSE,Major,1438,00d00h23m58,0
SYNCOPE-1296,FALSE,FALSE,Major,215709,02d11h55m09,0
SYNCOPE-1297,FALSE,FALSE,Minor,5202052,60d05h00m52,0
SYNCOPE-1291,FALSE,FALSE,Major,2087,00d00h34m47,0
SYNCOPE-1293,TRUE,FALSE,Minor,72719,00d20h11m59,0
