BugID, #isArch, #isInduce, #Priority, #TimeSec, #Time, #Reopen
SYSTEMML-1186,FALSE,FALSE,Minor,3778355,43d17h32m35,0
SYSTEMML-1627,FALSE,FALSE,Major,2434003,28d04h06m43,0
SYSTEMML-1626,FALSE,FALSE,Major,30947786,358d04h36m26,0
SYSTEMML-1624,FALSE,FALSE,Critical,2516647,29d03h04m07,0
SYSTEMML-1623,TRUE,FALSE,Major,11448,00d03h10m48,0
SYSTEMML-833,TRUE,FALSE,Major,1353528,15d15h58m48,0
SYSTEMML-1621,TRUE,FALSE,Major,41747,00d11h35m47,0
SYSTEMML-2377,FALSE,FALSE,Major,2426,00d00h40m26,0
SYSTEMML-2370,TRUE,FALSE,Major,1019066,11d19h04m26,0
SYSTEMML-1749,FALSE,FALSE,Major,56321,00d15h38m41,0
SYSTEMML-2275,FALSE,FALSE,Major,102758,01d04h32m38,0
SYSTEMML-1698,FALSE,FALSE,Major,4617,00d01h16m57,0
SYSTEMML-331,TRUE,FALSE,Blocker,8649127,100d02h32m07,1
SYSTEMML-330,TRUE,FALSE,Major,8394634,97d03h50m34,0
SYSTEMML-884,FALSE,FALSE,Major,99694,01d03h41m34,0
SYSTEMML-1386,TRUE,FALSE,Major,67444,00d18h44m04,0
SYSTEMML-830,FALSE,FALSE,Minor,530,00d00h08m50,0
SYSTEMML-1131,FALSE,FALSE,Major,80749,00d22h25m49,0
SYSTEMML-905,TRUE,FALSE,Major,1144173,13d05h49m33,0
SYSTEMML-1840,FALSE,FALSE,Major,51797,00d14h23m17,0
SYSTEMML-2383,TRUE,FALSE,Major,3857,00d01h04m17,0
SYSTEMML-1876,FALSE,FALSE,Major,168859,01d22h54m19,0
SYSTEMML-2388,FALSE,FALSE,Major,535487,06d04h44m47,0
SYSTEMML-1875,FALSE,FALSE,Major,3109297,35d23h41m37,0
SYSTEMML-1891,FALSE,FALSE,Major,176035,02d00h53m55,0
SYSTEMML-1870,FALSE,FALSE,Major,12840,00d03h34m00,0
SYSTEMML-2028,FALSE,FALSE,Major,64459,00d17h54m19,0
SYSTEMML-2029,FALSE,FALSE,Major,87895,01d00h24m55,0
SYSTEMML-2180,FALSE,FALSE,Major,60643,00d16h50m43,0
SYSTEMML-2020,TRUE,FALSE,Major,164699,01d21h44m59,0
SYSTEMML-2021,FALSE,FALSE,Major,155419,01d19h10m19,0
SYSTEMML-2022,TRUE,FALSE,Major,32650,00d09h04m10,0
SYSTEMML-2023,TRUE,FALSE,Major,1256,00d00h20m56,0
SYSTEMML-2024,TRUE,FALSE,Major,168112,01d22h41m52,0
SYSTEMML-2026,TRUE,FALSE,Major,150944,01d17h55m44,0
SYSTEMML-2027,FALSE,FALSE,Major,76815,00d21h20m15,0
SYSTEMML-1243,FALSE,FALSE,Major,3183769,36d20h22m49,0
SYSTEMML-1005,FALSE,FALSE,Blocker,91543,01d01h25m43,0
SYSTEMML-1002,TRUE,FALSE,Major,102224,01d04h23m44,0
SYSTEMML-1553,FALSE,FALSE,Major,1034677,11d23h24m37,0
SYSTEMML-1008,TRUE,FALSE,Blocker,73606,00d20h26m46,0
SYSTEMML-2058,FALSE,FALSE,Major,1025909,11d20h58m29,0
SYSTEMML-2051,TRUE,FALSE,Major,594334,06d21h05m34,0
SYSTEMML-2050,TRUE,FALSE,Major,11345,00d03h09m05,0
SYSTEMML-2053,TRUE,FALSE,Major,102395,01d04h26m35,0
SYSTEMML-2052,TRUE,FALSE,Major,505370,05d20h22m50,0
SYSTEMML-1520,FALSE,FALSE,Blocker,40186,00d11h09m46,0
SYSTEMML-513,TRUE,FALSE,Major,461012,05d08h03m32,0
SYSTEMML-512,TRUE,FALSE,Major,8039196,93d01h06m36,0
SYSTEMML-1525,TRUE,FALSE,Major,11148,00d03h05m48,0
SYSTEMML-517,FALSE,FALSE,Major,504096,05d20h01m36,0
SYSTEMML-300,FALSE,FALSE,Minor,10556752,122d04h25m52,0
SYSTEMML-1702,FALSE,FALSE,Major,38584,00d10h43m04,0
SYSTEMML-1251,TRUE,FALSE,Major,703815,08d03h30m15,0
SYSTEMML-1704,FALSE,FALSE,Major,4191,00d01h09m51,0
SYSTEMML-1257,FALSE,FALSE,Major,252826,02d22h13m46,0
SYSTEMML-261,FALSE,FALSE,Major,11825621,136d20h53m41,0
SYSTEMML-2338,FALSE,FALSE,Major,647,00d00h10m47,0
SYSTEMML-1906,TRUE,FALSE,Major,6734068,77d22h34m28,0
SYSTEMML-1902,TRUE,FALSE,Major,6904858,79d22h00m58,0
SYSTEMML-1903,TRUE,FALSE,Major,3894590,45d01h49m50,0
SYSTEMML-1901,TRUE,FALSE,Major,7089102,82d01h11m42,0
SYSTEMML-1908,FALSE,FALSE,Major,3625681,41d23h08m01,0
SYSTEMML-762,TRUE,FALSE,Major,4316545,49d23h02m25,1
SYSTEMML-1792,FALSE,FALSE,Major,58017,00d16h06m57,0
SYSTEMML-1790,FALSE,FALSE,Major,74968,00d20h49m28,0
SYSTEMML-605,FALSE,FALSE,Major,676575,07d19h56m15,0
SYSTEMML-604,FALSE,FALSE,Minor,698976,08d02h09m36,0
SYSTEMML-607,FALSE,FALSE,Trivial,525776,06d02h02m56,0
SYSTEMML-768,FALSE,FALSE,Critical,14060572,162d17h42m52,0
SYSTEMML-769,TRUE,FALSE,Major,20917266,242d02h21m06,0
SYSTEMML-948,FALSE,FALSE,Major,676524,07d19h55m24,0
SYSTEMML-946,FALSE,FALSE,Major,279763,03d05h42m43,0
SYSTEMML-658,FALSE,FALSE,Minor,58230947,673d23h15m47,0
SYSTEMML-1175,TRUE,FALSE,Major,31797566,368d00h39m26,0
SYSTEMML-864,TRUE,FALSE,Major,2196387,25d10h06m27,0
SYSTEMML-2428,FALSE,FALSE,Major,6298,00d01h44m58,0
SYSTEMML-2429,FALSE,FALSE,Major,919,00d00h15m19,0
SYSTEMML-863,FALSE,FALSE,Trivial,6574,00d01h49m34,0
SYSTEMML-2425,TRUE,FALSE,Major,1092839,12d15h33m59,0
SYSTEMML-869,TRUE,FALSE,Blocker,3016144,34d21h49m04,1
SYSTEMML-1772,FALSE,FALSE,Major,11874,00d03h17m54,0
SYSTEMML-2347,FALSE,FALSE,Major,1810847,20d23h00m47,0
SYSTEMML-1387,FALSE,FALSE,Major,64837,00d18h00m37,0
SYSTEMML-1381,FALSE,FALSE,Major,72701,00d20h11m41,0
SYSTEMML-2343,TRUE,FALSE,Major,2244339,25d23h25m39,0
SYSTEMML-2340,TRUE,FALSE,Major,2324016,26d21h33m36,0
SYSTEMML-1388,FALSE,FALSE,Major,64270,00d17h51m10,0
SYSTEMML-1833,TRUE,FALSE,Major,63182,00d17h33m02,0
SYSTEMML-1884,TRUE,FALSE,Major,495866,05d17h44m26,0
SYSTEMML-1836,TRUE,FALSE,Major,407439,04d17h10m39,0
SYSTEMML-1837,TRUE,FALSE,Major,1916177,22d04h16m17,0
SYSTEMML-461,FALSE,FALSE,Major,55902,00d15h31m42,0
SYSTEMML-1838,TRUE,FALSE,Major,66148,00d18h22m28,0
SYSTEMML-1839,FALSE,FALSE,Major,61178,00d16h59m38,0
SYSTEMML-2511,FALSE,FALSE,Major,2265055,26d05h10m55,0
SYSTEMML-1899,FALSE,FALSE,Major,6984895,80d20h14m55,0
SYSTEMML-1078,FALSE,TRUE,Blocker,41511849,480d11h04m09,0
SYSTEMML-1023,TRUE,FALSE,Major,75756,00d21h02m36,0
SYSTEMML-1148,TRUE,FALSE,Major,254504,02d22h41m44,0
SYSTEMML-2158,TRUE,FALSE,Major,187976,02d04h12m56,0
SYSTEMML-2150,FALSE,FALSE,Major,79296,00d22h01m36,0
SYSTEMML-2151,FALSE,FALSE,Major,73727,00d20h28m47,0
SYSTEMML-2152,FALSE,FALSE,Major,10579,00d02h56m19,0
SYSTEMML-2153,FALSE,FALSE,Major,2397,00d00h39m57,0
SYSTEMML-2154,FALSE,FALSE,Major,388949,04d12h02m29,0
SYSTEMML-2157,TRUE,FALSE,Major,266370,03d01h59m30,0
SYSTEMML-2013,TRUE,FALSE,Major,5303,00d01h28m23,0
SYSTEMML-2017,TRUE,FALSE,Major,1260633,14d14h10m33,0
SYSTEMML-2019,FALSE,FALSE,Major,172718,01d23h58m38,0
SYSTEMML-1425,TRUE,FALSE,Major,90376,01d01h06m16,0
SYSTEMML-635,FALSE,FALSE,Major,160147,01d20h29m07,0
SYSTEMML-1427,FALSE,FALSE,Major,79398,00d22h03m18,0
SYSTEMML-1423,TRUE,FALSE,Major,75160,00d20h52m40,0
SYSTEMML-576,TRUE,FALSE,Major,53307,00d14h48m27,0
SYSTEMML-638,FALSE,FALSE,Major,3941133,45d14h45m33,0
SYSTEMML-639,FALSE,FALSE,Minor,2505909,29d00h05m09,0
SYSTEMML-1358,TRUE,FALSE,Major,112602,01d07h16m42,0
SYSTEMML-1949,TRUE,FALSE,Major,4478289,51d19h58m09,0
SYSTEMML-1588,TRUE,FALSE,Major,9318,00d02h35m18,0
SYSTEMML-1941,TRUE,FALSE,Major,5270227,60d23h57m07,0
SYSTEMML-1946,FALSE,FALSE,Major,4661575,53d22h52m55,0
SYSTEMML-1947,FALSE,FALSE,Major,4562902,52d19h28m22,0
SYSTEMML-1518,TRUE,FALSE,Blocker,44642,00d12h24m02,0
SYSTEMML-643,TRUE,FALSE,Major,64402,00d17h53m22,0
SYSTEMML-645,FALSE,FALSE,Minor,55031,00d15h17m11,0
SYSTEMML-1456,TRUE,FALSE,Major,80938,00d22h28m58,0
SYSTEMML-1458,FALSE,FALSE,Major,73561,00d20h26m01,0
SYSTEMML-1510,FALSE,FALSE,Minor,2649126,30d15h52m06,0
SYSTEMML-1514,TRUE,FALSE,Major,11175,00d03h06m15,0
SYSTEMML-1638,TRUE,FALSE,Major,21795,00d06h03m15,0
SYSTEMML-1639,FALSE,FALSE,Major,21133,00d05h52m13,0
SYSTEMML-454,TRUE,FALSE,Major,156220,01d19h23m40,0
SYSTEMML-1630,TRUE,FALSE,Trivial,49721,00d13h48m41,0
SYSTEMML-823,FALSE,FALSE,Minor,1990525,23d00h55m25,0
SYSTEMML-1635,FALSE,FALSE,Major,5546,00d01h32m26,0
SYSTEMML-1222,FALSE,FALSE,Minor,101266,01d04h07m46,0
SYSTEMML-1733,TRUE,FALSE,Major,146747,01d16h45m47,0
SYSTEMML-1737,FALSE,FALSE,Minor,1031454,11d22h30m54,0
SYSTEMML-2469,TRUE,FALSE,Major,329753,03d19h35m53,0
SYSTEMML-1228,TRUE,FALSE,Major,952104,11d00h28m24,0
SYSTEMML-2305,TRUE,FALSE,Major,1353630,15d16h00m30,0
SYSTEMML-2264,FALSE,FALSE,Major,2743536,31d18h05m36,0
SYSTEMML-2265,TRUE,FALSE,Major,2738851,31d16h47m31,0
SYSTEMML-1668,FALSE,FALSE,Minor,87983,01d00h26m23,0
SYSTEMML-915,TRUE,FALSE,Major,184184,02d03h09m44,0
SYSTEMML-1125,FALSE,FALSE,Major,523520,06d01h25m20,0
SYSTEMML-1126,TRUE,FALSE,Major,8190290,94d19h04m50,0
SYSTEMML-1127,FALSE,FALSE,Major,579466,06d16h57m46,0
SYSTEMML-911,FALSE,FALSE,Major,63207,00d17h33m27,0
SYSTEMML-859,FALSE,FALSE,Major,63413,00d17h36m53,0
SYSTEMML-912,FALSE,FALSE,Major,764,00d00h12m44,0
SYSTEMML-1644,TRUE,FALSE,Major,2015873,23d07h57m53,0
SYSTEMML-1641,TRUE,FALSE,Major,4861,00d01h21m01,0
SYSTEMML-1640,FALSE,FALSE,Major,20191,00d05h36m31,0
SYSTEMML-1643,FALSE,FALSE,Major,1289020,14d22h03m40,0
SYSTEMML-2413,TRUE,FALSE,Major,221353,02d13h29m13,0
SYSTEMML-1848,FALSE,FALSE,Major,1397323,16d04h08m43,0
SYSTEMML-2397,TRUE,FALSE,Major,326774,03d18h46m14,0
SYSTEMML-1843,FALSE,FALSE,Major,56797,00d15h46m37,0
SYSTEMML-1842,FALSE,FALSE,Major,64520,00d17h55m20,0
SYSTEMML-1841,TRUE,FALSE,Major,65478,00d18h11m18,0
SYSTEMML-2399,FALSE,FALSE,Major,5623,00d01h33m43,0
SYSTEMML-1846,FALSE,FALSE,Major,1449255,16d18h34m15,0
SYSTEMML-1845,TRUE,FALSE,Major,1471690,17d00h48m10,0
SYSTEMML-1844,FALSE,FALSE,Major,81281,00d22h34m41,0
SYSTEMML-1877,TRUE,FALSE,Major,161612,01d20h53m32,0
SYSTEMML-2487,TRUE,FALSE,Major,1070,00d00h17m50,0
SYSTEMML-2484,FALSE,FALSE,Major,2224,00d00h37m04,0
SYSTEMML-2483,FALSE,FALSE,Major,1101,00d00h18m21,0
SYSTEMML-2480,TRUE,FALSE,Major,94201,01d02h10m01,0
SYSTEMML-1546,FALSE,FALSE,Major,2722,00d00h45m22,0
SYSTEMML-1011,FALSE,FALSE,Major,56901,00d15h48m21,0
SYSTEMML-1545,FALSE,FALSE,Blocker,6999,00d01h56m39,0
SYSTEMML-1014,TRUE,FALSE,Blocker,77432,00d21h30m32,0
SYSTEMML-1543,TRUE,FALSE,Blocker,21809,00d06h03m29,0
SYSTEMML-571,FALSE,FALSE,Major,405,00d00h06m45,0
SYSTEMML-1018,FALSE,FALSE,Major,59769,00d16h36m09,0
SYSTEMML-1019,FALSE,FALSE,Major,53928,00d14h58m48,0
SYSTEMML-809,FALSE,FALSE,Major,2819070,32d15h04m30,0
SYSTEMML-2161,FALSE,FALSE,Major,28052,00d07h47m32,0
SYSTEMML-2163,TRUE,FALSE,Major,90864,01d01h14m24,0
SYSTEMML-2162,FALSE,FALSE,Major,6159,00d01h42m39,0
SYSTEMML-2166,FALSE,FALSE,Major,2190,00d00h36m30,0
SYSTEMML-2040,TRUE,FALSE,Major,80966,00d22h29m26,0
SYSTEMML-705,FALSE,FALSE,Minor,59,00d00h00m59,0
SYSTEMML-1265,FALSE,FALSE,Minor,75605,00d21h00m05,0
SYSTEMML-707,FALSE,FALSE,Major,938385,10d20h39m45,0
SYSTEMML-1826,TRUE,FALSE,Major,6356,00d01h45m56,0
SYSTEMML-2225,FALSE,FALSE,Major,86353,00d23h59m13,0
SYSTEMML-1932,FALSE,FALSE,Major,5953856,68d21h50m56,0
SYSTEMML-1934,FALSE,FALSE,Major,2773107,32d02h18m27,0
SYSTEMML-774,TRUE,FALSE,Major,1719777,19d21h42m57,0
SYSTEMML-670,FALSE,FALSE,Major,854490,09d21h21m30,0
SYSTEMML-778,FALSE,FALSE,Minor,74660,00d20h44m20,0
SYSTEMML-672,TRUE,FALSE,Critical,330863,03d19h54m23,0
SYSTEMML-673,TRUE,FALSE,Major,168927,01d22h55m27,0
SYSTEMML-674,FALSE,FALSE,Major,111,00d00h01m51,0
SYSTEMML-1464,TRUE,FALSE,Blocker,63882,00d17h44m42,0
SYSTEMML-1467,TRUE,FALSE,Major,80676,00d22h24m36,0
SYSTEMML-677,TRUE,FALSE,Major,59906,00d16h38m26,0
SYSTEMML-1162,FALSE,FALSE,Major,4338449,50d05h07m29,0
SYSTEMML-1164,FALSE,FALSE,Minor,87150,01d00h12m30,0
SYSTEMML-706,FALSE,FALSE,Minor,38,00d00h00m38,0
SYSTEMML-957,FALSE,FALSE,Major,497426,05d18h10m26,0
SYSTEMML-1167,FALSE,TRUE,Major,2913227,33d17h13m47,0
SYSTEMML-1601,FALSE,FALSE,Major,838,00d00h13m58,0
SYSTEMML-1767,FALSE,FALSE,Major,162514,01d21h08m34,0
SYSTEMML-1764,FALSE,FALSE,Minor,14924,00d04h08m44,0
SYSTEMML-1762,TRUE,FALSE,Major,47759,00d13h15m59,0
SYSTEMML-1763,FALSE,FALSE,Minor,22021,00d06h07m01,0
SYSTEMML-2353,FALSE,FALSE,Major,1549518,17d22h25m18,0
SYSTEMML-2350,FALSE,FALSE,Major,32588,00d09h03m08,0
SYSTEMML-2297,TRUE,FALSE,Major,1619891,18d17h58m11,0
SYSTEMML-1806,TRUE,FALSE,Major,71412,00d19h50m12,0
SYSTEMML-2294,FALSE,FALSE,Major,1792000,20d17h46m40,0
SYSTEMML-2293,FALSE,FALSE,Major,23527,00d06h32m07,0
SYSTEMML-1802,FALSE,FALSE,Major,8733,00d02h25m33,0
SYSTEMML-1801,TRUE,FALSE,Major,1076094,12d10h54m54,0
SYSTEMML-490,TRUE,FALSE,Major,10887184,126d00h13m04,0
SYSTEMML-695,TRUE,FALSE,Major,1750986,20d06h23m06,0
SYSTEMML-2098,FALSE,FALSE,Major,776056,08d23h34m16,0
SYSTEMML-1119,FALSE,FALSE,Major,1777,00d00h29m37,0
SYSTEMML-927,TRUE,FALSE,Major,1101969,12d18h06m09,1
SYSTEMML-921,TRUE,FALSE,Major,162013,01d21h00m13,0
SYSTEMML-1357,TRUE,FALSE,Major,58736,00d16h18m56,0
SYSTEMML-2008,FALSE,FALSE,Major,1968527,22d18h48m47,0
SYSTEMML-2009,TRUE,FALSE,Major,1790859,20d17h27m39,0
SYSTEMML-1029,TRUE,FALSE,Blocker,303404,03d12h16m44,0
SYSTEMML-626,FALSE,FALSE,Major,4314636,49d22h30m36,0
SYSTEMML-1433,TRUE,FALSE,Major,59927,00d16h38m47,0
SYSTEMML-1431,FALSE,FALSE,Major,77929,00d21h38m49,0
SYSTEMML-586,FALSE,FALSE,Major,789660,09d03h21m00,0
SYSTEMML-584,TRUE,FALSE,Major,84573,00d23h29m33,0
SYSTEMML-585,FALSE,FALSE,Major,84431,00d23h27m11,0
SYSTEMML-1025,TRUE,FALSE,Blocker,105658,01d05h20m58,0
SYSTEMML-1024,FALSE,FALSE,Major,63564,00d17h39m24,0
SYSTEMML-1428,FALSE,TRUE,Major,102181,01d04h23m01,0
SYSTEMML-1977,FALSE,FALSE,Major,2909527,33d16h12m07,0
SYSTEMML-1976,TRUE,FALSE,Major,2226836,25d18h33m56,0
SYSTEMML-1972,TRUE,FALSE,Major,3255649,37d16h20m49,0
SYSTEMML-1979,TRUE,FALSE,Major,2058750,23d19h52m30,0
SYSTEMML-2139,FALSE,FALSE,Major,12896,00d03h34m56,0
SYSTEMML-2136,FALSE,FALSE,Major,1414925,16d09h02m05,0
SYSTEMML-2132,TRUE,FALSE,Major,66616,00d18h30m16,0
SYSTEMML-533,FALSE,FALSE,Minor,3282622,37d23h50m22,0
SYSTEMML-1506,TRUE,FALSE,Major,8985795,104d00h03m15,0
SYSTEMML-1238,FALSE,FALSE,Major,850171,09d20h09m31,0
SYSTEMML-1722,TRUE,FALSE,Major,69245,00d19h14m05,0
SYSTEMML-1337,FALSE,FALSE,Major,56344,00d15h39m04,0
SYSTEMML-1721,TRUE,FALSE,Major,16555,00d04h35m55,0
SYSTEMML-1727,FALSE,FALSE,Major,114606,01d07h50m06,0
SYSTEMML-1550,FALSE,FALSE,Major,10153,00d02h49m13,0
SYSTEMML-1589,FALSE,FALSE,Major,7963,00d02h12m43,0
SYSTEMML-2254,FALSE,FALSE,Major,428,00d00h07m08,0
SYSTEMML-749,FALSE,FALSE,Major,57896,00d16h04m56,0
SYSTEMML-747,FALSE,FALSE,Major,63499,00d17h38m19,0
SYSTEMML-1150,TRUE,FALSE,Major,5415616,62d16h20m16,0
SYSTEMML-963,FALSE,FALSE,Major,173890,02d00h18m10,0
SYSTEMML-964,FALSE,FALSE,Major,320177,03d16h56m17,0
SYSTEMML-1154,FALSE,FALSE,Minor,945,00d00h15m45,0
SYSTEMML-1156,TRUE,FALSE,Major,4837891,55d23h51m31,0
SYSTEMML-1656,TRUE,FALSE,Blocker,24841,00d06h54m01,0
SYSTEMML-1655,TRUE,FALSE,Major,32557,00d09h02m37,0
SYSTEMML-2404,FALSE,FALSE,Major,1975,00d00h32m55,0
SYSTEMML-2403,TRUE,FALSE,Major,2367644,27d09h40m44,0
SYSTEMML-2400,TRUE,FALSE,Major,1366,00d00h22m46,0
SYSTEMML-961,FALSE,FALSE,Major,19788,00d05h29m48,0
SYSTEMML-2408,FALSE,FALSE,Major,594621,06d21h10m21,0
SYSTEMML-675,TRUE,FALSE,Major,86317,00d23h58m37,0
SYSTEMML-1854,TRUE,FALSE,Major,1280252,14d19h37m32,0
SYSTEMML-1857,TRUE,FALSE,Major,1044848,12d02h14m08,0
SYSTEMML-1850,TRUE,FALSE,Major,1368030,15d20h00m30,0
SYSTEMML-1851,FALSE,FALSE,Major,1367278,15d19h47m58,0
SYSTEMML-1852,TRUE,FALSE,Major,1362974,15d18h36m14,0
SYSTEMML-1853,FALSE,FALSE,Major,1358661,15d17h24m21,0
SYSTEMML-995,TRUE,FALSE,Blocker,251849,02d21h57m29,0
SYSTEMML-994,TRUE,FALSE,Blocker,284190,03d06h56m30,0
SYSTEMML-996,FALSE,FALSE,Major,47694,00d13h14m54,0
SYSTEMML-1859,FALSE,FALSE,Major,169444,01d23h04m04,0
SYSTEMML-1370,FALSE,FALSE,Major,1247253,14d10h27m33,0
SYSTEMML-968,TRUE,TRUE,Blocker,83095,00d23h04m55,0
SYSTEMML-640,FALSE,FALSE,Major,1697948,19d15h39m08,0
SYSTEMML-953,FALSE,FALSE,Major,81941,00d22h45m41,1
SYSTEMML-1575,FALSE,TRUE,Major,182129,02d02h35m29,0
SYSTEMML-1574,FALSE,FALSE,Major,3601,00d01h00m01,0
SYSTEMML-955,TRUE,FALSE,Major,95778,01d02h36m18,0
SYSTEMML-954,FALSE,FALSE,Trivial,436843,05d01h20m43,0
SYSTEMML-1166,FALSE,FALSE,Major,2921662,33d19h34m22,0
SYSTEMML-1459,TRUE,FALSE,Major,57734,00d16h02m14,0
SYSTEMML-956,FALSE,FALSE,Major,77847,00d21h37m27,0
SYSTEMML-146,TRUE,FALSE,Minor,12879741,149d01h42m21,0
SYSTEMML-2170,FALSE,FALSE,Major,134487,01d13h21m27,0
SYSTEMML-2073,FALSE,FALSE,Major,67316,00d18h41m56,0
SYSTEMML-2072,FALSE,FALSE,Major,246840,02d20h34m00,0
SYSTEMML-2071,FALSE,FALSE,Major,247401,02d20h43m21,0
SYSTEMML-2075,FALSE,FALSE,Major,2616925,30d06h55m25,0
SYSTEMML-2074,TRUE,FALSE,Major,24879,00d06h54m39,0
SYSTEMML-829,FALSE,FALSE,Minor,1125,00d00h18m45,0
SYSTEMML-714,TRUE,FALSE,Major,610246,07d01h30m46,0
SYSTEMML-1275,TRUE,FALSE,Major,53893,00d14h58m13,0
SYSTEMML-1277,FALSE,FALSE,Blocker,103091,01d04h38m11,0
SYSTEMML-1279,FALSE,FALSE,Minor,9248,00d02h34m08,0
SYSTEMML-1076,TRUE,FALSE,Blocker,92829,01d01h47m09,0
SYSTEMML-1077,TRUE,FALSE,Blocker,90521,01d01h08m41,0
SYSTEMML-1885,TRUE,FALSE,Major,392225,04d12h57m05,0
SYSTEMML-1075,FALSE,FALSE,Blocker,87616,01d00h20m16,1
SYSTEMML-1073,FALSE,FALSE,Major,260807,03d00h26m47,0
SYSTEMML-1925,TRUE,FALSE,Major,6110568,70d17h22m48,0
SYSTEMML-1921,FALSE,FALSE,Major,327,00d00h05m27,0
SYSTEMML-1922,FALSE,FALSE,Major,6136510,71d00h35m10,0
SYSTEMML-2454,TRUE,FALSE,Major,12967,00d03h36m07,0
SYSTEMML-668,FALSE,FALSE,Minor,273285,03d03h54m45,0
SYSTEMML-1473,FALSE,FALSE,Major,16952,00d04h42m32,0
SYSTEMML-1470,FALSE,FALSE,Major,3117703,36d02h01m43,0
SYSTEMML-666,FALSE,FALSE,Minor,353241,04d02h07m21,0
SYSTEMML-1474,FALSE,FALSE,Minor,119147,01d09h05m47,0
SYSTEMML-1475,FALSE,FALSE,Major,9989,00d02h46m29,0
SYSTEMML-1197,FALSE,FALSE,Minor,52000,00d14h26m40,0
SYSTEMML-1196,FALSE,FALSE,Minor,1299008,15d00h50m08,0
SYSTEMML-1198,FALSE,FALSE,Critical,70177,00d19h29m37,0
SYSTEMML-1616,FALSE,FALSE,Major,17589,00d04h53m09,0
SYSTEMML-1614,FALSE,FALSE,Major,78708,00d21h51m48,0
SYSTEMML-1753,FALSE,FALSE,Major,20664,00d05h44m24,0
SYSTEMML-155,FALSE,FALSE,Minor,12534526,145d01h48m46,0
SYSTEMML-2440,TRUE,FALSE,Major,456151,05d06h42m31,0
SYSTEMML-2441,FALSE,FALSE,Major,8426,00d02h20m26,0
SYSTEMML-1756,FALSE,FALSE,Major,159267,01d20h14m27,0
SYSTEMML-1755,TRUE,FALSE,Major,479309,05d13h08m29,0
SYSTEMML-1818,TRUE,FALSE,Major,6467,00d01h47m47,0
SYSTEMML-2362,FALSE,FALSE,Major,85904,00d23h51m44,0
SYSTEMML-2361,FALSE,FALSE,Major,1488,00d00h24m48,0
SYSTEMML-1730,FALSE,FALSE,Major,2733,00d00h45m33,0
SYSTEMML-2369,FALSE,FALSE,Major,852203,09d20h43m23,0
SYSTEMML-2283,TRUE,FALSE,Major,227714,02d15h15m14,0
SYSTEMML-1816,FALSE,FALSE,Major,981577,11d08h39m37,0
SYSTEMML-1817,FALSE,FALSE,Major,59885,00d16h38m05,0
SYSTEMML-482,FALSE,TRUE,Critical,161054,01d20h44m14,0
SYSTEMML-890,FALSE,FALSE,Minor,168974,01d22h56m14,0
SYSTEMML-1682,TRUE,FALSE,Major,71078,00d19h44m38,0
SYSTEMML-1686,TRUE,FALSE,Major,321679,03d17h21m19,0
SYSTEMML-1109,TRUE,FALSE,Major,7199,00d01h59m59,0
SYSTEMML-1862,TRUE,FALSE,Major,865366,10d00h22m46,0
SYSTEMML-2039,TRUE,FALSE,Major,161731,01d20h55m31,0
SYSTEMML-2037,TRUE,FALSE,Major,167162,01d22h26m02,0
SYSTEMML-2036,FALSE,FALSE,Major,169981,01d23h13m01,0
SYSTEMML-2035,FALSE,FALSE,Major,75622,00d21h00m22,0
SYSTEMML-2034,FALSE,FALSE,Blocker,139370,01d14h42m50,0
SYSTEMML-2033,TRUE,FALSE,Major,418,00d00h06m58,0
SYSTEMML-2032,FALSE,FALSE,Major,1962,00d00h32m42,0
SYSTEMML-2031,TRUE,FALSE,Major,65861,00d18h17m41,0
SYSTEMML-2030,FALSE,FALSE,Major,80728,00d22h25m28,0
SYSTEMML-1403,TRUE,FALSE,Major,228588,02d15h29m48,0
SYSTEMML-1032,FALSE,FALSE,Blocker,118288,01d08h51m28,0
SYSTEMML-1030,FALSE,FALSE,Major,70270,00d19h31m10,0
SYSTEMML-619,FALSE,FALSE,Major,160969,01d20h42m49,0
SYSTEMML-1963,FALSE,FALSE,Major,967206,11d04h40m06,0
SYSTEMML-1966,TRUE,FALSE,Major,784475,09d01h54m35,0
SYSTEMML-1967,FALSE,FALSE,Major,3773605,43d16h13m25,0
SYSTEMML-2101,TRUE,FALSE,Major,576080,06d16h01m20,0
SYSTEMML-2100,TRUE,FALSE,Major,583765,06d18h09m25,0
SYSTEMML-1537,TRUE,FALSE,Major,201920,02d08h05m20,0
SYSTEMML-504,FALSE,FALSE,Major,1232982,14d06h29m42,0
SYSTEMML-1248,FALSE,FALSE,Major,40900,00d11h21m40,0
SYSTEMML-376,TRUE,FALSE,Major,94388,01d02h13m08,0
SYSTEMML-1718,TRUE,FALSE,Major,176597,02d01h03m17,0
SYSTEMML-1241,FALSE,FALSE,Minor,65922,00d18h18m42,0
SYSTEMML-1716,TRUE,FALSE,Major,68386,00d18h59m46,0
SYSTEMML-1715,FALSE,FALSE,Major,435342,05d00h55m42,0
SYSTEMML-1244,TRUE,FALSE,Major,366591,04d05h49m51,0
SYSTEMML-1246,FALSE,FALSE,Major,656083,07d14h14m43,0
SYSTEMML-2326,TRUE,FALSE,Major,658834,07d15h00m34,0
SYSTEMML-2325,FALSE,FALSE,Major,666407,07d17h06m47,0
SYSTEMML-681,FALSE,FALSE,Major,276444,03d04h47m24,0
SYSTEMML-680,FALSE,FALSE,Minor,343497,03d23h24m57,0
SYSTEMML-2244,TRUE,FALSE,Major,1232,00d00h20m32,0
SYSTEMML-2245,FALSE,FALSE,Major,5604106,64d20h41m46,0
SYSTEMML-2247,FALSE,FALSE,Major,3006590,34d19h09m50,0
SYSTEMML-2240,TRUE,FALSE,Major,933,00d00h15m33,0
SYSTEMML-1081,FALSE,FALSE,Major,81223,00d22h33m43,0
SYSTEMML-1042,FALSE,FALSE,Major,545,00d00h09m05,0
SYSTEMML-1918,TRUE,FALSE,Major,6530056,75d13h54m16,0
SYSTEMML-928,TRUE,FALSE,Major,6441,00d01h47m21,0
SYSTEMML-612,TRUE,FALSE,Major,96000,01d02h40m00,0
SYSTEMML-1897,TRUE,FALSE,Major,82254,00d22h50m54,0
SYSTEMML-1140,TRUE,TRUE,Blocker,38425293,444d17h41m33,0
SYSTEMML-970,FALSE,FALSE,Major,75733,00d21h02m13,0
SYSTEMML-1144,FALSE,FALSE,Minor,85964,00d23h52m44,0
SYSTEMML-1145,FALSE,FALSE,Minor,5651747,65d09h55m47,0
SYSTEMML-1661,FALSE,FALSE,Minor,12623,00d03h30m23,0
SYSTEMML-1664,TRUE,FALSE,Major,59603,00d16h33m23,0
SYSTEMML-2431,FALSE,FALSE,Major,71452,00d19h50m52,0
SYSTEMML-1392,FALSE,FALSE,Major,421457,04d21h04m17,0
SYSTEMML-2439,FALSE,FALSE,Major,3529,00d00h58m49,0
SYSTEMML-2438,TRUE,FALSE,Major,60307,00d16h45m07,0
SYSTEMML-1395,FALSE,FALSE,Major,4829167,55d21h26m07,0
SYSTEMML-1823,FALSE,FALSE,Major,690198,07d23h43m18,0
SYSTEMML-1824,TRUE,FALSE,Major,677753,07d20h15m53,0
SYSTEMML-1989,TRUE,FALSE,Major,2149343,24d21h02m23,0
SYSTEMML-1987,TRUE,FALSE,Major,2158386,24d23h33m06,0
SYSTEMML-1982,FALSE,FALSE,Major,2483001,28d17h43m21,0
SYSTEMML-1980,FALSE,FALSE,Minor,2764186,31d23h49m46,0
SYSTEMML-1981,TRUE,FALSE,Minor,2485082,28d18h18m02,0
SYSTEMML-609,FALSE,FALSE,Major,75049,00d20h50m49,0
SYSTEMML-603,FALSE,FALSE,Major,82305,00d22h51m45,0
SYSTEMML-608,FALSE,FALSE,Major,3344531,38d17h02m11,0
SYSTEMML-2147,FALSE,FALSE,Major,332007,03d20h13m27,0
SYSTEMML-2145,TRUE,FALSE,Major,15558,00d04h19m18,0
SYSTEMML-2144,TRUE,FALSE,Major,19467,00d05h24m27,0
SYSTEMML-2143,FALSE,FALSE,Major,19545,00d05h25m45,0
SYSTEMML-2140,FALSE,FALSE,Major,1247363,14d10h29m23,0
SYSTEMML-2060,FALSE,FALSE,Major,354742,04d02h32m22,0
SYSTEMML-919,TRUE,FALSE,Major,613967,07d02h32m47,0
SYSTEMML-2069,FALSE,FALSE,Major,419642,04d20h34m02,0
SYSTEMML-944,TRUE,FALSE,Major,14940,00d04h09m00,0
SYSTEMML-1590,FALSE,FALSE,Major,9019,00d02h30m19,0
SYSTEMML-1593,TRUE,FALSE,Major,5805138,67d04h32m18,0
SYSTEMML-1595,TRUE,FALSE,Major,87908,01d00h25m08,0
SYSTEMML-1044,TRUE,FALSE,Major,11197256,129d14h20m56,0
SYSTEMML-1950,FALSE,FALSE,Major,1413558,16d08h39m18,0
SYSTEMML-656,TRUE,FALSE,Major,513442,05d22h37m22,0
SYSTEMML-655,FALSE,FALSE,Major,23231,00d06h27m11,0
SYSTEMML-652,TRUE,FALSE,Major,61678,00d17h07m58,0
SYSTEMML-1442,TRUE,FALSE,Major,140501,01d15h01m41,0
SYSTEMML-651,TRUE,FALSE,Minor,698209,08d01h56m49,0
SYSTEMML-1449,FALSE,FALSE,Minor,19510,00d05h25m10,0
