BugID, #isArch, #isInduce, #Priority, #TimeSec, #Time, #Reopen
TEZ-2900,FALSE,FALSE,Major,1100969,12d17h49m29,0
TEZ-2904,FALSE,FALSE,Major,590270,06d19h57m50,0
TEZ-2907,FALSE,FALSE,Major,12209,00d03h23m29,0
TEZ-2906,FALSE,FALSE,Major,602838,06d23h27m18,0
TEZ-2909,FALSE,FALSE,Major,667249,07d17h20m49,0
TEZ-2908,FALSE,FALSE,Major,2149235,24d21h00m35,0
TEZ-1247,FALSE,TRUE,Major,1876808,21d17h20m08,0
TEZ-1244,FALSE,FALSE,Major,1568040,18d03h34m00,0
TEZ-1241,TRUE,FALSE,Major,1112672,12d21h04m32,0
TEZ-47,FALSE,FALSE,Major,3011298,34d20h28m18,0
TEZ-1488,TRUE,FALSE,Major,491189,05d16h26m29,0
TEZ-40,FALSE,FALSE,Major,531390,06d03h36m30,0
TEZ-1487,FALSE,FALSE,Trivial,1601,00d00h26m41,0
TEZ-1486,TRUE,FALSE,Major,301106,03d11h38m26,0
TEZ-1481,FALSE,FALSE,Major,504818,05d20h13m38,0
TEZ-3417,TRUE,FALSE,Minor,13395210,155d00h53m30,0
TEZ-3413,FALSE,FALSE,Blocker,146639,01d16h43m59,0
TEZ-3529,FALSE,TRUE,Major,6216683,71d22h51m23,0
TEZ-664,FALSE,FALSE,Major,378758,04d09h12m38,0
TEZ-1065,TRUE,FALSE,Major,10368657,120d00h10m57,0
TEZ-62,TRUE,FALSE,Major,2357501,27d06h51m41,0
TEZ-66,FALSE,FALSE,Major,1569485,18d03h58m05,0
TEZ-64,FALSE,FALSE,Major,308,00d00h05m08,0
TEZ-3637,FALSE,FALSE,Major,370103,04d06h48m23,0
TEZ-3630,FALSE,FALSE,Major,375014,04d08h10m14,0
TEZ-3631,FALSE,FALSE,Major,4997177,57d20h06m17,0
TEZ-3638,FALSE,FALSE,Major,236454,02d17h40m54,0
TEZ-3639,FALSE,FALSE,Major,88743,01d00h39m03,0
TEZ-1118,FALSE,FALSE,Major,4853894,56d04h18m14,0
TEZ-1112,FALSE,FALSE,Major,209774,02d10h16m14,0
TEZ-1111,FALSE,FALSE,Major,302191,03d11h56m31,0
TEZ-2158,FALSE,FALSE,Major,48028,00d13h20m28,0
TEZ-3748,FALSE,FALSE,Critical,98533,01d03h22m13,0
TEZ-3749,FALSE,FALSE,Minor,159114,01d20h11m54,0
TEZ-2692,TRUE,FALSE,Major,453675,05d06h01m15,0
TEZ-2699,FALSE,FALSE,Major,8491,00d02h21m31,0
TEZ-3741,TRUE,FALSE,Major,2156980,24d23h09m40,0
TEZ-3742,FALSE,FALSE,Minor,1586,00d00h26m26,0
TEZ-3743,FALSE,FALSE,Major,14228,00d03h57m08,0
TEZ-3744,FALSE,FALSE,Major,15457,00d04h17m37,0
TEZ-1808,FALSE,FALSE,Major,405048,04d16h30m48,0
TEZ-1800,FALSE,FALSE,Major,4265,00d01h11m05,0
TEZ-1803,TRUE,FALSE,Major,4913302,56d20h48m22,0
TEZ-1805,FALSE,FALSE,Major,889234,10d07h00m34,0
TEZ-3245,FALSE,FALSE,Major,274993,03d04h23m13,0
TEZ-3244,TRUE,FALSE,Major,23947673,277d04h07m53,0
TEZ-3305,FALSE,FALSE,Major,91812,01d01h30m12,0
TEZ-2342,TRUE,FALSE,Minor,624608,07d05h30m08,0
TEZ-2341,FALSE,FALSE,Minor,306331,03d13h05m31,1
TEZ-2340,FALSE,FALSE,Major,229670,02d15h47m50,0
TEZ-2348,FALSE,FALSE,Major,779472,09d00h31m12,0
TEZ-619,FALSE,FALSE,Blocker,8417298,97d10h08m18,0
TEZ-610,FALSE,FALSE,Major,339,00d00h05m39,0
TEZ-611,TRUE,TRUE,Major,494239,05d17h17m19,0
TEZ-612,FALSE,FALSE,Blocker,367261,04d06h01m01,0
TEZ-615,FALSE,FALSE,Major,79823,00d22h10m23,0
TEZ-616,FALSE,FALSE,Major,79671,00d22h07m51,0
TEZ-2202,FALSE,FALSE,Major,116941,01d08h29m01,0
TEZ-2204,FALSE,FALSE,Major,565292,06d13h01m32,0
TEZ-3330,FALSE,FALSE,Major,8130171,94d02h22m51,0
TEZ-3333,FALSE,FALSE,Major,853990,09d21h13m10,0
TEZ-3335,FALSE,FALSE,Major,7538354,87d05h59m14,0
TEZ-3337,FALSE,FALSE,Major,72750,00d20h12m30,0
TEZ-272,TRUE,FALSE,Blocker,2568111,29d17h21m51,0
TEZ-277,TRUE,FALSE,Major,850,00d00h14m10,0
TEZ-274,FALSE,FALSE,Major,182367,02d02h39m27,0
TEZ-275,FALSE,FALSE,Major,188861,02d04h27m41,0
TEZ-105,FALSE,FALSE,Major,320,00d00h05m20,0
TEZ-106,TRUE,FALSE,Major,35758979,413d21h02m59,0
TEZ-107,TRUE,FALSE,Major,83619,00d23h13m39,0
TEZ-101,FALSE,FALSE,Major,98,00d00h01m38,0
TEZ-102,TRUE,FALSE,Major,4983,00d01h23m03,0
TEZ-103,TRUE,FALSE,Major,422193,04d21h16m33,0
TEZ-108,TRUE,FALSE,Major,20643,00d05h44m03,0
TEZ-109,TRUE,FALSE,Major,674988,07d19h29m48,0
TEZ-297,FALSE,FALSE,Major,853065,09d20h57m45,0
TEZ-291,TRUE,FALSE,Major,104630,01d05h03m50,0
TEZ-292,FALSE,FALSE,Major,264,00d00h04m24,0
TEZ-298,TRUE,FALSE,Major,951995,11d00h26m35,0
TEZ-299,TRUE,FALSE,Major,95016,01d02h23m36,0
TEZ-1661,FALSE,FALSE,Major,8163553,94d11h39m13,0
TEZ-2114,TRUE,FALSE,Major,13900,00d03h51m40,0
TEZ-2112,FALSE,FALSE,Major,113396,01d07h29m56,0
TEZ-1664,TRUE,FALSE,Major,1236188,14d07h23m08,0
TEZ-1666,TRUE,FALSE,Critical,1286987,14d21h29m47,0
TEZ-1669,FALSE,FALSE,Critical,219221,02d12h53m41,0
TEZ-1668,TRUE,FALSE,Major,595522,06d21h25m22,0
TEZ-3671,FALSE,FALSE,Minor,112349,01d07h12m29,0
MAPREDUCE-5028,FALSE,FALSE,Critical,32650622,377d21h37m02,1
TEZ-2975,FALSE,FALSE,Trivial,9069,00d02h31m09,0
TEZ-2977,TRUE,FALSE,Major,277299,03d05h01m39,0
TEZ-2970,TRUE,FALSE,Major,79359,00d22h02m39,0
TEZ-1276,TRUE,FALSE,Major,1397974,16d04h19m34,0
TEZ-1474,FALSE,FALSE,Major,101475,01d04h11m15,0
TEZ-1476,TRUE,FALSE,Critical,351668,04d01h41m08,0
TEZ-1479,TRUE,FALSE,Major,4712990,54d13h09m50,0
TEZ-2808,FALSE,FALSE,Major,13433,00d03h43m53,0
TEZ-2809,FALSE,FALSE,Blocker,12497,00d03h28m17,0
TEZ-3405,TRUE,FALSE,Critical,6287409,72d18h30m09,0
TEZ-1585,FALSE,FALSE,Major,80719,00d22h25m19,0
TEZ-1587,TRUE,FALSE,Major,170060,01d23h14m20,0
TEZ-1580,TRUE,FALSE,Major,1748,00d00h29m08,0
TEZ-1581,TRUE,FALSE,Major,161,00d00h02m41,0
TEZ-2024,TRUE,FALSE,Major,841024,09d17h37m04,0
TEZ-3533,FALSE,FALSE,Critical,47313,00d13h08m33,0
TEZ-3531,FALSE,TRUE,Major,6216594,71d22h49m54,0
TEZ-3530,FALSE,TRUE,Major,6217182,71d22h59m42,0
TEZ-3537,TRUE,FALSE,Major,2256788,26d02h53m08,0
TEZ-3536,FALSE,FALSE,Major,352665,04d01h57m45,0
TEZ-1053,TRUE,FALSE,Major,7970,00d02h12m50,0
TEZ-1055,TRUE,FALSE,Blocker,10551485,122d02h58m05,0
TEZ-1296,FALSE,FALSE,Major,87072,01d00h11m12,0
TEZ-2592,FALSE,FALSE,Major,13956116,161d12h41m56,0
TEZ-2750,TRUE,FALSE,Major,460595,05d07h56m35,0
TEZ-73,TRUE,FALSE,Major,196,00d00h03m16,0
TEZ-75,TRUE,FALSE,Major,577,00d00h09m37,0
TEZ-74,TRUE,FALSE,Major,151928,01d18h12m08,0
TEZ-77,TRUE,FALSE,Major,15765,00d04h22m45,0
TEZ-2757,FALSE,FALSE,Trivial,905,00d00h15m05,0
TEZ-78,FALSE,FALSE,Major,76050,00d21h07m30,0
TEZ-3627,FALSE,FALSE,Major,414321,04d19h05m21,0
TEZ-3626,FALSE,FALSE,Major,588454,06d19h27m34,0
TEZ-3629,FALSE,FALSE,Major,261097,03d00h31m37,0
TEZ-1128,FALSE,TRUE,Major,66962,00d18h36m02,0
TEZ-1125,FALSE,FALSE,Major,3180,00d00h53m00,0
TEZ-1121,FALSE,FALSE,Major,458,00d00h07m38,0
TEZ-513,TRUE,FALSE,Major,135,00d00h02m15,0
TEZ-1686,FALSE,FALSE,Major,101571,01d04h12m51,0
TEZ-3758,TRUE,FALSE,Major,1106193,12d19h16m33,0
TEZ-3752,FALSE,FALSE,Major,4825994,55d20h33m14,0
TEZ-3750,FALSE,FALSE,Major,158769,01d20h06m09,0
TEZ-598,FALSE,FALSE,Major,1362048,15d18h20m48,0
TEZ-1878,FALSE,FALSE,Major,250725,02d21h38m45,0
TEZ-592,TRUE,FALSE,Major,39228,00d10h53m48,0
TEZ-590,TRUE,FALSE,Major,91645,01d01h27m25,0
TEZ-1870,FALSE,FALSE,Major,159735,01d20h22m15,0
TEZ-1872,FALSE,FALSE,Blocker,13760,00d03h49m20,0
TEZ-2378,FALSE,FALSE,Major,4914573,56d21h09m33,0
TEZ-2379,FALSE,FALSE,Blocker,541945,06d06h32m25,0
TEZ-2376,TRUE,FALSE,Major,3094340,35d19h32m20,0
TEZ-2374,FALSE,FALSE,Major,57225,00d15h53m45,0
TEZ-1735,TRUE,FALSE,Major,155873,01d19h17m53,0
TEZ-2579,FALSE,FALSE,Major,64179,00d17h49m39,0
TEZ-2570,FALSE,FALSE,Trivial,325058,03d18h17m38,0
TEZ-2214,FALSE,FALSE,Major,467706,05d09h55m06,0
TEZ-2217,FALSE,FALSE,Major,501217,05d19h13m37,1
TEZ-889,TRUE,FALSE,Major,3992,00d01h06m32,0
TEZ-1907,FALSE,FALSE,Blocker,600879,06d22h54m39,0
TEZ-3189,FALSE,TRUE,Trivial,423697,04d21h41m37,0
TEZ-3180,FALSE,FALSE,Major,1532502,17d17h41m42,0
TEZ-134,TRUE,FALSE,Major,161093,01d20h44m53,0
TEZ-137,TRUE,FALSE,Major,951154,11d00h12m34,0
TEZ-919,TRUE,FALSE,Major,3447106,39d21h31m46,0
TEZ-918,FALSE,FALSE,Critical,308803,03d13h46m43,0
TEZ-2101,FALSE,FALSE,Major,30352,00d08h25m52,0
TEZ-915,FALSE,FALSE,Major,81717,00d22h41m57,0
TEZ-2102,FALSE,FALSE,Major,95537,01d02h32m17,0
TEZ-2106,FALSE,FALSE,Major,359751,04d03h55m51,0
TEZ-3982,TRUE,FALSE,Major,2416287,27d23h11m27,1
TEZ-3980,FALSE,FALSE,Major,1032354,11d22h45m54,0
TEZ-3981,FALSE,FALSE,Major,3034142,35d02h49m02,0
TEZ-1610,TRUE,FALSE,Major,7289754,84d08h55m54,0
TEZ-1611,TRUE,FALSE,Major,261890,03d00h44m50,0
TEZ-1612,FALSE,FALSE,Major,267523,03d02h18m43,0
TEZ-1613,FALSE,FALSE,Major,87894,01d00h24m54,0
TEZ-3989,FALSE,FALSE,Major,187800,02d04h10m00,0
TEZ-624,TRUE,FALSE,Major,5448075,63d01h21m15,0
TEZ-626,FALSE,FALSE,Major,146,00d00h02m26,0
TEZ-621,TRUE,FALSE,Major,923,00d00h15m23,0
TEZ-623,FALSE,FALSE,Major,1044,00d00h17m24,0
TEZ-622,FALSE,FALSE,Blocker,523444,06d01h24m04,0
TEZ-3296,FALSE,FALSE,Critical,601451,06d23h04m11,0
TEZ-3297,FALSE,FALSE,Critical,265814,03d01h50m14,0
TEZ-3294,TRUE,FALSE,Major,514385,05d22h53m05,0
TEZ-3295,FALSE,FALSE,Major,47482,00d13h11m22,0
TEZ-629,FALSE,FALSE,Major,2101,00d00h35m01,0
TEZ-628,TRUE,FALSE,Major,955,00d00h15m55,0
TEZ-3290,TRUE,FALSE,Major,432863,05d00h14m23,0
TEZ-3969,FALSE,FALSE,Minor,7930558,91d18h55m58,0
TEZ-222,FALSE,FALSE,Major,175565,02d00h46m05,0
TEZ-3960,TRUE,FALSE,Major,354765,04d02h32m45,0
TEZ-3961,FALSE,FALSE,Major,9247395,107d00h43m15,0
TEZ-3962,FALSE,FALSE,Major,167921,01d22h38m41,0
TEZ-3963,FALSE,FALSE,Major,687896,07d23h04m56,0
TEZ-3964,FALSE,FALSE,Major,1184199,13d16h56m39,0
TEZ-3965,FALSE,FALSE,Minor,1723567,19d22h46m07,0
TEZ-227,TRUE,FALSE,Major,65615,00d18h13m35,0
TEZ-734,FALSE,FALSE,Major,10677,00d02h57m57,0
TEZ-1721,FALSE,FALSE,Critical,1392670,16d02h51m10,0
TEZ-1722,FALSE,FALSE,Minor,3205,00d00h53m25,0
TEZ-1725,FALSE,FALSE,Major,12021,00d03h20m21,0
TEZ-2967,FALSE,FALSE,Major,9484701,109d18h38m21,0
TEZ-2966,TRUE,FALSE,Major,857232,09d22h07m12,0
TEZ-2963,FALSE,FALSE,Major,1377257,15d22h34m17,0
TEZ-2960,FALSE,FALSE,Major,609790,07d01h23m10,0
TEZ-2968,TRUE,TRUE,Critical,93751,01d02h02m31,0
TEZ-1261,FALSE,TRUE,Major,94935,01d02h22m15,0
MAPREDUCE-5326,TRUE,FALSE,Blocker,833321,09d15h28m41,0
TEZ-1269,FALSE,FALSE,Major,769255,08d21h40m55,0
TEZ-1463,TRUE,FALSE,Major,281863,03d06h17m43,0
TEZ-1466,FALSE,FALSE,Trivial,228,00d00h03m48,0
TEZ-1469,TRUE,FALSE,Blocker,65561,00d18h12m41,0
TEZ-3433,FALSE,FALSE,Major,2030727,23d12h05m27,0
TEZ-3431,FALSE,FALSE,Major,30426557,352d03h49m17,0
TEZ-3437,TRUE,FALSE,Major,1810592,20d22h56m32,0
TEZ-3434,TRUE,FALSE,Major,650770,07d12h46m10,0
TEZ-3439,FALSE,FALSE,Major,2392918,27d16h41m58,0
TEZ-2816,FALSE,FALSE,Major,590793,06d20h06m33,0
TEZ-2814,FALSE,FALSE,Major,4123989,47d17h33m09,0
TEZ-1597,FALSE,FALSE,Major,16387,00d04h33m07,0
TEZ-1596,TRUE,FALSE,Major,3380026,39d02h53m46,0
TEZ-1593,FALSE,FALSE,Major,10394569,120d07h22m49,0
TEZ-1592,FALSE,FALSE,Blocker,1270842,14d17h00m42,1
TEZ-1590,FALSE,TRUE,Major,3189140,36d21h52m20,0
TEZ-3739,FALSE,FALSE,Major,605905,07d00h18m25,0
TEZ-1599,FALSE,FALSE,Major,131679,01d12h34m39,0
TEZ-1598,FALSE,FALSE,Major,14130,00d03h55m30,0
TEZ-3196,FALSE,FALSE,Major,326565,03d18h42m45,0
TEZ-3504,FALSE,FALSE,Major,6029291,69d18h48m11,0
TEZ-3502,FALSE,FALSE,Major,241128,02d18h58m48,0
TEZ-3503,FALSE,FALSE,Major,10965515,126d21h58m35,0
TEZ-3219,TRUE,FALSE,Major,420431,04d20h47m11,0
TEZ-1049,TRUE,FALSE,Major,941,00d00h15m41,0
TEZ-1048,FALSE,FALSE,Major,1812,00d00h30m12,0
TEZ-1045,FALSE,FALSE,Critical,9123,00d02h32m03,0
TEZ-1040,FALSE,FALSE,Blocker,73365,00d20h22m45,0
TEZ-1287,FALSE,FALSE,Major,1855,00d00h30m55,0
TEZ-2743,FALSE,FALSE,Major,10596,00d02h56m36,0
TEZ-2742,FALSE,FALSE,Major,253376,02d22h22m56,0
TEZ-3619,FALSE,FALSE,Major,425725,04d22h15m25,0
TEZ-2745,TRUE,FALSE,Major,824663,09d13h04m23,0
TEZ-3610,FALSE,FALSE,Major,780454,09d00h47m34,0
TEZ-3611,TRUE,FALSE,Major,6195912,71d17h05m12,0
TEZ-3616,TRUE,FALSE,Major,5914230,68d10h50m30,0
TEZ-41,TRUE,FALSE,Major,22821078,264d03h11m18,0
TEZ-3615,FALSE,FALSE,Major,76463,00d21h14m23,0
TEZ-1135,TRUE,FALSE,Critical,539,00d00h08m59,0
MAPREDUCE-6763,FALSE,FALSE,Major,18093,00d05h01m33,0
TEZ-1385,FALSE,FALSE,Critical,27818,00d07h43m38,0
TEZ-3768,FALSE,FALSE,Minor,75943,00d21h05m43,0
TEZ-3769,TRUE,FALSE,Major,505306,05d20h21m46,0
TEZ-3766,FALSE,FALSE,Major,11478,00d03h11m18,0
TEZ-3767,FALSE,FALSE,Major,592531,06d20h35m31,0
TEZ-3762,FALSE,FALSE,Major,1074284,12d10h24m44,0
TEZ-3760,FALSE,FALSE,Blocker,590386,06d19h59m46,0
TEZ-3761,FALSE,FALSE,Major,814957,09d10h22m37,0
TEZ-588,TRUE,FALSE,Major,917741,10d14h55m41,0
TEZ-589,TRUE,FALSE,Major,281,00d00h04m41,0
MAPREDUCE-4067,FALSE,FALSE,Critical,35636050,412d10h54m10,0
TEZ-1868,TRUE,FALSE,Critical,99025,01d03h30m25,0
TEZ-581,TRUE,FALSE,Major,5977,00d01h39m37,0
TEZ-1864,FALSE,FALSE,Critical,179370,02d01h49m30,0
TEZ-585,FALSE,FALSE,Major,143144,01d15h45m44,0
TEZ-1861,TRUE,FALSE,Major,472,00d00h07m52,0
TEZ-1860,FALSE,FALSE,Blocker,251648,02d21h54m08,1
TEZ-2369,TRUE,FALSE,Major,933110,10d19h11m50,0
TEZ-2365,FALSE,FALSE,Major,259995,03d00h13m15,0
TEZ-2364,FALSE,FALSE,Major,13857,00d03h50m57,0
TEZ-2366,TRUE,FALSE,Critical,1053051,12d04h30m51,0
TEZ-2360,TRUE,FALSE,Major,605933,07d00h18m53,0
TEZ-2363,TRUE,FALSE,Minor,525400,06d01h56m40,0
TEZ-2362,TRUE,FALSE,Major,309352,03d13h55m52,0
TEZ-2568,FALSE,FALSE,Blocker,267943,03d02h25m43,0
TEZ-2560,FALSE,FALSE,Major,3218494,37d06h01m34,0
TEZ-2567,FALSE,FALSE,Major,25380,00d07h03m00,0
TEZ-2566,TRUE,FALSE,Major,27204,00d07h33m24,0
TEZ-1913,TRUE,FALSE,Major,749947,08d16h19m07,0
TEZ-1912,FALSE,FALSE,Major,263553,03d01h12m33,0
TEZ-1911,TRUE,TRUE,Major,36041367,417d03h29m27,0
TEZ-1910,FALSE,FALSE,Blocker,691740,08d00h09m00,0
TEZ-3356,TRUE,FALSE,Major,77986,00d21h39m46,0
TEZ-3352,FALSE,FALSE,Major,2842118,32d21h28m38,0
TEZ-1690,FALSE,FALSE,Major,2152374,24d21h52m54,0
TEZ-2170,FALSE,FALSE,Critical,10715,00d02h58m35,0
MAPREDUCE-5821,TRUE,FALSE,Major,3456220,40d00h03m40,0
TEZ-3193,TRUE,FALSE,Blocker,2847450,32d22h57m30,0
TEZ-3192,FALSE,FALSE,Major,5704,00d01h35m04,0
TEZ-128,TRUE,FALSE,Major,11095,00d03h04m55,0
TEZ-129,FALSE,FALSE,Major,527366,06d02h29m26,0
TEZ-127,FALSE,FALSE,Major,181313,02d02h21m53,0
TEZ-123,TRUE,FALSE,Major,257736,02d23h35m36,0
TEZ-121,FALSE,FALSE,Major,386,00d00h06m26,0
TEZ-2178,FALSE,FALSE,Major,71988,00d19h59m48,0
TEZ-2179,FALSE,FALSE,Major,583071,06d17h57m51,0
TEZ-906,FALSE,FALSE,Major,2782,00d00h46m22,0
TEZ-900,FALSE,FALSE,Major,29733910,344d03h25m10,0
TEZ-2171,FALSE,TRUE,Major,43846,00d12h10m46,0
TEZ-902,TRUE,FALSE,Major,533731,06d04h15m31,0
TEZ-903,FALSE,FALSE,Minor,1565792,18d02h56m32,0
TEZ-1607,FALSE,FALSE,Major,3923,00d01h05m23,0
TEZ-3990,TRUE,FALSE,Major,2513753,29d02h15m53,0
TEZ-1609,FALSE,FALSE,Major,389067,04d12h04m27,0
TEZ-632,FALSE,FALSE,Major,127,00d00h02m07,0
TEZ-633,TRUE,FALSE,Major,1622,00d00h27m02,0
TEZ-630,FALSE,FALSE,Major,831,00d00h13m51,0
TEZ-631,FALSE,FALSE,Major,105916,01d05h25m16,0
TEZ-3285,FALSE,FALSE,Major,27040329,312d23h12m09,0
TEZ-3284,TRUE,FALSE,Critical,8857512,102d12h25m12,0
TEZ-634,FALSE,FALSE,Major,340570,03d22h36m10,0
TEZ-3286,TRUE,TRUE,Major,2418468,27d23h47m48,0
TEZ-3289,FALSE,FALSE,Major,10124,00d02h48m44,0
TEZ-3288,FALSE,FALSE,Major,1871302,21d15h48m22,0
TEZ-638,FALSE,FALSE,Minor,1076039,12d10h53m59,0
TEZ-639,FALSE,FALSE,Major,5621,00d01h33m41,0
TEZ-3978,FALSE,FALSE,Major,248937,02d21h08m57,0
TEZ-3973,FALSE,FALSE,Minor,3202030,37d01h27m10,0
TEZ-3972,FALSE,FALSE,Major,5273896,61d00h58m16,0
TEZ-3970,TRUE,FALSE,Major,7953,00d02h12m33,0
TEZ-3976,TRUE,FALSE,Major,6732994,77d22h16m34,0
TEZ-3974,TRUE,FALSE,Critical,697801,08d01h50m01,0
TEZ-2000,FALSE,FALSE,Major,298559,03d10h55m59,0
TEZ-3281,FALSE,FALSE,Major,324273,03d18h04m33,0
TEZ-3280,FALSE,FALSE,Major,340685,03d22h38m05,0
TEZ-1733,FALSE,FALSE,Critical,185590,02d03h33m10,0
TEZ-2009,FALSE,FALSE,Blocker,1818374,21d01h06m14,0
TEZ-832,FALSE,FALSE,Critical,6863,00d01h54m23,0
TEZ-1737,TRUE,FALSE,Major,664203,07d16h30m03,0
TEZ-835,FALSE,FALSE,Major,528681,06d02h51m21,0
TEZ-836,TRUE,FALSE,Minor,763677,08d20h07m57,0
TEZ-636,FALSE,FALSE,Major,532,00d00h08m52,0
TEZ-637,TRUE,FALSE,Major,7178771,83d02h06m11,0
TEZ-635,TRUE,FALSE,Major,600,00d00h10m00,0
TEZ-1452,FALSE,FALSE,Blocker,57862,00d16h04m22,0
TEZ-1453,FALSE,FALSE,Blocker,209,00d00h03m29,0
TEZ-1450,FALSE,FALSE,Blocker,5612,00d01h33m32,0
TEZ-1458,TRUE,FALSE,Blocker,43780,00d12h09m40,0
TEZ-3348,FALSE,FALSE,Major,512078,05d22h14m38,0
TEZ-3426,TRUE,FALSE,Critical,441267,05d02h34m27,0
TEZ-2829,FALSE,FALSE,Major,1775957,20d13h19m17,0
TEZ-2827,FALSE,FALSE,Minor,68316,00d18h58m36,0
TEZ-2825,FALSE,FALSE,Major,23877,00d06h37m57,0
TEZ-3429,FALSE,FALSE,Major,1307627,15d03h13m47,0
TEZ-3428,FALSE,FALSE,Major,3417413,39d13h16m53,0
TEZ-2952,TRUE,FALSE,Major,58630,00d16h17m10,0
TEZ-2956,FALSE,FALSE,Major,433708,05d00h28m28,0
TEZ-9,TRUE,FALSE,Major,2853914,33d00h45m14,0
TEZ-8,TRUE,FALSE,Major,51927957,601d00h25m57,0
TEZ-2,FALSE,FALSE,Major,1724130,19d22h55m30,0
TEZ-59,FALSE,FALSE,Major,112,00d00h01m52,0
TEZ-3609,FALSE,FALSE,Major,72718,00d20h11m58,0
TEZ-3605,TRUE,FALSE,Major,12523834,144d22h50m34,0
TEZ-50,TRUE,FALSE,Major,1451525,16d19h12m05,0
TEZ-3601,TRUE,FALSE,Major,331214,03d20h00m14,0
TEZ-3602,FALSE,FALSE,Major,343618,03d23h26m58,0
TEZ-1145,TRUE,TRUE,Major,611918,07d01h58m38,0
TEZ-1140,FALSE,FALSE,Major,6502,00d01h48m22,0
TEZ-1143,TRUE,TRUE,Major,692449,08d00h20m49,1
TEZ-2488,TRUE,FALSE,Critical,110265,01d06h37m45,0
TEZ-2489,FALSE,FALSE,Major,759272,08d18h54m32,0
TEZ-2486,FALSE,FALSE,Critical,1824830,21d02h53m50,0
TEZ-2480,FALSE,FALSE,Major,15566385,180d03h59m45,0
TEZ-2481,FALSE,FALSE,Major,277779,03d05h09m39,0
TEZ-2482,FALSE,FALSE,Major,202836,02d08h20m36,0
TEZ-2483,FALSE,FALSE,Major,176638,02d01h03m58,0
TEZ-3771,FALSE,FALSE,Major,502763,05d19h39m23,0
TEZ-3775,FALSE,FALSE,Major,335968,03d21h19m28,0
TEZ-3777,FALSE,FALSE,Major,79957,00d22h12m37,0
TEZ-3778,FALSE,FALSE,Blocker,13245,00d03h40m45,0
TEZ-1731,TRUE,TRUE,Critical,74786,00d20h46m26,0
TEZ-1852,FALSE,FALSE,Critical,232432,02d16h33m52,0
TEZ-1850,FALSE,FALSE,Blocker,514336,05d22h52m16,0
TEZ-1851,FALSE,FALSE,Critical,522853,06d01h14m13,0
TEZ-1858,FALSE,FALSE,Blocker,254428,02d22h40m28,0
TEZ-1859,FALSE,FALSE,Minor,189509,02d04h38m29,0
TEZ-1736,TRUE,FALSE,Major,765353,08d20h35m53,0
TEZ-2390,FALSE,FALSE,Major,87431,01d00h17m11,0
TEZ-2391,FALSE,FALSE,Blocker,2956893,34d05h21m33,0
TEZ-2394,TRUE,FALSE,Critical,102124,01d04h22m04,0
TEZ-2395,FALSE,FALSE,Major,48925,00d13h35m25,0
TEZ-2396,FALSE,FALSE,Major,504507,05d20h08m27,0
TEZ-2397,FALSE,FALSE,Critical,59170,00d16h26m10,0
TEZ-2398,FALSE,FALSE,Major,12753348,147d14h35m48,0
TEZ-2558,FALSE,FALSE,Major,867,00d00h14m27,0
TEZ-2559,FALSE,FALSE,Major,100322,01d03h52m02,0
TEZ-2554,FALSE,FALSE,Major,213313,02d11h15m13,0
TEZ-2552,TRUE,FALSE,Major,4797327,55d12h35m27,1
TEZ-2553,FALSE,FALSE,Minor,12040351,139d08h32m31,0
TEZ-481,TRUE,FALSE,Major,417501,04d19h58m21,0
TEZ-488,FALSE,FALSE,Trivial,158848,01d20h07m28,0
TEZ-1924,FALSE,FALSE,Major,8672,00d02h24m32,0
TEZ-1925,FALSE,FALSE,Critical,55863,00d15h31m03,0
TEZ-1922,FALSE,FALSE,Minor,90997,01d01h16m37,0
TEZ-1923,FALSE,FALSE,Major,148426,01d17h13m46,0
TEZ-3368,FALSE,FALSE,Major,6814539,78d20h55m39,0
TEZ-1928,FALSE,FALSE,Major,2825156,32d16h45m56,0
TEZ-1929,TRUE,FALSE,Major,1957391,22d15h43m11,0
TEZ-3163,TRUE,FALSE,Major,16807324,194d12h42m04,0
TEZ-3165,FALSE,FALSE,Major,2675125,30d23h05m25,0
TEZ-3166,FALSE,FALSE,Major,263866,03d01h17m46,0
TEZ-153,FALSE,FALSE,Major,91559,01d01h25m59,0
TEZ-150,TRUE,FALSE,Major,170937,01d23h28m57,0
TEZ-156,TRUE,FALSE,Major,301,00d00h05m01,0
TEZ-938,TRUE,FALSE,Major,206683,02d09h24m43,0
TEZ-1638,FALSE,FALSE,Critical,1908541,22d02h09m01,0
TEZ-2168,TRUE,FALSE,Major,712704,08d05h58m24,0
TEZ-1632,TRUE,FALSE,Major,1441363,16d16h22m43,1
TEZ-930,TRUE,FALSE,Major,75272,00d20h54m32,0
TEZ-2165,FALSE,FALSE,Major,10304,00d02h51m44,0
TEZ-935,FALSE,FALSE,Trivial,218,00d00h03m38,0
TEZ-2162,TRUE,FALSE,Critical,1494296,17d07h04m56,0
TEZ-1634,FALSE,FALSE,Major,45300,00d12h35m00,0
TEZ-2160,FALSE,FALSE,Major,9868,00d02h44m28,0
TEZ-3948,FALSE,FALSE,Major,222109,02d13h41m49,0
TEZ-3942,TRUE,FALSE,Major,5258492,60d20h41m32,0
TEZ-3943,TRUE,FALSE,Major,427278,04d22h41m18,0
TEZ-3940,TRUE,FALSE,Major,122067,01d09h54m27,0
TEZ-807,FALSE,FALSE,Blocker,4377,00d01h12m57,0
TEZ-801,TRUE,FALSE,Major,987357,11d10h15m57,0
TEZ-800,FALSE,TRUE,Major,9642546,111d14h29m06,0
TEZ-2013,FALSE,FALSE,Critical,40904,00d11h21m44,0
TEZ-2012,FALSE,FALSE,Critical,39078,00d10h51m18,0
TEZ-2011,TRUE,FALSE,Major,162274,01d21h04m34,0
TEZ-2010,FALSE,FALSE,Minor,77130,00d21h25m30,0
TEZ-2017,FALSE,FALSE,Critical,6394,00d01h46m34,0
TEZ-2015,FALSE,FALSE,Major,464079,05d08h54m39,0
TEZ-2014,FALSE,FALSE,Critical,32817,00d09h06m57,0
MAPREDUCE-5493,FALSE,FALSE,Blocker,1096149,12d16h29m09,0
TEZ-1703,TRUE,FALSE,Major,328588,03d19h16m28,0
TEZ-1700,TRUE,FALSE,Major,431002,04d23h43m22,0
TEZ-1701,FALSE,FALSE,Major,345609,04d00h00m09,0
TEZ-3382,TRUE,FALSE,Minor,26234,00d07h17m14,0
TEZ-3384,FALSE,FALSE,Major,61677,00d17h07m57,0
TEZ-1448,TRUE,FALSE,Major,360251,04d04h04m11,0
TEZ-1445,FALSE,FALSE,Major,450,00d00h07m30,0
TEZ-1447,TRUE,TRUE,Blocker,1752313,20d06h45m13,0
TEZ-1446,TRUE,FALSE,Major,356879,04d03h07m59,0
TEZ-2833,FALSE,FALSE,Major,514213,05d22h50m13,0
TEZ-976,FALSE,FALSE,Major,91873,01d01h31m13,0
TEZ-2834,FALSE,FALSE,Major,467693,05d09h54m53,0
TEZ-971,FALSE,FALSE,Critical,124533,01d10h35m33,0
TEZ-2949,FALSE,FALSE,Major,179008,02d01h43m28,0
TEZ-2945,FALSE,FALSE,Major,87500,01d00h18m20,0
TEZ-2944,FALSE,FALSE,Major,250365,02d21h32m45,0
TEZ-2947,FALSE,FALSE,Major,375162,04d08h12m42,0
TEZ-2946,FALSE,FALSE,Major,213450,02d11h17m30,0
TEZ-2940,FALSE,FALSE,Major,8944,00d02h29m04,0
TEZ-2943,FALSE,FALSE,Major,2151736,24d21h42m16,0
TEZ-3568,TRUE,FALSE,Major,567093,06d13h31m33,0
TEZ-3565,FALSE,FALSE,Major,172417,01d23h53m37,0
TEZ-3566,FALSE,FALSE,Major,1790313,20d17h18m33,0
TEZ-3561,FALSE,FALSE,Minor,2119259,24d12h40m59,0
TEZ-2765,FALSE,FALSE,Major,25840,00d07h10m40,0
TEZ-3232,FALSE,FALSE,Major,9329,00d02h35m29,0
TEZ-1154,FALSE,FALSE,Trivial,238,00d00h03m58,0
TEZ-1151,TRUE,TRUE,Major,609081,07d01h11m21,0
TEZ-1150,FALSE,FALSE,Major,1362,00d00h22m42,0
TEZ-3707,FALSE,FALSE,Major,182572,02d02h42m52,0
TEZ-3700,TRUE,FALSE,Major,998478,11d13h21m18,1
TEZ-3701,FALSE,FALSE,Blocker,3080578,35d15h42m58,0
TEZ-3703,TRUE,FALSE,Major,324499,03d18h08m19,0
TEZ-3709,FALSE,FALSE,Major,1096134,12d16h28m54,0
TEZ-1844,TRUE,FALSE,Major,1031934,11d22h38m54,0
TEZ-1847,TRUE,FALSE,Trivial,430,00d00h07m10,0
TEZ-1846,FALSE,FALSE,Blocker,3551,00d00h59m11,0
TEZ-1841,FALSE,TRUE,Blocker,579365,06d16h56m05,0
TEZ-1849,FALSE,TRUE,Blocker,440746,05d02h25m46,0
TEZ-2383,TRUE,FALSE,Major,80991,00d22h29m51,0
TEZ-2380,TRUE,FALSE,Major,104045,01d04h54m05,0
TEZ-2386,FALSE,FALSE,Major,178682,02d01h38m02,0
TEZ-2389,FALSE,FALSE,Major,56769,00d15h46m09,0
TEZ-2541,TRUE,FALSE,Major,24855,00d06h54m15,0
TEZ-2540,FALSE,FALSE,Major,5978278,69d04h37m58,0
TEZ-2542,TRUE,FALSE,Minor,2018647,23d08h44m07,0
TEZ-2545,FALSE,FALSE,Major,617655,07d03h34m15,0
TEZ-2547,FALSE,FALSE,Critical,101376,01d04h09m36,0
TEZ-2548,TRUE,FALSE,Major,127315,01d11h21m55,0
TEZ-3017,TRUE,FALSE,Major,23508,00d06h31m48,0
TEZ-82,TRUE,FALSE,Major,1581,00d00h26m21,0
TEZ-83,FALSE,FALSE,Major,378,00d00h06m18,0
TEZ-86,TRUE,FALSE,Major,440158,05d02h15m58,0
TEZ-88,FALSE,FALSE,Major,7162,00d01h59m22,0
TEZ-89,TRUE,FALSE,Major,279,00d00h04m39,0
TEZ-1938,FALSE,FALSE,Major,2138,00d00h35m38,0
TEZ-498,FALSE,FALSE,Major,778,00d00h12m58,0
TEZ-1931,TRUE,FALSE,Critical,436134,05d01h08m54,0
TEZ-1932,FALSE,FALSE,Minor,305626,03d12h53m46,0
TEZ-320,FALSE,FALSE,Major,433002,05d00h16m42,0
TEZ-321,FALSE,FALSE,Major,364783,04d05h19m43,0
TEZ-322,FALSE,FALSE,Major,75,00d00h01m15,0
TEZ-3379,FALSE,FALSE,Trivial,64028,00d17h47m08,0
TEZ-3177,TRUE,FALSE,Major,1525193,17d15h39m53,0
TEZ-3175,FALSE,FALSE,Major,77344,00d21h29m04,0
TEZ-148,TRUE,FALSE,Major,4247072,49d03h44m32,0
TEZ-149,FALSE,FALSE,Major,139,00d00h02m19,0
TEZ-141,TRUE,FALSE,Major,4502297,52d02h38m17,0
TEZ-142,TRUE,FALSE,Major,612431,07d02h07m11,0
TEZ-143,TRUE,FALSE,Major,4500233,52d02h03m53,0
TEZ-144,FALSE,FALSE,Major,250,00d00h04m10,0
TEZ-928,FALSE,FALSE,Critical,704,00d00h11m44,0
TEZ-1629,FALSE,FALSE,Major,1959626,22d16h20m26,0
TEZ-1624,FALSE,FALSE,Major,117933,01d08h45m33,0
TEZ-1627,TRUE,FALSE,Major,3448902,39d22h01m42,0
TEZ-1620,FALSE,FALSE,Major,565182,06d12h59m42,0
TEZ-3951,FALSE,FALSE,Major,489158,05d15h52m38,0
TEZ-3953,FALSE,FALSE,Major,18569,00d05h09m29,0
TEZ-3955,FALSE,FALSE,Major,2197481,25d10h24m41,0
TEZ-3954,TRUE,FALSE,Major,1761252,20d09h14m12,0
TEZ-3959,FALSE,FALSE,Blocker,198370,02d07h06m10,0
TEZ-812,FALSE,FALSE,Major,1486,00d00h24m46,0
TEZ-810,FALSE,FALSE,Major,914,00d00h15m14,0
TEZ-811,FALSE,FALSE,Major,14242301,164d20h11m41,0
TEZ-817,FALSE,FALSE,Critical,16157419,187d00h10m19,0
TEZ-1743,FALSE,FALSE,Major,15641,00d04h20m41,0
TEZ-819,FALSE,FALSE,Major,772,00d00h12m52,0
TEZ-1711,FALSE,FALSE,Major,262559,03d00h55m59,0
TEZ-1713,FALSE,FALSE,Major,4596,00d01h16m36,0
TEZ-1712,TRUE,FALSE,Major,10158,00d02h49m18,0
TEZ-1715,FALSE,FALSE,Trivial,227,00d00h03m47,0
TEZ-2020,TRUE,FALSE,Major,366321,04d05h45m21,0
TEZ-1716,TRUE,FALSE,Major,140707,01d15h05m07,0
TEZ-1747,FALSE,FALSE,Major,9733,00d02h42m13,0
TEZ-3398,FALSE,FALSE,Critical,38028,00d10h33m48,0
TEZ-2116,FALSE,FALSE,Major,5485,00d01h31m25,0
TEZ-1438,TRUE,FALSE,Blocker,1782,00d00h29m42,0
TEZ-1439,TRUE,FALSE,Blocker,57648,00d16h00m48,0
TEZ-1435,TRUE,FALSE,Trivial,181,00d00h03m01,0
TEZ-1436,FALSE,FALSE,Major,515723,05d23h15m23,0
TEZ-1431,FALSE,FALSE,Blocker,49064,00d13h37m44,0
TEZ-1432,FALSE,FALSE,Blocker,304,00d00h05m04,0
TEZ-1433,TRUE,FALSE,Blocker,3601285,41d16h21m25,1
TEZ-2846,FALSE,FALSE,Major,22488683,260d06h51m23,0
TEZ-2847,FALSE,FALSE,Major,21055,00d05h50m55,0
MAPREDUCE-5209,FALSE,FALSE,Minor,238551,02d18h15m51,0
TEZ-1543,FALSE,FALSE,Major,586662,06d18h57m42,0
TEZ-1544,FALSE,FALSE,Trivial,354683,04d02h31m23,0
TEZ-1548,FALSE,FALSE,Major,52714,00d14h38m34,0
TEZ-3575,FALSE,TRUE,Major,1172658,13d13h44m18,0
TEZ-3574,TRUE,FALSE,Major,366491,04d05h48m11,0
TEZ-3571,FALSE,FALSE,Major,958646,11d02h17m26,0
TEZ-3570,FALSE,FALSE,Major,398578,04d14h42m58,0
YARN-1229,FALSE,FALSE,Blocker,100752,01d03h59m12,0
TEZ-1097,FALSE,FALSE,Major,256764,02d23h19m24,0
TEZ-1091,FALSE,FALSE,Major,301194,03d11h39m54,0
TEZ-2716,FALSE,FALSE,Major,3550383,41d02h13m03,0
TEZ-3006,FALSE,FALSE,Major,9294,00d02h34m54,0
TEZ-1162,FALSE,TRUE,Major,275511,03d04h31m51,0
TEZ-1163,FALSE,TRUE,Minor,2693874,31d04h17m54,0
TEZ-1164,TRUE,TRUE,Major,74601,00d20h43m21,0
TEZ-1368,FALSE,FALSE,Blocker,280799,03d05h59m59,0
TEZ-1360,FALSE,FALSE,Major,2080319,24d01h51m59,0
TEZ-1362,FALSE,FALSE,Major,3369076,38d23h51m16,0
TEZ-2623,FALSE,FALSE,Major,1005865,11d15h24m25,0
TEZ-2629,TRUE,FALSE,Major,2656553,30d17h55m53,0
TEZ-3717,FALSE,FALSE,Major,68133,00d18h55m33,0
TEZ-3714,FALSE,FALSE,Major,2002067,23d04h07m47,0
TEZ-3719,FALSE,TRUE,Major,195539,02d06h18m59,0
TEZ-2534,FALSE,FALSE,Major,573355,06d15h15m55,0
TEZ-2535,FALSE,FALSE,Major,139911,01d14h51m51,0
TEZ-3009,FALSE,FALSE,Major,22262736,257d16h05m36,0
TEZ-2537,FALSE,FALSE,Major,77740,00d21h35m40,0
TEZ-2533,FALSE,FALSE,Major,143240,01d15h47m20,0
TEZ-2538,FALSE,FALSE,Major,65356,00d18h09m16,0
TEZ-2539,FALSE,FALSE,Major,70076,00d19h27m56,0
TEZ-98,FALSE,FALSE,Major,686,00d00h11m26,0
TEZ-95,TRUE,FALSE,Major,672,00d00h11m12,0
TEZ-94,FALSE,FALSE,Major,594363,06d21h06m03,0
TEZ-90,FALSE,FALSE,Major,100415,01d03h53m35,0
TEZ-319,FALSE,FALSE,Major,94,00d00h01m34,0
TEZ-318,TRUE,FALSE,Major,642,00d00h10m42,0
TEZ-1949,TRUE,FALSE,Critical,178513,02d01h35m13,0
TEZ-1945,FALSE,FALSE,Major,58021,00d16h07m01,0
TEZ-313,FALSE,FALSE,Major,6732,00d01h52m12,0
TEZ-312,FALSE,FALSE,Major,5628,00d01h33m48,0
TEZ-315,FALSE,FALSE,Major,758247,08d18h37m27,0
TEZ-314,TRUE,FALSE,Major,64404,00d17h53m24,0
TEZ-1942,TRUE,FALSE,Blocker,486361,05d15h06m01,0
TEZ-3679,FALSE,FALSE,Minor,276791,03d04h53m11,0
TEZ-3147,FALSE,TRUE,Major,13194,00d03h39m54,0
TEZ-798,FALSE,FALSE,Minor,1105,00d00h18m25,0
TEZ-3141,TRUE,FALSE,Major,104263,01d04h57m43,0
TEZ-2440,FALSE,FALSE,Major,1364000,15d18h53m20,0
TEZ-796,FALSE,FALSE,Major,632711,07d07h45m11,0
TEZ-790,FALSE,FALSE,Minor,8892,00d02h28m12,0
TEZ-3148,FALSE,TRUE,Major,1303949,15d02h12m29,0
TEZ-556,FALSE,FALSE,Minor,30342,00d08h25m42,0
TEZ-554,FALSE,FALSE,Major,7680482,88d21h28m02,0
TEZ-553,TRUE,FALSE,Major,261576,03d00h39m36,0
TEZ-552,FALSE,FALSE,Major,800,00d00h13m20,0
TEZ-955,TRUE,FALSE,Major,19778,00d05h29m38,0
TEZ-958,TRUE,FALSE,Minor,146,00d00h02m26,0
TEZ-2147,FALSE,FALSE,Major,53457,00d14h50m57,0
TEZ-2142,FALSE,FALSE,Major,12293,00d03h24m53,0
TEZ-1896,FALSE,FALSE,Major,1121615,12d23h33m35,0
TEZ-1895,TRUE,FALSE,Major,3000600,34d17h30m00,1
TEZ-1892,TRUE,FALSE,Minor,1650260,19d02h24m20,0
TEZ-1893,FALSE,FALSE,Major,3857036,44d15h23m56,0
TEZ-1890,FALSE,FALSE,Blocker,1906212,22d01h30m12,0
TEZ-1891,FALSE,FALSE,Blocker,1187060,13d17h44m20,0
TEZ-3924,TRUE,FALSE,Major,354654,04d02h30m54,0
TEZ-2038,FALSE,FALSE,Major,963538,11d03h38m58,0
TEZ-2031,FALSE,FALSE,Major,722587,08d08h43m07,0
TEZ-412,FALSE,FALSE,Minor,405,00d00h06m45,0
TEZ-2033,TRUE,FALSE,Minor,5958764,68d23h12m44,0
TEZ-2032,FALSE,FALSE,Major,99860,01d03h44m20,0
TEZ-2037,TRUE,FALSE,Major,668185,07d17h36m25,0
TEZ-2036,TRUE,FALSE,Major,81623,00d22h40m23,0
TEZ-1761,FALSE,FALSE,Major,22134,00d06h08m54,0
TEZ-1762,FALSE,FALSE,Major,3812456,44d03h00m56,0
TEZ-1769,TRUE,FALSE,Major,3138275,36d07h44m35,0
TEZ-175,FALSE,FALSE,Major,199941,02d07h32m21,0
TEZ-174,FALSE,FALSE,Major,6731,00d01h52m11,0
TEZ-177,FALSE,FALSE,Major,44819,00d12h26m59,0
TEZ-3813,TRUE,FALSE,Major,527621,06d02h33m41,0
TEZ-171,FALSE,FALSE,Major,3962,00d01h06m02,0
TEZ-170,FALSE,FALSE,Major,1285314,14d21h01m54,0
TEZ-173,FALSE,FALSE,Major,104,00d00h01m44,0
TEZ-3817,TRUE,FALSE,Major,22133143,256d04h05m43,0
TEZ-179,FALSE,FALSE,Major,345,00d00h05m45,0
TEZ-178,FALSE,FALSE,Major,552,00d00h09m12,0
TEZ-2445,TRUE,FALSE,Blocker,57199,00d15h53m19,0
TEZ-1426,TRUE,FALSE,Blocker,167276,01d22h27m56,0
TEZ-1425,TRUE,FALSE,Blocker,11654,00d03h14m14,0
TEZ-1424,TRUE,FALSE,Critical,6048035,70d00h00m35,0
TEZ-54,TRUE,FALSE,Major,494,00d00h08m14,0
TEZ-2855,TRUE,FALSE,Critical,533853,06d04h17m33,0
TEZ-2853,FALSE,FALSE,Blocker,8814,00d02h26m54,0
TEZ-2852,TRUE,FALSE,Critical,29060886,336d08h28m06,1
TEZ-2851,TRUE,TRUE,Major,600096,06d22h41m36,0
TEZ-2850,FALSE,FALSE,Major,2495292,28d21h08m12,0
TEZ-2859,FALSE,FALSE,Blocker,289704,03d08h28m24,0
TEZ-1395,FALSE,FALSE,Major,843315,09d18h15m15,0
TEZ-1391,TRUE,FALSE,Major,52893,00d14h41m33,0
TEZ-1393,FALSE,FALSE,Blocker,396024,04d14h00m24,0
TEZ-1392,TRUE,FALSE,Major,4274,00d01h11m14,0
TEZ-3546,FALSE,FALSE,Major,708002,08d04h40m02,0
TEZ-3549,FALSE,FALSE,Major,1285985,14d21h13m05,1
TEZ-1089,TRUE,FALSE,Major,6817253,78d21h40m53,0
TEZ-1088,FALSE,FALSE,Major,1286035,14d21h13m55,0
TEZ-4062,FALSE,FALSE,Major,685355,07d22h22m35,0
TEZ-4066,FALSE,FALSE,Major,325130,03d18h18m50,0
TEZ-1082,FALSE,FALSE,Major,3972,00d01h06m12,0
TEZ-1085,FALSE,FALSE,Major,378550,04d09h09m10,0
TEZ-1087,FALSE,FALSE,Major,141542,01d15h19m02,0
TEZ-771,FALSE,FALSE,Critical,544189,06d07h09m49,0
TEZ-893,FALSE,FALSE,Minor,446697,05d04h04m57,0
TEZ-891,FALSE,FALSE,Major,2830,00d00h47m10,0
TEZ-1796,TRUE,FALSE,Blocker,951453,11d00h17m33,0
TEZ-3491,FALSE,FALSE,Critical,1389879,16d02h04m39,0
TEZ-3493,FALSE,FALSE,Minor,807628,09d08h20m28,0
TEZ-1176,TRUE,FALSE,Major,11513745,133d06h15m45,0
TEZ-1171,FALSE,TRUE,Major,20694,00d05h44m54,0
TEZ-1377,FALSE,FALSE,Trivial,490,00d00h08m10,0
TEZ-2632,FALSE,FALSE,Major,84064,00d23h21m04,0
TEZ-2630,FALSE,FALSE,Critical,1307794,15d03h16m34,0
TEZ-2636,TRUE,FALSE,Major,541050,06d06h17m30,0
TEZ-2635,FALSE,FALSE,Major,694387,08d00h53m07,0
TEZ-3723,FALSE,FALSE,Major,436110,05d01h08m30,0
TEZ-3724,FALSE,FALSE,Major,11146610,129d00h16m50,0
TEZ-383,FALSE,FALSE,Trivial,3659578,42d08h32m58,0
TEZ-2527,FALSE,FALSE,Major,5496,00d01h31m36,0
TEZ-2523,FALSE,FALSE,Major,8283,00d02h18m03,0
TEZ-3036,FALSE,FALSE,Critical,686308,07d22h38m28,0
TEZ-3037,FALSE,FALSE,Major,14305,00d03h58m25,0
TEZ-3862,FALSE,FALSE,Trivial,2639,00d00h43m59,0
TEZ-3032,FALSE,FALSE,Minor,165249,01d21h54m09,0
TEZ-2528,FALSE,FALSE,Major,53252,00d14h47m32,0
TEZ-3151,FALSE,TRUE,Major,17047,00d04h44m07,0
TEZ-3155,TRUE,FALSE,Major,627250,07d06h14m10,0
TEZ-3156,TRUE,FALSE,Major,78859,00d21h54m19,0
TEZ-788,FALSE,FALSE,Blocker,1723973,19d22h52m53,0
TEZ-2453,FALSE,FALSE,Major,294462,03d09h47m42,0
TEZ-2451,FALSE,FALSE,Major,3136542,36d07h15m42,0
TEZ-787,FALSE,FALSE,Blocker,1552860,17d23h21m00,0
TEZ-2455,FALSE,FALSE,Major,262567,03d00h56m07,0
TEZ-548,FALSE,FALSE,Blocker,61249,00d17h00m49,0
TEZ-545,FALSE,FALSE,Major,6852,00d01h54m12,0
TEZ-541,FALSE,FALSE,Major,515829,05d23h17m09,0
TEZ-940,FALSE,FALSE,Major,65825,00d18h17m05,0
TEZ-765,TRUE,FALSE,Trivial,189095,02d04h31m35,0
TEZ-766,TRUE,FALSE,Major,688135,07d23h08m55,0
TEZ-944,TRUE,FALSE,Major,10981,00d03h03m01,0
TEZ-761,TRUE,TRUE,Major,967022,11d04h37m02,0
TEZ-763,FALSE,FALSE,Critical,2235,00d00h37m15,0
TEZ-1881,FALSE,FALSE,Major,348906,04d00h55m06,0
TEZ-1883,TRUE,FALSE,Minor,13750394,159d03h33m14,0
TEZ-1882,FALSE,FALSE,Blocker,1626205,18d19h43m25,0
TEZ-1886,FALSE,FALSE,Major,45936,00d12h45m36,0
TEZ-1889,FALSE,FALSE,Critical,91841,01d01h30m41,0
TEZ-1888,FALSE,FALSE,Critical,26152532,302d16h35m32,0
TEZ-304,FALSE,FALSE,Major,103,00d00h01m43,0
TEZ-302,FALSE,FALSE,Major,281,00d00h04m41,0
TEZ-301,FALSE,FALSE,Major,4318538,49d23h35m38,0
TEZ-3672,FALSE,FALSE,Trivial,101667,01d04h14m27,0
TEZ-309,FALSE,FALSE,Major,748,00d00h12m28,0
TEZ-3937,FALSE,FALSE,Major,419759,04d20h35m59,0
TEZ-3935,FALSE,FALSE,Major,702327,08d03h05m27,0
TEZ-3934,TRUE,TRUE,Major,6821482,78d22h51m22,0
TEZ-3933,FALSE,FALSE,Major,175045,02d00h37m25,0
TEZ-3932,TRUE,FALSE,Major,206025,02d09h13m45,0
TEZ-3939,FALSE,FALSE,Major,146878,01d16h47m58,0
TEZ-3938,TRUE,FALSE,Major,1645628,19d01h07m08,0
TEZ-2048,TRUE,FALSE,Blocker,12412953,143d16h02m33,0
TEZ-2047,FALSE,FALSE,Blocker,4108088,47d13h08m08,0
TEZ-1774,FALSE,FALSE,Trivial,43477,00d12h04m37,0
TEZ-1772,FALSE,FALSE,Blocker,95606,01d02h33m26,0
TEZ-1770,FALSE,FALSE,Critical,61356,00d17h02m36,0
TEZ-2282,FALSE,FALSE,Major,2952522,34d04h08m42,0
TEZ-2287,FALSE,FALSE,Blocker,598691,06d22h18m11,0
TEZ-3803,TRUE,FALSE,Critical,1241150,14d08h45m50,0
TEZ-3801,FALSE,FALSE,Major,287,00d00h04m47,0
TEZ-167,TRUE,FALSE,Major,54369268,629d06h34m28,0
TEZ-164,TRUE,FALSE,Major,8049,00d02h14m09,0
TEZ-3804,FALSE,FALSE,Major,622120,07d04h48m40,0
TEZ-168,FALSE,FALSE,Major,8800,00d02h26m40,0
TEZ-169,TRUE,FALSE,Major,1900375,21d23h52m55,0
TEZ-1413,TRUE,FALSE,Major,75674,00d21h01m14,0
TEZ-1411,FALSE,FALSE,Blocker,181168,02d02h19m28,0
TEZ-1416,TRUE,FALSE,Blocker,74313,00d20h38m33,0
TEZ-1414,FALSE,FALSE,Major,368,00d00h06m08,0
TEZ-1415,TRUE,FALSE,Major,493127,05d16h58m47,0
TEZ-1418,FALSE,FALSE,Blocker,155838,01d19h17m18,0
TEZ-2199,FALSE,FALSE,Major,332436,03d20h20m36,0
TEZ-2195,TRUE,FALSE,Major,80964,00d22h29m24,0
TEZ-2192,TRUE,TRUE,Blocker,2326752,26d22h19m12,0
TEZ-2193,TRUE,FALSE,Major,519375,06d00h16m15,0
TEZ-2190,FALSE,FALSE,Major,23528,00d06h32m08,0
TEZ-1566,FALSE,FALSE,Major,2952998,34d04h16m38,0
TEZ-1567,TRUE,FALSE,Major,3627448,41d23h37m28,0
TEZ-1563,FALSE,FALSE,Major,567876,06d13h44m36,1
TEZ-1560,FALSE,FALSE,Critical,20105812,232d16h56m52,0
TEZ-2997,FALSE,FALSE,Major,4139548,47d21h52m28,0
TEZ-2995,FALSE,FALSE,Major,19039,00d05h17m19,0
TEZ-2990,FALSE,FALSE,Major,55481,00d15h24m41,0
TEZ-3555,FALSE,FALSE,Major,2291516,26d12h31m56,0
TEZ-3556,FALSE,FALSE,Major,3194116,36d23h15m16,0
TEZ-3550,TRUE,FALSE,Major,6728148,77d20h55m48,0
TEZ-3559,FALSE,FALSE,Major,27786,00d07h43m06,0
TEZ-3558,FALSE,FALSE,Minor,13397,00d03h43m17,0
TEZ-1648,FALSE,FALSE,Major,5481,00d01h31m21,0
TEZ-4076,FALSE,FALSE,Major,510990,05d21h56m30,0
TEZ-2868,TRUE,FALSE,Major,4408,00d01h13m28,0
TEZ-2863,TRUE,FALSE,Major,13832042,160d02h14m02,0
TEZ-2860,FALSE,FALSE,Major,308787,03d13h46m27,0
TEZ-2866,FALSE,FALSE,Major,706069,08d04h07m49,0
TEZ-2732,FALSE,FALSE,Major,131871,01d12h37m51,0
TEZ-2730,FALSE,FALSE,Major,20540,00d05h42m20,0
TEZ-3486,TRUE,FALSE,Major,1114095,12d21h28m15,0
TEZ-3483,FALSE,FALSE,Trivial,11503,00d03h11m43,0
TEZ-713,FALSE,FALSE,Major,141,00d00h02m21,0
TEZ-1342,TRUE,FALSE,Major,196657,02d06h37m37,0
TEZ-1341,FALSE,FALSE,Major,60906,00d16h55m06,0
TEZ-172,FALSE,FALSE,Critical,334191,03d20h49m51,0
TEZ-502,TRUE,FALSE,Major,1420,00d00h23m40,0
TEZ-2602,TRUE,FALSE,Major,1341615,15d12h40m15,0
TEZ-2600,FALSE,FALSE,Major,935686,10d19h54m46,0
TEZ-3737,FALSE,FALSE,Major,70601,00d19h36m41,0
TEZ-3736,FALSE,FALSE,Minor,610852,07d01h40m52,0
TEZ-3731,FALSE,FALSE,Minor,18534,00d05h08m54,0
TEZ-3730,FALSE,FALSE,Major,331953,03d20h12m33,0
TEZ-3732,FALSE,FALSE,Major,1444126,16d17h08m46,0
TEZ-3025,TRUE,FALSE,Major,187856,02d04h10m56,0
TEZ-1963,TRUE,FALSE,Major,418262,04d20h11m02,0
TEZ-1968,FALSE,FALSE,Blocker,57642,00d16h00m42,0
TEZ-3128,FALSE,FALSE,Major,598569,06d22h16m09,0
TEZ-3129,FALSE,FALSE,Major,580887,06d17h21m27,0
TEZ-3124,TRUE,FALSE,Major,534117,06d04h21m57,0
TEZ-3126,FALSE,FALSE,Minor,388593,04d11h56m33,0
TEZ-3123,FALSE,FALSE,Major,174658,02d00h30m58,0
TEZ-2466,FALSE,FALSE,Major,949,00d00h15m49,0
TEZ-2462,FALSE,FALSE,Major,453,00d00h07m33,0
TEZ-2460,FALSE,FALSE,Major,94694,01d02h18m14,0
TEZ-2461,FALSE,FALSE,Major,8269,00d02h17m49,0
TEZ-575,FALSE,FALSE,Major,15276,00d04h14m36,0
TEZ-577,FALSE,FALSE,Major,543,00d00h09m03,0
TEZ-576,FALSE,TRUE,Major,16063,00d04h27m43,0
TEZ-978,FALSE,FALSE,Major,15603579,180d14h19m39,0
TEZ-204,FALSE,FALSE,Major,6339,00d01h45m39,0
TEZ-203,TRUE,FALSE,Major,169414,01d23h03m34,0
TEZ-202,TRUE,FALSE,Major,189761,02d04h42m41,0
TEZ-973,TRUE,FALSE,Major,157175,01d19h39m35,0
TEZ-200,FALSE,FALSE,Major,250179,02d21h29m39,0
TEZ-31,TRUE,FALSE,Major,2242435,25d22h53m55,0
TEZ-683,TRUE,TRUE,Major,171679,01d23h41m19,0
TEZ-682,FALSE,TRUE,Major,164208,01d21h36m48,0
TEZ-681,FALSE,FALSE,Critical,132152,01d12h42m32,0
TEZ-3233,FALSE,FALSE,Major,160294,01d20h31m34,0
TEZ-686,TRUE,FALSE,Minor,1200237,13d21h23m57,0
TEZ-3236,FALSE,FALSE,Major,5857649,67d19h07m29,0
TEZ-3237,FALSE,FALSE,Major,1823616,21d02h33m36,0
TEZ-720,TRUE,FALSE,Critical,337639,03d21h47m19,0
TEZ-377,FALSE,FALSE,Major,269,00d00h04m29,0
TEZ-376,TRUE,FALSE,Major,86426,01d00h00m26,0
TEZ-374,FALSE,FALSE,Minor,169516,01d23h05m16,0
TEZ-379,TRUE,TRUE,Major,47683,00d13h14m43,0
TEZ-722,FALSE,FALSE,Major,614495,07d02h41m35,0
TEZ-723,FALSE,FALSE,Critical,162399,01d21h06m39,0
TEZ-1749,FALSE,FALSE,Major,1538,00d00h25m38,0
TEZ-2059,FALSE,FALSE,Minor,3085460,35d17h04m20,0
TEZ-2058,TRUE,FALSE,Blocker,861925,09d23h25m25,0
TEZ-2057,FALSE,FALSE,Major,8225133,95d04h45m33,1
TEZ-2056,FALSE,FALSE,Major,137264,01d14h07m44,0
TEZ-1746,FALSE,FALSE,Major,2311159,26d17h59m19,1
TEZ-2052,FALSE,FALSE,Major,7261,00d02h01m01,0
TEZ-1745,FALSE,FALSE,Major,84024,00d23h20m24,0
TEZ-1988,FALSE,FALSE,Major,8599536,99d12h45m36,0
TEZ-2299,FALSE,FALSE,Major,7310,00d02h01m50,0
TEZ-2298,FALSE,FALSE,Major,1313772,15d04h56m12,0
TEZ-1982,FALSE,FALSE,Major,57729,00d16h02m09,0
TEZ-1983,FALSE,FALSE,Major,34743,00d09h39m03,0
TEZ-2291,FALSE,FALSE,Major,6200950,71d18h29m10,0
TEZ-2290,TRUE,FALSE,Blocker,33563,00d09h19m23,0
TEZ-2293,TRUE,FALSE,Major,5061,00d01h24m21,0
TEZ-1987,FALSE,FALSE,Trivial,581214,06d17h26m54,1
TEZ-3836,FALSE,FALSE,Major,586216,06d18h50m16,0
TEZ-3834,FALSE,FALSE,Major,424196,04d21h49m56,0
TEZ-3832,FALSE,FALSE,Major,19124,00d05h18m44,0
TEZ-3833,FALSE,FALSE,Major,1301561,15d01h32m41,0
TEZ-3830,FALSE,FALSE,Major,2060077,23d20h14m37,0
TEZ-3831,TRUE,FALSE,Major,2383,00d00h39m43,0
TEZ-197,FALSE,FALSE,Major,206,00d00h03m26,0
TEZ-196,FALSE,FALSE,Major,1211982,14d00h39m42,0
TEZ-192,TRUE,FALSE,Major,12100034,140d01h07m14,0
TEZ-3839,FALSE,FALSE,Major,7907,00d02h11m47,0
TEZ-1405,FALSE,FALSE,Major,32257,00d08h57m37,0
TEZ-1404,FALSE,FALSE,Major,149822,01d17h37m02,0
TEZ-1400,FALSE,FALSE,Major,582554,06d17h49m14,0
TEZ-1403,FALSE,FALSE,Major,155529,01d19h12m09,0
MAPREDUCE-5181,FALSE,FALSE,Major,7417,00d02h03m37,0
TEZ-997,TRUE,FALSE,Major,356440,04d03h00m40,0
TEZ-991,TRUE,FALSE,Critical,51166,00d14h12m46,0
TEZ-998,TRUE,FALSE,Major,349265,04d01h01m05,0
TEZ-3909,FALSE,FALSE,Major,74726,00d20h45m26,0
TEZ-2186,FALSE,FALSE,Major,1154760,13d08h46m00,1
TEZ-2189,TRUE,FALSE,Major,256275,02d23h11m15,0
TEZ-3907,FALSE,FALSE,Major,255617,02d23h00m17,0
TEZ-1579,TRUE,FALSE,Minor,2763652,31d23h40m52,0
TEZ-1578,TRUE,FALSE,Major,424,00d00h07m04,0
TEZ-1571,TRUE,FALSE,Blocker,422058,04d21h14m18,0
TEZ-1575,FALSE,FALSE,Major,71819,00d19h56m59,0
TEZ-1574,FALSE,FALSE,Major,52512,00d14h35m12,0
TEZ-2988,FALSE,FALSE,Major,6998108,80d23h55m08,0
TEZ-2752,TRUE,TRUE,Major,519390,06d00h16m30,0
TEZ-2987,TRUE,FALSE,Major,341597,03d22h53m17,0
TEZ-2755,FALSE,FALSE,Major,186869,02d03h54m29,0
TEZ-76,FALSE,FALSE,Minor,80987,00d22h29m47,0
TEZ-4047,FALSE,FALSE,Major,69268,00d19h14m28,0
TEZ-4044,FALSE,FALSE,Major,1635626,18d22h20m26,0
TEZ-4042,TRUE,FALSE,Major,1056166,12d05h22m46,0
TEZ-4049,FALSE,FALSE,Major,62089,00d17h14m49,0
TEZ-2875,FALSE,FALSE,Major,50741,00d14h05m41,0
TEZ-2874,TRUE,FALSE,Major,107006,01d05h43m26,0
TEZ-1192,FALSE,FALSE,Major,93435,01d01h57m15,0
TEZ-1199,FALSE,FALSE,Major,2891,00d00h48m11,0
TEZ-1351,TRUE,TRUE,Major,356819,04d03h06m59,0
TEZ-1352,FALSE,FALSE,Blocker,20901,00d05h48m21,0
TEZ-1354,TRUE,FALSE,Major,552,00d00h09m12,0
TEZ-2610,FALSE,FALSE,Major,601004,06d22h56m44,0
TEZ-2616,FALSE,FALSE,Major,56742,00d15h45m42,0
TEZ-3589,FALSE,FALSE,Major,382930,04d10h22m10,0
TEZ-3584,FALSE,FALSE,Major,425369,04d22h09m29,0
TEZ-3582,FALSE,FALSE,Blocker,576801,06d16h13m21,0
TEZ-3583,FALSE,FALSE,Critical,50147,00d13h55m47,0
TEZ-3580,FALSE,FALSE,Critical,556273,06d10h31m13,0
TEZ-3581,TRUE,TRUE,Major,1627217,18d20h00m17,0
TEZ-2509,FALSE,FALSE,Major,89207,01d00h46m47,0
TEZ-2505,FALSE,FALSE,Major,348763,04d00h52m43,0
TEZ-2504,FALSE,FALSE,Major,276767,03d04h52m47,0
TEZ-2506,FALSE,FALSE,Major,280031,03d05h47m11,0
TEZ-2503,FALSE,FALSE,Minor,76902,00d21h21m42,1
TEZ-3052,TRUE,FALSE,Major,180456,02d02h07m36,0
TEZ-3053,TRUE,FALSE,Major,72927,00d20h15m27,0
TEZ-1976,FALSE,TRUE,Major,24932423,288d13h40m23,0
TEZ-1970,FALSE,FALSE,Major,9503910,109d23h58m30,0
TEZ-1973,FALSE,FALSE,Major,952109,11d00h28m29,0
TEZ-931,FALSE,FALSE,Major,6011,00d01h40m11,0
TEZ-1633,FALSE,FALSE,Major,1514092,17d12h34m52,0
TEZ-3135,FALSE,FALSE,Major,3792,00d01h03m12,0
TEZ-3134,FALSE,FALSE,Trivial,409,00d00h06m49,0
TEZ-933,FALSE,FALSE,Major,12353,00d03h25m53,0
TEZ-3131,FALSE,FALSE,Minor,193987,02d05h53m07,0
TEZ-2473,FALSE,FALSE,Major,1614681,18d16h31m21,0
TEZ-565,TRUE,FALSE,Major,1730,00d00h28m50,0
TEZ-2475,TRUE,FALSE,Major,2255104,26d02h25m04,0
TEZ-2474,FALSE,FALSE,Minor,4573,00d01h16m13,0
TEZ-1637,TRUE,FALSE,Major,1229513,14d05h31m53,0
TEZ-968,FALSE,FALSE,Trivial,154,00d00h02m34,0
TEZ-969,FALSE,FALSE,Critical,24045,00d06h40m45,0
TEZ-749,FALSE,FALSE,Major,671115,07d18h25m15,0
TEZ-214,TRUE,FALSE,Major,248907,02d21h08m27,0
TEZ-960,FALSE,FALSE,Minor,1112585,12d21h03m05,0
TEZ-745,FALSE,FALSE,Major,1376771,15d22h26m11,0
TEZ-966,FALSE,FALSE,Major,1280,00d00h21m20,0
TEZ-964,TRUE,FALSE,Critical,20107,00d05h35m07,0
TEZ-213,TRUE,FALSE,Major,69447,00d19h17m27,0
TEZ-3223,TRUE,FALSE,Trivial,6478397,74d23h33m17,0
TEZ-3222,TRUE,TRUE,Major,19687285,227d20h41m25,0
TEZ-3227,FALSE,FALSE,Major,260238,03d00h17m18,0
TEZ-2240,FALSE,FALSE,Major,330885,03d19h54m45,0
TEZ-3224,TRUE,FALSE,Major,89432,01d00h50m32,0
TEZ-3229,FALSE,FALSE,Blocker,19216,00d05h20m16,0
TEZ-362,TRUE,FALSE,Major,606371,07d00h26m11,0
TEZ-363,FALSE,FALSE,Major,178131,02d01h28m51,0
TEZ-364,TRUE,TRUE,Major,13239894,153d05h44m54,0
TEZ-369,FALSE,FALSE,Minor,335807,03d21h16m47,1
TEZ-2062,FALSE,FALSE,Major,25957,00d07h12m37,0
TEZ-2063,FALSE,FALSE,Major,95654,01d02h34m14,0
TEZ-2061,FALSE,FALSE,Major,4239432,49d01h37m12,0
TEZ-1758,TRUE,FALSE,Major,7906,00d02h11m46,0
TEZ-2064,FALSE,FALSE,Critical,3139291,36d08h01m31,0
TEZ-2065,FALSE,FALSE,Major,160432,01d20h33m52,0
TEZ-2068,FALSE,FALSE,Major,130507,01d12h15m07,0
TEZ-2069,FALSE,FALSE,Major,29365,00d08h09m25,0
TEZ-2261,TRUE,FALSE,Major,1899400,21d23h36m40,0
TEZ-1999,FALSE,FALSE,Major,418588,04d20h16m28,0
TEZ-2265,TRUE,FALSE,Major,89052,01d00h44m12,0
TEZ-1993,TRUE,FALSE,Major,6390524,73d23h08m44,0
TEZ-2269,TRUE,FALSE,Major,363772,04d05h02m52,0
TEZ-1990,FALSE,FALSE,Trivial,2503299,28d23h21m39,0
TEZ-1997,TRUE,FALSE,Major,105435,01d05h17m15,0
TEZ-3824,FALSE,FALSE,Major,22279310,257d20h41m50,0
TEZ-1995,FALSE,FALSE,Major,355635,04d02h47m15,0
TEZ-188,FALSE,FALSE,Major,475182,05d11h59m42,0
TEZ-185,FALSE,FALSE,Major,4111,00d01h08m31,0
TEZ-187,FALSE,FALSE,Major,7489,00d02h04m49,0
TEZ-180,FALSE,FALSE,Major,3036,00d00h50m36,0
TEZ-183,TRUE,FALSE,Major,1313994,15d04h59m54,0
TEZ-980,FALSE,FALSE,Major,136,00d00h02m16,0
TEZ-981,FALSE,FALSE,Major,53714,00d14h55m14,0
TEZ-983,TRUE,FALSE,Major,74377,00d20h39m37,0
TEZ-988,FALSE,FALSE,Major,1623771,18d19h02m51,0
TEZ-3914,TRUE,FALSE,Major,1716182,19d20h43m02,1
TEZ-3913,FALSE,FALSE,Major,7522,00d02h05m22,1
TEZ-3912,FALSE,FALSE,Major,7867972,91d01h32m52,0
TEZ-1509,FALSE,FALSE,Major,124754,01d10h39m14,0
TEZ-221,TRUE,FALSE,Major,13836495,160d03h28m15,0
TEZ-2080,FALSE,FALSE,Major,621744,07d04h42m24,0
TEZ-2082,FALSE,FALSE,Major,20790,00d05h46m30,0
TEZ-2084,FALSE,FALSE,Major,6635864,76d19h17m44,0
TEZ-2085,TRUE,FALSE,Major,584196,06d18h16m36,0
TEZ-4058,FALSE,FALSE,Major,485329,05d14h48m49,0
TEZ-220,FALSE,FALSE,Trivial,24570,00d06h49m30,0
TEZ-4057,FALSE,FALSE,Major,84267,00d23h24m27,0
TEZ-1210,FALSE,FALSE,Major,10887531,126d00h18m51,0
TEZ-223,TRUE,FALSE,Major,417,00d00h06m57,0
TEZ-1214,FALSE,FALSE,Minor,472172,05d11h09m32,0
TEZ-2885,FALSE,FALSE,Major,54301,00d15h05m01,0
TEZ-2887,FALSE,FALSE,Major,11740,00d03h15m40,0
TEZ-1324,TRUE,FALSE,Major,83045,00d23h04m05,0
TEZ-1322,TRUE,FALSE,Major,251895,02d21h58m15,0
TEZ-1875,FALSE,FALSE,Blocker,225522,02d14h38m42,0
TEZ-1328,TRUE,TRUE,Major,66135,00d18h22m15,0
TEZ-597,TRUE,FALSE,Major,165,00d00h02m45,0
TEZ-2660,FALSE,FALSE,Major,3753053,43d10h30m53,0
TEZ-2663,TRUE,FALSE,Major,603899,06d23h44m59,0
TEZ-3591,FALSE,FALSE,Major,561521,06d11h58m41,0
TEZ-3593,FALSE,FALSE,Major,561811,06d12h03m31,0
TEZ-3592,FALSE,FALSE,Major,562188,06d12h09m48,0
TEZ-3594,FALSE,FALSE,Major,558600,06d11h10m00,0
TEZ-3598,FALSE,FALSE,Major,50553,00d14h02m33,0
TEZ-1038,TRUE,FALSE,Major,11926415,138d00h53m35,0
TEZ-1033,FALSE,FALSE,Major,2520,00d00h42m00,0
TEZ-1034,FALSE,FALSE,Major,6531,00d01h48m51,0
YARN-1824,TRUE,FALSE,Major,414971,04d19h16m11,0
TEZ-3102,TRUE,TRUE,Critical,1487339,17d05h08m59,0
TEZ-3103,TRUE,TRUE,Critical,357050,04d03h10m50,0
TEZ-3101,FALSE,FALSE,Major,916411,10d14h33m31,0
TEZ-3107,TRUE,FALSE,Major,170182,01d23h16m22,0
TEZ-3104,FALSE,TRUE,Critical,925316,10d17h01m56,0
TEZ-3105,FALSE,FALSE,Major,2986015,34d13h26m55,0
TEZ-2404,TRUE,TRUE,Critical,313464,03d15h04m24,0
TEZ-2405,FALSE,FALSE,Critical,11951,00d03h19m11,0
TEZ-2406,FALSE,TRUE,Major,198915,02d07h15m15,0
TEZ-510,FALSE,TRUE,Major,547,00d00h09m07,0
TEZ-2401,FALSE,FALSE,Critical,226101,02d14h48m21,0
TEZ-2408,FALSE,FALSE,Minor,14928,00d04h08m48,0
TEZ-229,TRUE,FALSE,Major,3986,00d01h06m26,0
TEZ-738,FALSE,FALSE,Major,30904,00d08h35m04,0
TEZ-1698,TRUE,FALSE,Major,595850,06d21h30m50,0
TEZ-1699,TRUE,FALSE,Critical,430335,04d23h32m15,0
TEZ-1694,FALSE,FALSE,Major,339,00d00h05m39,0
TEZ-732,FALSE,FALSE,Major,1476,00d00h24m36,0
TEZ-731,FALSE,FALSE,Major,107,00d00h01m47,0
TEZ-1697,TRUE,FALSE,Major,2749752,31d19h49m12,0
TEZ-737,TRUE,FALSE,Major,7865503,91d00h51m43,0
TEZ-735,FALSE,FALSE,Major,126,00d00h02m06,0
TEZ-226,FALSE,FALSE,Major,142361,01d15h32m41,0
TEZ-2318,FALSE,FALSE,Major,16614,00d04h36m54,0
TEZ-3212,FALSE,FALSE,Major,41020241,474d18h30m41,1
TEZ-3210,FALSE,FALSE,Major,540684,06d06h11m24,0
TEZ-2310,TRUE,TRUE,Major,471471,05d10h57m51,0
TEZ-2311,TRUE,FALSE,Major,9388757,108d15h59m17,0
TEZ-2313,FALSE,FALSE,Blocker,631297,07d07h21m37,0
TEZ-2314,TRUE,FALSE,Blocker,1233666,14d06h41m06,0
TEZ-2317,FALSE,FALSE,Major,209319,02d10h08m39,0
TEZ-354,TRUE,FALSE,Major,236123,02d17h35m23,0
TEZ-353,TRUE,FALSE,Major,107677,01d05h54m37,0
TEZ-352,FALSE,FALSE,Major,19797,00d05h29m57,0
TEZ-644,FALSE,FALSE,Blocker,887768,10d06h36m08,0
TEZ-643,TRUE,FALSE,Major,8108,00d02h15m08,0
TEZ-642,FALSE,FALSE,Major,80174,00d22h16m14,0
TEZ-641,TRUE,FALSE,Major,305,00d00h05m05,0
TEZ-640,FALSE,FALSE,Major,249762,02d21h22m42,0
TEZ-648,FALSE,FALSE,Major,3439,00d00h57m19,0
TEZ-2075,FALSE,FALSE,Critical,236708,02d17h45m08,0
TEZ-2077,FALSE,FALSE,Major,36477,00d10h07m57,0
TEZ-2071,FALSE,FALSE,Major,31944,00d08h52m24,0
TEZ-2070,FALSE,FALSE,Trivial,1425063,16d11h51m03,0
TEZ-2073,TRUE,FALSE,Major,92139,01d01h35m39,0
TEZ-2072,FALSE,FALSE,Minor,681233,07d21h13m53,0
TEZ-2079,FALSE,FALSE,Major,23449,00d06h30m49,0
TEZ-2078,FALSE,FALSE,Major,36446,00d10h07m26,0
TEZ-1178,TRUE,FALSE,Critical,384027,04d10h40m27,0
TEZ-3858,FALSE,FALSE,Major,359470,04d03h51m10,0
TEZ-3855,TRUE,TRUE,Blocker,4841174,56d00h46m14,1
TEZ-3856,TRUE,TRUE,Major,631892,07d07h31m32,0
TEZ-3857,FALSE,FALSE,Major,1019958,11d19h19m18,0
TEZ-1527,FALSE,FALSE,Major,214207,02d11h30m07,0
MAPREDUCE-5251,FALSE,FALSE,Major,6235704,72d04h08m24,0
TEZ-212,FALSE,FALSE,Major,24778,00d06h52m58,0
TEZ-1519,TRUE,FALSE,Blocker,1099329,12d17h22m09,0
TEZ-1515,TRUE,FALSE,Major,480744,05d13h32m24,1
TEZ-1512,FALSE,FALSE,Major,9769,00d02h42m49,0
TEZ-1511,FALSE,FALSE,Blocker,117076,01d08h31m16,0
TEZ-1510,TRUE,FALSE,Blocker,87244,01d00h14m04,1
TEZ-2098,FALSE,FALSE,Major,9803,00d02h43m23,0
TEZ-2092,FALSE,FALSE,Major,75371,00d20h56m11,0
TEZ-2097,FALSE,FALSE,Critical,18817842,217d19h10m42,0
TEZ-2095,FALSE,FALSE,Critical,64764,00d17h59m24,0
TEZ-4028,TRUE,FALSE,Major,3515648,40d16h34m08,0
TEZ-4027,FALSE,FALSE,Major,323347,03d17h49m07,0
TEZ-4022,FALSE,FALSE,Major,76892,00d21h21m32,0
TEZ-1205,TRUE,FALSE,Blocker,5259599,60d20h59m59,0
TEZ-1208,FALSE,FALSE,Major,147466,01d16h57m46,0
TEZ-2893,FALSE,TRUE,Major,1846052,21d08h47m32,0
TEZ-2896,FALSE,FALSE,Major,75070,00d20h51m10,0
TEZ-2895,FALSE,FALSE,Major,1839411,21d06h56m51,0
TEZ-2894,FALSE,TRUE,Major,1846230,21d08h50m30,0
TEZ-2899,FALSE,FALSE,Major,926014,10d17h13m34,0
TEZ-2898,FALSE,FALSE,Major,8364618,96d19h30m18,0
TEZ-3693,FALSE,FALSE,Trivial,5179868,59d22h51m08,0
TEZ-3696,TRUE,FALSE,Major,857632,09d22h13m52,0
TEZ-3697,TRUE,TRUE,Major,1196749,13d20h25m49,0
TEZ-3695,FALSE,FALSE,Major,90129,01d01h02m09,0
TEZ-3698,FALSE,FALSE,Major,4227674,48d22h21m14,0
TEZ-3699,FALSE,FALSE,Major,67716,00d18h48m36,0
TEZ-3452,FALSE,FALSE,Major,1798153,20d19h29m13,0
TEZ-3453,FALSE,FALSE,Minor,1047778,12d03h02m58,0
TEZ-1333,FALSE,FALSE,Major,75126,00d20h52m06,0
MAPREDUCE-3685,FALSE,TRUE,Critical,35713900,413d08h31m40,0
TEZ-1029,FALSE,FALSE,Major,5067,00d01h24m27,0
TEZ-1028,TRUE,FALSE,Major,6304884,72d23h21m24,0
TEZ-1023,FALSE,FALSE,Major,1453887,16d19h51m27,0
TEZ-1021,TRUE,FALSE,Major,1171,00d00h19m31,0
TEZ-1020,TRUE,FALSE,Major,7164,00d01h59m24,0
TEZ-1027,FALSE,FALSE,Trivial,4237197,49d00h59m57,0
TEZ-1025,FALSE,FALSE,Major,6190,00d01h43m10,0
TEZ-2933,FALSE,FALSE,Major,807404,09d08h16m44,0
TEZ-3076,TRUE,FALSE,Major,278197,03d05h16m37,0
TEZ-3678,FALSE,FALSE,Trivial,45004,00d12h30m04,0
YARN-875,FALSE,FALSE,Major,2734335,31d15h32m15,0
TEZ-28,TRUE,FALSE,Major,853383,09d21h03m03,0
TEZ-26,TRUE,FALSE,Major,3677618,42d13h33m38,0
TEZ-27,TRUE,FALSE,Major,3401628,39d08h53m48,0
TEZ-24,TRUE,TRUE,Major,376075,04d08h27m55,0
TEZ-20,TRUE,FALSE,Major,1027017,11d21h16m57,0
TEZ-3677,FALSE,FALSE,Minor,46151,00d12h49m11,0
TEZ-3115,TRUE,TRUE,Major,1745035,20d04h43m55,0
TEZ-3114,TRUE,TRUE,Major,1297781,15d00h29m41,0
TEZ-3117,FALSE,FALSE,Major,495611,05d17h40m11,0
TEZ-2417,FALSE,FALSE,Major,63884,00d17h44m44,0
TEZ-2416,FALSE,FALSE,Major,148481,01d17h14m41,0
TEZ-2415,FALSE,FALSE,Major,26738,00d07h25m38,0
TEZ-503,TRUE,TRUE,Major,11607,00d03h13m27,0
TEZ-2412,TRUE,FALSE,Blocker,276474,03d04h47m54,0
TEZ-506,FALSE,FALSE,Major,173,00d00h02m53,0
TEZ-2410,TRUE,FALSE,Blocker,261398,03d00h36m38,0
TEZ-509,FALSE,FALSE,Major,89,00d00h01m29,0
TEZ-729,FALSE,FALSE,Major,432,00d00h07m12,0
TEZ-1688,TRUE,FALSE,Major,259525,03d00h05m25,0
TEZ-1687,FALSE,FALSE,Major,1885716,21d19h48m36,0
TEZ-721,FALSE,FALSE,Major,354173,04d02h22m53,0
TEZ-1685,FALSE,FALSE,Minor,2936056,33d23h34m16,0
TEZ-1684,FALSE,FALSE,Major,278533,03d05h22m13,0
TEZ-1683,FALSE,FALSE,Major,56344,00d15h39m04,0
TEZ-1682,FALSE,FALSE,Blocker,3751,00d01h02m31,0
TEZ-726,FALSE,FALSE,Major,7220,00d02h00m20,0
TEZ-727,FALSE,FALSE,Major,144,00d00h02m24,0
TEZ-3201,FALSE,FALSE,Blocker,56897,00d15h48m17,0
TEZ-3203,FALSE,FALSE,Critical,1790732,20d17h25m32,0
TEZ-3202,FALSE,FALSE,Major,689758,07d23h35m58,0
TEZ-3207,TRUE,FALSE,Major,1659619,19d05h00m19,0
TEZ-2303,FALSE,FALSE,Major,1582912,18d07h41m52,0
TEZ-2301,FALSE,FALSE,Major,3028938,35d01h22m18,0
TEZ-2300,FALSE,FALSE,Major,12173512,140d21h31m52,0
TEZ-2307,FALSE,FALSE,Major,25748820,298d00h27m00,0
TEZ-2305,TRUE,FALSE,Critical,1689059,19d13h10m59,0
TEZ-2304,TRUE,FALSE,Major,4681853,54d04h30m53,0
TEZ-346,TRUE,FALSE,Major,665720,07d16h55m20,0
TEZ-345,TRUE,FALSE,Critical,76804,00d21h20m04,0
TEZ-654,TRUE,FALSE,Major,4031,00d01h07m11,0
TEZ-657,TRUE,FALSE,Major,19005011,219d23h10m11,0
TEZ-650,FALSE,FALSE,Major,4754563,55d00h42m43,0
TEZ-652,TRUE,FALSE,Major,8127,00d02h15m27,0
TEZ-653,FALSE,FALSE,Major,643420,07d10h43m40,0
TEZ-658,FALSE,FALSE,Major,5125,00d01h25m25,0
TEZ-659,FALSE,FALSE,Minor,130,00d00h02m10,0
TEZ-2242,TRUE,TRUE,Major,41871,00d11h37m51,0
TEZ-3849,TRUE,FALSE,Major,1720996,19d22h03m16,0
TEZ-3848,TRUE,FALSE,Major,170471,01d23h21m11,0
TEZ-3847,TRUE,FALSE,Major,262097,03d00h48m17,0
TEZ-3845,FALSE,FALSE,Major,1832,00d00h30m32,0
TEZ-3844,FALSE,FALSE,Major,1041592,12d01h19m52,0
TEZ-3843,FALSE,FALSE,Major,76688,00d21h18m08,0
TEZ-2248,TRUE,FALSE,Major,2189370,25d08h09m30,0
TEZ-3840,FALSE,FALSE,Major,3165,00d00h52m45,0
TEZ-232,FALSE,FALSE,Major,309,00d00h05m09,0
TEZ-230,FALSE,FALSE,Major,352,00d00h05m52,0
TEZ-231,FALSE,FALSE,Major,347,00d00h05m47,0
TEZ-238,FALSE,FALSE,Major,2042,00d00h34m02,0
TEZ-1614,FALSE,FALSE,Major,1435113,16d14h38m33,0
TEZ-3828,FALSE,FALSE,Major,519383,06d00h16m23,0
TEZ-3825,FALSE,FALSE,Major,156335,01d19h25m35,0
TEZ-1996,FALSE,FALSE,Major,1808079,20d22h14m39,1
TEZ-3827,FALSE,FALSE,Major,89738,01d00h55m38,0
TEZ-1524,FALSE,FALSE,Major,1218468,14d02h27m48,0
TEZ-1529,TRUE,FALSE,Blocker,25148435,291d01h40m35,1
TEZ-2930,FALSE,FALSE,Major,450836,05d05h13m56,0
TEZ-4036,FALSE,FALSE,Major,8131,00d02h15m31,0
TEZ-4035,FALSE,FALSE,Minor,1511388,17d11h49m48,0
TEZ-4034,FALSE,FALSE,Minor,1234582,14d06h56m22,0
TEZ-4032,TRUE,FALSE,Major,3184864,36d20h41m04,0
TEZ-2936,TRUE,FALSE,Major,10729131,124d04h18m51,0
TEZ-2937,TRUE,FALSE,Major,5589175,64d16h32m55,0
TEZ-3292,FALSE,FALSE,Blocker,30577,00d08h29m37,0
TEZ-3293,FALSE,FALSE,Critical,1912144,22d03h09m04,0
TEZ-3687,FALSE,FALSE,Trivial,6776892,78d10h28m12,0
TEZ-3681,FALSE,FALSE,Major,61068,00d16h57m48,0
TEZ-3442,FALSE,FALSE,Major,17426,00d04h50m26,0
TEZ-3440,FALSE,FALSE,Major,1201268,13d21h41m08,0
TEZ-3449,FALSE,FALSE,Minor,1247028,14d10h23m48,0
TEZ-1301,FALSE,FALSE,Major,1299,00d00h21m39,0
TEZ-1014,FALSE,FALSE,Trivial,11327,00d03h08m47,0
TEZ-1015,TRUE,FALSE,Major,89781,01d00h56m21,0
TEZ-1010,FALSE,FALSE,Major,2173,00d00h36m13,0
TEZ-1011,FALSE,FALSE,Major,143,00d00h02m23,0
MAPREDUCE-6808,FALSE,FALSE,Major,6831270,79d01h34m30,0
TEZ-3067,FALSE,FALSE,Major,2722456,31d12h14m16,0
TEZ-3066,FALSE,FALSE,Major,111752,01d07h02m32,0
TEZ-3662,FALSE,FALSE,Major,5692639,65d21h17m19,0
TEZ-37,FALSE,FALSE,Major,30067573,348d00h06m13,0
TEZ-2798,TRUE,FALSE,Blocker,8021356,92d20h09m16,0
TEZ-2799,FALSE,FALSE,Major,53587,00d14h53m07,0
TEZ-33,TRUE,FALSE,Major,268727,03d02h38m47,0
TEZ-32,TRUE,FALSE,Major,2925926,33d20h45m26,0
TEZ-2423,FALSE,FALSE,Major,90746,01d01h12m26,0
TEZ-2421,TRUE,FALSE,Blocker,450008,05d05h00m08,0
TEZ-2426,TRUE,FALSE,Critical,581080,06d17h24m40,1
TEZ-2424,FALSE,FALSE,Minor,2726,00d00h45m26,0
YARN-918,FALSE,FALSE,Blocker,542139,06d06h35m39,0
TEZ-539,FALSE,FALSE,Critical,755190,08d17h46m30,0
TEZ-538,TRUE,FALSE,Major,17770,00d04h56m10,0
TEZ-536,TRUE,FALSE,Blocker,162,00d00h02m42,0
TEZ-531,FALSE,FALSE,Major,406,00d00h06m46,0
TEZ-533,FALSE,FALSE,Blocker,5629959,65d03h52m39,0
TEZ-1832,FALSE,FALSE,Major,12472,00d03h27m52,0
TEZ-1835,FALSE,FALSE,Major,8483,00d02h21m23,0
TEZ-1836,TRUE,FALSE,Major,496204,05d17h50m04,0
TEZ-3274,TRUE,TRUE,Major,34664810,401d05h06m50,0
TEZ-3276,FALSE,FALSE,Major,539377,06d05h49m37,0
TEZ-2334,FALSE,FALSE,Major,5782,00d01h36m22,0
TEZ-405,FALSE,FALSE,Major,163829,01d21h30m29,0
TEZ-660,TRUE,FALSE,Major,104898,01d05h08m18,0
TEZ-663,FALSE,FALSE,Major,489,00d00h08m09,0
TEZ-662,FALSE,FALSE,Major,208,00d00h03m28,0
TEZ-665,FALSE,FALSE,Major,4498640,52d01h37m20,0
TEZ-888,FALSE,FALSE,Major,9278,00d02h34m38,0
TEZ-667,FALSE,FALSE,Major,2531,00d00h42m11,0
TEZ-666,FALSE,FALSE,Major,16041,00d04h27m21,0
TEZ-885,FALSE,FALSE,Major,2031,00d00h33m51,0
TEZ-668,TRUE,FALSE,Major,5988044,69d07h20m44,0
TEZ-881,FALSE,FALSE,Blocker,7327,00d02h02m07,0
TEZ-882,FALSE,FALSE,Major,825,00d00h13m45,0
TEZ-2259,TRUE,FALSE,Major,2330213,26d23h16m53,0
TEZ-1780,FALSE,FALSE,Blocker,883036,10d05h17m16,0
TEZ-396,TRUE,FALSE,Major,74366,00d20h39m26,0
TEZ-2251,TRUE,FALSE,Major,303907,03d12h25m07,0
TEZ-2252,FALSE,FALSE,Major,1167387,13d12h16m27,0
TEZ-2257,FALSE,FALSE,Major,604076,06d23h47m56,0
TEZ-3873,FALSE,FALSE,Minor,12401687,143d12h54m47,0
TEZ-3304,FALSE,FALSE,Major,97654,01d03h07m34,0
TEZ-3877,TRUE,FALSE,Major,2753930,31d20h58m50,0
TEZ-3874,TRUE,FALSE,Blocker,8111757,93d21h15m57,0
TEZ-3309,FALSE,FALSE,Major,826,00d00h13m46,0
TEZ-715,TRUE,FALSE,Major,4217652,48d19h34m12,0
TEZ-242,FALSE,FALSE,Major,161,00d00h02m41,0
TEZ-241,FALSE,FALSE,Major,192,00d00h03m12,0
TEZ-245,FALSE,FALSE,Major,1278,00d00h21m18,0
TEZ-718,TRUE,FALSE,Major,2169039,25d02h30m39,0
TEZ-3898,FALSE,FALSE,Major,234672,02d17h11m12,0
TEZ-3893,FALSE,FALSE,Major,1198981,13d21h03m01,0
TEZ-3894,TRUE,FALSE,Major,774379,08d23h06m19,0
TEZ-3896,FALSE,FALSE,Major,11207,00d03h06m47,0
TEZ-3897,TRUE,FALSE,Major,1444163,16d17h09m23,0
TEZ-1658,TRUE,FALSE,Major,264419,03d01h26m59,0
TEZ-1536,FALSE,FALSE,Trivial,369,00d00h06m09,0
TEZ-865,FALSE,FALSE,Major,429142,04d23h12m22,0
TEZ-863,TRUE,FALSE,Blocker,67229,00d18h40m29,1
TEZ-2929,FALSE,FALSE,Major,243442,02d19h37m22,0
TEZ-4004,FALSE,FALSE,Major,10977737,127d01h22m17,0
TEZ-2923,FALSE,FALSE,Major,1042820,12d01h40m20,0
TEZ-2922,FALSE,FALSE,Major,180195,02d02h03m15,0
TEZ-2927,FALSE,FALSE,Major,37766,00d10h29m26,0
TEZ-942,FALSE,FALSE,Trivial,1386,00d00h23m06,0
TEZ-2924,FALSE,FALSE,Major,958374,11d02h12m54,0
TEZ-608,TRUE,FALSE,Major,178427,02d01h33m47,0
TEZ-947,FALSE,FALSE,Major,219,00d00h03m39,0
TEZ-602,TRUE,FALSE,Major,14093,00d03h54m53,0
TEZ-3477,FALSE,FALSE,Major,1809999,20d22h46m39,0
TEZ-3470,FALSE,TRUE,Major,1683381,19d11h36m21,0
TEZ-1310,FALSE,FALSE,Major,3549662,41d02h01m02,0
TEZ-3784,FALSE,FALSE,Major,442290,05d02h51m30,0
TEZ-3785,FALSE,FALSE,Major,4820,00d01h20m20,0
TEZ-3786,FALSE,FALSE,Major,377306,04d08h48m26,0
TEZ-1003,TRUE,TRUE,Major,1890802,21d21h13m22,0
TEZ-1005,TRUE,FALSE,Major,261049,03d00h30m49,0
TEZ-1004,TRUE,FALSE,Major,268377,03d02h32m57,0
TEZ-1007,TRUE,FALSE,Major,608224,07d00h57m04,0
TEZ-1009,FALSE,FALSE,Major,3808,00d01h03m28,0
TEZ-3097,FALSE,FALSE,Major,23045336,266d17h28m56,0
TEZ-2787,FALSE,FALSE,Major,257096,02d23h24m56,0
TEZ-2783,TRUE,FALSE,Major,175381,02d00h43m01,0
TEZ-2781,FALSE,FALSE,Major,2871090,33d05h31m30,0
TEZ-3659,FALSE,FALSE,Major,409792,04d17h49m52,0
TEZ-3656,FALSE,FALSE,Major,370254,04d06h50m54,0
TEZ-2788,TRUE,FALSE,Major,16223,00d04h30m23,0
TEZ-2437,FALSE,FALSE,Major,219108,02d12h51m48,0
TEZ-2432,FALSE,FALSE,Major,461646,05d08h14m06,0
YARN-926,FALSE,FALSE,Blocker,707790,08d04h36m30,0
TEZ-523,FALSE,FALSE,Minor,236,00d00h03m56,0
TEZ-526,FALSE,FALSE,Critical,428180,04d22h56m20,0
TEZ-524,FALSE,FALSE,Trivial,83,00d00h01m23,0
TEZ-525,TRUE,FALSE,Major,547,00d00h09m07,0
TEZ-1822,FALSE,FALSE,Major,323382,03d17h49m42,0
TEZ-1827,FALSE,FALSE,Minor,7994638,92d12h43m58,0
TEZ-1824,FALSE,FALSE,Major,889133,10d06h58m53,0
TEZ-3267,FALSE,TRUE,Major,22478324,260d03h58m44,0
TEZ-3264,FALSE,FALSE,Minor,1247713,14d10h35m13,0
TEZ-3262,FALSE,FALSE,Major,314663,03d15h24m23,0
TEZ-2323,FALSE,FALSE,Major,17062,00d04h44m22,0
TEZ-2325,TRUE,FALSE,Major,1043499,12d01h51m39,0
TEZ-411,FALSE,FALSE,Major,5134,00d01h25m34,0
TEZ-2329,FALSE,FALSE,Major,6894,00d01h54m54,0
TEZ-2328,TRUE,FALSE,Major,400045,04d15h07m25,0
TEZ-898,TRUE,FALSE,Major,3186,00d00h53m06,0
TEZ-676,FALSE,FALSE,Major,7743410,89d14h56m50,0
TEZ-1790,TRUE,FALSE,Major,1148835,13d07h07m15,0
TEZ-675,TRUE,FALSE,Major,120571,01d09h29m31,0
TEZ-896,TRUE,FALSE,Major,6297,00d01h44m57,0
TEZ-894,FALSE,FALSE,Major,511009,05d21h56m49,0
TEZ-3666,TRUE,FALSE,Major,18834354,217d23h45m54,0
TEZ-2224,TRUE,TRUE,Major,2504212,28d23h36m52,1
TEZ-387,TRUE,FALSE,Major,26627549,308d04h32m29,0
TEZ-2221,FALSE,FALSE,Major,3285267,38d00h34m27,0
TEZ-2223,FALSE,FALSE,Major,1287280,14d21h34m40,0
TEZ-3313,FALSE,FALSE,Minor,542704,06d06h45m04,0
TEZ-3867,FALSE,FALSE,Major,1015176,11d17h59m36,0
TEZ-3861,FALSE,FALSE,Major,222137,02d13h42m17,0
TEZ-3314,TRUE,FALSE,Major,163738,01d21h28m58,0
TEZ-3318,FALSE,FALSE,Major,454043,05d06h07m23,0
TEZ-3869,FALSE,FALSE,Minor,338705,03d22h05m05,0
TEZ-252,FALSE,FALSE,Major,1218,00d00h20m18,0
TEZ-253,TRUE,FALSE,Major,1594,00d00h26m34,0
TEZ-255,TRUE,FALSE,Major,242108,02d19h15m08,0
TEZ-256,TRUE,TRUE,Major,240549,02d18h49m09,0
TEZ-259,FALSE,FALSE,Major,4983,00d01h23m03,0
TEZ-3883,FALSE,FALSE,Major,229,00d00h03m49,0
TEZ-3882,FALSE,FALSE,Major,183,00d00h03m03,0
TEZ-3887,TRUE,FALSE,Major,8623097,99d19h18m17,0
TEZ-1649,TRUE,FALSE,Major,430074,04d23h27m54,0
TEZ-2133,FALSE,FALSE,Major,259404,03d00h03m24,0
TEZ-2134,FALSE,FALSE,Major,168966,01d22h56m06,0
TEZ-2135,TRUE,FALSE,Major,29644,00d08h14m04,0
TEZ-2136,FALSE,FALSE,Major,77638,00d21h33m58,0
TEZ-1643,TRUE,FALSE,Major,1260706,14d14h11m46,0
TEZ-1642,TRUE,FALSE,Major,6225640,72d01h20m40,0
TEZ-1647,TRUE,FALSE,Major,348754,04d00h52m34,0
TEZ-1646,TRUE,FALSE,Major,171844,01d23h44m04,0
TEZ-1645,FALSE,FALSE,Major,168052,01d22h40m52,0
TEZ-874,FALSE,FALSE,Minor,159125,01d20h12m05,0
TEZ-876,FALSE,FALSE,Major,2688022,31d02h40m22,0
TEZ-873,FALSE,FALSE,Major,4768274,55d04h31m14,0
TEZ-878,FALSE,FALSE,Critical,71964,00d19h59m24,0
TEZ-2914,TRUE,FALSE,Major,5044259,58d09h10m59,0
TEZ-2915,FALSE,FALSE,Major,587351,06d19h09m11,0
TEZ-2910,TRUE,FALSE,Major,4653262,53d20h34m22,0
TEZ-2911,FALSE,FALSE,Minor,4231254,48d23h20m54,0
TEZ-2289,FALSE,FALSE,Major,249861,02d21h24m21,0
TEZ-1258,FALSE,FALSE,Major,40760,00d11h19m20,0
TEZ-1257,TRUE,TRUE,Blocker,1920371,22d05h26m11,0
TEZ-1251,FALSE,FALSE,Critical,4215196,48d18h53m16,0
TEZ-1252,FALSE,FALSE,Critical,13787155,159d13h45m55,0
TEZ-1498,FALSE,FALSE,Major,47938,00d13h18m58,0
TEZ-1499,TRUE,FALSE,Major,2331674,26d23h41m14,0
TEZ-1492,TRUE,FALSE,Major,179354,02d01h49m14,0
TEZ-1493,FALSE,FALSE,Blocker,140774,01d15h06m14,0
TEZ-1490,FALSE,FALSE,Major,138835,01d14h33m55,0
TEZ-1491,TRUE,FALSE,Major,40822384,472d11h33m04,0
TEZ-1496,TRUE,FALSE,Blocker,96393,01d02h46m33,0
TEZ-1494,TRUE,FALSE,Major,1414602,16d08h56m42,0
TEZ-1495,TRUE,FALSE,Major,2114340,24d11h19m00,0
TEZ-3469,FALSE,FALSE,Major,319099,03d16h38m19,0
TEZ-3460,FALSE,FALSE,Major,156218,01d19h23m38,0
TEZ-3462,TRUE,FALSE,Major,9437195,109d05h26m35,0
TEZ-3464,FALSE,FALSE,Major,255957,02d23h05m57,0
TEZ-3806,FALSE,FALSE,Major,296,00d00h04m56,0
TEZ-3798,FALSE,FALSE,Blocker,328497,03d19h14m57,0
TEZ-3797,FALSE,FALSE,Major,444309,05d03h25m09,0
TEZ-3795,FALSE,FALSE,Major,162673,01d21h11m13,0
TEZ-3792,TRUE,FALSE,Blocker,242392,02d19h19m52,0
TEZ-3791,TRUE,FALSE,Major,86103,00d23h55m03,0
TEZ-1074,TRUE,FALSE,Major,746385,08d15h19m45,0
TEZ-1079,TRUE,FALSE,Major,624677,07d05h31m17,0
TEZ-3081,FALSE,FALSE,Major,3669,00d01h01m09,0
TEZ-12,TRUE,FALSE,Major,17365617,200d23h46m57,0
TEZ-3089,FALSE,FALSE,Major,270589,03d03h09m49,0
TEZ-3640,FALSE,FALSE,Major,72963,00d20h16m03,0
TEZ-3643,TRUE,FALSE,Critical,55290,00d15h21m30,0
TEZ-3642,TRUE,FALSE,Major,599659,06d22h34m19,0
TEZ-3644,TRUE,FALSE,Major,98976,01d03h29m36,0
TEZ-3647,FALSE,FALSE,Major,84540,00d23h29m00,0
TEZ-3646,FALSE,FALSE,Major,57662,00d16h01m02,0
TEZ-3649,FALSE,FALSE,Major,96353,01d02h45m53,0
TEZ-3648,FALSE,FALSE,Major,255141,02d22h52m21,0
TEZ-1102,TRUE,FALSE,Major,745538,08d15h05m38,0
TEZ-1105,FALSE,FALSE,Trivial,405,00d00h06m45,0
TEZ-2687,FALSE,FALSE,Major,1391430,16d02h30m30,0
TEZ-2684,TRUE,FALSE,Major,112379,01d07h12m59,0
TEZ-2685,FALSE,FALSE,Major,698388,08d01h59m48,0
TEZ-2683,FALSE,FALSE,Major,766491,08d20h54m51,0
TEZ-1816,FALSE,FALSE,Major,65147,00d18h05m47,0
TEZ-3251,TRUE,FALSE,Major,22277,00d06h11m17,0
TEZ-3256,TRUE,FALSE,Major,16230,00d04h30m30,0
TEZ-3257,FALSE,FALSE,Major,1210040,14d00h07m20,0
TEZ-3254,FALSE,FALSE,Major,512689,05d22h24m49,0
TEZ-3255,FALSE,FALSE,Major,422265,04d21h17m45,0
TEZ-3258,FALSE,FALSE,Major,133668,01d13h07m48,0
TEZ-3259,FALSE,FALSE,Major,81846,00d22h44m06,0
TEZ-1818,FALSE,FALSE,Major,31974,00d08h52m54,0
TEZ-2357,FALSE,FALSE,Major,41636,00d11h33m56,0
TEZ-2351,TRUE,FALSE,Minor,1857032,21d11h50m32,0
TEZ-2358,TRUE,FALSE,Blocker,380678,04d09h44m38,0
TEZ-609,FALSE,FALSE,Major,278,00d00h04m38,0
TEZ-327,FALSE,FALSE,Critical,9758825,112d22h47m05,0
TEZ-1935,FALSE,FALSE,Major,3204319,37d02h05m19,0
TEZ-600,FALSE,FALSE,Major,366,00d00h06m06,0
TEZ-1934,FALSE,FALSE,Major,361602,04d04h26m42,0
TEZ-2239,FALSE,FALSE,Critical,10635872,123d02h24m32,0
TEZ-2238,FALSE,FALSE,Major,53538,00d14h52m18,0
TEZ-2237,TRUE,FALSE,Critical,3419415,39d13h50m15,0
TEZ-2233,TRUE,TRUE,Major,1213917,14d01h11m57,0
TEZ-2232,TRUE,TRUE,Major,772838,08d22h40m38,0
TEZ-3325,FALSE,FALSE,Major,13826,00d03h50m26,0
TEZ-3329,FALSE,FALSE,Critical,46770,00d12h59m30,0
TEZ-267,FALSE,FALSE,Major,5547814,64d05h03m34,1
TEZ-266,TRUE,FALSE,Major,434346,05d00h39m06,0
TEZ-261,FALSE,FALSE,Major,500,00d00h08m20,0
TEZ-260,FALSE,FALSE,Major,9139,00d02h32m19,0
TEZ-262,FALSE,FALSE,Major,101448,01d04h10m48,0
TEZ-118,TRUE,TRUE,Major,1638871,18d23h14m31,0
TEZ-1838,FALSE,FALSE,Blocker,417878,04d20h04m38,0
TEZ-284,TRUE,FALSE,Major,2981,00d00h49m41,0
TEZ-283,TRUE,FALSE,Major,4062,00d01h07m42,0
TEZ-282,FALSE,FALSE,Major,679,00d00h11m19,0
TEZ-289,FALSE,FALSE,Major,19626395,227d03h46m35,0
TEZ-1676,FALSE,FALSE,Major,180,00d00h03m00,0
TEZ-1677,FALSE,FALSE,Major,2666,00d00h44m26,0
TEZ-1672,FALSE,FALSE,Minor,4761571,55d02h39m31,0
TEZ-1670,TRUE,FALSE,Minor,33874018,392d01h26m58,0
YARN-3768,TRUE,FALSE,Major,2254311,26d02h11m51,0
TEZ-843,FALSE,FALSE,Major,28242,00d07h50m42,0
TEZ-2740,FALSE,FALSE,Blocker,8665,00d02h24m25,0
