BugID, #isArch, #isInduce, #Priority, #TimeSec, #Time, #Reopen
TIKA-811,TRUE,TRUE,Major,19881609,230d02h40m09,0
TIKA-1063,TRUE,FALSE,Minor,67242662,778d06h31m02,0
TIKA-1061,FALSE,FALSE,Minor,1229673,14d05h34m33,0
TIKA-1109,TRUE,FALSE,Critical,6053698,70d01h34m58,0
TIKA-392,FALSE,FALSE,Minor,8398,00d02h19m58,0
TIKA-2307,FALSE,FALSE,Trivial,512,00d00h08m32,0
TIKA-391,TRUE,FALSE,Major,11000295,127d07h38m15,0
TIKA-2717,FALSE,FALSE,Critical,14012024,162d04h13m44,0
TIKA-1960,TRUE,FALSE,Blocker,428,00d00h07m08,0
TIKA-2719,FALSE,FALSE,Major,935816,10d19h56m56,0
TIKA-398,FALSE,FALSE,Minor,269988,03d02h59m48,0
TIKA-2097,FALSE,FALSE,Trivial,152,00d00h02m32,0
TIKA-401,FALSE,FALSE,Major,11654908,134d21h28m28,0
TIKA-404,FALSE,FALSE,Critical,49,00d00h00m49,0
TIKA-409,FALSE,FALSE,Major,96,00d00h01m36,0
TIKA-2098,FALSE,TRUE,Major,5142,00d01h25m42,0
TIKA-2099,TRUE,FALSE,Major,18176761,210d09h06m01,0
TIKA-1563,FALSE,FALSE,Minor,3776,00d01h02m56,0
TIKA-1562,TRUE,FALSE,Major,5848483,67d16h34m43,0
TIKA-2399,FALSE,FALSE,Major,1547266,17d21h47m46,0
TIKA-1400,FALSE,FALSE,Major,27342828,316d11h13m48,0
TIKA-1568,TRUE,FALSE,Major,136960919,1585d04h41m59,0
TIKA-1404,FALSE,FALSE,Major,179190,02d01h46m30,0
TIKA-781,FALSE,FALSE,Minor,10556,00d02h55m56,0
TIKA-787,TRUE,FALSE,Minor,2956,00d00h49m16,0
TIKA-786,FALSE,FALSE,Minor,38035,00d10h33m55,0
TIKA-1589,FALSE,FALSE,Major,2692,00d00h44m52,0
TIKA-1581,FALSE,TRUE,Major,627653,07d06h20m53,0
TIKA-2547,TRUE,FALSE,Major,1643230,19d00h27m10,0
TIKA-2237,TRUE,FALSE,Major,2362,00d00h39m22,0
TIKA-2625,TRUE,FALSE,Major,13058,00d03h37m38,0
TIKA-2626,TRUE,FALSE,Blocker,12923,00d03h35m23,0
TIKA-309,FALSE,FALSE,Minor,3301977,38d05h12m57,1
TIKA-659,TRUE,FALSE,Major,667,00d00h11m07,0
TIKA-657,FALSE,FALSE,Major,13791158,159d14h52m38,0
TIKA-656,TRUE,FALSE,Major,2074,00d00h34m34,0
TIKA-2780,FALSE,FALSE,Major,277831,03d05h10m31,0
TIKA-654,FALSE,FALSE,Major,64414,00d17h53m34,0
TIKA-651,TRUE,FALSE,Major,122073084,1412d21h11m24,1
TIKA-650,FALSE,FALSE,Major,1428358,16d12h45m58,0
TIKA-717,FALSE,FALSE,Major,1374447,15d21h47m27,0
TIKA-1669,FALSE,FALSE,Major,176,00d00h02m56,0
TIKA-711,FALSE,FALSE,Major,2079957,24d01h45m57,0
TIKA-1664,FALSE,FALSE,Major,293885,03d09h38m05,0
TIKA-877,TRUE,FALSE,Blocker,225821,02d14h43m41,0
TIKA-1035,FALSE,FALSE,Major,105778,01d05h22m58,0
TIKA-875,FALSE,FALSE,Major,15472,00d04h17m52,0
TIKA-2300,TRUE,FALSE,Major,547821,06d08h10m21,0
TIKA-395,FALSE,FALSE,Major,122005,01d09h53m25,0
TIKA-973,TRUE,FALSE,Minor,47013777,544d03h22m57,1
PDFBOX-1749,TRUE,FALSE,Major,985380,11d09h43m00,0
TIKA-2433,FALSE,FALSE,Major,4346,00d01h12m26,0
TIKA-2438,FALSE,FALSE,Major,9603,00d02h40m03,0
TIKA-570,FALSE,FALSE,Major,111835,01d07h03m55,0
TIKA-378,TRUE,FALSE,Major,273833,03d04h03m53,0
TIKA-379,TRUE,TRUE,Critical,8950620,103d14h17m00,0
TIKA-273,FALSE,FALSE,Major,316610,03d15h56m50,0
TIKA-274,TRUE,FALSE,Major,314599,03d15h23m19,0
TIKA-279,FALSE,FALSE,Major,777056,08d23h50m56,0
TIKA-371,TRUE,FALSE,Minor,13241067,153d06h04m27,0
TIKA-374,FALSE,FALSE,Major,65836,00d18h17m16,0
TIKA-376,FALSE,FALSE,Major,141,00d00h02m21,0
TIKA-377,FALSE,FALSE,Major,76190,00d21h09m50,0
TIKA-2127,FALSE,FALSE,Major,7956,00d02h12m36,0
TIKA-2123,TRUE,FALSE,Major,14376,00d03h59m36,0
TIKA-49,FALSE,FALSE,Major,29059,00d08h04m19,0
TIKA-156,FALSE,FALSE,Major,132,00d00h02m12,0
TIKA-2040,TRUE,FALSE,Major,107235,01d05h47m15,0
TIKA-56,TRUE,FALSE,Minor,270621,03d03h10m21,0
TIKA-2871,FALSE,FALSE,Minor,9432,00d02h37m12,0
TIKA-2872,FALSE,FALSE,Trivial,8048,00d02h14m08,0
TIKA-1025,TRUE,FALSE,Major,421580,04d21h06m20,0
TIKA-1927,TRUE,FALSE,Minor,63983,00d17h46m23,0
TIKA-1926,FALSE,FALSE,Minor,1710113,19d19h01m53,0
TIKA-1389,FALSE,FALSE,Minor,2903,00d00h48m23,0
TIKA-1021,FALSE,FALSE,Major,5373950,62d04h45m50,0
TIKA-1385,TRUE,FALSE,Major,248535,02d21h02m15,0
TIKA-1928,FALSE,FALSE,Minor,3587891,41d12h38m11,0
TIKA-1844,TRUE,FALSE,Minor,7087042,82d00h37m22,0
TIKA-1845,TRUE,FALSE,Major,181608,02d02h26m48,0
TIKA-1028,TRUE,FALSE,Major,68118560,788d09h49m20,0
TIKA-2198,FALSE,FALSE,Major,4743526,54d21h38m46,0
TIKA-2056,FALSE,FALSE,Major,6626465,76d16h41m05,0
TIKA-2055,FALSE,FALSE,Critical,2600922,30d02h28m42,0
TIKA-114,FALSE,FALSE,Major,21086520,244d01h22m00,0
TIKA-1798,TRUE,FALSE,Major,433671,05d00h27m51,0
TIKA-2776,TRUE,FALSE,Blocker,454999,05d06h23m19,0
TIKA-1445,TRUE,FALSE,Blocker,7608995,88d01h36m35,0
TIKA-1446,TRUE,FALSE,Critical,3676725,42d13h18m45,0
TIKA-2908,FALSE,FALSE,Blocker,68784,00d19h06m24,0
TIKA-1728,FALSE,FALSE,Major,123423657,1428d12h20m57,0
TIKA-1335,FALSE,TRUE,Major,154614,01d18h56m54,0
TIKA-1567,FALSE,FALSE,Major,16402,00d04h33m22,0
TIKA-2903,FALSE,FALSE,Critical,24684,00d06h51m24,0
TIKA-1655,FALSE,FALSE,Trivial,5390,00d01h29m50,0
TIKA-1654,FALSE,FALSE,Major,950673,11d00h04m33,0
TIKA-1159,FALSE,FALSE,Minor,9970,00d02h46m10,0
TIKA-1653,TRUE,FALSE,Major,1829,00d00h30m29,0
TIKA-1652,TRUE,FALSE,Major,14473,00d04h01m13,0
TIKA-2580,FALSE,FALSE,Minor,65494,00d18h11m34,0
TIKA-1659,FALSE,FALSE,Major,622778,07d04h59m38,0
TIKA-2587,FALSE,FALSE,Major,305630,03d12h53m50,0
TIKA-2275,FALSE,FALSE,Trivial,129,00d00h02m09,0
TIKA-2379,FALSE,FALSE,Blocker,74413,00d20h40m13,0
TIKA-1821,FALSE,FALSE,Major,3039771,35d04h22m51,0
TIKA-2373,FALSE,FALSE,Blocker,10743,00d02h59m03,0
TIKA-2279,TRUE,FALSE,Trivial,51333,00d14h15m33,0
TIKA-752,FALSE,FALSE,Minor,13671,00d03h47m51,0
TIKA-294,FALSE,FALSE,Major,302773,03d12h06m13,0
TIKA-453,FALSE,FALSE,Minor,632190,07d07h36m30,0
TIKA-454,FALSE,FALSE,Major,237440,02d17h57m20,0
TIKA-457,FALSE,FALSE,Major,3203007,37d01h43m27,0
TIKA-256,FALSE,FALSE,Major,8211558,95d00h59m18,0
TIKA-185,TRUE,FALSE,Minor,635240,07d08h27m20,0
TIKA-255,FALSE,FALSE,Major,137313,01d14h08m33,0
TIKA-181,FALSE,FALSE,Minor,146,00d00h02m26,0
TIKA-180,TRUE,FALSE,Major,2666490,30d20h41m30,0
TIKA-189,FALSE,FALSE,Minor,699798,08d02h23m18,0
TIKA-1537,FALSE,FALSE,Minor,40362,00d11h12m42,0
PDFBOX-2896,TRUE,FALSE,Minor,154711,01d18h58m31,0
TIKA-2478,TRUE,FALSE,Minor,1426012,16d12h06m52,0
TIKA-2479,TRUE,FALSE,Minor,18303100,211d20h11m40,0
TIKA-2475,TRUE,FALSE,Major,60610,00d16h50m10,0
TIKA-1291,TRUE,FALSE,Major,1904527,22d01h02m07,0
TIKA-2470,TRUE,FALSE,Major,443,00d00h07m23,0
TIKA-1742,FALSE,FALSE,Major,675980,07d19h46m20,0
TIKA-2571,FALSE,FALSE,Minor,21830,00d06h03m50,0
TIKA-2673,TRUE,FALSE,Major,3888107,45d00h01m47,0
TIKA-984,FALSE,FALSE,Minor,5318863,61d13h27m43,0
TIKA-231,FALSE,FALSE,Minor,951712,11d00h21m52,0
TIKA-2677,FALSE,FALSE,Major,88835,01d00h40m35,0
TIKA-981,FALSE,FALSE,Minor,518202,05d23h56m42,0
TIKA-2675,FALSE,FALSE,Major,1376323,15d22h18m43,0
TIKA-336,FALSE,FALSE,Major,3198,00d00h53m18,0
TIKA-1322,FALSE,FALSE,Minor,132681,01d12h51m21,0
TIKA-621,FALSE,FALSE,Major,1706595,19d18h03m15,0
TIKA-339,FALSE,FALSE,Minor,1105417,12d19h03m37,0
TIKA-808,TRUE,FALSE,Major,1027258,11d21h20m58,0
TIKA-809,FALSE,FALSE,Major,841,00d00h14m01,0
TIKA-800,TRUE,FALSE,Major,49814,00d13h50m14,0
TIKA-801,TRUE,FALSE,Major,367971,04d06h12m51,0
TIKA-2384,TRUE,FALSE,Blocker,277903,03d05h11m43,0
TIKA-521,TRUE,FALSE,Major,14252494,164d23h01m34,0
TIKA-520,FALSE,FALSE,Major,38226,00d10h37m06,0
TIKA-2370,FALSE,FALSE,Minor,677,00d00h11m17,0
TIKA-939,FALSE,FALSE,Minor,1964,00d00h32m44,0
TIKA-525,FALSE,FALSE,Major,11104214,128d12h30m14,0
TIKA-986,TRUE,FALSE,Major,251315,02d21h48m35,0
TIKA-529,FALSE,FALSE,Minor,33934049,392d18h07m29,0
TIKA-244,TRUE,FALSE,Major,1450485,16d18h54m45,0
TIKA-934,FALSE,FALSE,Critical,3163754,36d14h49m14,0
TIKA-935,TRUE,FALSE,Major,6068,00d01h41m08,0
TIKA-1804,TRUE,TRUE,Blocker,50201311,581d00h48m31,1
TIKA-19,TRUE,FALSE,Major,2614,00d00h43m34,0
TIKA-2019,TRUE,FALSE,Major,1693,00d00h28m13,0
TIKA-13,FALSE,FALSE,Major,5342,00d01h29m02,0
TIKA-10,FALSE,FALSE,Major,171042,01d23h30m42,0
TIKA-16,TRUE,FALSE,Major,141414,01d15h16m54,0
TIKA-2578,FALSE,FALSE,Major,567542,06d13h39m02,0
TIKA-2157,FALSE,FALSE,Major,68183,00d18h56m23,0
TIKA-2159,TRUE,TRUE,Minor,6045272,69d23h14m32,0
TIKA-1703,FALSE,FALSE,Minor,85753,00d23h49m13,0
TIKA-2231,FALSE,FALSE,Minor,1059110,12d06h11m50,0
TIKA-1378,TRUE,FALSE,Major,2874151,33d06h22m31,0
TIKA-1373,TRUE,FALSE,Major,132095,01d12h41m35,0
TIKA-1370,TRUE,FALSE,Major,81358,00d22h35m58,0
TIKA-1371,TRUE,FALSE,Major,20831969,241d02h39m29,0
TIKA-1275,FALSE,FALSE,Major,9528686,110d06h51m26,0
TIKA-1700,TRUE,FALSE,Major,206227,02d09h17m07,0
TIKA-1272,FALSE,FALSE,Trivial,3400065,39d08h27m45,0
TIKA-1279,TRUE,FALSE,Trivial,9140,00d02h32m20,1
TIKA-2849,TRUE,FALSE,Major,992117,11d11h35m17,0
TIKA-1500,FALSE,FALSE,Minor,244452,02d19h54m12,0
TIKA-1503,FALSE,FALSE,Minor,38382,00d10h39m42,0
TIKA-1115,FALSE,FALSE,Major,413522,04d18h52m02,0
TIKA-1112,FALSE,FALSE,Major,32744889,378d23h48m09,0
TIKA-1113,TRUE,FALSE,Major,28239916,326d20h25m16,0
TIKA-1507,TRUE,FALSE,Major,25965574,300d12h39m34,0
TIKA-1506,TRUE,FALSE,Blocker,42559,00d11h49m19,0
TIKA-1970,TRUE,FALSE,Minor,126427,01d11h07m07,0
TIKA-2840,FALSE,FALSE,Major,3932136,45d12h15m36,0
TIKA-1118,FALSE,FALSE,Major,38603509,446d19h11m49,0
NUTCH-1053,FALSE,FALSE,Major,58374882,675d15h14m42,0
TIKA-2703,TRUE,FALSE,Major,6148322,71d03h52m02,0
TIKA-386,FALSE,FALSE,Major,608663,07d01h04m23,0
TIKA-1874,FALSE,FALSE,Trivial,346,00d00h05m46,0
TIKA-1877,FALSE,FALSE,Minor,759272,08d18h54m32,0
TIKA-382,FALSE,FALSE,Major,204334,02d08h45m34,0
TIKA-389,FALSE,FALSE,Minor,22556474,261d01h41m14,0
TIKA-415,FALSE,FALSE,Minor,1087215,12d14h00m15,0
TIKA-417,FALSE,FALSE,Major,710552,08d05h22m32,0
TIKA-140,TRUE,FALSE,Major,13761833,159d06h43m53,0
TIKA-418,FALSE,FALSE,Major,33061091,382d15h38m11,0
TIKA-1183,FALSE,FALSE,Major,431308,04d23h48m28,0
TIKA-1182,TRUE,FALSE,Major,20514286,237d10h24m46,0
TIKA-305,FALSE,FALSE,Major,609492,07d01h18m12,0
TIKA-678,FALSE,FALSE,Major,2164181,25d01h09m41,0
TIKA-2838,FALSE,TRUE,Major,125858,01d10h57m38,0
TIKA-2388,FALSE,FALSE,Critical,1169,00d00h19m29,0
TIKA-304,TRUE,FALSE,Major,613488,07d02h24m48,0
TIKA-1477,TRUE,FALSE,Minor,249492,02d21h18m12,0
TIKA-655,TRUE,FALSE,Major,3179,00d00h52m59,0
TIKA-1472,FALSE,FALSE,Minor,80291,00d22h18m11,0
TIKA-1171,FALSE,FALSE,Major,1338675,15d11h51m15,0
TIKA-1600,TRUE,FALSE,Blocker,285183,03d07h13m03,0
TIKA-1605,FALSE,FALSE,Trivial,257,00d00h04m17,0
TIKA-2209,FALSE,TRUE,Trivial,6913,00d01h55m13,0
TIKA-1597,TRUE,FALSE,Major,175271,02d00h41m11,1
TIKA-2636,TRUE,FALSE,Major,652668,07d13h17m48,0
TIKA-2637,TRUE,FALSE,Critical,19446742,225d01h52m22,0
TIKA-661,TRUE,FALSE,Major,22614,00d06h16m54,0
TIKA-1980,FALSE,FALSE,Major,7243605,83d20h06m45,0
TIKA-665,FALSE,FALSE,Major,97600,01d03h06m40,0
TIKA-701,TRUE,FALSE,Major,95323,01d02h28m43,0
TIKA-293,FALSE,FALSE,Major,344758,03d23h45m58,0
TIKA-702,FALSE,FALSE,Major,109796,01d06h29m56,0
TIKA-705,FALSE,FALSE,Major,3882642,44d22h30m42,0
TIKA-704,TRUE,FALSE,Major,78208,00d21h43m28,0
TIKA-2638,FALSE,FALSE,Major,12589120,145d16h58m40,0
TIKA-460,FALSE,FALSE,Major,3177206,36d18h33m26,0
TIKA-1690,TRUE,FALSE,Major,564644,06d12h50m44,0
TIKA-462,FALSE,FALSE,Major,10253647,118d16h14m07,0
TIKA-463,FALSE,TRUE,Major,3091831,35d18h50m31,0
TIKA-290,FALSE,FALSE,Minor,396575,04d14h09m35,0
TIKA-498,FALSE,FALSE,Major,5033,00d01h23m53,0
TIKA-961,FALSE,FALSE,Major,34057063,394d04h17m43,0
TIKA-963,FALSE,FALSE,Critical,14019605,162d06h20m05,0
TIKA-962,FALSE,FALSE,Critical,14022115,162d07h01m55,0
TIKA-965,FALSE,FALSE,Major,93476,01d01h57m56,0
TIKA-966,FALSE,FALSE,Major,443148,05d03h05m48,0
TIKA-969,FALSE,FALSE,Major,1730,00d00h28m50,0
TIKA-968,FALSE,FALSE,Major,260170,03d00h16m10,0
TIKA-683,TRUE,FALSE,Major,5365230,62d02h20m30,0
TIKA-495,FALSE,FALSE,Major,118618,01d08h56m58,0
TIKA-1788,FALSE,FALSE,Major,62082311,718d13h05m11,0
TIKA-2445,FALSE,FALSE,Major,846,00d00h14m06,0
TIKA-2447,FALSE,FALSE,Critical,12717,00d03h31m57,0
TIKA-2446,TRUE,FALSE,Major,24753665,286d12h01m05,0
TIKA-567,TRUE,FALSE,Major,3885787,44d23h23m07,0
TIKA-2521,FALSE,FALSE,Trivial,98,00d00h01m38,0
TIKA-2527,FALSE,FALSE,Minor,7215488,83d12h18m08,0
TIKA-563,FALSE,FALSE,Major,36282,00d10h04m42,0
TIKA-562,FALSE,FALSE,Major,35467,00d09h51m07,0
TIKA-207,FALSE,FALSE,Minor,78106902,904d00h21m42,0
TIKA-2311,TRUE,FALSE,Major,3052383,35d07h53m03,1
TIKA-208,TRUE,FALSE,Major,428586,04d23h03m06,0
TIKA-209,TRUE,FALSE,Major,19761731,228d17h22m11,0
TIKA-2111,FALSE,FALSE,Trivial,1901126,22d00h05m26,0
TIKA-1042,FALSE,FALSE,Major,609,00d00h10m09,0
TIKA-1044,TRUE,FALSE,Trivial,42283,00d11h44m43,0
TIKA-1233,FALSE,FALSE,Trivial,45993764,532d08h02m44,1
TIKA-1231,FALSE,FALSE,Minor,8362566,96d18h56m06,0
TIKA-196,FALSE,FALSE,Critical,15549,00d04h19m09,0
TIKA-1048,TRUE,FALSE,Major,1514741,17d12h45m41,0
TIKA-1049,FALSE,FALSE,Minor,57107,00d15h51m47,0
TIKA-511,FALSE,FALSE,Major,5270167,60d23h56m07,0
TIKA-515,FALSE,FALSE,Major,3969632,45d22h40m32,0
TIKA-1422,TRUE,FALSE,Major,2898549,33d13h09m09,1
TIKA-2807,FALSE,FALSE,Critical,12398,00d03h26m38,0
TIKA-1937,FALSE,FALSE,Major,958469,11d02h14m29,0
TIKA-1427,TRUE,FALSE,Major,593388,06d20h49m48,1
TIKA-2802,FALSE,FALSE,Critical,3017128,34d22h05m28,0
TIKA-1835,FALSE,TRUE,Major,199888,02d07h31m28,0
TIKA-1782,FALSE,TRUE,Major,79334,00d22h02m14,0
TIKA-1837,TRUE,FALSE,Minor,11001686,127d08h01m26,0
TIKA-193,FALSE,FALSE,Minor,10410729,120d11h52m09,0
TIKA-2742,FALSE,FALSE,Major,81320,00d22h35m20,0
TIKA-2189,FALSE,FALSE,Minor,1585457,18d08h24m17,0
TIKA-109,FALSE,FALSE,Major,2600054,30d02h14m14,0
TIKA-107,TRUE,FALSE,Major,1101611,12d18h00m11,0
TIKA-1305,FALSE,FALSE,Minor,959961,11d02h39m21,0
TIKA-1303,FALSE,FALSE,Minor,1826747,21d03h25m47,0
TIKA-1736,FALSE,FALSE,Minor,1772845,20d12h27m25,0
TIKA-1646,TRUE,TRUE,Major,2219,00d00h36m59,0
TIKA-1169,FALSE,FALSE,Critical,13642,00d03h47m22,0
TIKA-2242,FALSE,FALSE,Major,4523384,52d08h29m44,1
TIKA-21,TRUE,FALSE,Major,414799,04d19h13m19,0
TIKA-2244,FALSE,FALSE,Minor,506609,05d20h43m29,0
TIKA-1421,TRUE,FALSE,Blocker,175904,02d00h51m44,0
TIKA-1945,TRUE,FALSE,Major,36724273,425d01h11m13,0
TIKA-741,TRUE,FALSE,Minor,136671,01d13h57m51,0
TIKA-742,FALSE,FALSE,Major,87189,01d00h13m09,0
TIKA-425,FALSE,FALSE,Minor,638273,07d09h17m53,0
TIKA-426,TRUE,FALSE,Minor,11911106,137d20h38m26,0
TIKA-748,FALSE,FALSE,Major,260810,03d00h26m50,0
TIKA-422,TRUE,FALSE,Major,23095467,267d07h24m27,0
TIKA-1019,FALSE,FALSE,Major,414539,04d19h08m59,1
TIKA-1549,FALSE,FALSE,Major,1882,00d00h31m22,0
TIKA-1548,TRUE,FALSE,Major,120793,01d09h33m13,0
TIKA-1544,FALSE,FALSE,Minor,427411,04d22h43m31,0
TIKA-1011,FALSE,FALSE,Major,78548,00d21h49m08,0
TIKA-1010,TRUE,FALSE,Major,47018849,544d04h47m29,0
TIKA-1015,FALSE,FALSE,Major,89076,01d00h44m36,0
TIKA-1938,FALSE,FALSE,Major,3105493,35d22h38m13,1
TIKA-240,FALSE,FALSE,Minor,2187833,25d07h43m53,0
TIKA-2483,TRUE,FALSE,Major,3676262,42d13h11m02,0
TIKA-2567,FALSE,FALSE,Major,42948,00d11h55m48,0
TIKA-2564,FALSE,FALSE,Major,230827,02d16h07m07,0
TIKA-2561,FALSE,FALSE,Major,139960,01d14h52m40,0
TIKA-633,FALSE,FALSE,Major,67581,00d18h46m21,0
TIKA-632,TRUE,FALSE,Major,15792150,182d18h42m30,0
TIKA-2568,FALSE,FALSE,Minor,2403783,27d19h43m03,0
TIKA-2569,FALSE,FALSE,Major,342615,03d23h10m15,0
TIKA-327,FALSE,FALSE,Minor,5111360,59d03h49m20,0
TIKA-731,FALSE,FALSE,Major,2603,00d00h43m23,0
TIKA-733,FALSE,FALSE,Major,490152,05d16h09m12,0
TIKA-736,TRUE,TRUE,Major,2359886,27d07h31m26,0
TIKA-738,TRUE,FALSE,Major,4698029,54d09h00m29,1
TIKA-739,FALSE,FALSE,Major,153726,01d18h42m06,0
TIKA-329,FALSE,FALSE,Major,832677,09d15h17m57,0
TIKA-958,FALSE,FALSE,Minor,15119651,174d23h54m11,0
TIKA-817,TRUE,FALSE,Major,55989871,648d00h44m31,0
TIKA-816,FALSE,FALSE,Major,9158815,106d00h06m55,0
PDFBOX-2383,FALSE,FALSE,Blocker,11644123,134d18h28m43,0
TIKA-2418,FALSE,FALSE,Major,5199,00d01h26m39,0
TIKA-2410,FALSE,FALSE,Major,50130,00d13h55m30,0
TIKA-886,FALSE,FALSE,Major,238,00d00h03m58,0
TIKA-555,TRUE,FALSE,Minor,718238,08d07h30m38,0
TIKA-556,FALSE,FALSE,Critical,54266,00d15h04m26,0
TIKA-258,TRUE,FALSE,Major,895433,10d08h43m53,0
TIKA-882,FALSE,FALSE,Minor,205,00d00h03m25,0
TIKA-924,FALSE,FALSE,Minor,510600,05d21h50m00,0
TIKA-250,FALSE,FALSE,Minor,3658536,42d08h15m36,0
TIKA-257,TRUE,FALSE,Major,1070596,12d09h23m16,0
TIKA-920,FALSE,FALSE,Major,10265829,118d19h37m09,0
TIKA-923,FALSE,FALSE,Critical,858487,09d22h28m07,0
TIKA-2922,FALSE,FALSE,Minor,38797,00d10h46m37,0
TIKA-2026,TRUE,FALSE,Major,43330,00d12h02m10,0
TIKA-2025,TRUE,FALSE,Major,2135658,24d17h14m18,0
TIKA-1292,TRUE,FALSE,Major,1317703,15d06h01m43,0
TIKA-2144,FALSE,FALSE,Major,150301,01d17h45m01,0
TIKA-1298,FALSE,FALSE,Minor,3651117,42d06h11m57,0
TIKA-793,TRUE,FALSE,Minor,2766387,32d00h26m27,0
TIKA-370,FALSE,FALSE,Major,1953631,22d14h40m31,0
TIKA-586,FALSE,FALSE,Minor,62317,00d17h18m37,0
TIKA-51,FALSE,FALSE,Minor,476,00d00h07m56,0
TIKA-1341,TRUE,FALSE,Critical,18706,00d05h11m46,0
TIKA-585,FALSE,FALSE,Minor,165980,01d22h06m20,0
TIKA-1263,FALSE,FALSE,Minor,54752,00d15h12m32,0
TIKA-2816,FALSE,FALSE,Major,10632,00d02h57m12,0
TIKA-1512,FALSE,FALSE,Major,26424509,305d20h08m29,0
TIKA-1041,TRUE,FALSE,Major,122440,01d10h00m40,0
TIKA-1510,FALSE,TRUE,Major,11581717,134d01h08m37,0
TIKA-1516,FALSE,FALSE,Major,30693722,355d06h02m02,0
TIKA-1905,FALSE,FALSE,Major,409,00d00h06m49,0
TIKA-2325,FALSE,FALSE,Trivial,933,00d00h15m33,0
TIKA-1519,TRUE,FALSE,Trivial,7368263,85d06h44m23,1
TIKA-1900,FALSE,FALSE,Major,2620,00d00h43m40,0
TIKA-2854,FALSE,FALSE,Major,2883452,33d08h57m32,0
TIKA-2735,TRUE,FALSE,Major,3165945,36d15h25m45,0
TIKA-2730,FALSE,FALSE,Major,24204,00d06h43m24,0
TIKA-1869,FALSE,FALSE,Major,8800,00d02h26m40,0
TIKA-1196,FALSE,FALSE,Minor,6407179,74d03h46m19,0
TIKA-1192,FALSE,FALSE,Major,223043,02d13h57m23,0
TIKA-343,FALSE,FALSE,Major,555252,06d10h14m12,0
TIKA-1191,TRUE,FALSE,Major,132041087,1528d06h04m47,0
TIKA-1463,TRUE,FALSE,Major,3457,00d00h57m37,0
PDFBOX-3644,FALSE,FALSE,Major,739,00d00h12m19,0
TIKA-1461,FALSE,FALSE,Major,32898,00d09h08m18,0
TIKA-1638,FALSE,FALSE,Major,623,00d00h10m23,0
TIKA-2211,TRUE,FALSE,Major,255728,02d23h02m08,0
TIKA-2212,FALSE,FALSE,Trivial,8042019,93d01h53m39,0
TIKA-1978,FALSE,FALSE,Critical,492882,05d16h54m42,0
TIKA-2219,FALSE,FALSE,Minor,76454,00d21h14m14,0
TIKA-2601,TRUE,FALSE,Major,35580662,411d19h31m02,1
TIKA-2352,FALSE,FALSE,Trivial,111932,01d07h05m32,0
TIKA-2354,FALSE,FALSE,Blocker,855,00d00h14m15,0
TIKA-282,FALSE,FALSE,Major,15557177,180d01h26m17,0
TIKA-283,FALSE,FALSE,Major,15197,00d04h13m17,0
TIKA-778,FALSE,FALSE,Major,1493671,17d06h54m31,0
TIKA-1990,FALSE,FALSE,Major,267083,03d02h11m23,0
TIKA-672,TRUE,FALSE,Minor,109208987,1263d23h49m47,0
TIKA-777,FALSE,FALSE,Major,23726,00d06h35m26,0
TIKA-771,FALSE,FALSE,Minor,24547600,284d02h46m40,0
TIKA-1999,TRUE,FALSE,Major,90691,01d01h11m31,0
TIKA-312,FALSE,FALSE,Major,8463,00d02h21m03,0
TIKA-1681,TRUE,FALSE,Trivial,33518,00d09h18m38,0
TIKA-475,FALSE,FALSE,Major,208463,02d09h54m23,0
TIKA-1689,TRUE,FALSE,Blocker,683424,07d21h50m24,0
TIKA-1127,FALSE,FALSE,Major,426,00d00h07m06,0
TIKA-1124,TRUE,FALSE,Minor,6651310,76d23h35m10,0
TIKA-915,TRUE,FALSE,Major,7183666,83d03h27m46,1
TIKA-916,FALSE,FALSE,Major,632566,07d07h42m46,0
TIKA-698,TRUE,FALSE,Major,639832,07d09h43m52,0
TIKA-910,FALSE,FALSE,Major,1433302,16d14h08m22,0
TIKA-1166,FALSE,FALSE,Major,611434,07d01h50m34,0
TIKA-913,FALSE,FALSE,Major,253772,02d22h29m32,0
TIKA-693,FALSE,FALSE,Minor,271,00d00h04m31,0
TIKA-692,TRUE,FALSE,Minor,2396746,27d17h45m46,1
TIKA-697,FALSE,FALSE,Trivial,8311397,96d04h43m17,0
TIKA-695,TRUE,FALSE,Minor,12295995,142d07h33m15,0
TIKA-982,FALSE,FALSE,Minor,521426,06d00h50m26,0
TIKA-2456,FALSE,FALSE,Major,987,00d00h16m27,0
TIKA-2454,TRUE,FALSE,Major,9686,00d02h41m26,0
TIKA-594,FALSE,FALSE,Major,2986056,34d13h27m36,0
TIKA-595,FALSE,FALSE,Minor,119049071,1377d21h11m11,0
TIKA-2519,TRUE,FALSE,Blocker,146589,01d16h43m09,0
TIKA-597,TRUE,FALSE,Major,1378428,15d22h53m48,0
TIKA-599,FALSE,FALSE,Major,1536760,17d18h52m40,0
PDFBOX-1130,FALSE,FALSE,Minor,32412957,375d03h35m57,0
TIKA-592,FALSE,FALSE,Major,3933716,45d12h41m56,0
TIKA-2511,FALSE,FALSE,Major,9882,00d02h44m42,0
TIKA-2459,FALSE,FALSE,Major,237431,02d17h57m11,0
TIKA-600,TRUE,FALSE,Minor,1522721,17d14h58m41,0
TIKA-720,FALSE,FALSE,Minor,1036536,11d23h55m36,0
TIKA-606,FALSE,FALSE,Major,787016,09d02h36m56,0
TIKA-607,TRUE,FALSE,Major,1004446,11d15h00m46,0
TIKA-609,TRUE,FALSE,Major,654055,07d13h40m55,0
TIKA-2604,FALSE,FALSE,Blocker,34681,00d09h38m01,0
TIKA-828,TRUE,FALSE,Major,41270,00d11h27m50,0
TIKA-829,FALSE,FALSE,Trivial,232614,02d16h36m54,0
TIKA-2106,FALSE,FALSE,Major,13641,00d03h47m21,0
TIKA-2100,TRUE,FALSE,Major,52549587,608d05h06m27,0
TIKA-2101,FALSE,FALSE,Minor,566,00d00h09m26,0
TIKA-820,TRUE,FALSE,Major,63899148,739d13h45m48,0
TIKA-822,FALSE,FALSE,Major,30066,00d08h21m06,0
TIKA-826,TRUE,FALSE,Major,1040346,12d00h59m06,0
TIKA-827,TRUE,FALSE,Major,16431260,190d04h14m20,0
TIKA-1226,FALSE,FALSE,Major,354444,04d02h27m24,0
TIKA-1221,FALSE,FALSE,Major,9769740,113d01h49m00,0
TIKA-1222,TRUE,FALSE,Major,36633907,424d00h05m07,0
TIKA-1228,TRUE,FALSE,Major,16804,00d04h40m04,0
TIKA-1229,FALSE,FALSE,Minor,41673,00d11h34m33,0
TIKA-1906,FALSE,FALSE,Major,178152,02d01h29m12,0
TIKA-854,FALSE,FALSE,Major,1130,00d00h18m50,0
TIKA-501,FALSE,FALSE,Minor,19437,00d05h23m57,0
TIKA-851,FALSE,FALSE,Major,6207,00d01h43m27,0
TIKA-853,FALSE,FALSE,Major,8984948,103d23h49m08,0
TIKA-2078,FALSE,FALSE,Minor,7879,00d02h11m19,0
TIKA-1416,TRUE,FALSE,Major,16080469,186d02h47m49,0
TIKA-32,FALSE,FALSE,Minor,468782,05d10h13m02,0
TIKA-1413,FALSE,FALSE,Major,54501,00d15h08m21,0
TIKA-1412,FALSE,FALSE,Major,2377,00d00h39m37,0
TIKA-1411,FALSE,FALSE,Major,191095,02d05h04m55,0
TIKA-1410,FALSE,FALSE,Major,187943,02d04h12m23,0
TIKA-1826,FALSE,FALSE,Trivial,330023,03d19h40m23,0
TIKA-1795,FALSE,FALSE,Trivial,103,00d00h01m43,0
TIKA-1791,FALSE,FALSE,Major,502346,05d19h32m26,0
TIKA-1793,FALSE,FALSE,Major,21312,00d05h55m12,0
TIKA-2170,TRUE,FALSE,Major,254682,02d22h44m42,0
TIKA-130,FALSE,FALSE,Minor,1051,00d00h17m31,0
TIKA-2175,FALSE,FALSE,Major,1601080,18d12h44m40,0
TIKA-2174,FALSE,FALSE,Major,25064,00d06h57m44,0
TIKA-2179,TRUE,FALSE,Minor,695850,08d01h17m30,0
PDFBOX-1320,FALSE,FALSE,Major,102217,01d04h23m37,0
TIKA-1092,FALSE,FALSE,Minor,15013402,173d18h23m22,0
TIKA-596,FALSE,FALSE,Blocker,12209,00d03h23m29,0
TIKA-1110,TRUE,FALSE,Major,21452342,248d06h59m02,0
TIKA-1310,TRUE,FALSE,Critical,336828,03d21h33m48,0
TIKA-1058,FALSE,FALSE,Minor,1114,00d00h18m34,0
TIKA-2883,FALSE,FALSE,Major,84222,00d23h23m42,0
TIKA-1317,FALSE,FALSE,Major,5388493,62d08h48m13,0
TIKA-1251,FALSE,FALSE,Critical,12473439,144d08h50m39,0
TIKA-1252,FALSE,FALSE,Major,311125,03d14h25m25,0
TIKA-1255,FALSE,FALSE,Minor,79771820,923d06h50m20,0
TIKA-1257,FALSE,FALSE,Major,192,00d00h03m12,0
TIKA-1971,FALSE,FALSE,Minor,126107,01d11h01m47,0
TIKA-1708,TRUE,FALSE,Major,263407,03d01h10m07,0
TIKA-1170,FALSE,FALSE,Minor,109896,01d06h31m36,1
TIKA-1078,TRUE,FALSE,Major,29624817,342d21h06m57,0
TIKA-1175,FALSE,FALSE,Minor,18942593,219d05h49m53,0
TIKA-1070,FALSE,FALSE,Major,12539827,145d03h17m07,0
TIKA-2250,FALSE,FALSE,Major,2197,00d00h36m37,0
TIKA-1899,FALSE,FALSE,Major,12808,00d03h33m28,0
TIKA-1898,FALSE,FALSE,Minor,1149878,13d07h24m38,0
TIKA-1956,FALSE,FALSE,Major,21168,00d05h52m48,0
TIKA-2310,TRUE,FALSE,Minor,62831803,727d05h16m43,0
TIKA-1489,TRUE,TRUE,Major,8420738,97d11h05m38,0
TIKA-478,FALSE,FALSE,Critical,22347,00d06h12m27,0
TIKA-2836,TRUE,FALSE,Major,522998,06d01h16m38,0
TIKA-439,FALSE,FALSE,Major,115969,01d08h12m49,0
TIKA-1870,TRUE,FALSE,Major,99240,01d03h34m00,0
TIKA-434,TRUE,FALSE,Major,34785358,402d14h35m58,0
TIKA-2089,TRUE,FALSE,Minor,24596337,284d16h18m57,1
TIKA-431,TRUE,FALSE,Major,67323009,779d04h50m09,0
TIKA-1005,FALSE,FALSE,Major,420666,04d20h51m06,0
TIKA-1006,FALSE,FALSE,Minor,20825,00d05h47m05,0
TIKA-1000,FALSE,FALSE,Major,76192827,881d20h40m27,0
TIKA-794,FALSE,FALSE,Major,128,00d00h02m08,0
TIKA-792,FALSE,FALSE,Major,57885505,669d23h18m25,1
TIKA-1024,FALSE,FALSE,Major,436316,05d01h11m56,0
TIKA-2490,FALSE,FALSE,Trivial,23454,00d06h30m54,0
TIKA-2491,FALSE,FALSE,Trivial,18623,00d05h10m23,0
TIKA-2221,TRUE,FALSE,Minor,5128,00d01h25m28,0
TIKA-2759,TRUE,FALSE,Major,366464,04d05h47m44,0
TIKA-2551,TRUE,FALSE,Major,268923,03d02h42m03,0
TIKA-2550,TRUE,FALSE,Trivial,26961349,312d01h15m49,0
TIKA-2555,TRUE,FALSE,Minor,39127126,452d20h38m46,0
TIKA-2691,FALSE,FALSE,Major,537801,06d05h23m21,0
TIKA-319,FALSE,FALSE,Major,68239,00d18h57m19,0
TIKA-649,FALSE,FALSE,Major,44142,00d12h15m42,0
TIKA-644,FALSE,FALSE,Minor,2343,00d00h39m03,0
TIKA-645,TRUE,TRUE,Major,2411907,27d21h58m27,1
TIKA-646,TRUE,FALSE,Major,2018351,23d08h39m11,0
TIKA-647,FALSE,FALSE,Major,684748,07d22h12m28,0
TIKA-2795,TRUE,FALSE,Major,478553,05d12h55m53,0
TIKA-643,TRUE,FALSE,Major,24131257,279d07h07m37,0
TIKA-1678,TRUE,FALSE,Minor,859308,09d22h41m48,0
TIKA-725,TRUE,FALSE,Minor,39375518,455d17h38m38,1
TIKA-724,FALSE,FALSE,Major,2660023,30d18h53m43,0
TIKA-1673,FALSE,FALSE,Trivial,353,00d00h05m53,0
TIKA-483,FALSE,FALSE,Major,66496,00d18h28m16,0
TIKA-480,FALSE,FALSE,Major,1542,00d00h25m42,0
TIKA-481,FALSE,FALSE,Minor,1259,00d00h20m59,0
TIKA-1676,FALSE,FALSE,Major,134,00d00h02m14,0
TIKA-866,TRUE,FALSE,Minor,3907,00d01h05m07,0
TIKA-948,TRUE,FALSE,Minor,3175817,36d18h10m17,0
TIKA-863,TRUE,FALSE,Major,11640711,134d17h31m51,0
TIKA-947,FALSE,TRUE,Major,1153,00d00h19m13,0
TIKA-869,TRUE,FALSE,Major,13400852,155d02h27m32,0
TIKA-945,FALSE,FALSE,Critical,765490,08d20h38m10,0
TIKA-2753,TRUE,FALSE,Critical,14914,00d04h08m34,0
TIKA-2426,FALSE,FALSE,Trivial,11886,00d03h18m06,0
TIKA-897,FALSE,FALSE,Minor,90346534,1045d16h15m34,0
TIKA-543,FALSE,FALSE,Blocker,208801,02d10h00m01,0
TIKA-268,FALSE,FALSE,Critical,387854,04d11h44m14,0
TIKA-266,FALSE,FALSE,Major,60,00d00h01m00,0
TIKA-267,FALSE,FALSE,Critical,1027809,11d21h30m09,0
TIKA-265,FALSE,FALSE,Major,1595,00d00h26m35,0
TIKA-262,FALSE,FALSE,Major,35108,00d09h45m08,0
TIKA-263,FALSE,FALSE,Minor,27817,00d07h43m37,0
TIKA-260,FALSE,FALSE,Blocker,483,00d00h08m03,0
TIKA-548,FALSE,FALSE,Major,599635,06d22h33m55,0
TIKA-2034,FALSE,FALSE,Blocker,42083912,487d01h58m32,0
TIKA-2037,TRUE,FALSE,Minor,5940,00d01h39m00,0
TIKA-2030,FALSE,FALSE,Minor,120429,01d09h27m09,0
TIKA-2134,FALSE,FALSE,Major,7337568,84d22h12m48,0
TIKA-2130,TRUE,FALSE,Major,88002,01d00h26m42,0
TIKA-2133,FALSE,FALSE,Major,95212,01d02h26m52,0
PDFBOX-2122,FALSE,TRUE,Trivial,255055,02d22h50m55,0
TIKA-2761,TRUE,FALSE,Minor,325795,03d18h29m55,0
TIKA-1354,TRUE,FALSE,Major,23859223,276d03h33m43,0
TIKA-1350,FALSE,FALSE,Major,376199,04d08h29m59,0
TIKA-1218,FALSE,FALSE,Blocker,28181871,326d04h17m51,0
TIKA-1353,TRUE,FALSE,Major,73868,00d20h31m08,0
TIKA-311,FALSE,FALSE,Minor,2346,00d00h39m06,0
TIKA-179,TRUE,FALSE,Major,97374,01d03h02m54,0
TIKA-2683,TRUE,FALSE,Major,1368669,15d20h11m09,0
TIKA-2681,FALSE,FALSE,Major,21069,00d05h51m09,0
TIKA-1524,FALSE,FALSE,Major,16332130,189d00h42m10,0
TIKA-1031,FALSE,FALSE,Major,447950,05d04h25m50,0
TIKA-1032,FALSE,FALSE,Major,427522,04d22h45m22,0
TIKA-1916,FALSE,FALSE,Trivial,378558,04d09h09m18,0
TIKA-2721,FALSE,FALSE,Minor,6996,00d01h56m36,0
TIKA-1914,TRUE,FALSE,Trivial,405651,04d16h40m51,0
TIKA-2688,FALSE,FALSE,Major,680595,07d21h03m15,0
TIKA-1038,FALSE,FALSE,Major,70811071,819d13h44m31,0
TIKA-1529,TRUE,FALSE,Minor,19268,00d05h21m08,0
TIKA-2727,TRUE,FALSE,Blocker,2009891,23d06h18m11,1
TIKA-2041,TRUE,FALSE,Major,1444375,16d17h12m55,1
TIKA-1856,FALSE,FALSE,Major,146822,01d16h47m02,0
TIKA-2042,FALSE,FALSE,Major,18258,00d05h04m18,0
TIKA-2047,TRUE,FALSE,Minor,4102402,47d11h33m22,0
TIKA-2048,FALSE,FALSE,Trivial,510,00d00h08m30,0
TIKA-163,FALSE,FALSE,Major,11224,00d03h07m04,0
TIKA-44,FALSE,FALSE,Trivial,482,00d00h08m02,0
TIKA-2450,TRUE,FALSE,Minor,18870,00d05h14m30,0
TIKA-1128,FALSE,FALSE,Trivial,100259,01d03h50m59,0
TIKA-1758,FALSE,TRUE,Major,10587,00d02h56m27,0
TIKA-1450,FALSE,FALSE,Minor,13591,00d03h46m31,0
TIKA-1750,TRUE,FALSE,Minor,18031,00d05h00m31,0
TIKA-1459,TRUE,FALSE,Trivial,304,00d00h05m04,0
TIKA-1757,FALSE,FALSE,Major,11509,00d03h11m49,0
TIKA-1620,FALSE,FALSE,Major,538979,06d05h42m59,0
TIKA-1621,FALSE,FALSE,Major,454,00d00h07m34,0
TIKA-1622,TRUE,FALSE,Major,3061,00d00h51m01,0
TIKA-1623,TRUE,FALSE,Major,169268,01d23h01m08,0
TIKA-1629,FALSE,FALSE,Major,14222,00d03h57m02,0
TIKA-1145,TRUE,FALSE,Major,586027,06d18h47m07,0
TIKA-1147,TRUE,FALSE,Critical,5855,00d01h37m35,0
TIKA-1146,TRUE,FALSE,Major,701663,08d02h54m23,0
TIKA-2594,FALSE,FALSE,Major,562673,06d12h17m53,0
TIKA-2591,TRUE,FALSE,Major,713329,08d06h08m49,0
TIKA-2590,FALSE,FALSE,Critical,721317,08d08h21m57,0
TIKA-297,FALSE,FALSE,Minor,56202,00d15h36m42,0
TIKA-2510,FALSE,FALSE,Minor,78080,00d21h41m20,1
TIKA-2269,FALSE,FALSE,Major,88652,01d00h37m32,0
TIKA-2347,FALSE,FALSE,Major,18092930,209d09h48m50,0
TIKA-2599,FALSE,FALSE,Minor,20457652,236d18h40m52,0
TIKA-2345,TRUE,FALSE,Major,3032,00d00h50m32,0
TIKA-217,FALSE,FALSE,Minor,3656002,42d07h33m22,0
TIKA-2356,FALSE,FALSE,Major,467,00d00h07m47,0
TIKA-1584,FALSE,FALSE,Blocker,171586,01d23h39m46,0
TIKA-760,FALSE,FALSE,Major,8210656,95d00h44m16,0
TIKA-444,FALSE,FALSE,Trivial,7305,00d02h01m45,0
TIKA-197,FALSE,FALSE,Major,306984,03d13h16m24,0
TIKA-190,FALSE,FALSE,Major,216815,02d12h13m35,0
TIKA-441,FALSE,FALSE,Minor,87347,01d00h15m47,0
TIKA-2290,TRUE,FALSE,Major,102343,01d04h25m43,0
TIKA-1135,FALSE,FALSE,Minor,83,00d00h01m23,0
TIKA-1137,FALSE,FALSE,Major,54785993,634d02h19m53,0
TIKA-1130,TRUE,FALSE,Critical,3006889,34d19h14m49,1
TIKA-2295,TRUE,FALSE,Minor,7418,00d02h03m38,0
TIKA-448,FALSE,FALSE,Major,40145397,464d15h29m57,0
TIKA-1441,FALSE,FALSE,Major,124236,01d10h30m36,0
TIKA-903,FALSE,FALSE,Major,89725625,1038d11h47m05,0
TIKA-211,FALSE,FALSE,Major,77893,00d21h38m13,0
TIKA-900,FALSE,FALSE,Minor,5873160,67d23h26m00,0
TIKA-210,FALSE,FALSE,Major,86536,01d00h02m16,0
TIKA-1117,FALSE,FALSE,Minor,58955764,682d08h36m04,0
TIKA-2469,TRUE,FALSE,Minor,1968830,22d18h53m50,0
TIKA-2464,FALSE,FALSE,Minor,125121,01d10h45m21,0
TIKA-2669,TRUE,FALSE,Major,1556481,18d00h21m21,0
TIKA-581,FALSE,FALSE,Major,23883042,276d10h10m42,0
TIKA-587,TRUE,FALSE,Major,73628,00d20h27m08,0
TIKA-999,TRUE,FALSE,Major,14388,00d03h59m48,0
TIKA-2506,FALSE,FALSE,Major,116,00d00h01m56,0
TIKA-2509,FALSE,FALSE,Major,4219508,48d20h05m08,0
TIKA-588,FALSE,FALSE,Major,611689,07d01h54m49,0
TIKA-990,FALSE,FALSE,Major,8734887,101d02h21m27,0
TIKA-227,FALSE,FALSE,Major,516,00d00h08m36,0
TIKA-992,FALSE,FALSE,Minor,21746018,251d16h33m38,0
TIKA-225,TRUE,FALSE,Major,451362,05d05h22m42,0
TIKA-611,FALSE,FALSE,Major,157180,01d19h39m40,0
TIKA-346,FALSE,FALSE,Major,45581798,527d13h36m38,0
TIKA-619,FALSE,FALSE,Minor,4184267,48d10h17m47,0
TIKA-618,FALSE,FALSE,Major,26672,00d07h24m32,0
TIKA-2588,FALSE,TRUE,Major,188764,02d04h26m04,0
TIKA-839,FALSE,FALSE,Major,1157100,13d09h25m00,0
TIKA-831,TRUE,FALSE,Blocker,311859,03d14h37m39,0
TIKA-830,TRUE,FALSE,Blocker,12564320,145d10h05m20,0
TIKA-394,FALSE,FALSE,Major,18579956,215d01h05m56,0
TIKA-326,TRUE,FALSE,Minor,361,00d00h06m01,0
TIKA-214,FALSE,FALSE,Major,41530582,480d16h16m22,0
TIKA-1152,FALSE,FALSE,Critical,13528988,156d14h03m08,0
TIKA-324,FALSE,FALSE,Critical,1027152,11d21h19m12,0
TIKA-534,FALSE,FALSE,Major,13025275,150d18h07m55,0
TIKA-533,TRUE,FALSE,Major,9989091,115d14h44m51,0
TIKA-709,TRUE,FALSE,Major,28488612,329d17h30m12,1
TIKA-1816,TRUE,FALSE,Major,6272353,72d14h19m13,1
TIKA-1815,TRUE,FALSE,Major,44829936,518d20h45m36,0
TIKA-663,FALSE,FALSE,Major,119513745,1383d06h15m45,0
TIKA-1156,FALSE,FALSE,Major,251853,02d21h57m33,0
PDFBOX-1803,FALSE,TRUE,Minor,26390155,305d10h35m55,0
TIKA-121,TRUE,FALSE,Major,44814749,518d16h32m29,0
TIKA-2169,TRUE,FALSE,Major,1825197,21d02h59m57,0
TIKA-1086,FALSE,FALSE,Major,30602885,354d04h48m05,0
TIKA-1369,FALSE,FALSE,Critical,6949144,80d10h19m04,0
TIKA-1081,FALSE,FALSE,Trivial,14785,00d04h06m25,0
TIKA-2898,FALSE,FALSE,Major,30856,00d08h34m16,0
TIKA-2899,TRUE,FALSE,Critical,1335820,15d11h03m40,1
TIKA-1365,FALSE,FALSE,Major,21672776,250d20h12m56,0
TIKA-2895,FALSE,FALSE,Minor,986488,11d10h01m28,0
TIKA-1363,TRUE,FALSE,Major,646349,07d11h32m29,0
TIKA-1362,TRUE,FALSE,Major,79009,00d21h56m49,0
TIKA-1716,TRUE,FALSE,Major,852252,09d20h44m12,0
TIKA-1711,FALSE,FALSE,Minor,374831,04d08h07m11,0
TIKA-1712,FALSE,TRUE,Major,37201,00d10h20m01,0
TIKA-1248,FALSE,FALSE,Minor,33341,00d09h15m41,0
