BugID, #isArch, #isInduce, #Priority, #TimeSec, #Time, #Reopen
OPENEJB-1053,FALSE,FALSE,Major,17130295,198d06h24m55,0
OPENEJB-2044,TRUE,FALSE,Critical,140,00d00h02m20,0
OPENEJB-2046,TRUE,FALSE,Critical,24837,00d06h53m57,0
OPENEJB-2047,FALSE,FALSE,Major,47,00d00h00m47,0
OPENEJB-2042,TRUE,FALSE,Major,3717688,43d00h41m28,0
OPENEJB-557,TRUE,FALSE,Major,230006,02d15h53m26,1
OPENEJB-852,FALSE,FALSE,Minor,154,00d00h02m34,0
OPENEJB-555,FALSE,FALSE,Blocker,9175797,106d04h49m57,0
OPENEJB-683,FALSE,FALSE,Major,74978,00d20h49m38,0
TOMEE-1546,FALSE,FALSE,Major,27,00d00h00m27,0
TOMEE-1545,FALSE,FALSE,Minor,40345902,466d23h11m42,0
TOMEE-1234,TRUE,FALSE,Major,36,00d00h00m36,0
TOMEE-1628,FALSE,FALSE,Major,26230744,303d14h19m04,0
OPENEJB-1127,FALSE,FALSE,Major,1827366,21d03h36m06,0
TOMEE-1626,TRUE,FALSE,Major,96215,01d02h43m35,1
OPENEJB-553,TRUE,FALSE,Major,163,00d00h02m43,0
TOMEE-1622,FALSE,FALSE,Major,28270584,327d04h56m24,0
TOMEE-1623,TRUE,FALSE,Major,92,00d00h01m32,0
TOMEE-1549,FALSE,FALSE,Major,1212,00d00h20m12,0
TOMEE-1621,TRUE,FALSE,Major,23,00d00h00m23,0
OPENEJB-2038,FALSE,FALSE,Major,601,00d00h10m01,0
OPENEJB-766,FALSE,FALSE,Critical,10486,00d02h54m46,0
OPENEJB-767,TRUE,FALSE,Blocker,97331,01d03h02m11,0
OPENEJB-761,FALSE,FALSE,Major,545106,06d07h25m06,0
TOMEE-2448,FALSE,FALSE,Minor,198173,02d07h02m53,0
TOMEE-2330,TRUE,FALSE,Major,489373,05d15h56m13,0
OPENEJB-2033,FALSE,FALSE,Major,31521,00d08h45m21,0
OPENEJB-2032,FALSE,FALSE,Major,13070,00d03h37m50,0
OPENEJB-1048,FALSE,FALSE,Major,5784099,66d22h41m39,0
TOMEE-907,FALSE,FALSE,Minor,250541,02d21h35m41,0
TOMEE-906,TRUE,FALSE,Major,70,00d00h01m10,0
OPENEJB-1602,TRUE,FALSE,Major,34251286,396d10h14m46,0
TOMEE-646,FALSE,FALSE,Blocker,184234,02d03h10m34,1
TOMEE-647,TRUE,FALSE,Major,144692,01d16h11m32,1
TOMEE-645,TRUE,FALSE,Major,6590091,76d06h34m51,1
TOMEE-909,TRUE,FALSE,Major,27,00d00h00m27,0
TOMEE-908,FALSE,FALSE,Major,407,00d00h06m47,0
TOMEE-166,TRUE,FALSE,Major,423790,04d21h43m10,0
OPENEJB-1809,TRUE,FALSE,Major,3298474,38d04h14m34,0
OPENEJB-1322,TRUE,FALSE,Major,32045385,370d21h29m45,0
OPENEJB-1044,TRUE,FALSE,Major,9737818,112d16h56m58,0
TOMEE-894,FALSE,FALSE,Major,15,00d00h00m15,0
OPENEJB-1323,FALSE,FALSE,Major,322589,03d17h36m29,0
OPENEJB-1938,FALSE,FALSE,Major,62,00d00h01m02,0
TOMEE-1438,FALSE,FALSE,Major,59,00d00h00m59,0
TOMEE-1433,FALSE,FALSE,Minor,253,00d00h04m13,0
OPENEJB-1930,FALSE,FALSE,Major,448,00d00h07m28,0
TOMEE-1431,TRUE,FALSE,Major,29,00d00h00m29,0
OPENEJB-1934,TRUE,FALSE,Major,681,00d00h11m21,0
TOMEE-1435,FALSE,FALSE,Major,50,00d00h00m50,0
TOMEE-1933,FALSE,FALSE,Major,602477,06d23h21m17,1
TOMEE-1820,FALSE,FALSE,Major,37028,00d10h17m08,0
TOMEE-1124,TRUE,FALSE,Major,79,00d00h01m19,0
TOMEE-1822,FALSE,FALSE,Major,216,00d00h03m36,0
OPENEJB-1118,TRUE,FALSE,Major,2006754,23d05h25m54,0
OPENEJB-1834,FALSE,FALSE,Major,31,00d00h00m31,0
TOMEE-1839,FALSE,FALSE,Major,48,00d00h00m48,0
TOMEE-1534,FALSE,FALSE,Major,105,00d00h01m45,0
TOMEE-1535,FALSE,FALSE,Major,87910,01d00h25m10,0
TOMEE-1828,TRUE,FALSE,Major,28633,00d07h57m13,0
TOMEE-1829,FALSE,FALSE,Major,383,00d00h06m23,0
TOMEE-1941,FALSE,FALSE,Major,47,00d00h00m47,0
TOMEE-1940,FALSE,FALSE,Major,50,00d00h00m50,0
TOMEE-1946,FALSE,FALSE,Major,12358,00d03h25m58,0
OPENEJB-1315,FALSE,FALSE,Major,392485,04d13h01m25,0
TOMEE-349,TRUE,FALSE,Major,99,00d00h01m39,0
OPENEJB-1309,FALSE,FALSE,Major,5870762,67d22h46m02,0
TOMEE-667,FALSE,FALSE,Major,5862459,67d20h27m39,1
OPENEJB-1314,TRUE,FALSE,Major,66325,00d18h25m25,0
OPENEJB-1300,FALSE,FALSE,Major,10804743,125d01h19m03,0
TOMEE-345,TRUE,FALSE,Major,6015912,69d15h05m12,1
OPENEJB-1305,TRUE,FALSE,Major,1809641,20d22h40m41,0
OPENEJB-1733,FALSE,FALSE,Major,20,00d00h00m20,0
OPENEJB-1061,FALSE,FALSE,Major,2545088,29d10h58m08,0
OPENEJB-1730,TRUE,FALSE,Major,2809491,32d12h24m51,0
TOMEE-267,FALSE,FALSE,Trivial,518656,06d00h04m16,0
OPENEJB-1311,TRUE,FALSE,Major,88,00d00h01m28,0
TOMEE-685,TRUE,FALSE,Major,45847430,530d15h23m50,0
TOMEE-2063,FALSE,FALSE,Major,378,00d00h06m18,0
TOMEE-29,FALSE,FALSE,Major,653,00d00h10m53,0
OPENEJB-1313,FALSE,FALSE,Major,76095,00d21h08m15,0
TOMEE-2073,TRUE,FALSE,Major,1575864,18d05h44m24,0
TOMEE-27,FALSE,FALSE,Major,27752,00d07h42m32,0
OPENEJB-1709,TRUE,FALSE,Blocker,198984,02d07h16m24,0
TOMEE-2020,TRUE,FALSE,Major,549,00d00h09m09,0
TOMEE-1059,TRUE,FALSE,Major,3292,00d00h54m52,0
TOMEE-1904,FALSE,FALSE,Major,25,00d00h00m25,0
TOMEE-1751,FALSE,FALSE,Major,122,00d00h02m02,0
OPENEJB-1012,TRUE,FALSE,Major,169,00d00h02m49,0
TOMEE-1053,TRUE,FALSE,Major,41,00d00h00m41,0
TOMEE-1055,FALSE,FALSE,Major,37,00d00h00m37,0
TOMEE-1054,TRUE,FALSE,Major,518,00d00h08m38,0
TOMEE-1057,TRUE,FALSE,Major,765468,08d20h37m48,0
TOMEE-1759,TRUE,FALSE,Major,66,00d00h01m06,0
OPENEJB-702,TRUE,FALSE,Major,14167393,163d23h23m13,0
TOMEE-78,FALSE,FALSE,Major,193703,02d05h48m23,0
TOMEE-885,FALSE,FALSE,Major,131,00d00h02m11,0
TOMEE-886,FALSE,FALSE,Major,44,00d00h00m44,0
OPENEJB-1540,TRUE,FALSE,Major,341444,03d22h50m44,0
OPENEJB-1541,TRUE,FALSE,Major,341549,03d22h52m29,0
OPENEJB-1543,FALSE,FALSE,Major,84160,00d23h22m40,0
TOMEE-585,FALSE,FALSE,Major,2116944,24d12h02m24,0
OPENEJB-1545,FALSE,FALSE,Major,82715,00d22h58m35,0
OPENEJB-1546,FALSE,FALSE,Major,82707,00d22h58m27,0
TOMEE-586,FALSE,FALSE,Major,2116698,24d11h58m18,0
TOMEE-589,FALSE,FALSE,Major,2116252,24d11h50m52,0
TOMEE-588,FALSE,FALSE,Major,2116346,24d11h52m26,0
OPENEJB-1425,FALSE,FALSE,Major,2596,00d00h43m16,0
OPENEJB-1423,FALSE,FALSE,Major,5531,00d01h32m11,0
OPENEJB-1422,FALSE,FALSE,Major,5292,00d01h28m12,0
TOMEE-466,FALSE,FALSE,Major,72719,00d20h11m59,0
OWB-970,FALSE,FALSE,Major,390,00d00h06m30,0
TOMEE-461,TRUE,FALSE,Major,82,00d00h01m22,0
TOMEE-747,TRUE,FALSE,Major,48,00d00h00m48,0
TOMEE-744,TRUE,FALSE,Major,3117661,36d02h01m01,1
TOMEE-743,FALSE,FALSE,Major,3242340,37d12h39m00,1
TOMEE-469,FALSE,FALSE,Major,90,00d00h01m30,0
TOMEE-2151,TRUE,FALSE,Major,1557,00d00h25m57,0
TOMEE-2099,TRUE,FALSE,Major,8060,00d02h14m20,0
TOMEE-2154,TRUE,FALSE,Major,3897,00d01h04m57,0
TOMEE-389,FALSE,FALSE,Major,34,00d00h00m34,0
OPENEJB-865,TRUE,FALSE,Major,1751,00d00h29m11,0
OPENEJB-861,FALSE,FALSE,Major,420,00d00h07m00,0
OPENEJB-860,TRUE,FALSE,Minor,107,00d00h01m47,0
OPENEJB-2004,FALSE,FALSE,Major,62985,00d17h29m45,0
OPENEJB-2006,TRUE,FALSE,Minor,2364,00d00h39m24,0
TOMEE-888,TRUE,FALSE,Major,13,00d00h00m13,0
TOMEE-889,FALSE,FALSE,Major,228,00d00h03m48,0
OPENEJB-1882,TRUE,FALSE,Major,4337850,50d04h57m30,1
OPENEJB-1884,TRUE,FALSE,Major,21349,00d05h55m49,0
TOMEE-1382,FALSE,FALSE,Major,243,00d00h04m03,0
OPENEJB-1886,TRUE,FALSE,Major,36,00d00h00m36,0
TOMEE-1275,FALSE,FALSE,Major,29,00d00h00m29,0
TOMEE-383,FALSE,FALSE,Major,106,00d00h01m46,0
OPENEJB-409,TRUE,FALSE,Major,310677,03d14h17m57,0
TOMEE-1179,TRUE,FALSE,Major,265,00d00h04m25,0
OPENEJB-765,TRUE,FALSE,Critical,38463,00d10h41m03,0
TOMEE-1379,TRUE,FALSE,Major,92946,01d01h49m06,0
TOMEE-515,FALSE,FALSE,Major,136357,01d13h52m37,0
TOMEE-952,FALSE,FALSE,Major,35,00d00h00m35,0
TOMEE-953,TRUE,FALSE,Major,29018769,335d20h46m09,0
TOMEE-1972,FALSE,FALSE,Major,40,00d00h00m40,0
TOMEE-1970,TRUE,FALSE,Major,18027,00d05h00m27,0
TOMEE-2509,FALSE,FALSE,Major,12831007,148d12h10m07,1
TOMEE-1219,FALSE,FALSE,Major,31,00d00h00m31,0
TOMEE-1975,FALSE,FALSE,Major,30,00d00h00m30,0
TOMEE-956,FALSE,FALSE,Major,43,00d00h00m43,0
OPENEJB-1082,TRUE,FALSE,Major,345959,04d00h05m59,0
TOMEE-1343,TRUE,FALSE,Minor,1077313,12d11h15m13,1
TOMEE-1342,TRUE,FALSE,Minor,1077462,12d11h17m42,1
TOMEE-954,TRUE,FALSE,Major,29,00d00h00m29,0
TOMEE-1088,FALSE,FALSE,Major,47,00d00h00m47,0
OPENEJB-444,FALSE,FALSE,Major,92607,01d01h43m27,0
TOMEE-1086,FALSE,FALSE,Major,34,00d00h00m34,0
TOMEE-1084,FALSE,FALSE,Major,30,00d00h00m30,0
TOMEE-1085,FALSE,FALSE,Major,57,00d00h00m57,0
TOMEE-1082,FALSE,FALSE,Major,1239,00d00h20m39,0
TOMEE-1083,FALSE,FALSE,Major,32,00d00h00m32,0
TOMEE-1477,TRUE,FALSE,Minor,63924,00d17h45m24,0
OPENEJB-1335,FALSE,FALSE,Major,5403,00d01h30m03,0
TOMEE-1576,FALSE,FALSE,Major,1256,00d00h20m56,0
TOMEE-1577,FALSE,FALSE,Major,2054,00d00h34m14,0
TOMEE-1570,FALSE,FALSE,Major,32,00d00h00m32,0
TOMEE-1571,TRUE,FALSE,Major,134315,01d13h18m35,0
TOMEE-1907,FALSE,FALSE,Major,207,00d00h03m27,0
OPENEJB-1017,TRUE,FALSE,Minor,671,00d00h11m11,0
TOMEE-1672,FALSE,FALSE,Major,54,00d00h00m54,0
TOMEE-1903,TRUE,FALSE,Major,201,00d00h03m21,0
TOMEE-1902,FALSE,FALSE,Major,518,00d00h08m38,0
TOMEE-1901,TRUE,FALSE,Major,6052,00d01h40m52,0
TOMEE-1900,TRUE,FALSE,Major,23,00d00h00m23,0
OPENEJB-715,FALSE,FALSE,Major,53818,00d14h56m58,0
OPENEJB-714,FALSE,FALSE,Major,4916703,56d21h45m03,0
OPENEJB-717,FALSE,FALSE,Major,6902883,79d21h28m03,0
OPENEJB-716,FALSE,FALSE,Major,1757917,20d08h18m37,0
OPENEJB-710,TRUE,FALSE,Major,2987,00d00h49m47,0
TOMEE-1909,TRUE,FALSE,Major,594,00d00h09m54,0
OWB-743,FALSE,FALSE,Major,34932,00d09h42m12,0
TOMEE-380,FALSE,FALSE,Major,2932926,33d22h42m06,1
TOMEE-1491,TRUE,FALSE,Major,607,00d00h10m07,0
TOMEE-1490,TRUE,FALSE,Major,44572,00d12h22m52,0
TOMEE-951,FALSE,FALSE,Major,72,00d00h01m12,0
TOMEE-1495,FALSE,FALSE,Major,10949,00d03h02m29,0
TOMEE-221,FALSE,FALSE,Major,2751441,31d20h17m21,0
TOMEE-1497,TRUE,FALSE,Minor,2063,00d00h34m23,0
TOMEE-388,FALSE,FALSE,Major,1235,00d00h20m35,0
TOMEE-1786,TRUE,FALSE,Major,41,00d00h00m41,0
OPENEJB-1604,TRUE,FALSE,Major,4329252,50d02h34m12,0
OPENEJB-303,FALSE,FALSE,Major,756,00d00h12m36,0
TOMEE-1881,TRUE,FALSE,Major,67,00d00h01m07,0
TOMEE-105,FALSE,FALSE,Major,30630,00d08h30m30,0
TOMEE-1888,FALSE,FALSE,Major,48,00d00h00m48,0
TOMEE-2366,TRUE,FALSE,Minor,214,00d00h03m34,0
TOMEE-1791,FALSE,FALSE,Major,190,00d00h03m10,0
TOMEE-1796,FALSE,FALSE,Major,710,00d00h11m50,0
TOMEE-840,TRUE,FALSE,Major,2594252,30d00h37m32,1
TOMEE-1799,TRUE,FALSE,Blocker,169186,01d22h59m46,0
TOMEE-1014,TRUE,FALSE,Major,195,00d00h03m15,0
TOMEE-1879,FALSE,FALSE,Major,497,00d00h08m17,0
TOMEE-1878,FALSE,FALSE,Major,92,00d00h01m32,0
TOMEE-1011,TRUE,FALSE,Major,33,00d00h00m33,0
TOMEE-1407,FALSE,FALSE,Major,2105,00d00h35m05,0
TOMEE-1013,TRUE,FALSE,Major,263258,03d01h07m38,0
TOMEE-1012,TRUE,FALSE,Major,56,00d00h00m56,0
OPENEJB-1642,FALSE,FALSE,Major,487682,05d15h28m02,0
TOMEE-1408,FALSE,FALSE,Major,1036211,11d23h50m11,1
TOMEE-1157,FALSE,FALSE,Major,42,00d00h00m42,0
TOMEE-1019,TRUE,FALSE,Major,86,00d00h01m26,0
OPENEJB-1862,FALSE,FALSE,Major,114,00d00h01m54,0
TOMEE-1875,TRUE,FALSE,Major,97,00d00h01m37,0
TOMEE-1069,FALSE,FALSE,Major,197,00d00h03m17,0
OPENEJB-832,TRUE,FALSE,Major,290810,03d08h46m50,0
OPENEJB-833,TRUE,FALSE,Major,115201,01d08h00m01,0
OPENEJB-1580,FALSE,FALSE,Major,681,00d00h11m21,0
OPENEJB-835,TRUE,FALSE,Minor,107,00d00h01m47,0
TOMEE-643,FALSE,FALSE,Major,364598,04d05h16m38,1
TOMEE-258,TRUE,FALSE,Major,874331,10d02h52m11,0
TOMEE-709,FALSE,FALSE,Major,102,00d00h01m42,0
TOMEE-703,FALSE,FALSE,Major,52,00d00h00m52,0
OPENEJB-578,FALSE,FALSE,Major,379877,04d09h31m17,0
TOMEE-1045,TRUE,FALSE,Major,583,00d00h09m43,0
OPENEJB-1388,FALSE,FALSE,Major,1255,00d00h20m55,0
OPENEJB-1745,FALSE,FALSE,Major,30762,00d08h32m42,0
OPENEJB-1446,FALSE,FALSE,Major,38609,00d10h43m29,0
TOMEE-2055,TRUE,FALSE,Major,2483,00d00h41m23,0
OPENEJB-1879,FALSE,FALSE,Major,14707,00d04h05m07,0
TOMEE-2057,TRUE,FALSE,Major,279406,03d05h36m46,0
TOMEE-2050,TRUE,FALSE,Major,3052,00d00h50m52,0
TOMEE-2051,FALSE,FALSE,Major,1295,00d00h21m35,0
OPENEJB-1348,TRUE,FALSE,Major,170872,01d23h27m52,0
TOMEE-2053,TRUE,FALSE,Major,1098235,12d17h03m55,0
TOMEE-1703,TRUE,FALSE,Major,120,00d00h02m00,0
TOMEE-1702,TRUE,FALSE,Major,190,00d00h03m10,0
TOMEE-1704,TRUE,FALSE,Major,232,00d00h03m52,0
OPENEJB-1340,TRUE,FALSE,Major,124527,01d10h35m27,0
TOMEE-1706,FALSE,FALSE,Major,9191,00d02h33m11,0
OPENEJB-1109,FALSE,FALSE,Major,11107,00d03h05m07,0
OPENEJB-1349,FALSE,FALSE,Major,81423,00d22h37m03,0
TOMEE-1330,FALSE,FALSE,Major,2666062,30d20h34m22,1
TOMEE-1333,FALSE,FALSE,Major,12525,00d03h28m45,0
TOMEE-1334,FALSE,FALSE,Major,2470219,28d14h10m19,1
TOMEE-1335,FALSE,FALSE,Major,2451728,28d09h02m08,1
OPENEJB-1518,TRUE,FALSE,Major,1278471,14d19h07m51,0
TOMEE-2087,FALSE,FALSE,Critical,1192602,13d19h16m42,0
OPENEJB-1516,TRUE,FALSE,Major,1279322,14d19h22m02,0
OPENEJB-1515,TRUE,FALSE,Major,1961115,22d16h45m15,0
TOMEE-2239,FALSE,FALSE,Major,7297922,84d11h12m02,0
TOMEE-833,TRUE,FALSE,Major,24,00d00h00m24,0
TOMEE-419,FALSE,FALSE,Major,232046,02d16h27m26,1
TOMEE-2233,TRUE,FALSE,Major,637304,07d09h01m44,0
TOMEE-1400,FALSE,FALSE,Minor,43700,00d12h08m20,0
TOMEE-410,FALSE,FALSE,Major,828,00d00h13m48,0
TOMEE-1016,FALSE,FALSE,Major,38,00d00h00m38,0
TOMEE-968,TRUE,FALSE,Major,55,00d00h00m55,0
TOMEE-1406,FALSE,FALSE,Major,442,00d00h07m22,0
TOMEE-1010,FALSE,FALSE,Major,73,00d00h01m13,0
TOMEE-115,FALSE,FALSE,Major,13349,00d03h42m29,0
TOMEE-839,TRUE,FALSE,Major,103306026,1195d16h07m06,0
OPENEJB-2055,FALSE,FALSE,Major,43,00d00h00m43,0
TOMEE-2422,FALSE,FALSE,Minor,58340,00d16h12m20,0
TOMEE-838,FALSE,FALSE,Major,25,00d00h00m25,0
OPENEJB-259,FALSE,FALSE,Major,9714315,112d10h25m15,0
TOMEE-111,TRUE,FALSE,Major,27017,00d07h30m17,0
TOMEE-1871,FALSE,FALSE,Major,78,00d00h01m18,0
TOMEE-1205,FALSE,FALSE,Blocker,1619765,18d17h56m05,0
TOMEE-1207,FALSE,FALSE,Major,225,00d00h03m45,0
TOMEE-1200,TRUE,FALSE,Major,1760,00d00h29m20,0
TOMEE-1638,FALSE,FALSE,Minor,12025305,139d04h21m45,0
TOMEE-1203,FALSE,FALSE,Major,62,00d00h01m02,0
OPENEJB-750,FALSE,FALSE,Major,3026871,35d00h47m51,0
TOMEE-664,TRUE,FALSE,Major,5945832,68d19h37m12,1
TOMEE-1631,TRUE,FALSE,Major,56,00d00h00m56,0
OPENEJB-757,FALSE,FALSE,Major,563284,06d12h28m04,0
TOMEE-1632,TRUE,FALSE,Major,1168,00d00h19m28,0
OPENEJB-1282,FALSE,FALSE,Critical,104519,01d05h01m59,0
OPENEJB-593,FALSE,FALSE,Major,2348,00d00h39m08,0
OPENEJB-590,FALSE,FALSE,Major,1994497,23d02h01m37,0
OPENEJB-595,FALSE,FALSE,Major,1179779,13d15h42m59,0
TOMEE-916,FALSE,FALSE,Major,22,00d00h00m22,0
TOMEE-917,FALSE,FALSE,Major,22,00d00h00m22,0
TOMEE-1841,FALSE,FALSE,Major,214,00d00h03m34,0
TOMEE-677,FALSE,FALSE,Major,115,00d00h01m55,0
TOMEE-1599,FALSE,FALSE,Major,46,00d00h00m46,0
TOMEE-1844,TRUE,FALSE,Major,1965,00d00h32m45,0
TOMEE-1845,TRUE,FALSE,Major,74,00d00h01m14,0
TOMEE-1594,TRUE,FALSE,Major,86,00d00h01m26,0
TOMEE-1596,FALSE,FALSE,Major,214,00d00h03m34,0
TOMEE-1590,FALSE,FALSE,Major,690,00d00h11m30,0
TOMEE-918,TRUE,FALSE,Major,146,00d00h02m26,0
TOMEE-919,TRUE,FALSE,Major,45,00d00h00m45,0
OPENEJB-834,FALSE,FALSE,Major,1223069,14d03h44m29,0
TOMEE-673,TRUE,TRUE,Major,25,00d00h00m25,0
TOMEE-451,FALSE,FALSE,Major,90,00d00h01m30,0
OPENEJB-1062,TRUE,FALSE,Blocker,1630554,18d20h55m54,0
TOMEE-1118,FALSE,FALSE,Trivial,328,00d00h05m28,0
TOMEE-1125,FALSE,FALSE,Major,14909,00d04h08m29,0
OPENEJB-1411,FALSE,FALSE,Major,2577787,29d20h03m07,0
TOMEE-989,FALSE,FALSE,Major,99,00d00h01m39,0
TOMEE-988,FALSE,FALSE,Major,53,00d00h00m53,0
TOMEE-1448,TRUE,FALSE,Major,1072,00d00h17m52,0
TOMEE-1449,TRUE,FALSE,Major,4125,00d01h08m45,0
TOMEE-1110,FALSE,FALSE,Critical,218573,02d12h42m53,0
TOMEE-984,TRUE,FALSE,Major,27,00d00h00m27,0
TOMEE-1112,TRUE,FALSE,Major,56,00d00h00m56,0
TOMEE-986,FALSE,FALSE,Major,30,00d00h00m30,0
TOMEE-980,TRUE,FALSE,Major,302,00d00h05m02,0
TOMEE-983,TRUE,FALSE,Major,47,00d00h00m47,0
TOMEE-1117,FALSE,FALSE,Major,398,00d00h06m38,0
TOMEE-1521,FALSE,FALSE,Minor,6224,00d01h43m44,0
TOMEE-1689,TRUE,FALSE,Major,1428,00d00h23m48,0
OPENEJB-1049,TRUE,FALSE,Major,7286983,84d08h09m43,0
TOMEE-1296,FALSE,FALSE,Major,3069860,35d12h44m20,1
TOMEE-1527,TRUE,FALSE,Major,43,00d00h00m43,0
OPENEJB-1824,FALSE,FALSE,Major,106767,01d05h39m27,0
TOMEE-1936,TRUE,FALSE,Major,353539,04d02h12m19,0
TOMEE-1528,TRUE,FALSE,Major,516,00d00h08m36,0
OPENEJB-1047,FALSE,FALSE,Major,87680,01d00h21m20,0
TOMEE-1935,FALSE,FALSE,Major,521987,06d00h59m47,0
TOMEE-1685,TRUE,FALSE,Major,38,00d00h00m38,0
TOMEE-1930,FALSE,FALSE,Major,5613771,64d23h22m51,0
TOMEE-1687,TRUE,FALSE,Major,2141,00d00h35m41,0
OPENEJB-975,FALSE,FALSE,Major,1857203,21d11h53m23,0
OPENEJB-974,TRUE,FALSE,Major,4147390,48d00h03m10,0
OPENEJB-976,TRUE,FALSE,Major,12849578,148d17h19m38,0
OPENEJB-1258,TRUE,FALSE,Major,446464,05d04h01m04,0
OPENEJB-1708,FALSE,FALSE,Major,5792196,67d00h56m36,0
OPENEJB-972,FALSE,FALSE,Major,7265891,84d02h18m11,0
OPENEJB-1704,FALSE,FALSE,Major,8186126,94d17h55m26,0
OPENEJB-1837,TRUE,FALSE,Major,3409574,39d11h06m14,1
OPENEJB-1702,TRUE,FALSE,Major,8916058,103d04h40m58,0
OPENEJB-1251,FALSE,FALSE,Major,68,00d00h01m08,0
OPENEJB-1252,TRUE,TRUE,Major,17373665,201d02h01m05,1
TOMEE-211,TRUE,FALSE,Major,9676289,111d23h51m29,1
OPENEJB-339,FALSE,FALSE,Major,21791,00d06h03m11,0
TOMEE-212,TRUE,FALSE,Major,1238,00d00h20m38,0
TOMEE-218,TRUE,FALSE,Major,54,00d00h00m54,0
TOMEE-185,FALSE,FALSE,Major,365,00d00h06m05,0
TOMEE-2012,TRUE,FALSE,Major,31,00d00h00m31,0
TOMEE-2016,TRUE,FALSE,Trivial,2342,00d00h39m02,0
TOMEE-2045,TRUE,FALSE,Major,1003,00d00h16m43,0
TOMEE-2018,TRUE,FALSE,Major,33,00d00h00m33,0
TOMEE-2019,FALSE,FALSE,Major,89,00d00h01m29,0
OPENEJB-625,FALSE,FALSE,Major,181993,02d02h33m13,0
OPENEJB-1748,FALSE,FALSE,Major,30009,00d08h20m09,0
TOMEE-1281,FALSE,FALSE,Major,74,00d00h01m14,0
OPENEJB-1382,TRUE,FALSE,Major,60454630,699d16h57m10,0
TOMEE-691,TRUE,FALSE,Major,112,00d00h01m52,0
TOMEE-1741,FALSE,FALSE,Trivial,3222,00d00h53m42,0
TOMEE-1740,TRUE,FALSE,Major,39,00d00h00m39,0
OPENEJB-1384,FALSE,FALSE,Major,1816,00d00h30m16,0
TOMEE-1742,FALSE,FALSE,Major,480,00d00h08m00,0
TOMEE-1065,FALSE,FALSE,Major,213,00d00h03m33,0
TOMEE-1066,FALSE,FALSE,Major,107068338,1239d05h12m18,0
OPENEJB-1954,TRUE,FALSE,Minor,9407,00d02h36m47,0
TOMEE-1060,TRUE,FALSE,Major,24,00d00h00m24,0
TOMEE-1748,TRUE,FALSE,Major,273,00d00h04m33,0
OPENEJB-1003,FALSE,FALSE,Major,7369250,85d07h00m50,0
OPENEJB-1059,TRUE,FALSE,Major,2430029,28d03h00m29,1
OPENEJB-1552,TRUE,FALSE,Major,7242783,83d19h53m03,0
TOMEE-590,FALSE,FALSE,Major,2116158,24d11h49m18,0
OPENEJB-1550,FALSE,FALSE,Major,33302,00d09h15m02,0
OPENEJB-1554,FALSE,FALSE,Major,4563825,52d19h43m45,0
OPENEJB-1559,FALSE,FALSE,Major,6801287,78d17h14m47,0
OPENEJB-1558,FALSE,FALSE,Major,6793006,78d14h56m46,0
TOMEE-456,TRUE,FALSE,Major,762,00d00h12m42,0
TOMEE-750,TRUE,FALSE,Major,1715,00d00h28m35,0
TOMEE-754,FALSE,FALSE,Major,48,00d00h00m48,0
TOMEE-756,FALSE,FALSE,Major,23,00d00h00m23,0
TOMEE-1911,FALSE,FALSE,Major,64,00d00h01m04,0
TOMEE-758,TRUE,FALSE,Major,6982,00d01h56m22,0
TOMEE-690,TRUE,FALSE,Major,83,00d00h01m23,0
TOMEE-692,FALSE,FALSE,Major,4622710,53d12h05m10,1
TOMEE-697,FALSE,FALSE,Major,60,00d00h01m00,0
TOMEE-696,TRUE,FALSE,Major,5427,00d01h30m27,0
OPENEJB-1001,FALSE,FALSE,Major,6688058,77d09h47m38,0
TOMEE-2165,FALSE,FALSE,Major,1080,00d00h18m00,0
TOMEE-2167,FALSE,FALSE,Major,1087511,12d14h05m11,0
OPENEJB-551,TRUE,FALSE,Major,516,00d00h08m36,0
TOMEE-2162,TRUE,FALSE,Major,22523,00d06h15m23,0
OPENEJB-874,FALSE,FALSE,Major,1493,00d00h24m53,0
TOMEE-2086,FALSE,FALSE,Major,20140,00d05h35m40,0
TOMEE-47,TRUE,FALSE,Major,428861,04d23h07m41,0
OPENEJB-871,FALSE,FALSE,Major,3383951,39d03h59m11,0
OPENEJB-873,FALSE,FALSE,Major,2322,00d00h38m42,0
OPENEJB-2014,TRUE,FALSE,Trivial,79950,00d22h12m30,0
OPENEJB-2019,TRUE,FALSE,Major,278,00d00h04m38,0
OPENEJB-2018,FALSE,FALSE,Major,3939,00d01h05m39,0
TOMEE-43,TRUE,FALSE,Major,780298,09d00h44m58,0
TOMEE-1242,FALSE,FALSE,Major,292,00d00h04m52,0
TOMEE-890,FALSE,FALSE,Major,45,00d00h00m45,0
TOMEE-1244,FALSE,FALSE,Major,51,00d00h00m51,0
TOMEE-672,TRUE,TRUE,Major,65,00d00h01m05,0
TOMEE-42,TRUE,FALSE,Major,6671454,77d05h10m54,0
TOMEE-1248,FALSE,FALSE,Major,43556,00d12h05m56,0
TOMEE-1362,FALSE,FALSE,Major,28730,00d07h58m50,0
OPENEJB-2065,FALSE,FALSE,Major,173563,02d00h12m43,1
TOMEE-1366,FALSE,FALSE,Major,42,00d00h00m42,0
TOMEE-1364,FALSE,FALSE,Major,1565961,18d02h59m21,1
OPENEJB-797,TRUE,FALSE,Major,6132799,70d23h33m19,0
OPENEJB-793,FALSE,FALSE,Major,299160,03d11h06m00,0
OPENEJB-792,FALSE,FALSE,Minor,3319,00d00h55m19,0
OPENEJB-2080,TRUE,FALSE,Major,3950,00d01h05m50,0
OPENEJB-2081,TRUE,FALSE,Minor,2986,00d00h49m46,0
TOMEE-524,TRUE,FALSE,Major,248,00d00h04m08,0
TOMEE-523,TRUE,FALSE,Major,601,00d00h10m01,0
OPENEJB-2085,FALSE,FALSE,Major,34521,00d09h35m21,0
TOMEE-521,TRUE,FALSE,Major,5908,00d01h38m28,0
TOMEE-520,TRUE,FALSE,Major,3429416,39d16h36m56,0
TOMEE-1640,FALSE,FALSE,Major,46,00d00h00m46,0
OPENEJB-811,FALSE,FALSE,Minor,277,00d00h04m37,0
TOMEE-1960,FALSE,FALSE,Minor,2034,00d00h33m54,0
TOMEE-1962,TRUE,FALSE,Major,438,00d00h07m18,0
TOMEE-1965,TRUE,FALSE,Major,40,00d00h00m40,0
TOMEE-1967,FALSE,FALSE,Major,31,00d00h00m31,0
TOMEE-1969,FALSE,FALSE,Major,348,00d00h05m48,0
TOMEE-2513,FALSE,FALSE,Major,756063,08d18h01m03,0
TOMEE-2514,FALSE,FALSE,Major,755928,08d17h58m48,0
OPENEJB-1988,TRUE,FALSE,Major,42,00d00h00m42,0
TOMEE-1099,TRUE,FALSE,Major,39,00d00h00m39,0
TOMEE-1580,FALSE,FALSE,Minor,619892,07d04h11m32,0
TOMEE-1094,FALSE,FALSE,Major,18,00d00h00m18,0
TOMEE-1093,FALSE,FALSE,Major,34,00d00h00m34,0
OPENEJB-623,TRUE,FALSE,Major,31099,00d08h38m19,0
OPENEJB-777,TRUE,FALSE,Major,85436,00d23h43m56,0
TOMEE-1569,FALSE,FALSE,Major,197,00d00h03m17,0
TOMEE-1568,FALSE,FALSE,Major,67,00d00h01m07,0
OPENEJB-719,FALSE,FALSE,Major,779421,09d00h30m21,0
TOMEE-1566,FALSE,FALSE,Major,274,00d00h04m34,0
OPENEJB-667,TRUE,FALSE,Major,1294772,14d23h39m32,0
TOMEE-1644,TRUE,FALSE,Major,40,00d00h00m40,0
TOMEE-1645,TRUE,FALSE,Major,59,00d00h00m59,0
OPENEJB-700,FALSE,FALSE,Major,13459119,155d18h38m39,1
OPENEJB-701,TRUE,FALSE,Blocker,6569709,76d00h55m09,0
OPENEJB-1005,FALSE,FALSE,Major,3585353,41d11h55m53,0
OPENEJB-707,FALSE,FALSE,Major,6836550,79d03h02m30,0
OPENEJB-704,FALSE,FALSE,Minor,2404744,27d19h59m04,0
TOMEE-10,FALSE,FALSE,Major,10089463,116d18h37m43,0
OPENEJB-461,FALSE,FALSE,Major,330,00d00h05m30,0
OPENEJB-467,FALSE,FALSE,Major,69085,00d19h11m25,0
TOMEE-1649,TRUE,FALSE,Blocker,9936251,115d00h04m11,0
TOMEE-783,TRUE,FALSE,Major,103,00d00h01m43,0
TOMEE-942,FALSE,TRUE,Major,36,00d00h00m36,0
OPENEJB-1417,TRUE,FALSE,Major,15736840,182d03h20m40,0
TOMEE-969,TRUE,FALSE,Major,469,00d00h07m49,0
OPENEJB-718,FALSE,FALSE,Major,832559,09d15h15m59,0
TOMEE-237,FALSE,FALSE,Major,177688,02d01h21m28,0
TOMEE-789,FALSE,FALSE,Major,679,00d00h11m19,0
TOMEE-964,FALSE,FALSE,Major,46954,00d13h02m34,0
TOMEE-624,TRUE,FALSE,Major,789,00d00h13m09,0
TOMEE-626,TRUE,FALSE,Major,876714,10d03h31m54,0
TOMEE-141,FALSE,FALSE,Major,72,00d00h01m12,0
TOMEE-1894,FALSE,FALSE,Major,33,00d00h00m33,0
TOMEE-1897,TRUE,FALSE,Critical,16044169,185d16h42m49,0
TOMEE-1896,FALSE,FALSE,Major,1142,00d00h19m02,0
TOMEE-98,FALSE,FALSE,Major,31870,00d08h51m10,0
TOMEE-517,FALSE,FALSE,Major,3430668,39d16h57m48,0
TOMEE-1893,TRUE,FALSE,Major,103,00d00h01m43,0
TOMEE-94,FALSE,FALSE,Major,33599,00d09h19m59,0
TOMEE-90,TRUE,FALSE,Major,147885,01d17h04m45,0
TOMEE-1898,FALSE,FALSE,Major,1773,00d00h29m33,0
TOMEE-1028,TRUE,FALSE,Major,156,00d00h02m36,0
OPENEJB-907,FALSE,FALSE,Major,445,00d00h07m25,0
TOMEE-1785,TRUE,FALSE,Major,70,00d00h01m10,0
TOMEE-1787,TRUE,FALSE,Major,376,00d00h06m16,0
TOMEE-1241,FALSE,FALSE,Major,60,00d00h01m00,0
TOMEE-1020,TRUE,FALSE,Major,140,00d00h02m20,0
TOMEE-1023,TRUE,TRUE,Major,29,00d00h00m29,0
TOMEE-1026,FALSE,FALSE,Major,34533313,399d16h35m13,0
TOMEE-1143,FALSE,FALSE,Major,6895,00d01h54m55,0
OPENEJB-746,TRUE,FALSE,Critical,2523531,29d04h58m51,0
OPENEJB-1910,TRUE,FALSE,Major,22,00d00h00m22,0
TOMEE-1147,FALSE,FALSE,Major,324,00d00h05m24,0
TOMEE-1414,FALSE,FALSE,Major,5210,00d01h26m50,0
TOMEE-1806,TRUE,FALSE,Critical,25416,00d07h03m36,0
OPENEJB-1919,FALSE,FALSE,Critical,85888,00d23h51m28,0
OPENEJB-1126,FALSE,FALSE,Major,85733486,992d06h51m26,0
TOMEE-1800,TRUE,FALSE,Major,305,00d00h05m05,0
OPENEJB-1855,FALSE,FALSE,Major,1617492,18d17h18m12,0
OPENEJB-804,FALSE,FALSE,Major,19190,00d05h19m50,0
OPENEJB-1328,TRUE,FALSE,Major,758,00d00h12m38,0
OPENEJB-1329,FALSE,FALSE,Major,127676,01d11h27m56,0
OPENEJB-1615,FALSE,FALSE,Major,325472,03d18h24m32,0
OPENEJB-1324,TRUE,FALSE,Major,153131,01d18h32m11,0
TOMEE-170,TRUE,FALSE,Major,288008,03d08h00m08,0
OPENEJB-1599,FALSE,FALSE,Major,63,00d00h01m03,0
OPENEJB-1451,TRUE,FALSE,Major,63790,00d17h43m10,0
OPENEJB-566,FALSE,FALSE,Major,656,00d00h10m56,0
OPENEJB-567,TRUE,FALSE,Major,84107,00d23h21m47,0
OPENEJB-564,FALSE,FALSE,Major,1149,00d00h19m09,0
OPENEJB-562,TRUE,FALSE,Major,264289,03d01h24m49,0
TOMEE-360,FALSE,FALSE,Major,21,00d00h00m21,0
TOMEE-362,FALSE,FALSE,Major,24,00d00h00m24,0
TOMEE-1842,TRUE,FALSE,Major,150551,01d17h49m11,1
OPENEJB-1759,TRUE,FALSE,Major,3286037,38d00h47m17,0
TOMEE-1017,TRUE,FALSE,Major,54,00d00h00m54,0
TOMEE-2049,TRUE,FALSE,Major,534,00d00h08m54,0
TOMEE-2048,FALSE,FALSE,Major,2491,00d00h41m31,1
TOMEE-2040,TRUE,FALSE,Major,116,00d00h01m56,0
TOMEE-2047,FALSE,FALSE,Major,26,00d00h00m26,0
OPENEJB-1312,FALSE,FALSE,Major,33417004,386d18h30m04,0
OPENEJB-1359,TRUE,FALSE,Major,175303,02d00h41m43,0
TOMEE-1739,FALSE,FALSE,Major,1076,00d00h17m56,0
TOMEE-392,TRUE,FALSE,Major,2644745,30d14h39m05,0
OPENEJB-1355,FALSE,FALSE,Major,58266757,674d09h12m37,0
TOMEE-1731,TRUE,FALSE,Major,86,00d00h01m26,0
TOMEE-493,FALSE,FALSE,Blocker,314987,03d15h29m47,1
OPENEJB-1356,TRUE,FALSE,Major,995292,11d12h28m12,0
TOMEE-222,TRUE,FALSE,Major,179,00d00h02m59,0
OPENEJB-1239,FALSE,FALSE,Major,2586,00d00h43m06,0
OPENJPA-142,TRUE,FALSE,Major,2171804,25d03h16m44,0
TOMEE-1325,TRUE,FALSE,Major,2805907,32d11h25m07,1
TOMEE-568,FALSE,FALSE,Major,24,00d00h00m24,0
OPENEJB-1522,FALSE,FALSE,Major,1211857,14d00h37m37,0
OPENEJB-1523,FALSE,FALSE,Major,15817177,183d01h39m37,0
OPENEJB-1520,FALSE,FALSE,Major,63914,00d17h45m14,0
OPENEJB-1521,FALSE,FALSE,Major,10372214,120d01h10m14,0
OPENEJB-1527,TRUE,FALSE,Major,18245,00d05h04m05,0
TOMEE-1329,FALSE,FALSE,Major,2667341,30d20h55m41,1
TOMEE-564,FALSE,FALSE,Major,149249,01d17h27m29,0
TOMEE-401,FALSE,FALSE,Major,48,00d00h00m48,0
TOMEE-403,TRUE,FALSE,Major,2025,00d00h33m45,0
OPENEJB-515,TRUE,FALSE,Major,5043,00d01h24m03,0
TOMEE-407,FALSE,FALSE,Critical,1007222,11d15h47m02,0
TOMEE-409,TRUE,FALSE,Major,1533831,17d18h03m51,1
OPENEJB-1575,FALSE,FALSE,Major,5338359,61d18h52m39,0
TOMEE-765,FALSE,FALSE,Major,69,00d00h01m09,0
OPENEJB-587,FALSE,FALSE,Trivial,601040,06d22h57m20,0
TOMEE-1998,FALSE,FALSE,Trivial,35724,00d09h55m24,0
OPENEJB-2068,FALSE,FALSE,Major,35299,00d09h48m19,0
TOMEE-2418,FALSE,FALSE,Minor,505354,05d20h22m34,0
TOMEE-89,FALSE,FALSE,Major,147944,01d17h05m44,0
TOMEE-665,TRUE,FALSE,Major,25,00d00h00m25,0
TOMEE-2416,FALSE,FALSE,Major,505674,05d20h27m54,0
TOMEE-88,FALSE,FALSE,Major,148089,01d17h08m09,0
TOMEE-666,TRUE,FALSE,Major,50,00d00h00m50,0
OPENEJB-2064,TRUE,FALSE,Major,139,00d00h02m19,0
TOMEE-394,FALSE,FALSE,Major,61,00d00h01m01,0
TOMEE-1190,FALSE,FALSE,Major,398,00d00h06m38,0
TOMEE-1191,TRUE,FALSE,Major,67924930,786d04h02m10,0
OPENEJB-1341,TRUE,FALSE,Major,114,00d00h01m54,0
TOMEE-1218,TRUE,FALSE,Major,25709,00d07h08m29,0
OPENEJB-6,FALSE,FALSE,Major,76484895,885d05h48m15,0
TOMEE-1198,FALSE,FALSE,Major,91279,01d01h21m19,0
TOMEE-1199,FALSE,FALSE,Major,825,00d00h13m45,0
OPENEJB-411,FALSE,FALSE,Major,73192,00d20h19m52,0
TOMEE-1217,FALSE,FALSE,Major,5278,00d01h27m58,0
TOMEE-1216,FALSE,FALSE,Major,6311,00d01h45m11,0
TOMEE-1215,TRUE,TRUE,Major,7400,00d02h03m20,0
TOMEE-1214,TRUE,FALSE,Major,1207908,13d23h31m48,1
TOMEE-1352,FALSE,FALSE,Major,50243,00d13h57m23,0
TOMEE-1006,FALSE,FALSE,Major,1194,00d00h19m54,0
TOMEE-1350,TRUE,FALSE,Major,30267,00d08h24m27,0
TOMEE-1351,FALSE,FALSE,Major,25957,00d07h12m37,0
TOMEE-1357,FALSE,FALSE,Major,32,00d00h00m32,0
TOMEE-1608,TRUE,FALSE,Major,165,00d00h02m45,0
TOMEE-1358,FALSE,FALSE,Major,170,00d00h02m50,0
TOMEE-1359,TRUE,FALSE,Major,104344,01d04h59m04,0
OPENEJB-742,TRUE,FALSE,Critical,1677,00d00h27m57,0
OPENEJB-740,TRUE,FALSE,Major,7877,00d02h11m17,0
OPENEJB-1120,FALSE,FALSE,Major,596333,06d21h38m53,0
TOMEE-2313,FALSE,FALSE,Major,72946,00d20h15m46,0
OPENEJB-1959,FALSE,FALSE,Major,65,00d00h01m05,0
TOMEE-2258,FALSE,FALSE,Major,100854,01d04h00m54,0
TOMEE-760,TRUE,FALSE,Major,940,00d00h15m40,0
OPENEJB-2116,FALSE,FALSE,Minor,1430,00d00h23m50,0
OPENEJB-583,TRUE,TRUE,Major,19112065,221d04h54m25,0
OPENEJB-2112,TRUE,FALSE,Major,2483,00d00h41m23,0
TOMEE-1589,FALSE,FALSE,Major,160,00d00h02m40,0
OPENEJB-2110,FALSE,FALSE,Critical,7743,00d02h09m03,0
OPENEJB-2111,TRUE,FALSE,Major,26433,00d07h20m33,0
TOMEE-1851,TRUE,FALSE,Major,401,00d00h06m41,0
TOMEE-841,FALSE,FALSE,Major,49036375,567d13h12m55,0
TOMEE-842,TRUE,FALSE,Major,62,00d00h01m02,0
TOMEE-1852,FALSE,FALSE,Major,30,00d00h00m30,0
TOMEE-1857,TRUE,FALSE,Major,30,00d00h00m30,0
TOMEE-663,FALSE,FALSE,Critical,740,00d00h12m20,0
TOMEE-1859,FALSE,FALSE,Major,26,00d00h00m26,0
TOMEE-1858,FALSE,FALSE,Major,25,00d00h00m25,0
TOMEE-1992,TRUE,FALSE,Major,34223,00d09h30m23,0
TOMEE-1993,FALSE,FALSE,Major,90923,01d01h15m23,0
TOMEE-668,TRUE,FALSE,Major,62,00d00h01m02,0
TOMEE-103,TRUE,FALSE,Major,31280,00d08h41m20,0
TOMEE-1832,TRUE,FALSE,Major,148,00d00h02m28,0
OPENEJB-713,FALSE,FALSE,Major,658352,07d14h52m32,0
AMQ-6051,FALSE,FALSE,Major,69691,00d19h21m31,0
OPENEJB-1876,TRUE,FALSE,Minor,5320027,61d13h47m07,0
TOMEE-937,FALSE,FALSE,Major,30,00d00h00m30,0
OPENEJB-1928,FALSE,FALSE,Major,781,00d00h13m01,0
TOMEE-998,FALSE,FALSE,Major,56,00d00h00m56,0
TOMEE-999,TRUE,FALSE,Major,424,00d00h07m04,0
TOMEE-996,FALSE,FALSE,Major,18,00d00h00m18,0
TOMEE-997,TRUE,FALSE,Major,26,00d00h00m26,0
TOMEE-1457,TRUE,FALSE,Major,64,00d00h01m04,0
TOMEE-995,FALSE,FALSE,Major,846,00d00h14m06,0
TOMEE-992,TRUE,FALSE,Major,492,00d00h08m12,0
TOMEE-1450,FALSE,FALSE,Major,58511,00d16h15m11,0
TOMEE-1101,TRUE,FALSE,Major,16644,00d04h37m24,1
TOMEE-1452,TRUE,FALSE,Major,139,00d00h02m19,0
TOMEE-1135,FALSE,FALSE,Major,127,00d00h02m07,0
OPENEJB-1002,FALSE,FALSE,Major,28835,00d08h00m35,0
TOMEE-1511,FALSE,FALSE,Major,3441062,39d19h51m02,0
TOMEE-1699,FALSE,FALSE,Major,12,00d00h00m12,0
TOMEE-1698,TRUE,FALSE,Major,5784,00d01h36m24,0
TOMEE-1925,FALSE,FALSE,Major,666,00d00h11m06,0
OPENEJB-1544,FALSE,FALSE,Major,175890,02d00h51m30,0
TOMEE-1695,TRUE,FALSE,Major,871,00d00h14m31,0
TOMEE-1519,FALSE,FALSE,Major,1062,00d00h17m42,0
OPENEJB-735,FALSE,FALSE,Major,62338,00d17h18m58,0
TOMEE-1922,TRUE,FALSE,Major,69,00d00h01m09,0
OPENEJB-1362,FALSE,FALSE,Major,14957,00d04h09m17,0
OWB-1123,FALSE,FALSE,Major,15273356,176d18h35m56,0
OPENEJB-1075,FALSE,FALSE,Major,3658,00d01h00m58,0
OPENEJB-1711,FALSE,FALSE,Minor,5574660,64d12h31m00,0
OPENEJB-1246,FALSE,FALSE,Major,8559177,99d01h32m57,0
OPENEJB-1245,TRUE,FALSE,Major,18084020,209d07h20m20,0
OPENEJB-1547,FALSE,FALSE,Major,83434,00d23h10m34,0
OPENEJB-1714,FALSE,FALSE,Major,13567080,157d00h38m00,0
OPENEJB-1717,FALSE,FALSE,Major,24966295,288d23h04m55,1
TOMEE-610,FALSE,FALSE,Major,60,00d00h01m00,0
OPENEJB-1077,FALSE,FALSE,Major,98,00d00h01m38,0
TOMEE-1079,FALSE,FALSE,Major,23,00d00h00m23,0
TOMEE-200,TRUE,FALSE,Major,58,00d00h00m58,0
OPENEJB-1549,FALSE,FALSE,Major,318355,03d16h25m55,0
OPENEJB-1070,FALSE,FALSE,Trivial,2447305,28d07h48m25,0
OPENEJB-1548,FALSE,FALSE,Major,107766,01d05h56m06,0
TOMEE-1646,TRUE,FALSE,Major,38,00d00h00m38,0
TOMEE-2007,FALSE,FALSE,Major,24,00d00h00m24,0
TOMEE-2006,FALSE,FALSE,Major,356138,04d02h55m38,0
TOMEE-395,FALSE,FALSE,Minor,1224,00d00h20m24,0
OPENEJB-1844,FALSE,FALSE,Major,140,00d00h02m20,0
TOMEE-1770,FALSE,FALSE,Major,37,00d00h00m37,0
TOMEE-1772,FALSE,FALSE,Major,401054,04d15h24m14,0
OPENEJB-1847,FALSE,FALSE,Major,2005679,23d05h07m59,0
TOMEE-198,FALSE,FALSE,Major,151624,01d18h07m04,0
TOMEE-199,TRUE,FALSE,Major,3555191,41d03h33m11,0
TOMEE-1073,FALSE,FALSE,Major,17,00d00h00m17,0
TOMEE-1071,TRUE,FALSE,Major,29382574,340d01h49m34,0
TOMEE-928,FALSE,FALSE,Major,24,00d00h00m24,0
TOMEE-1076,FALSE,FALSE,Major,47,00d00h00m47,0
TOMEE-1075,FALSE,FALSE,Major,33497,00d09h18m17,0
TOMEE-1172,TRUE,FALSE,Major,37643,00d10h27m23,0
OPENEJB-1624,TRUE,TRUE,Minor,263668,03d01h14m28,0
TOMEE-921,FALSE,FALSE,Major,23,00d00h00m23,0
TOMEE-920,FALSE,FALSE,Major,99924852,1156d12h54m12,0
OPENEJB-1967,FALSE,FALSE,Major,2066,00d00h34m26,0
TOMEE-1175,FALSE,FALSE,Major,30,00d00h00m30,0
OPENEJB-1978,FALSE,FALSE,Blocker,5174259,59d21h17m39,1
OPENEJB-1905,FALSE,FALSE,Major,178,00d00h02m58,0
OPENEJB-1405,TRUE,FALSE,Major,2648,00d00h44m08,0
OPENEJB-995,FALSE,FALSE,Major,1175,00d00h19m35,0
TOMEE-339,TRUE,FALSE,Major,34,00d00h00m34,0
OPENEJB-1403,TRUE,FALSE,Major,5368215,62d03h10m15,0
TOMEE-444,TRUE,FALSE,Major,545,00d00h09m05,0
TOMEE-445,TRUE,FALSE,Major,338893,03d22h08m13,0
OPENEJB-1766,FALSE,FALSE,Major,1117,00d00h18m37,0
OPENEJB-554,FALSE,FALSE,Major,4779,00d01h19m39,0
OPENEJB-1409,TRUE,FALSE,Major,70,00d00h01m10,0
TOMEE-441,FALSE,FALSE,Major,249601,02d21h20m01,0
OPENEJB-999,FALSE,FALSE,Major,74816917,865d22h28m37,0
TOMEE-443,FALSE,FALSE,Critical,1168,00d00h19m28,0
TOMEE-725,FALSE,FALSE,Major,92,00d00h01m32,0
OWB-895,TRUE,FALSE,Major,6669686,77d04h41m26,0
TOMEE-720,TRUE,FALSE,Major,407,00d00h06m47,0
TOMEE-722,FALSE,FALSE,Major,1253,00d00h20m53,0
TOMEE-2172,TRUE,FALSE,Major,244,00d00h04m04,0
OPENEJB-394,TRUE,FALSE,Major,927,00d00h15m27,0
TOMEE-684,TRUE,FALSE,Major,45847473,530d15h24m33,0
TOMEE-2174,TRUE,FALSE,Major,77,00d00h01m17,0
XBEAN-179,TRUE,FALSE,Major,27599523,319d10h32m03,0
OPENEJB-843,FALSE,FALSE,Major,133838,01d13h10m38,0
TOMEE-2071,FALSE,FALSE,Major,13023,00d03h37m03,0
TOMEE-2077,TRUE,FALSE,Major,21,00d00h00m21,0
TOMEE-2074,TRUE,FALSE,Major,11307,00d03h08m27,0
TOMEE-79,FALSE,FALSE,Major,193611,02d05h46m51,0
TOMEE-76,TRUE,FALSE,Major,194454,02d06h00m54,0
TOMEE-77,FALSE,FALSE,Major,194143,02d05h55m43,0
TOMEE-74,FALSE,FALSE,Major,195830,02d06h23m50,0
TOMEE-994,TRUE,FALSE,Major,40,00d00h00m40,0
OPENEJB-965,TRUE,FALSE,Major,25754552,298d02h02m32,0
OPENEJB-1907,TRUE,FALSE,Major,18799,00d05h13m19,0
TOMEE-1409,TRUE,FALSE,Major,48239,00d13h23m59,0
OPENEJB-539,FALSE,FALSE,Major,12151265,140d15h21m05,0
OPENEJB-1015,TRUE,FALSE,Major,831,00d00h13m51,0
OPENEJB-1648,FALSE,FALSE,Major,33823909,391d11h31m49,0
TOMEE-993,FALSE,FALSE,Major,39,00d00h00m39,0
TOMEE-1257,FALSE,FALSE,Major,120,00d00h02m00,0
TOMEE-1256,TRUE,FALSE,Major,4847,00d01h20m47,0
TOMEE-1255,TRUE,FALSE,Major,63,00d00h01m03,0
TOMEE-1254,FALSE,FALSE,Major,67,00d00h01m07,0
TOMEE-955,FALSE,FALSE,Major,21,00d00h00m21,0
OPENEJB-545,FALSE,FALSE,Major,436442,05d01h14m02,0
OPENEJB-782,FALSE,FALSE,Major,594576,06d21h09m36,0
OPENEJB-783,TRUE,FALSE,Major,302080,03d11h54m40,0
OPENEJB-786,TRUE,FALSE,Major,2362485,27d08h14m45,1
TOMEE-592,FALSE,FALSE,Major,2115255,24d11h34m15,0
TOMEE-438,TRUE,FALSE,Major,6408274,74d04h04m34,0
OPENEJB-2099,FALSE,FALSE,Major,39,00d00h00m39,0
OPENEJB-579,TRUE,FALSE,Major,100,00d00h01m40,0
OPENEJB-955,FALSE,FALSE,Minor,82695975,957d03h06m15,0
TOMEE-2357,FALSE,FALSE,Major,212687,02d11h04m47,0
TOMEE-433,FALSE,FALSE,Major,117,00d00h01m57,0
TOMEE-432,FALSE,FALSE,Major,158,00d00h02m38,0
OPENEJB-2096,TRUE,FALSE,Major,11194,00d03h06m34,0
OPENEJB-2095,TRUE,FALSE,Major,54,00d00h00m54,0
OPENEJB-1986,TRUE,FALSE,Major,44038979,509d17h02m59,1
OPENEJB-1426,FALSE,FALSE,Major,105,00d00h01m45,0
TOMEE-1509,TRUE,FALSE,Major,414,00d00h06m54,0
TOMEE-926,TRUE,FALSE,Major,30834744,356d21h12m24,0
OPENEJB-1129,FALSE,FALSE,Major,1187,00d00h19m47,0
TOMEE-1928,FALSE,FALSE,Major,35,00d00h00m35,0
OPENEJB-1066,TRUE,FALSE,Major,2691,00d00h44m51,0
OPENEJB-1065,TRUE,FALSE,Major,3236,00d00h53m56,0
OPENEJB-1064,FALSE,FALSE,Minor,110,00d00h01m50,0
TOMEE-1951,TRUE,FALSE,Major,32,00d00h00m32,0
TOMEE-1952,FALSE,FALSE,Major,34,00d00h00m34,0
OWB-595,FALSE,FALSE,Critical,3191612,36d22h33m32,0
OPENEJB-1069,TRUE,FALSE,Trivial,2488623,28d19h17m03,0
OPENEJB-1331,TRUE,FALSE,Major,60736735,702d23h18m55,0
TOMEE-1696,FALSE,FALSE,Major,137,00d00h02m17,0
OPENEJB-1330,FALSE,FALSE,Major,37486831,433d21h00m31,0
OPENEJB-1997,TRUE,FALSE,Minor,54173203,627d00h06m43,0
OPENEJB-1995,TRUE,FALSE,Minor,5292,00d01h28m12,0
OPENEJB-1994,TRUE,FALSE,Blocker,72129,00d20h02m09,0
TOMEE-893,TRUE,FALSE,Major,28,00d00h00m28,0
TOMEE-1223,FALSE,FALSE,Major,59,00d00h00m59,0
TOMEE-891,FALSE,FALSE,Major,15,00d00h00m15,0
TOMEE-1658,FALSE,FALSE,Major,78,00d00h01m18,0
TOMEE-1226,FALSE,FALSE,Major,653,00d00h10m53,0
TOMEE-895,FALSE,FALSE,Major,257,00d00h04m17,0
TOMEE-1225,TRUE,FALSE,Critical,69876,00d19h24m36,0
OPENEJB-1830,TRUE,FALSE,Major,422005,04d21h13m25,0
TOMEE-1228,FALSE,FALSE,Major,27,00d00h00m27,0
TOMEE-1229,FALSE,FALSE,Major,10687,00d02h58m07,0
OPENEJB-672,FALSE,FALSE,Major,1176063,13d14h41m03,1
TOMEE-1655,TRUE,FALSE,Major,7782,00d02h09m42,0
TOMEE-1468,TRUE,FALSE,Major,68,00d00h01m08,0
TOMEE-1385,TRUE,FALSE,Major,541,00d00h09m01,0
TOMEE-1384,FALSE,FALSE,Major,216,00d00h03m36,0
TOMEE-1381,TRUE,FALSE,Major,666,00d00h11m06,0
TOMEE-1923,FALSE,FALSE,Major,27,00d00h00m27,0
OPENEJB-2029,TRUE,FALSE,Major,212,00d00h03m32,0
OPENEJB-2026,TRUE,FALSE,Major,76,00d00h01m16,0
OPENEJB-2027,TRUE,FALSE,Major,29257490,338d15h04m50,0
TOMEE-2320,FALSE,FALSE,Major,158,00d00h02m38,0
OPENEJB-2025,TRUE,FALSE,Major,174,00d00h02m54,0
TOMEE-1389,TRUE,FALSE,Major,111,00d00h01m51,0
OPENEJB-2020,FALSE,FALSE,Major,72,00d00h01m12,0
OPENEJB-778,FALSE,FALSE,Blocker,703450,08d03h24m10,0
OPENEJB-622,FALSE,FALSE,Critical,112687,01d07h18m07,0
TOMEE-878,FALSE,FALSE,Major,2028867,23d11h34m27,1
TOMEE-972,TRUE,FALSE,Major,123,00d00h02m03,0
TOMEE-797,FALSE,FALSE,Major,47,00d00h00m47,0
TOMEE-658,TRUE,FALSE,Major,168,00d00h02m48,1
TOMEE-976,FALSE,FALSE,Major,42076742,486d23h59m02,0
TOMEE-798,TRUE,TRUE,Major,120,00d00h02m00,0
XBEAN-91,FALSE,FALSE,Major,34542,00d09h35m42,0
TOMEE-652,FALSE,FALSE,Critical,77693,00d21h34m53,0
TOMEE-154,FALSE,FALSE,Major,6920653,80d02h24m13,0
TOMEE-155,FALSE,FALSE,Major,14423,00d04h00m23,0
TOMEE-85,FALSE,FALSE,Major,148792,01d17h19m52,0
TOMEE-159,FALSE,FALSE,Major,1930368,22d08h12m48,0
TOMEE-80,FALSE,FALSE,Major,193488,02d05h44m48,0
OPENEJB-1298,TRUE,FALSE,Major,36631213,423d23h20m13,0
OPENEJB-1299,TRUE,FALSE,Major,27310838,316d02h20m38,0
OPENEJB-1249,TRUE,FALSE,Major,4244290,49d02h58m10,0
TOMEE-1039,FALSE,FALSE,Major,1217,00d00h20m17,0
TOMEE-1038,FALSE,FALSE,Major,27,00d00h00m27,0
TOMEE-598,FALSE,FALSE,Major,48,00d00h00m48,0
OPENEJB-1923,FALSE,FALSE,Major,35,00d00h00m35,0
TOMEE-1030,FALSE,FALSE,Major,26,00d00h00m26,0
TOMEE-1136,TRUE,FALSE,Major,3854,00d01h04m14,0
TOMEE-1137,FALSE,FALSE,Major,7750294,89d16h51m34,0
TOMEE-1134,FALSE,FALSE,Major,51,00d00h00m51,0
TOMEE-1427,FALSE,FALSE,Major,132,00d00h02m12,0
TOMEE-1089,FALSE,FALSE,Major,46,00d00h00m46,0
TOMEE-1130,TRUE,FALSE,Major,162,00d00h02m42,0
TOMEE-1423,FALSE,FALSE,Blocker,49850,00d13h50m50,0
OPENEJB-706,TRUE,FALSE,Major,6861179,79d09h52m59,0
OPENEJB-601,TRUE,FALSE,Major,5307921,61d10h25m21,0
TOMEE-1138,TRUE,FALSE,Major,24267,00d06h44m27,0
OPENEJB-607,TRUE,FALSE,Critical,20681750,239d08h55m50,0
TOMEE-1429,TRUE,FALSE,Major,4188,00d01h09m48,0
TOMEE-1813,FALSE,FALSE,Major,30,00d00h00m30,0
TOMEE-1139,TRUE,FALSE,Minor,10459,00d02h54m19,0
OPENEJB-953,FALSE,FALSE,Major,86372,00d23h59m32,0
OPENEJB-952,FALSE,FALSE,Critical,12761,00d03h32m41,0
OPENEJB-951,TRUE,FALSE,Major,1759206,20d08h40m06,0
TOMEE-1817,TRUE,FALSE,Major,23996,00d06h39m56,0
OPENEJB-956,FALSE,FALSE,Minor,443038,05d03h03m58,0
CXF-2554,FALSE,FALSE,Major,2083547,24d02h45m47,0
TOMEE-930,TRUE,FALSE,Major,81,00d00h01m21,0
OPENEJB-1441,FALSE,FALSE,Major,13311585,154d01h39m45,0
OPENEJB-1336,FALSE,FALSE,Major,13343781,154d10h36m21,0
OPENEJB-1443,TRUE,FALSE,Major,22719709,262d23h01m49,0
TOMEE-483,FALSE,FALSE,Major,57,00d00h00m57,0
OPENEJB-1445,FALSE,FALSE,Major,92610,01d01h43m30,0
OPENEJB-1447,FALSE,FALSE,Major,829897,09d14h31m37,0
TOMEE-487,FALSE,FALSE,Major,45,00d00h00m45,0
TOMEE-1856,TRUE,FALSE,Minor,3486,00d00h58m06,0
OWB-910,TRUE,FALSE,Major,45743677,529d10h34m37,0
OPENEJB-693,FALSE,FALSE,Minor,5332307,61d17h11m47,0
OPENEJB-1241,FALSE,FALSE,Major,4354,00d01h12m34,0
OPENEJB-1729,TRUE,FALSE,Major,2809525,32d12h25m25,0
TOMEE-1686,FALSE,FALSE,Major,23,00d00h00m23,0
TOMEE-1585,FALSE,FALSE,Major,267,00d00h04m27,0
TOMEE-38,TRUE,FALSE,Major,45406,00d12h36m46,0
TOMEE-39,TRUE,FALSE,Major,294412,03d09h46m52,0
TOMEE-207,TRUE,FALSE,Major,40,00d00h00m40,0
TOMEE-1648,TRUE,FALSE,Major,7310,00d02h01m50,0
TOMEE-1424,TRUE,FALSE,Major,53232165,616d02h42m45,1
TOMEE-36,FALSE,FALSE,Major,8700172,100d16h42m52,0
TOMEE-2138,FALSE,FALSE,Major,63231,00d17h33m51,0
TOMEE-1721,FALSE,FALSE,Major,33,00d00h00m33,0
TOMEE-1727,TRUE,FALSE,Major,195,00d00h03m15,0
OPENEJB-2021,TRUE,FALSE,Major,2807,00d00h46m47,0
TOMEE-2037,FALSE,FALSE,Major,711,00d00h11m51,0
TOMEE-1043,FALSE,FALSE,Major,37,00d00h00m37,0
TOMEE-1729,TRUE,FALSE,Major,96,00d00h01m36,0
TOMEE-1728,FALSE,FALSE,Major,230,00d00h03m50,0
OPENEJB-1710,FALSE,FALSE,Major,174,00d00h02m54,0
TOMEE-1044,TRUE,FALSE,Major,50,00d00h00m50,0
TOMEE-1811,FALSE,FALSE,Major,41,00d00h00m41,0
TOMEE-1046,FALSE,FALSE,Major,794,00d00h13m14,0
TOMEE-2035,FALSE,FALSE,Major,75061,00d20h51m01,0
TOMEE-1730,FALSE,FALSE,Major,35,00d00h00m35,0
TOMEE-1208,FALSE,FALSE,Major,168132,01d22h42m12,0
TOMEE-1502,TRUE,FALSE,Major,31,00d00h00m31,0
TOMEE-1553,FALSE,FALSE,Major,248,00d00h04m08,0
OPENEJB-1535,FALSE,FALSE,Major,398,00d00h06m38,0
OPENEJB-1537,FALSE,FALSE,Major,10595,00d02h56m35,0
OPENEJB-1536,FALSE,FALSE,Major,9565,00d02h39m25,0
TOMEE-578,FALSE,FALSE,Major,285,00d00h04m45,0
OPENEJB-1439,FALSE,FALSE,Major,48783,00d13h33m03,0
OPENEJB-1533,TRUE,FALSE,Major,4612,00d01h16m52,0
OPENEJB-1532,FALSE,FALSE,Major,5114,00d01h25m14,0
OPENEJB-1435,FALSE,FALSE,Major,4862496,56d06h41m36,0
OPENEJB-1713,FALSE,FALSE,Major,60,00d00h01m00,0
OPENEJB-1437,FALSE,FALSE,Major,4770793,55d05h13m13,1
OPENEJB-1539,FALSE,FALSE,Major,81747,00d22h42m27,0
OPENEJB-1538,FALSE,FALSE,Major,10567,00d02h56m07,0
TOMEE-573,FALSE,FALSE,Major,2498989,28d22h09m49,0
TOMEE-475,TRUE,FALSE,Major,29,00d00h00m29,0
OPENEJB-853,FALSE,FALSE,Minor,1499,00d00h24m59,0
TOMEE-772,FALSE,FALSE,Major,162,00d00h02m42,0
TOMEE-773,FALSE,FALSE,Critical,690954,07d23h55m54,1
TOMEE-770,FALSE,FALSE,Major,42,00d00h00m42,0
TOMEE-771,TRUE,FALSE,Major,55,00d00h00m55,0
TOMEE-1899,TRUE,FALSE,Major,97,00d00h01m37,0
TOMEE-1048,FALSE,FALSE,Major,267,00d00h04m27,0
OPENEJB-322,FALSE,FALSE,Major,395386,04d13h49m46,0
TOMEE-2145,FALSE,FALSE,Major,1239,00d00h20m39,0
TOMEE-2149,TRUE,FALSE,Major,184,00d00h03m04,0
TOMEE-965,TRUE,FALSE,Major,52,00d00h00m52,0
TOMEE-1726,TRUE,FALSE,Major,97,00d00h01m37,0
TOMEE-1778,TRUE,FALSE,Major,12952601,149d21h56m41,0
OPENEJB-2070,FALSE,FALSE,Major,10079666,116d15h54m26,0
OPENEJB-1261,TRUE,FALSE,Major,15352313,177d16h31m53,1
OPENEJB-2078,FALSE,FALSE,Major,26,00d00h00m26,0
TOMEE-1183,FALSE,FALSE,Major,36,00d00h00m36,0
OPENEJB-1893,TRUE,FALSE,Major,2896677,33d12h37m57,0
TOMEE-1180,FALSE,FALSE,Major,21049,00d05h50m49,0
TOMEE-1266,FALSE,FALSE,Major,329696,03d19h34m56,0
TOMEE-674,FALSE,FALSE,Major,101,00d00h01m41,0
TOMEE-1265,FALSE,FALSE,Major,8301338,96d01h55m38,0
TOMEE-1262,TRUE,FALSE,Major,18781,00d05h13m01,0
TOMEE-1260,TRUE,FALSE,Major,383,00d00h06m23,0
TOMEE-1261,TRUE,FALSE,Major,16,00d00h00m16,0
TOMEE-1615,TRUE,FALSE,Major,61,00d00h01m01,0
TOMEE-892,FALSE,FALSE,Major,26,00d00h00m26,0
TOMEE-1344,FALSE,FALSE,Critical,163666,01d21h27m46,0
TOMEE-1610,FALSE,FALSE,Major,43765,00d12h09m25,0
TOMEE-1348,TRUE,FALSE,Major,7213,00d02h00m13,0
TOMEE-506,TRUE,FALSE,Major,61131278,707d12h54m38,0
OPENEJB-2109,FALSE,FALSE,Major,18660,00d05h11m00,0
OPENEJB-1244,FALSE,FALSE,Major,18246558,211d04h29m18,0
OPENEJB-430,TRUE,FALSE,Major,83955,00d23h19m15,0
OPENEJB-2100,FALSE,FALSE,Major,3426277,39d15h44m37,1
OPENEJB-2102,TRUE,FALSE,Major,1172,00d00h19m32,0
TOMEE-2245,FALSE,FALSE,Major,218,00d00h03m38,0
TOMEE-1890,TRUE,FALSE,Major,400,00d00h06m40,0
TOMEE-834,FALSE,FALSE,Major,26,00d00h00m26,0
TOMEE-1866,TRUE,FALSE,Major,132,00d00h02m12,0
TOMEE-1860,TRUE,FALSE,Major,74,00d00h01m14,0
TOMEE-1862,TRUE,FALSE,Major,41,00d00h00m41,0
TOMEE-832,FALSE,FALSE,Major,52,00d00h00m52,0
OWB-861,TRUE,FALSE,Major,168936,01d22h55m36,0
TOMEE-1983,FALSE,FALSE,Critical,26880,00d07h28m00,0
TOMEE-1982,TRUE,FALSE,Major,24,00d00h00m24,0
TOMEE-110,TRUE,FALSE,Major,27253,00d07h34m13,0
OPENEJB-1091,TRUE,FALSE,Major,53311573,617d00h46m13,0
OPENEJB-1531,FALSE,FALSE,Major,942877,10d21h54m37,0
TOMEE-915,FALSE,FALSE,Major,60,00d00h01m00,0
TOMEE-1777,FALSE,FALSE,Major,62,00d00h01m02,0
TOMEE-1460,TRUE,FALSE,Major,229293,02d15h41m33,0
TOMEE-1462,FALSE,FALSE,Major,113,00d00h01m53,0
TOMEE-1467,FALSE,FALSE,Major,200,00d00h03m20,0
TOMEE-1503,TRUE,FALSE,Major,60,00d00h01m00,0
OPENEJB-1800,TRUE,TRUE,Major,7481,00d02h04m41,0
TOMEE-911,FALSE,FALSE,Major,80,00d00h01m20,0
TOMEE-1507,FALSE,FALSE,Major,95,00d00h01m35,0
TOMEE-929,TRUE,FALSE,Major,54,00d00h00m54,0
TOMEE-1505,TRUE,FALSE,Major,132,00d00h02m12,0
TOMEE-1504,FALSE,FALSE,Major,53,00d00h00m53,0
TOMEE-1663,FALSE,FALSE,Major,1840,00d00h30m40,0
TOMEE-1913,TRUE,FALSE,Major,22522,00d06h15m22,0
OPENEJB-1022,FALSE,FALSE,Major,68008,00d18h53m28,0
OPENEJB-1021,TRUE,FALSE,Major,15096,00d04h11m36,0
TOMEE-1669,TRUE,FALSE,Major,118,00d00h01m58,0
OPENEJB-725,FALSE,FALSE,Major,100093,01d03h48m13,0
OPENEJB-1628,TRUE,FALSE,Major,98207,01d03h16m47,1
TOMEE-948,TRUE,FALSE,Major,19,00d00h00m19,0
OPENEJB-1371,TRUE,FALSE,Blocker,2521345,29d04h22m25,1
TOMEE-940,FALSE,FALSE,Major,27,00d00h00m27,0
TOMEE-1480,TRUE,FALSE,Major,6264,00d01h44m24,0
TOMEE-1481,TRUE,FALSE,Major,134,00d00h02m14,0
TOMEE-945,FALSE,FALSE,Major,332,00d00h05m32,0
TOMEE-944,TRUE,FALSE,Major,47,00d00h00m47,0
TOMEE-193,FALSE,FALSE,Major,28,00d00h00m28,0
TOMEE-922,FALSE,FALSE,Major,93,00d00h01m33,0
TOMEE-609,TRUE,FALSE,Major,1565234,18d02h47m14,0
TOMEE-1865,TRUE,FALSE,Major,21687,00d06h01m27,0
OPENEJB-1627,TRUE,FALSE,Major,25662670,297d00h31m10,0
OPENEJB-1757,FALSE,FALSE,Major,64,00d00h01m04,0
OPENEJB-1961,TRUE,FALSE,Minor,14937,00d04h08m57,0
TOMEE-1767,TRUE,FALSE,Major,678,00d00h11m18,0
TOMEE-1765,TRUE,FALSE,Major,77,00d00h01m17,0
TOMEE-1764,TRUE,FALSE,Major,42,00d00h00m42,0
TOMEE-943,FALSE,FALSE,Major,454,00d00h07m34,0
OPENEJB-1620,TRUE,TRUE,Major,251,00d00h04m11,0
TOMEE-1169,TRUE,FALSE,Major,494,00d00h08m14,0
TOMEE-1007,FALSE,FALSE,Major,52,00d00h00m52,0
TOMEE-1004,FALSE,FALSE,Major,47,00d00h00m47,0
TOMEE-1002,TRUE,FALSE,Major,35,00d00h00m35,0
TOMEE-939,FALSE,FALSE,Major,40,00d00h00m40,0
TOMEE-1001,FALSE,FALSE,Major,149,00d00h02m29,0
TOMEE-1161,TRUE,TRUE,Major,3565,00d00h59m25,0
OPENEJB-1798,FALSE,FALSE,Major,3936801,45d13h33m21,0
TOMEE-936,TRUE,FALSE,Major,44,00d00h00m44,0
TOMEE-1162,TRUE,FALSE,Major,3522,00d00h58m42,0
TOMEE-1165,FALSE,FALSE,Major,25,00d00h00m25,0
TOMEE-931,TRUE,FALSE,Major,155,00d00h02m35,0
TOMEE-1008,FALSE,FALSE,Major,47,00d00h00m47,0
TOMEE-1009,TRUE,FALSE,Major,581,00d00h09m41,0
OPENEJB-824,FALSE,FALSE,Major,94409,01d02h13m29,0
OPENEJB-1573,FALSE,FALSE,Major,87,00d00h01m27,0
TOMEE-1819,FALSE,FALSE,Major,47,00d00h00m47,0
OPENEJB-1574,FALSE,FALSE,Major,5354743,61d23h25m43,0
OPENEJB-1577,FALSE,FALSE,Major,72,00d00h01m12,0
OPENEJB-986,FALSE,FALSE,Major,373,00d00h06m13,0
TOMEE-120,FALSE,FALSE,Major,12777,00d03h32m57,0
OPENEJB-549,TRUE,FALSE,Major,1145,00d00h19m05,0
OPENEJB-982,FALSE,FALSE,Major,1319,00d00h21m59,0
TOMEE-437,FALSE,FALSE,Major,6408635,74d04h10m35,0
OPENEJB-1776,TRUE,FALSE,Major,6382773,73d20h59m33,0
OPENEJB-546,TRUE,FALSE,Major,10302981,119d05h56m21,0
OPENEJB-540,FALSE,FALSE,Major,687209,07d22h53m29,0
OPENEJB-989,FALSE,FALSE,Major,10357339,119d21h02m19,0
OPENEJB-1771,TRUE,FALSE,Major,87,00d00h01m27,0
TOMEE-2446,FALSE,FALSE,Major,241810,02d19h10m10,0
TOMEE-735,FALSE,FALSE,Major,448,00d00h07m28,0
TOMEE-732,TRUE,FALSE,Major,206,00d00h03m26,0
TOMEE-731,TRUE,FALSE,Major,3634019,42d01h26m59,1
TOMEE-2102,FALSE,FALSE,Major,14872507,172d03h15m07,0
OPENEJB-695,FALSE,FALSE,Major,7961835,92d03h37m15,0
TOMEE-61,FALSE,FALSE,Major,10915,00d03h01m55,0
TOMEE-2060,FALSE,FALSE,Major,8791846,101d18h10m46,0
TOMEE-1718,TRUE,FALSE,Major,5023,00d01h23m43,0
TOMEE-1719,FALSE,FALSE,Major,28,00d00h00m28,0
TOMEE-2065,TRUE,FALSE,Major,565,00d00h09m25,0
TOMEE-2064,TRUE,FALSE,Major,21552,00d05h59m12,0
OPENEJB-919,FALSE,FALSE,Minor,4420,00d01h13m40,0
OPENEJB-1567,TRUE,FALSE,Major,552,00d00h09m12,0
TOMEE-1713,FALSE,FALSE,Major,55,00d00h00m55,0
TOMEE-1710,TRUE,FALSE,Major,34,00d00h00m34,0
TOMEE-1711,TRUE,FALSE,Major,499,00d00h08m19,0
OPENEJB-2134,FALSE,FALSE,Minor,1334,00d00h22m14,0
TOMEE-1119,FALSE,FALSE,Critical,47349,00d13h09m09,0
OPENEJB-1622,FALSE,FALSE,Major,92382652,1069d05h50m52,0
OPENEJB-997,FALSE,FALSE,Major,1318,00d00h21m58,0
TOMEE-1805,TRUE,FALSE,Major,43774,00d12h09m34,0
TOMEE-422,TRUE,FALSE,Major,685,00d00h11m25,0
TOMEE-424,TRUE,FALSE,Major,3195,00d00h53m15,0
OPENEJB-1116,FALSE,FALSE,Major,2493542,28d20h39m02,0
TOMEE-985,FALSE,FALSE,Major,3640,00d01h00m40,0
TOMEE-2610,FALSE,FALSE,Major,90,00d00h01m30,0
OPENEJB-1386,TRUE,FALSE,Major,4484,00d01h14m44,0
