BugID, #isArch, #isInduce, #Priority, #TimeSec, #Time, #Reopen
UIMA-2160,FALSE,FALSE,Major,81,00d00h01m21,0
UIMA-5904,FALSE,FALSE,Major,22784,00d06h19m44,0
UIMA-5905,FALSE,FALSE,Minor,19506,00d05h25m06,0
UIMA-1266,FALSE,FALSE,Major,17010113,196d21h01m53,0
UIMA-1548,FALSE,FALSE,Major,121,00d00h02m01,0
UIMA-1549,FALSE,FALSE,Trivial,1121581,12d23h33m01,0
UIMA-1956,FALSE,FALSE,Major,171385,01d23h36m25,0
UIMA-2565,TRUE,FALSE,Major,219219,02d12h53m39,0
UIMA-2166,FALSE,FALSE,Major,3676,00d01h01m16,0
UIMA-2560,FALSE,FALSE,Major,8886722,102d20h32m02,1
UIMA-2114,FALSE,FALSE,Major,13235455,153d04h30m55,0
UIMA-2115,FALSE,FALSE,Minor,8485981,98d05h13m01,0
UIMA-2440,FALSE,FALSE,Minor,28242314,326d21h05m14,0
UIMA-813,FALSE,FALSE,Major,456,00d00h07m36,0
UIMA-1649,FALSE,FALSE,Trivial,1811183,20d23h06m23,1
UIMA-2112,FALSE,FALSE,Major,556,00d00h09m16,0
UIMA-2113,FALSE,FALSE,Major,179,00d00h02m59,0
UIMA-1647,FALSE,FALSE,Blocker,339496,03d22h18m16,1
UIMA-1641,FALSE,FALSE,Major,203,00d00h03m23,0
UIMA-1316,TRUE,FALSE,Major,342159,03d23h02m39,0
UIMA-3794,TRUE,FALSE,Minor,90976,01d01h16m16,0
UIMA-427,FALSE,FALSE,Major,441,00d00h07m21,1
UIMA-426,FALSE,FALSE,Minor,335038,03d21h03m58,0
UIMA-421,TRUE,FALSE,Major,429378,04d23h16m18,0
UIMA-422,FALSE,FALSE,Major,3153189,36d11h53m09,1
UIMA-26,FALSE,FALSE,Major,7687710,88d23h28m30,1
UIMA-27,FALSE,FALSE,Minor,7689552,88d23h59m12,1
UIMA-429,FALSE,FALSE,Minor,1210403,14d00h13m23,0
UIMA-22,TRUE,FALSE,Critical,6818423,78d22h00m23,1
UIMA-23,FALSE,FALSE,Major,7749601,89d16h40m01,1
UIMA-252,FALSE,FALSE,Major,23033,00d06h23m53,0
UIMA-158,TRUE,FALSE,Major,13223083,153d01h04m43,0
UIMA-1948,FALSE,FALSE,Major,1656,00d00h27m36,0
UIMA-1866,FALSE,FALSE,Major,31347796,362d19h43m16,0
UIMA-256,TRUE,FALSE,Minor,75245,00d20h54m05,0
UIMA-1860,TRUE,FALSE,Major,1206466,13d23h07m46,0
UIMA-5830,TRUE,FALSE,Major,249035,02d21h10m35,0
UIMA-1942,FALSE,FALSE,Major,124869,01d10h41m09,0
UIMA-153,FALSE,FALSE,Minor,756,00d00h12m36,0
UIMA-1946,FALSE,FALSE,Major,1018,00d00h16m58,0
UIMA-1944,FALSE,FALSE,Major,2269586,26d06h26m26,0
UIMA-5839,TRUE,FALSE,Major,338891,03d22h08m11,0
UIMA-1576,TRUE,FALSE,Major,166,00d00h02m46,0
UIMA-5121,TRUE,FALSE,Major,10714,00d02h58m34,0
UIMA-1107,TRUE,FALSE,Major,11701705,135d10h28m25,1
UIMA-1892,TRUE,FALSE,Major,10985,00d03h03m05,0
UIMA-1894,TRUE,FALSE,Major,250767,02d21h39m27,0
UIMA-823,FALSE,FALSE,Major,11839,00d03h17m19,1
UIMA-1896,FALSE,FALSE,Trivial,98,00d00h01m38,0
UIMA-1897,FALSE,FALSE,Major,170,00d00h02m50,0
UIMA-3540,FALSE,FALSE,Minor,5797572,67d02h26m12,0
UIMA-693,FALSE,FALSE,Major,4491745,51d23h42m25,0
UIMA-1105,FALSE,FALSE,Major,130132,01d12h08m52,0
UIMA-2011,TRUE,FALSE,Minor,25407402,294d01h36m42,1
UIMA-2012,FALSE,FALSE,Minor,7753038,89d17h37m18,0
UIMA-6047,TRUE,FALSE,Major,3814738,44d03h38m58,0
UIMA-94,TRUE,FALSE,Trivial,3056814,35d09h06m54,0
UIMA-99,FALSE,FALSE,Trivial,4574968,52d22h49m28,0
UIMA-459,FALSE,FALSE,Minor,489000,05d15h50m00,0
UIMA-2383,FALSE,FALSE,Minor,65060011,753d00h13m31,0
UIMA-2382,TRUE,FALSE,Minor,540,00d00h09m00,0
UIMA-2384,FALSE,FALSE,Minor,39289116,454d17h38m36,0
UIMA-4301,FALSE,FALSE,Major,12209,00d03h23m29,0
UIMA-1606,FALSE,FALSE,Major,9101,00d02h31m41,0
UIMA-1228,TRUE,FALSE,Major,166154,01d22h09m14,0
UIMA-5601,TRUE,FALSE,Major,157924,01d19h52m04,0
UIMA-936,TRUE,FALSE,Major,4233,00d01h10m33,0
UIMA-935,FALSE,FALSE,Minor,126292,01d11h04m52,1
UIMA-1584,FALSE,FALSE,Major,446438,05d04h00m38,0
UIMA-1441,TRUE,FALSE,Minor,616,00d00h10m16,0
UIMA-1663,FALSE,FALSE,Major,268346,03d02h32m26,0
UIMA-4493,TRUE,FALSE,Major,19117,00d05h18m37,0
UIMA-607,TRUE,FALSE,Major,197291,02d06h48m11,0
UIMA-606,FALSE,FALSE,Minor,1127693,13d01h14m53,0
UIMA-5460,FALSE,FALSE,Major,52126,00d14h28m46,0
UIMA-5547,FALSE,FALSE,Minor,430571,04d23h36m11,0
UIMA-1045,TRUE,FALSE,Minor,5703,00d01h35m03,0
UIMA-1420,TRUE,FALSE,Major,379,00d00h06m19,0
UIMA-5018,FALSE,FALSE,Trivial,3108598,35d23h29m58,1
UIMA-4015,FALSE,FALSE,Minor,1033,00d00h17m13,0
UIMA-4542,TRUE,FALSE,Major,711,00d00h11m51,0
UIMA-4390,TRUE,FALSE,Major,158665,01d20h04m25,0
UIMA-4392,TRUE,FALSE,Minor,157340,01d19h42m20,0
UIMA-807,FALSE,FALSE,Minor,66501,00d18h28m21,1
UIMA-4017,FALSE,FALSE,Minor,172,00d00h02m52,0
UIMA-805,TRUE,FALSE,Major,1979,00d00h32m59,0
UIMA-4428,FALSE,FALSE,Major,792,00d00h13m12,0
UIMA-4786,FALSE,FALSE,Minor,14070639,162d20h30m39,0
UIMA-1344,FALSE,FALSE,Major,66647,00d18h30m47,0
UIMA-1615,FALSE,FALSE,Minor,17123,00d04h45m23,0
UIMA-1618,FALSE,FALSE,Major,2839,00d00h47m19,0
UIMA-1619,FALSE,FALSE,Major,1235201,14d07h06m41,0
UIMA-4099,TRUE,FALSE,Minor,877007,10d03h36m47,0
UIMA-3112,TRUE,FALSE,Major,187716,02d04h08m36,0
UIMA-5308,FALSE,FALSE,Major,276946,03d04h55m46,0
UIMA-5267,FALSE,FALSE,Major,4526,00d01h15m26,0
UIMA-5264,FALSE,FALSE,Major,55863,00d15h31m03,0
UIMA-2406,TRUE,FALSE,Major,175993,02d00h53m13,0
UIMA-672,FALSE,FALSE,Minor,6505455,75d07h04m15,0
UIMA-5304,TRUE,FALSE,Minor,17657,00d04h54m17,0
UIMA-2116,TRUE,FALSE,Minor,21266808,246d03h26m48,0
UIMA-1291,FALSE,FALSE,Trivial,17149690,198d11h48m10,0
UIMA-5063,FALSE,FALSE,Major,373702,04d07h48m22,1
UIMA-4580,FALSE,FALSE,Minor,29507005,341d12h23m25,0
UIMA-4167,FALSE,FALSE,Major,99883,01d03h44m43,0
UIMA-336,TRUE,FALSE,Major,77358,00d21h29m18,0
UIMA-1761,TRUE,FALSE,Trivial,1637,00d00h27m17,0
UIMA-231,FALSE,FALSE,Minor,1451,00d00h24m11,0
UIMA-1536,FALSE,FALSE,Minor,6001,00d01h40m01,0
UIMA-5285,FALSE,FALSE,Major,16109,00d04h28m29,0
UIMA-115,TRUE,FALSE,Major,3367859,38d23h30m59,0
UIMA-117,FALSE,FALSE,Minor,2219178,25d16h26m18,0
UIMA-113,FALSE,FALSE,Major,23786,00d06h36m26,0
UIMA-209,FALSE,FALSE,Major,69216,00d19h13m36,0
UIMA-1281,TRUE,FALSE,Minor,108378,01d06h06m18,0
UIMA-3722,TRUE,FALSE,Major,187323,02d04h02m03,0
UIMA-1582,FALSE,TRUE,Major,353104,04d02h05m04,0
UIMA-5607,TRUE,FALSE,Major,237795,02d18h03m15,0
UIMA-2247,FALSE,FALSE,Major,534210,06d04h23m30,0
UIMA-2240,TRUE,FALSE,Major,1167,00d00h19m27,0
UIMA-5600,FALSE,FALSE,Major,8746,00d02h25m46,0
UIMA-2242,FALSE,FALSE,Minor,301,00d00h05m01,0
UIMA-1990,FALSE,FALSE,Major,206,00d00h03m26,0
UIMA-898,FALSE,FALSE,Major,1126,00d00h18m46,0
UIMA-2051,FALSE,FALSE,Minor,951974,11d00h26m14,0
UIMA-2050,FALSE,FALSE,Trivial,3550272,41d02h11m12,0
UIMA-424,FALSE,FALSE,Major,480,00d00h08m00,0
UIMA-414,FALSE,FALSE,Minor,24217,00d06h43m37,0
UIMA-415,FALSE,FALSE,Minor,325,00d00h05m25,0
UIMA-410,FALSE,FALSE,Minor,269,00d00h04m29,0
UIMA-411,TRUE,FALSE,Major,699822,08d02h23m42,1
UIMA-362,FALSE,FALSE,Major,24675,00d06h51m15,0
UIMA-4342,FALSE,FALSE,Minor,2091052,24d04h50m52,0
UIMA-4340,FALSE,FALSE,Major,2186411,25d07h20m11,0
UIMA-367,TRUE,FALSE,Major,3025235,35d00h20m35,0
UIMA-364,FALSE,FALSE,Major,277,00d00h04m37,0
UIMA-365,FALSE,FALSE,Minor,682,00d00h11m22,0
UIMA-200,FALSE,FALSE,Minor,737,00d00h12m17,0
UIMA-5845,FALSE,FALSE,Major,30746400,355d20h40m00,0
UIMA-5844,TRUE,FALSE,Major,64948,00d18h02m28,0
UIMA-205,TRUE,FALSE,Major,2165305,25d01h28m25,1
UIMA-5841,TRUE,FALSE,Major,336100,03d21h21m40,0
UIMA-4267,FALSE,FALSE,Critical,1982,00d00h33m02,0
UIMA-4263,TRUE,FALSE,Minor,10884436,125d23h27m16,1
UIMA-6094,TRUE,FALSE,Major,718822,08d07h40m22,1
UIMA-61,TRUE,FALSE,Minor,1909749,22d02h29m09,1
UIMA-3752,TRUE,FALSE,Minor,1733666,20d01h34m26,1
UIMA-207,FALSE,FALSE,Minor,2742,00d00h45m42,0
UIMA-891,FALSE,FALSE,Major,66712,00d18h31m52,2
UIMA-206,FALSE,FALSE,Major,3229,00d00h53m49,0
UIMA-4863,FALSE,FALSE,Major,2424911,28d01h35m11,0
UIMA-20,FALSE,FALSE,Major,1145864,13d06h17m44,0
UIMA-520,TRUE,FALSE,Minor,25293,00d07h01m33,0
UIMA-522,TRUE,FALSE,Major,164087,01d21h34m47,1
UIMA-163,FALSE,FALSE,Critical,554,00d00h09m14,0
UIMA-527,FALSE,FALSE,Minor,794667,09d04h44m27,0
UIMA-529,TRUE,FALSE,Trivial,9085707,105d03h48m27,1
UIMA-897,FALSE,FALSE,Major,1179,00d00h19m39,0
UIMA-4192,FALSE,FALSE,Blocker,5634,00d01h33m54,0
UIMA-4190,TRUE,FALSE,Blocker,84299,00d23h24m59,0
UIMA-4191,TRUE,FALSE,Major,659196,07d15h06m36,0
UIMA-484,FALSE,FALSE,Minor,16587,00d04h36m27,0
UIMA-5368,FALSE,FALSE,Minor,2173,00d00h36m13,0
UIMA-480,FALSE,FALSE,Minor,16146,00d04h29m06,0
UIMA-4466,TRUE,FALSE,Major,6589,00d01h49m49,0
UIMA-1678,FALSE,TRUE,Major,19137,00d05h18m57,0
UIMA-659,FALSE,FALSE,Major,14447,00d04h00m47,0
UIMA-250,FALSE,FALSE,Major,610,00d00h10m10,0
UIMA-488,FALSE,FALSE,Major,235065,02d17h17m45,0
UIMA-656,FALSE,FALSE,Minor,2608,00d00h43m28,0
UIMA-4743,TRUE,FALSE,Major,17956102,207d19h48m22,1
UIMA-3504,TRUE,FALSE,Minor,607412,07d00h43m32,0
UIMA-3054,TRUE,FALSE,Major,5143,00d01h25m43,0
UIMA-257,FALSE,FALSE,Minor,2691,00d00h44m51,0
UIMA-1714,TRUE,FALSE,Major,22392912,259d04h15m12,0
UIMA-1499,TRUE,FALSE,Major,2216447,25d15h40m47,0
UIMA-1494,FALSE,FALSE,Minor,1170,00d00h19m30,0
UIMA-2212,FALSE,FALSE,Major,41168,00d11h26m08,0
UIMA-1491,TRUE,FALSE,Major,1226648,14d04h44m08,0
UIMA-941,FALSE,FALSE,Minor,45071067,521d15h44m27,0
UIMA-738,TRUE,FALSE,Major,320,00d00h05m20,0
UIMA-735,FALSE,FALSE,Minor,781,00d00h13m01,0
UIMA-730,TRUE,FALSE,Major,247,00d00h04m07,0
UIMA-733,TRUE,FALSE,Major,2272716,26d07h18m36,0
UIMA-732,TRUE,FALSE,Minor,1602,00d00h26m42,0
UIMA-5595,TRUE,FALSE,Minor,336992,03d21h36m32,1
UIMA-5346,FALSE,FALSE,Major,580,00d00h09m40,0
UIMA-5435,FALSE,FALSE,Minor,1494,00d00h24m54,0
UIMA-1012,FALSE,FALSE,Minor,5658,00d01h34m18,0
UIMA-5021,TRUE,FALSE,Major,174572,02d00h29m32,0
UIMA-4126,TRUE,FALSE,Major,1910597,22d02h43m17,0
UIMA-1150,TRUE,FALSE,Major,3912,00d01h05m12,0
UIMA-1400,TRUE,FALSE,Major,8646357,100d01h45m57,0
UIMA-2943,FALSE,FALSE,Major,282,00d00h04m42,0
UIMA-1404,FALSE,FALSE,Major,362538,04d04h42m18,0
UIMA-1158,FALSE,FALSE,Major,9656701,111d18h25m01,0
UIMA-1408,TRUE,FALSE,Minor,4977662,57d14h41m02,0
UIMA-385,FALSE,FALSE,Major,56,00d00h00m56,0
UIMA-387,TRUE,FALSE,Major,5079688,58d19h01m28,2
UIMA-5935,TRUE,FALSE,Major,3762302,43d13h05m02,0
UIMA-1273,FALSE,FALSE,Major,22797797,263d20h43m17,1
UIMA-1275,FALSE,FALSE,Trivial,242594,02d19h23m14,0
UIMA-2175,TRUE,FALSE,Minor,3171,00d00h52m51,0
UIMA-625,FALSE,FALSE,Trivial,6503,00d01h48m23,0
UIMA-1787,FALSE,FALSE,Minor,36494635,422d09h23m55,0
UIMA-623,TRUE,FALSE,Major,2023,00d00h33m43,0
UIMA-5238,FALSE,FALSE,Major,2088413,24d04h06m53,0
UIMA-740,FALSE,FALSE,Major,166494,01d22h14m54,1
UIMA-911,FALSE,FALSE,Minor,254255,02d22h37m35,0
UIMA-747,FALSE,FALSE,Major,1383745,16d00h22m25,0
UIMA-586,TRUE,FALSE,Major,21157,00d05h52m37,0
UIMA-5333,TRUE,FALSE,Minor,342690,03d23h11m30,0
UIMA-5339,FALSE,FALSE,Major,8188,00d02h16m28,0
UIMA-1650,FALSE,FALSE,Blocker,10522,00d02h55m22,0
UIMA-2716,FALSE,FALSE,Minor,3110936,36d00h08m56,0
UIMA-2872,FALSE,FALSE,Major,3375,00d00h56m15,0
UIMA-3784,TRUE,FALSE,Major,186154,02d03h42m34,0
UIMA-2712,FALSE,FALSE,Major,690767,07d23h52m47,1
UIMA-253,FALSE,FALSE,Major,94855,01d02h20m55,1
UIMA-2308,FALSE,FALSE,Major,344640,03d23h44m00,1
UIMA-5801,TRUE,FALSE,Major,716623,08d07h03m43,0
UIMA-14,FALSE,FALSE,Major,7839451,90d17h37m31,1
UIMA-583,FALSE,FALSE,Major,3816626,44d04h10m26,0
UIMA-245,FALSE,FALSE,Major,6427,00d01h47m07,0
UIMA-1877,FALSE,FALSE,Major,2677720,30d23h48m40,1
UIMA-247,TRUE,FALSE,Major,2771,00d00h46m11,0
UIMA-128,TRUE,FALSE,Minor,356377,04d02h59m37,0
UIMA-1873,FALSE,FALSE,Major,102,00d00h01m42,0
UIMA-1870,FALSE,FALSE,Minor,90,00d00h01m30,0
UIMA-1883,FALSE,FALSE,Major,2209942,25d13h52m22,0
UIMA-4133,FALSE,FALSE,Minor,793,00d00h13m13,0
UIMA-1879,FALSE,FALSE,Minor,2326681,26d22h18m01,0
UIMA-3655,TRUE,FALSE,Major,92907,01d01h48m27,0
UIMA-3652,TRUE,FALSE,Major,863764,09d23h56m04,0
UIMA-3807,FALSE,FALSE,Major,1789,00d00h29m49,0
UIMA-2374,FALSE,FALSE,Minor,17520266,202d18h44m26,0
UIMA-2376,FALSE,FALSE,Minor,6135247,71d00h14m07,0
UIMA-2279,FALSE,FALSE,Major,62417,00d17h20m17,0
UIMA-2373,FALSE,FALSE,Major,68188293,789d05h11m33,0
UIMA-1573,FALSE,FALSE,Minor,4907,00d01h21m47,0
UIMA-2270,FALSE,FALSE,Major,16704,00d04h38m24,0
UIMA-2379,FALSE,FALSE,Minor,36043462,417d04h04m22,0
UIMA-686,TRUE,FALSE,Minor,459835,05d07h43m55,0
UIMA-680,FALSE,FALSE,Critical,4946938,57d06h08m58,0
UIMA-1256,FALSE,FALSE,Major,463336,05d08h42m16,0
UIMA-443,TRUE,FALSE,Major,1152303,13d08h05m03,0
UIMA-442,FALSE,FALSE,Major,274521,03d04h15m21,0
UIMA-440,FALSE,FALSE,Critical,944,00d00h15m44,0
UIMA-1889,FALSE,FALSE,Major,405,00d00h06m45,0
UIMA-4095,TRUE,FALSE,Major,90032,01d01h00m32,0
UIMA-4094,TRUE,FALSE,Major,91239,01d01h20m39,0
UIMA-86,TRUE,FALSE,Minor,253522,02d22h25m22,0
UIMA-330,FALSE,FALSE,Major,53,00d00h00m53,0
UIMA-449,FALSE,FALSE,Critical,68065,00d18h54m25,0
UIMA-85,FALSE,FALSE,Minor,3707527,42d21h52m07,0
UIMA-83,FALSE,FALSE,Minor,3635874,42d01h57m54,1
UIMA-80,FALSE,FALSE,Minor,360804,04d04h13m24,0
UIMA-81,FALSE,FALSE,Major,2605338,30d03h42m18,0
UIMA-230,FALSE,FALSE,Major,1007,00d00h16m47,0
UIMA-4250,FALSE,FALSE,Major,192,00d00h03m12,0
UIMA-233,FALSE,FALSE,Critical,12085,00d03h21m25,0
UIMA-234,TRUE,FALSE,Major,446078,05d03h54m38,1
UIMA-397,FALSE,FALSE,Minor,318957,03d16h35m57,0
UIMA-2097,TRUE,FALSE,Minor,1255082,14d12h38m02,2
UIMA-2099,FALSE,FALSE,Minor,373,00d00h06m13,0
UIMA-202,FALSE,FALSE,Major,86,00d00h01m26,0
UIMA-519,TRUE,FALSE,Major,14318,00d03h58m38,0
UIMA-4487,TRUE,FALSE,Major,340199,03d22h29m59,0
UIMA-1111,FALSE,FALSE,Major,72170,00d20h02m50,0
UIMA-1839,FALSE,FALSE,Minor,191328,02d05h08m48,0
UIMA-5579,FALSE,FALSE,Major,43458,00d12h04m18,0
UIMA-5478,TRUE,FALSE,Major,2511,00d00h41m51,0
UIMA-5577,FALSE,FALSE,Major,74845,00d20h47m25,0
UIMA-5576,FALSE,FALSE,Major,456,00d00h07m36,0
UIMA-5575,FALSE,FALSE,Minor,22165,00d06h09m25,0
UIMA-5574,FALSE,FALSE,Major,263699,03d01h14m59,0
UIMA-1051,FALSE,TRUE,Minor,65312617,755d22h23m37,0
UIMA-5571,FALSE,FALSE,Major,1412,00d00h23m32,0
UIMA-5570,FALSE,FALSE,Major,1847,00d00h30m47,0
UIMA-1114,FALSE,FALSE,Minor,35621629,412d06h53m49,0
UIMA-4554,FALSE,FALSE,Minor,8532027,98d18h00m27,0
UIMA-1116,FALSE,FALSE,Major,36280404,419d21h53m24,0
UIMA-1058,FALSE,FALSE,Minor,39089322,452d10h08m42,0
UIMA-4002,FALSE,FALSE,Minor,871,00d00h14m31,0
UIMA-5578,FALSE,FALSE,Major,1419,00d00h23m39,0
UIMA-836,FALSE,FALSE,Major,7916,00d02h11m56,1
UIMA-835,FALSE,FALSE,Major,1439,00d00h23m59,0
UIMA-4823,TRUE,FALSE,Minor,11155067,129d02h37m47,0
UIMA-4820,TRUE,FALSE,Major,24014064,277d22h34m24,0
UIMA-4793,TRUE,FALSE,Major,48199496,557d20h44m56,1
UIMA-1625,FALSE,FALSE,Major,9379,00d02h36m19,0
UIMA-1621,FALSE,FALSE,Minor,528,00d00h08m48,0
UIMA-514,FALSE,FALSE,Major,978,00d00h16m18,0
UIMA-5689,FALSE,FALSE,Major,5444,00d01h30m44,0
UIMA-2148,TRUE,FALSE,Major,13276264,153d15h51m04,0
UIMA-5683,FALSE,FALSE,Major,3998,00d01h06m38,0
UIMA-668,TRUE,FALSE,Major,11874,00d03h17m54,0
UIMA-5378,FALSE,FALSE,Minor,90847,01d01h14m07,0
UIMA-2435,FALSE,FALSE,Minor,360353,04d04h05m53,0
UIMA-663,TRUE,FALSE,Major,875,00d00h14m35,0
UIMA-1123,FALSE,FALSE,Major,182304,02d02h38m24,0
UIMA-667,FALSE,FALSE,Minor,47423,00d13h10m23,0
UIMA-665,FALSE,FALSE,Major,1080,00d00h18m00,0
UIMA-4171,FALSE,FALSE,Major,21243,00d05h54m03,0
UIMA-1750,FALSE,FALSE,Minor,15060864,174d07h34m24,0
UIMA-1025,FALSE,FALSE,Minor,100831,01d04h00m31,1
UIMA-1024,FALSE,FALSE,Major,4238571,49d01h22m51,0
UIMA-1027,TRUE,FALSE,Major,258718,02d23h51m58,0
UIMA-4418,FALSE,FALSE,Minor,39757,00d11h02m37,0
UIMA-906,FALSE,FALSE,Major,12536,00d03h28m56,0
UIMA-6054,FALSE,FALSE,Trivial,1894196,21d22h09m56,1
UIMA-1248,FALSE,TRUE,Minor,168321163,1948d03h52m43,0
UIMA-1939,FALSE,FALSE,Major,1278349,14d19h05m49,0
UIMA-1523,TRUE,FALSE,Major,174197,02d00h23m17,0
UIMA-1525,FALSE,FALSE,Major,573,00d00h09m33,0
UIMA-2225,TRUE,TRUE,Major,6571106,76d01h18m26,1
UIMA-1242,TRUE,FALSE,Major,10777,00d02h59m37,0
UIMA-1244,FALSE,FALSE,Minor,91296,01d01h21m36,0
UIMA-1247,FALSE,FALSE,Minor,593126,06d20h45m26,0
UIMA-6016,TRUE,FALSE,Major,15378,00d04h16m18,0
UIMA-547,TRUE,FALSE,Major,1266,00d00h21m06,0
UIMA-5191,TRUE,FALSE,Major,75144,00d20h52m24,0
UIMA-84,FALSE,FALSE,Minor,3925603,45d10h26m43,1
UIMA-764,FALSE,FALSE,Major,1816907,21d00h41m47,1
UIMA-2101,TRUE,FALSE,Major,96525028,1117d04h30m28,0
UIMA-5201,TRUE,FALSE,Major,10470,00d02h54m30,0
UIMA-5202,FALSE,FALSE,Major,7741,00d02h09m01,0
UIMA-5613,FALSE,FALSE,Major,55485039,642d04h30m39,0
UIMA-2139,FALSE,FALSE,Major,2549,00d00h42m29,0
UIMA-2136,FALSE,FALSE,Major,141,00d00h02m21,0
UIMA-198,FALSE,FALSE,Minor,153010,01d18h30m10,0
UIMA-2983,FALSE,FALSE,Major,13046,00d03h37m26,0
UIMA-2829,FALSE,FALSE,Trivial,78110,00d21h41m50,0
UIMA-462,TRUE,FALSE,Major,20804,00d05h46m44,0
UIMA-407,TRUE,FALSE,Minor,17431136,201d17h58m56,1
UIMA-2822,FALSE,FALSE,Major,435,00d00h07m15,0
UIMA-404,FALSE,FALSE,Major,379,00d00h06m19,0
UIMA-402,TRUE,FALSE,Major,3010023,34d20h07m03,0
UIMA-2049,FALSE,FALSE,Major,72445194,838d11h39m54,1
UIMA-374,FALSE,FALSE,Major,4570231,52d21h30m31,0
UIMA-376,FALSE,FALSE,Trivial,53,00d00h00m53,0
UIMA-279,FALSE,FALSE,Minor,581662,06d17h34m22,1
UIMA-4352,TRUE,FALSE,Minor,1510034,17d11h27m14,0
UIMA-1808,FALSE,FALSE,Minor,1016107,11d18h15m07,0
UIMA-2295,FALSE,FALSE,Major,658,00d00h10m58,0
UIMA-2293,FALSE,FALSE,Major,4699,00d01h18m19,0
UIMA-271,FALSE,FALSE,Trivial,10250868,118d15h27m48,0
UIMA-2291,FALSE,FALSE,Major,696078,08d01h21m18,1
UIMA-320,FALSE,FALSE,Major,19962,00d05h32m42,0
UIMA-58,FALSE,FALSE,Major,289,00d00h04m49,0
UIMA-5103,FALSE,FALSE,Major,1530,00d00h25m30,0
UIMA-57,TRUE,FALSE,Major,2105,00d00h35m05,0
UIMA-3404,FALSE,FALSE,Minor,2780,00d00h46m20,0
UIMA-1929,FALSE,FALSE,Major,31890,00d08h51m30,0
UIMA-1036,FALSE,FALSE,Trivial,32106645,371d14h30m45,0
UIMA-3567,FALSE,FALSE,Minor,34914,00d09h41m54,0
UIMA-5532,TRUE,FALSE,Major,800581,09d06h23m01,1
UIMA-534,TRUE,FALSE,Minor,227383,02d15h09m43,0
UIMA-2917,TRUE,FALSE,Minor,512191,05d22h16m31,0
UIMA-300,FALSE,FALSE,Major,253816,02d22h30m16,0
UIMA-873,FALSE,FALSE,Minor,80412,00d22h20m12,0
UIMA-302,FALSE,FALSE,Major,240264,02d18h44m24,0
UIMA-303,FALSE,FALSE,Minor,10558324,122d04h52m04,0
UIMA-304,FALSE,FALSE,Major,561,00d00h09m21,0
UIMA-308,TRUE,FALSE,Minor,175,00d00h02m55,0
UIMA-878,FALSE,FALSE,Major,1062,00d00h17m42,0
UIMA-879,FALSE,FALSE,Critical,7547,00d02h05m47,0
UIMA-3063,FALSE,FALSE,Major,445885,05d03h51m25,0
UIMA-2486,TRUE,FALSE,Major,527070,06d02h24m30,0
UIMA-761,FALSE,FALSE,Major,86,00d00h01m26,0
UIMA-951,FALSE,FALSE,Major,348528,04d00h48m48,1
UIMA-899,FALSE,FALSE,Major,1140168,13d04h42m48,0
UIMA-1465,TRUE,FALSE,Major,1129,00d00h18m49,0
UIMA-1467,TRUE,FALSE,Major,14402,00d04h00m02,0
UIMA-1466,TRUE,TRUE,Major,14439,00d04h00m39,0
UIMA-890,FALSE,FALSE,Major,3195,00d00h53m15,1
UIMA-958,FALSE,FALSE,Minor,304,00d00h05m04,0
UIMA-892,FALSE,FALSE,Minor,518,00d00h08m38,0
UIMA-1664,FALSE,FALSE,Blocker,75891,00d21h04m51,1
UIMA-894,FALSE,FALSE,Major,446694,05d04h04m54,1
UIMA-3985,FALSE,FALSE,Trivial,463,00d00h07m43,0
UIMA-31,FALSE,FALSE,Minor,1396433,16d03h53m53,0
UIMA-3080,FALSE,FALSE,Major,519176,06d00h12m56,0
UIMA-1493,FALSE,FALSE,Minor,9988,00d02h46m28,0
UIMA-3086,FALSE,FALSE,Major,486,00d00h08m06,0
UIMA-1386,FALSE,FALSE,Major,30668,00d08h31m08,0
UIMA-1380,TRUE,FALSE,Major,376,00d00h06m16,0
UIMA-589,FALSE,FALSE,Major,696487,08d01h28m07,0
UIMA-4134,FALSE,FALSE,Trivial,48484,00d13h28m04,0
UIMA-4131,FALSE,FALSE,Major,82899,00d23h01m39,0
UIMA-629,FALSE,FALSE,Minor,57293911,663d02h58m31,0
UIMA-5408,FALSE,FALSE,Minor,10973775,127d00h16m15,0
UIMA-1142,FALSE,FALSE,Minor,3896,00d01h04m56,0
UIMA-1415,FALSE,FALSE,Minor,381,00d00h06m21,0
UIMA-4031,FALSE,FALSE,Minor,147,00d00h02m27,0
UIMA-393,FALSE,FALSE,Major,55,00d00h00m55,0
UIMA-392,FALSE,FALSE,Major,706705,08d04h18m25,0
UIMA-4915,FALSE,FALSE,Major,92963,01d01h49m23,0
UIMA-1418,TRUE,FALSE,Major,2288,00d00h38m08,0
UIMA-396,FALSE,FALSE,Trivial,610,00d00h10m10,0
UIMA-394,TRUE,FALSE,Minor,1623693,18d19h01m33,0
UIMA-269,TRUE,FALSE,Minor,10261952,118d18h32m32,0
UIMA-1203,FALSE,FALSE,Minor,348,00d00h05m48,0
UIMA-1202,TRUE,FALSE,Minor,73129,00d20h18m49,0
UIMA-5394,FALSE,FALSE,Minor,209,00d00h03m29,0
UIMA-1208,FALSE,FALSE,Minor,4244145,49d02h55m45,0
UIMA-5390,TRUE,FALSE,Minor,29125743,337d02h29m03,0
UIMA-266,FALSE,FALSE,Minor,7928,00d02h12m08,0
UIMA-1953,FALSE,FALSE,Major,41227,00d11h27m07,0
UIMA-468,FALSE,FALSE,Major,891,00d00h14m51,0
UIMA-5719,FALSE,FALSE,Major,20093,00d05h34m53,0
UIMA-5713,FALSE,FALSE,Major,1811,00d00h30m11,0
UIMA-263,FALSE,FALSE,Minor,1823,00d00h30m23,0
UIMA-2463,TRUE,FALSE,Minor,52307677,605d09h54m37,0
UIMA-5715,FALSE,FALSE,Major,350,00d00h05m50,0
UIMA-1954,FALSE,FALSE,Major,129,00d00h02m09,0
UIMA-1708,FALSE,FALSE,Minor,4850,00d01h20m50,0
UIMA-4148,FALSE,FALSE,Major,406165,04d16h49m25,0
UIMA-261,FALSE,FALSE,Major,17812,00d04h56m52,0
UIMA-5497,TRUE,FALSE,Minor,3893100,45d01h25m00,0
UIMA-77,TRUE,FALSE,Major,6389887,73d22h58m07,1
UIMA-1703,FALSE,FALSE,Major,248035,02d20h53m55,0
UIMA-4147,FALSE,FALSE,Major,408885,04d17h34m45,0
UIMA-2977,TRUE,FALSE,Major,106357483,1230d23h44m43,1
UIMA-1512,FALSE,FALSE,Trivial,430,00d00h07m10,0
UIMA-1840,TRUE,FALSE,Major,4315074,49d22h37m54,1
UIMA-1847,FALSE,FALSE,Major,88835556,1028d04h32m36,1
UIMA-1846,FALSE,FALSE,Major,88925447,1029d05h30m47,1
UIMA-1844,FALSE,FALSE,Trivial,90551591,1048d01h13m11,1
UIMA-1960,FALSE,FALSE,Major,4255,00d01h10m55,0
UIMA-1688,FALSE,FALSE,Major,4236,00d01h10m36,0
UIMA-1965,FALSE,FALSE,Major,51602,00d14h20m02,0
UIMA-1966,FALSE,FALSE,Major,2161,00d00h36m01,0
UIMA-138,FALSE,FALSE,Major,1228395,14d05h13m15,0
UIMA-137,FALSE,FALSE,Minor,4500770,52d02h12m50,1
UIMA-136,TRUE,FALSE,Major,4503249,52d02h54m09,1
UIMA-1683,FALSE,FALSE,Minor,178660,02d01h37m40,1
UIMA-1516,TRUE,FALSE,Minor,178274,02d01h31m14,0
UIMA-133,FALSE,FALSE,Major,3802,00d01h03m22,0
UIMA-1687,FALSE,FALSE,Minor,90985,01d01h16m25,0
UIMA-130,TRUE,FALSE,Minor,4823766,55d19h56m06,1
UIMA-901,FALSE,FALSE,Minor,941528,10d21h32m08,0
UIMA-633,FALSE,FALSE,Major,10383,00d02h53m03,0
UIMA-4541,FALSE,FALSE,Major,2077,00d00h34m37,0
UIMA-1566,FALSE,FALSE,Blocker,8687,00d02h24m47,1
UIMA-2265,TRUE,FALSE,Major,1371023,15d20h50m23,1
UIMA-1560,FALSE,FALSE,Major,166679,01d22h17m59,1
UIMA-5925,FALSE,FALSE,Minor,4113,00d01h08m33,1
UIMA-5148,TRUE,FALSE,Minor,113564,01d07h32m44,0
UIMA-3133,FALSE,FALSE,Major,69408,00d19h16m48,1
UIMA-6064,TRUE,FALSE,Major,1159385,13d10h03m05,0
UIMA-579,FALSE,FALSE,Major,87973,01d00h26m13,0
UIMA-1521,FALSE,FALSE,Major,3689,00d01h01m29,0
UIMA-575,FALSE,FALSE,Minor,59503,00d16h31m43,0
UIMA-574,TRUE,FALSE,Major,4427968,51d05h59m28,1
UIMA-2033,FALSE,FALSE,Minor,546,00d00h09m06,0
UIMA-2031,FALSE,FALSE,Minor,771269,08d22h14m29,0
UIMA-639,FALSE,FALSE,Major,1870598,21d15h36m38,1
UIMA-476,TRUE,FALSE,Major,3420013,39d14h00m13,1
UIMA-474,FALSE,FALSE,Major,110,00d00h01m50,0
UIMA-475,TRUE,FALSE,Minor,20018452,231d16h40m52,0
UIMA-4080,FALSE,FALSE,Major,12790,00d03h33m10,0
UIMA-4081,FALSE,FALSE,Major,167,00d00h02m47,0
UIMA-4083,TRUE,FALSE,Major,90313,01d01h05m13,1
UIMA-347,TRUE,FALSE,Major,11476310,132d19h51m50,1
UIMA-479,TRUE,FALSE,Major,173814,02d00h16m54,1
UIMA-223,FALSE,FALSE,Major,64364,00d17h52m44,0
UIMA-222,FALSE,FALSE,Critical,2846,00d00h47m26,0
UIMA-188,FALSE,FALSE,Minor,206202,02d09h16m42,1
UIMA-220,TRUE,FALSE,Major,2571,00d00h42m51,0
UIMA-227,FALSE,FALSE,Minor,1309,00d00h21m49,0
UIMA-226,FALSE,FALSE,Major,71,00d00h01m11,0
UIMA-225,FALSE,FALSE,Major,1667914,19d07h18m34,1
UIMA-389,TRUE,FALSE,Major,718,00d00h11m58,0
UIMA-356,FALSE,FALSE,Minor,167,00d00h02m47,0
UIMA-229,TRUE,FALSE,Minor,13551,00d03h45m51,0
UIMA-5593,TRUE,FALSE,Major,18880,00d05h14m40,0
UIMA-186,TRUE,FALSE,Major,1364,00d00h22m44,0
UIMA-187,FALSE,FALSE,Major,319461,03d16h44m21,0
UIMA-3143,FALSE,FALSE,Major,85432,00d23h43m52,0
UIMA-780,TRUE,FALSE,Minor,160317,01d20h31m57,0
UIMA-5446,TRUE,FALSE,Major,4532,00d01h15m32,0
UIMA-4548,FALSE,FALSE,Major,17039,00d04h43m59,0
UIMA-982,FALSE,FALSE,Trivial,3287,00d00h54m47,0
UIMA-828,FALSE,FALSE,Major,25196,00d06h59m56,0
UIMA-383,FALSE,FALSE,Major,261,00d00h04m21,0
UIMA-4565,FALSE,FALSE,Major,502254,05d19h30m54,1
UIMA-985,FALSE,FALSE,Minor,46572624,539d00h50m24,0
UIMA-821,FALSE,FALSE,Major,23484,00d06h31m24,0
UIMA-2883,FALSE,FALSE,Major,682,00d00h11m22,0
UIMA-988,FALSE,FALSE,Major,573,00d00h09m33,0
UIMA-822,FALSE,FALSE,Major,143,00d00h02m23,0
UIMA-826,TRUE,FALSE,Major,1182176,13d16h22m56,1
UIMA-44,TRUE,FALSE,Minor,424040,04d21h47m20,0
UIMA-298,TRUE,FALSE,Major,329,00d00h05m29,0
UIMA-4769,TRUE,FALSE,Major,15032386,173d23h39m46,0
UIMA-297,TRUE,FALSE,Major,420023,04d20h40m23,1
UIMA-294,TRUE,FALSE,Major,346,00d00h05m46,0
UIMA-293,TRUE,FALSE,Major,5217,00d01h26m57,0
UIMA-290,FALSE,FALSE,Major,405729,04d16h42m09,1
UIMA-291,FALSE,FALSE,Major,1127,00d00h18m47,0
UIMA-1325,FALSE,FALSE,Minor,17665,00d04h54m25,0
UIMA-1320,TRUE,FALSE,Minor,133338639,1543d06h30m39,0
UIMA-1736,FALSE,FALSE,Minor,21610865,250d03h01m05,0
UIMA-1086,FALSE,FALSE,Trivial,252,00d00h04m12,0
UIMA-5691,FALSE,FALSE,Minor,6486,00d01h48m06,0
UIMA-2422,FALSE,FALSE,Major,299,00d00h04m59,0
UIMA-5369,TRUE,FALSE,Minor,51482110,595d20h35m10,0
UIMA-5366,FALSE,FALSE,Major,3119,00d00h51m59,0
UIMA-654,FALSE,FALSE,Major,42,00d00h00m42,0
UIMA-655,FALSE,FALSE,Major,427,00d00h07m07,0
UIMA-5363,FALSE,FALSE,Major,18791,00d05h13m11,0
UIMA-5361,FALSE,FALSE,Major,75625,00d21h00m25,0
UIMA-4105,FALSE,FALSE,Major,341223,03d22h47m03,0
UIMA-5597,FALSE,FALSE,Major,56425434,653d01h43m54,0
UIMA-4101,FALSE,FALSE,Major,2751,00d00h45m51,0
UIMA-4100,TRUE,FALSE,Major,775566,08d23h26m06,0
UIMA-5041,TRUE,FALSE,Minor,20150,00d05h35m50,0
UIMA-4102,FALSE,FALSE,Minor,1600,00d00h26m40,0
UIMA-1425,FALSE,FALSE,Major,83,00d00h01m23,0
UIMA-4060,TRUE,FALSE,Minor,1180,00d00h19m40,0
UIMA-989,FALSE,FALSE,Major,1719877,19d21h44m37,1
UIMA-1421,FALSE,FALSE,Major,230,00d00h03m50,0
UIMA-5598,FALSE,FALSE,Major,418,00d00h06m58,0
UIMA-1423,FALSE,FALSE,Major,9477,00d02h37m57,0
UIMA-1569,TRUE,FALSE,Major,118709,01d08h58m29,0
UIMA-5913,FALSE,FALSE,Minor,5398915,62d11h41m55,0
UIMA-1928,FALSE,FALSE,Major,1787,00d00h29m47,0
UIMA-1882,FALSE,FALSE,Major,7257895,84d00h04m55,0
UIMA-2211,TRUE,FALSE,Major,281423,03d06h10m23,1
UIMA-1250,TRUE,FALSE,Minor,19885,00d05h31m25,0
UIMA-1251,FALSE,FALSE,Major,20232893,234d04h14m53,0
UIMA-1920,FALSE,FALSE,Minor,7547,00d02h05m47,0
UIMA-496,TRUE,FALSE,Major,20627,00d05h43m47,1
UIMA-1922,FALSE,FALSE,Trivial,2511687,29d01h41m27,0
UIMA-1888,FALSE,FALSE,Major,51061,00d14h11m01,0
UIMA-1268,FALSE,FALSE,Major,265,00d00h04m25,0
UIMA-490,FALSE,FALSE,Minor,4323,00d01h12m03,0
UIMA-491,FALSE,FALSE,Major,1300,00d00h21m40,0
UIMA-2693,TRUE,FALSE,Major,16554687,191d14h31m27,0
UIMA-5628,FALSE,FALSE,Minor,275527,03d04h32m07,0
UIMA-2695,TRUE,FALSE,Minor,2468653,28d13h44m13,0
UIMA-2694,FALSE,FALSE,Trivial,17056,00d04h44m16,0
UIMA-2511,FALSE,FALSE,Major,19159612,221d18h06m52,0
UIMA-5621,FALSE,FALSE,Major,1638,00d00h27m18,0
UIMA-5620,TRUE,FALSE,Major,62870,00d17h27m50,0
UIMA-5627,FALSE,FALSE,Major,16135,00d04h28m55,0
UIMA-2515,FALSE,FALSE,Major,3651286,42d06h14m46,1
UIMA-5624,FALSE,FALSE,Minor,7868,00d02h11m08,0
UIMA-5740,TRUE,FALSE,Minor,10296901,119d04h15m01,0
UIMA-2453,TRUE,FALSE,Minor,294263,03d09h44m23,1
UIMA-2107,FALSE,FALSE,Major,616485,07d03h14m45,0
UIMA-5961,TRUE,FALSE,Major,14432531,167d01h02m11,0
UIMA-2457,FALSE,FALSE,Minor,575,00d00h09m35,0
UIMA-1631,FALSE,FALSE,Major,134,00d00h02m14,0
UIMA-437,TRUE,FALSE,Major,433596,05d00h26m36,0
UIMA-435,FALSE,FALSE,Major,1867,00d00h31m07,0
UIMA-65,FALSE,FALSE,Major,80,00d00h01m20,0
UIMA-34,FALSE,FALSE,Minor,2248424,26d00h33m44,0
UIMA-2677,TRUE,FALSE,Minor,4723367,54d16h02m47,0
UIMA-1958,FALSE,FALSE,Blocker,9917,00d02h45m17,0
UIMA-5827,FALSE,FALSE,Minor,251403,02d21h50m03,0
UIMA-5826,TRUE,FALSE,Major,258253,02d23h44m13,0
UIMA-4208,FALSE,FALSE,Major,203,00d00h03m23,0
UIMA-1817,FALSE,FALSE,Major,2221587,25d17h06m27,0
UIMA-1951,FALSE,FALSE,Minor,10054,00d02h47m34,0
UIMA-1950,TRUE,FALSE,Major,4996,00d01h23m16,0
UIMA-4204,FALSE,FALSE,Blocker,127120,01d11h18m40,0
UIMA-264,FALSE,FALSE,Major,6537,00d01h48m57,0
UIMA-5829,TRUE,FALSE,Minor,249355,02d21h15m55,0
UIMA-5828,TRUE,FALSE,Minor,249931,02d21h25m31,0
UIMA-4200,FALSE,FALSE,Blocker,319735,03d16h48m55,0
UIMA-4201,FALSE,FALSE,Major,221706,02d13h35m06,0
UIMA-141,FALSE,FALSE,Major,30830,00d08h33m50,0
UIMA-628,FALSE,FALSE,Major,174,00d00h02m54,0
UIMA-148,FALSE,FALSE,Minor,3458,00d00h57m38,0
UIMA-3776,TRUE,FALSE,Major,83337,00d23h08m57,0
UIMA-3774,TRUE,FALSE,Major,544010,06d07h06m50,1
UIMA-43,FALSE,FALSE,Major,957326,11d01h55m26,0
UIMA-40,TRUE,FALSE,Major,7603474,88d00h04m34,1
UIMA-41,FALSE,FALSE,Major,1115806,12d21h56m46,1
UIMA-46,TRUE,FALSE,Major,7509998,86d22h06m38,1
UIMA-2350,TRUE,FALSE,Minor,96685,01d02h51m25,0
UIMA-2603,FALSE,FALSE,Minor,431316,04d23h48m36,0
UIMA-313,TRUE,FALSE,Critical,56986,00d15h49m46,0
UIMA-3003,FALSE,FALSE,Major,1284,00d00h21m24,0
UIMA-3415,TRUE,FALSE,Major,2267993,26d05h59m53,1
UIMA-312,FALSE,FALSE,Minor,2310,00d00h38m30,0
UIMA-5974,TRUE,FALSE,Major,67762,00d18h49m22,0
UIMA-6055,FALSE,FALSE,Minor,1888746,21d20h39m06,0
UIMA-1718,FALSE,FALSE,Major,392,00d00h06m32,0
UIMA-6057,FALSE,FALSE,Major,2805678,32d11h21m18,0
UIMA-6056,FALSE,FALSE,Minor,1884670,21d19h31m10,0
UIMA-289,FALSE,FALSE,Minor,77,00d00h01m17,0
UIMA-1561,FALSE,FALSE,Trivial,365422,04d05h30m22,0
UIMA-3528,FALSE,FALSE,Trivial,57,00d00h00m57,0
UIMA-288,FALSE,FALSE,Trivial,185,00d00h03m05,0
UIMA-262,FALSE,FALSE,Minor,1527,00d00h25m27,0
UIMA-508,FALSE,FALSE,Minor,75,00d00h01m15,0
UIMA-316,FALSE,FALSE,Trivial,13301538,153d22h52m18,0
UIMA-865,FALSE,FALSE,Major,43841,00d12h10m41,0
UIMA-864,FALSE,FALSE,Major,44891,00d12h28m11,1
UIMA-310,TRUE,FALSE,Major,438,00d00h07m18,0
UIMA-317,FALSE,FALSE,Trivial,1727466,19d23h51m06,1
UIMA-860,FALSE,FALSE,Major,44407487,513d23h24m47,1
UIMA-863,FALSE,FALSE,Major,1999113,23d03h18m33,1
UIMA-314,FALSE,FALSE,Major,191,00d00h03m11,0
UIMA-4721,FALSE,FALSE,Minor,16735666,193d16h47m46,0
UIMA-4722,FALSE,FALSE,Minor,16693640,193d05h07m20,0
UIMA-1562,TRUE,FALSE,Critical,7979,00d02h12m59,0
UIMA-2078,TRUE,FALSE,Major,2765788,32d00h16m28,0
UIMA-3072,FALSE,FALSE,Major,11177,00d03h06m17,0
UIMA-741,TRUE,FALSE,Major,2403,00d00h40m03,0
UIMA-1473,FALSE,FALSE,Major,213,00d00h03m33,0
UIMA-1470,FALSE,FALSE,Major,2471,00d00h41m11,0
UIMA-888,FALSE,FALSE,Minor,107,00d00h01m47,0
UIMA-1478,FALSE,FALSE,Major,121591202,1407d07h20m02,0
UIMA-221,FALSE,FALSE,Major,7301,00d02h01m41,0
UIMA-4728,FALSE,FALSE,Major,3896,00d01h04m56,0
UIMA-619,FALSE,FALSE,Minor,10569,00d02h56m09,0
UIMA-5797,FALSE,FALSE,Critical,1573530,18d05h05m30,0
UIMA-5410,FALSE,FALSE,Major,10972086,126d23h48m06,0
UIMA-5976,TRUE,FALSE,Major,1879,00d00h31m19,0
UIMA-5799,TRUE,TRUE,Major,1322831,15d07h27m11,0
UIMA-5798,TRUE,TRUE,Critical,1323172,15d07h32m52,0
UIMA-616,FALSE,FALSE,Minor,1034288,11d23h18m08,0
UIMA-591,TRUE,FALSE,Minor,12701409,147d00h10m09,0
UIMA-5553,TRUE,FALSE,Major,296489,03d10h21m29,0
UIMA-5552,TRUE,FALSE,Major,49891,00d13h51m31,0
UIMA-5554,FALSE,FALSE,Major,544274,06d07h11m14,0
UIMA-5557,FALSE,FALSE,Major,274079,03d04h07m59,0
UIMA-5556,FALSE,FALSE,Major,287975,03d07h59m35,0
UIMA-599,FALSE,FALSE,Trivial,1881348,21d18h35m48,0
UIMA-5558,TRUE,FALSE,Minor,256284,02d23h11m24,0
UIMA-4533,TRUE,FALSE,Major,286242,03d07h30m42,0
UIMA-4534,FALSE,FALSE,Major,282171,03d06h22m51,0
UIMA-2475,FALSE,FALSE,Major,21788300,252d04h18m20,0
UIMA-810,FALSE,FALSE,Minor,154,00d00h02m34,0
UIMA-4433,FALSE,FALSE,Minor,2434724,28d04h18m44,0
UIMA-4920,TRUE,FALSE,Minor,6042259,69d22h24m19,0
UIMA-814,TRUE,FALSE,Major,7107,00d01h58m27,0
UIMA-3396,TRUE,FALSE,Major,40868,00d11h21m08,0
UIMA-1601,FALSE,FALSE,Major,58855579,681d04h46m19,0
UIMA-1600,FALSE,FALSE,Major,65,00d00h01m05,0
UIMA-2485,FALSE,FALSE,Major,16066744,185d22h59m04,0
UIMA-5384,TRUE,FALSE,Major,2479766,28d16h49m26,0
UIMA-5421,FALSE,FALSE,Major,2430699,28d03h11m39,0
UIMA-5387,FALSE,FALSE,Minor,270,00d00h04m30,0
UIMA-1609,FALSE,FALSE,Minor,70508,00d19h35m08,1
UIMA-1352,TRUE,FALSE,Major,7127859,82d11h57m39,1
UIMA-2488,FALSE,FALSE,Major,242612,02d19h23m32,0
UIMA-4562,FALSE,FALSE,Minor,180,00d00h03m00,0
UIMA-1304,FALSE,FALSE,Minor,13232594,153d03h43m14,0
UIMA-189,FALSE,FALSE,Major,46513,00d12h55m13,0
UIMA-400,FALSE,FALSE,Minor,2424597,28d01h29m57,0
UIMA-2418,TRUE,FALSE,Minor,11389719,131d19h48m39,0
UIMA-5259,TRUE,FALSE,Minor,1832638,21d05h03m58,0
UIMA-5704,FALSE,FALSE,Major,1693,00d00h28m13,0
UIMA-5706,TRUE,FALSE,Minor,680202,07d20h56m42,0
UIMA-5252,FALSE,FALSE,Major,7173,00d01h59m33,0
UIMA-1280,FALSE,FALSE,Minor,18743894,216d22h38m14,0
UIMA-5250,TRUE,FALSE,Major,298733,03d10h58m53,0
UIMA-5251,TRUE,FALSE,Major,297248,03d10h34m08,0
UIMA-4158,TRUE,FALSE,Minor,1213290,14d01h01m30,0
UIMA-4159,FALSE,FALSE,Major,268132,03d02h28m52,0
UIMA-1774,TRUE,FALSE,Major,3517,00d00h58m37,0
UIMA-5097,FALSE,FALSE,Major,19760,00d05h29m20,0
UIMA-1771,FALSE,FALSE,Minor,11996159,138d20h15m59,0
UIMA-4248,FALSE,FALSE,Blocker,17529,00d04h52m09,0
UIMA-2634,FALSE,FALSE,Minor,37752596,436d22h49m56,0
UIMA-1858,FALSE,FALSE,Minor,115,00d00h01m55,0
UIMA-1859,TRUE,FALSE,Major,8728398,101d00h33m18,1
UIMA-2633,FALSE,FALSE,Major,4659,00d01h17m39,0
UIMA-1854,FALSE,FALSE,Major,688,00d00h11m28,0
UIMA-889,FALSE,FALSE,Minor,922,00d00h15m22,0
UIMA-1853,FALSE,FALSE,Minor,90777,01d01h12m57,0
UIMA-100,TRUE,FALSE,Major,380,00d00h06m20,0
UIMA-101,TRUE,FALSE,Major,263239,03d01h07m19,0
UIMA-2481,FALSE,FALSE,Minor,152391,01d18h19m51,0
UIMA-105,TRUE,FALSE,Minor,652,00d00h10m52,0
UIMA-1692,FALSE,FALSE,Major,32132,00d08h55m32,1
UIMA-1690,TRUE,FALSE,Major,2418,00d00h40m18,0
UIMA-677,FALSE,FALSE,Major,3811447,44d02h44m07,0
UIMA-1694,FALSE,FALSE,Major,7698,00d02h08m18,0
UIMA-270,FALSE,FALSE,Trivial,10523123,121d19h05m23,0
UIMA-5171,FALSE,FALSE,Major,4293,00d01h11m33,0
UIMA-5177,TRUE,FALSE,Minor,3214092,37d04h48m12,1
UIMA-5176,FALSE,FALSE,Minor,4502,00d01h15m02,0
UIMA-727,TRUE,FALSE,Minor,1939354,22d10h42m34,0
UIMA-2253,FALSE,FALSE,Major,1144,00d00h19m04,0
UIMA-5674,TRUE,FALSE,Major,8078,00d02h14m38,0
UIMA-272,FALSE,FALSE,Major,302006,03d11h53m26,0
UIMA-1599,TRUE,FALSE,Major,3106,00d00h51m46,0
UIMA-2155,FALSE,FALSE,Major,77967747,902d09h42m27,1
UIMA-469,FALSE,FALSE,Major,571,00d00h09m31,0
UIMA-5353,FALSE,FALSE,Minor,805,00d00h13m25,0
UIMA-2022,FALSE,FALSE,Major,14571,00d04h02m51,0
UIMA-3121,TRUE,FALSE,Minor,307,00d00h05m07,0
UIMA-3695,FALSE,FALSE,Major,8648215,100d02h16m55,0
UIMA-544,TRUE,FALSE,Minor,3684193,42d15h23m13,0
UIMA-545,FALSE,FALSE,Major,29298,00d08h08m18,0
UIMA-549,FALSE,FALSE,Minor,66,00d00h01m06,0
UIMA-464,TRUE,FALSE,Major,498829,05d18h33m49,0
UIMA-467,TRUE,FALSE,Major,21842,00d06h04m02,0
UIMA-1829,FALSE,FALSE,Major,60386,00d16h46m26,1
UIMA-359,TRUE,FALSE,Major,5725892,66d06h31m32,1
UIMA-4377,FALSE,FALSE,Minor,11904,00d03h18m24,0
UIMA-2808,TRUE,FALSE,Major,2692988,31d04h03m08,0
UIMA-16,FALSE,FALSE,Blocker,7777250,90d00h20m50,1
UIMA-578,FALSE,FALSE,Minor,12426,00d03h27m06,0
UIMA-217,FALSE,FALSE,Minor,1960004,22d16h26m44,1
UIMA-214,TRUE,FALSE,Minor,255375,02d22h56m15,0
UIMA-199,FALSE,FALSE,Major,1683,00d00h28m03,0
UIMA-213,TRUE,FALSE,Major,249896,02d21h24m56,0
UIMA-210,TRUE,FALSE,Major,2139404,24d18h16m44,1
UIMA-195,FALSE,FALSE,Minor,539038,06d05h43m58,0
UIMA-194,FALSE,FALSE,Minor,11532402,133d11h26m42,0
UIMA-197,TRUE,FALSE,Minor,2628,00d00h43m48,0
UIMA-196,FALSE,FALSE,Minor,332,00d00h05m32,0
UIMA-191,FALSE,FALSE,Minor,129089,01d11h51m29,0
UIMA-190,TRUE,FALSE,Minor,18598,00d05h09m58,0
UIMA-193,FALSE,FALSE,Major,664944,07d16h42m24,1
UIMA-192,FALSE,FALSE,Major,2540,00d00h42m20,0
UIMA-649,TRUE,FALSE,Minor,1081,00d00h18m01,0
UIMA-3603,TRUE,FALSE,Major,654,00d00h10m54,0
UIMA-75,TRUE,FALSE,Major,10681,00d02h58m01,0
UIMA-5658,FALSE,FALSE,Minor,4999,00d01h23m19,0
UIMA-79,FALSE,FALSE,Trivial,396,00d00h06m36,0
UIMA-3347,TRUE,FALSE,Major,9867784,114d05h03m04,1
UIMA-794,FALSE,FALSE,Trivial,616570,07d03h16m10,0
UIMA-5055,TRUE,FALSE,Major,268114,03d02h28m34,0
UIMA-4184,FALSE,FALSE,Blocker,45963,00d12h46m03,0
UIMA-4187,FALSE,FALSE,Blocker,16055,00d04h27m35,0
UIMA-4181,FALSE,FALSE,Major,15441,00d04h17m21,0
UIMA-3090,TRUE,FALSE,Major,16120,00d04h28m40,0
UIMA-4183,FALSE,FALSE,Minor,194,00d00h03m14,0
UIMA-4182,FALSE,FALSE,Major,154243,01d18h50m43,1
UIMA-494,FALSE,FALSE,Minor,1008,00d00h16m48,0
UIMA-5586,TRUE,FALSE,Major,283750,03d06h49m10,0
UIMA-2934,FALSE,FALSE,Major,63068,00d17h31m08,0
UIMA-858,FALSE,FALSE,Major,1340,00d00h22m20,0
UIMA-859,FALSE,FALSE,Minor,142076,01d15h27m56,0
UIMA-492,FALSE,FALSE,Major,192,00d00h03m12,0
UIMA-498,FALSE,FALSE,Major,20062428,232d04h53m48,0
UIMA-852,FALSE,FALSE,Major,45518453,526d20h00m53,0
UIMA-853,FALSE,FALSE,Major,45513193,526d18h33m13,0
UIMA-281,FALSE,FALSE,Major,56179,00d15h36m19,0
UIMA-283,TRUE,FALSE,Major,95123,01d02h25m23,0
UIMA-285,FALSE,FALSE,Minor,430451,04d23h34m11,0
UIMA-284,TRUE,FALSE,Major,428298,04d22h58m18,1
UIMA-286,FALSE,FALSE,Trivial,631,00d00h10m31,0
UIMA-3513,TRUE,FALSE,Major,260538,03d00h22m18,1
UIMA-3044,FALSE,FALSE,Minor,14494085,167d18h08m05,0
UIMA-3510,FALSE,FALSE,Major,546,00d00h09m06,0
UIMA-3747,TRUE,FALSE,Major,60872,00d16h54m32,1
UIMA-979,FALSE,FALSE,Trivial,176,00d00h02m56,0
UIMA-978,FALSE,FALSE,Trivial,33082,00d09h11m22,0
UIMA-1727,FALSE,FALSE,Major,771,00d00h12m51,0
UIMA-1483,TRUE,FALSE,Blocker,1536619,17d18h50m19,0
UIMA-1485,FALSE,FALSE,Trivial,95420,01d02h30m20,0
UIMA-1746,FALSE,FALSE,Minor,18518780,214d08h06m20,0
UIMA-729,TRUE,FALSE,Major,4491,00d01h14m51,0
UIMA-722,TRUE,FALSE,Minor,9992,00d02h46m32,0
UIMA-726,TRUE,FALSE,Major,131338,01d12h28m58,0
UIMA-4988,TRUE,FALSE,Major,1892473,21d21h41m13,0
UIMA-5058,TRUE,FALSE,Major,15618242,180d18h24m02,1
UIMA-5352,FALSE,FALSE,Major,400,00d00h06m40,0
UIMA-1679,FALSE,FALSE,Major,22089,00d06h08m09,0
UIMA-597,FALSE,FALSE,Major,13642023,157d21h27m03,0
UIMA-5050,FALSE,FALSE,Minor,1662361,19d05h46m01,0
UIMA-4698,FALSE,FALSE,Trivial,331,00d00h05m31,0
UIMA-315,FALSE,FALSE,Trivial,1647,00d00h27m27,0
UIMA-4501,TRUE,FALSE,Major,16326,00d04h32m06,0
UIMA-1430,FALSE,FALSE,Major,688,00d00h11m28,0
UIMA-1438,FALSE,FALSE,Major,823,00d00h13m43,0
UIMA-598,TRUE,FALSE,Major,2504192,28d23h36m32,0
UIMA-1431,FALSE,FALSE,Minor,3831,00d01h03m51,0
UIMA-1432,FALSE,FALSE,Trivial,814800,09d10h20m00,0
UIMA-5588,TRUE,FALSE,Major,144043,01d16h00m43,0
UIMA-4119,FALSE,FALSE,Major,765434,08d20h37m14,0
