BugID, #isArch, #isInduce, #Priority, #TimeSec, #Time, #Reopen
VELOCITY-151,FALSE,FALSE,Major,79774247,923d07h30m47,0
VELOCITY-493,TRUE,FALSE,Minor,5273378,61d00h49m38,1
VELOCITY-658,TRUE,FALSE,Minor,72024,00d20h00m24,1
VELOCITY-657,FALSE,FALSE,Minor,545612,06d07h33m32,0
VELOCITY-159,TRUE,FALSE,Minor,78813664,912d04h41m04,0
VELOCITY-499,FALSE,FALSE,Minor,10871564,125d19h52m44,0
VELOCITY-651,FALSE,FALSE,Major,41042,00d11h24m02,0
VELOCITY-595,FALSE,FALSE,Major,6134687,71d00h04m47,0
VELOCITY-833,FALSE,FALSE,Critical,121214911,1402d22h48m31,0
VELOCITY-520,TRUE,FALSE,Minor,3362806,38d22h06m46,0
VELOCITY-524,FALSE,FALSE,Major,169839,01d23h10m39,0
VELOCITY-157,TRUE,FALSE,Critical,79179405,916d10h16m45,0
VELOCITY-886,FALSE,FALSE,Major,32215047,372d20h37m27,0
VELOCITY-669,TRUE,FALSE,Blocker,709934,08d05h12m14,0
VELOCITY-350,FALSE,FALSE,Major,21087079,244d01h31m19,0
VELOCITY-667,TRUE,FALSE,Major,173653,02d00h14m13,0
VELOCITY-888,FALSE,FALSE,Major,28234565,326d18h56m05,0
VELOCITY-889,TRUE,FALSE,Major,23274225,269d09h03m45,0
VELOCITY-809,FALSE,FALSE,Major,155074123,1794d20h08m43,0
VELOCITY-797,TRUE,FALSE,Major,172565388,1997d06h49m48,0
VELOCITY-418,FALSE,FALSE,Critical,3673,00d01h01m13,0
VELOCITY-24,FALSE,FALSE,Blocker,158345365,1832d16h49m25,0
SB-9,FALSE,FALSE,Major,20934505,242d07h08m25,0
VELOCITY-416,FALSE,FALSE,Minor,682712,07d21h38m32,0
VELOCITY-411,FALSE,FALSE,Major,240697,02d18h51m37,0
VELOCITY-798,FALSE,FALSE,Major,172928627,2001d11h43m47,1
VELOCITY-459,TRUE,FALSE,Minor,236046,02d17h34m06,0
VELOCITY-556,FALSE,FALSE,Major,5555147,64d07h05m47,0
VELOCITY-551,FALSE,FALSE,Major,388269,04d11h51m09,0
VELOCITY-718,TRUE,FALSE,Major,395762,04d13h56m02,0
VELOCITY-458,FALSE,FALSE,Major,2033329,23d12h48m49,0
VELOCITY-712,FALSE,FALSE,Major,98587781,1141d01h29m41,0
VELOCITY-710,TRUE,FALSE,Major,232624130,2692d09h48m50,0
VELOCITY-675,FALSE,FALSE,Major,22430,00d06h13m50,0
VELOCITY-676,TRUE,FALSE,Major,22639,00d06h17m19,0
VELOCITY-671,FALSE,FALSE,Major,92802,01d01h46m42,0
VELOCITY-894,FALSE,FALSE,Major,11046502,127d20h28m22,0
VELOCITY-896,TRUE,FALSE,Blocker,10173183,117d17h53m03,0
VELOCITY-776,TRUE,FALSE,Major,185421121,2146d01h52m01,0
VELOCITY-678,FALSE,FALSE,Minor,240546128,2784d02h22m08,0
VELOCITY-382,FALSE,FALSE,Major,9219700,106d17h01m40,0
VELOCITY-815,TRUE,FALSE,Major,142490123,1649d04h35m23,0
VELOCITY-783,FALSE,FALSE,Minor,185488882,2146d20h41m22,0
VELOCITY-789,TRUE,FALSE,Major,696149,08d01h22m29,0
VELOCITY-724,FALSE,FALSE,Trivial,13361254,154d15h27m34,1
VELOCITY-709,TRUE,FALSE,Major,33587694,388d17h54m54,0
VELOCITY-546,FALSE,FALSE,Minor,1900011,21d23h46m51,0
VELOCITY-545,TRUE,FALSE,Critical,1902364,22d00h26m04,0
VELOCITY-544,TRUE,FALSE,Minor,40810493,472d08h14m53,0
VELOCITY-542,TRUE,FALSE,Minor,361354311,4182d08h11m51,1
VELOCITY-541,TRUE,FALSE,Major,6901,00d01h55m01,0
VELOCITY-701,TRUE,FALSE,Major,105199,01d05h13m19,0
VELOCITY-702,TRUE,FALSE,Major,109378,01d06h22m58,0
VELOCITY-707,FALSE,FALSE,Major,24892,00d06h54m52,0
VELOCITY-521,FALSE,FALSE,Minor,8714523,100d20h42m03,0
VELOCITY-605,FALSE,FALSE,Major,11036,00d03h03m56,0
VELOCITY-606,TRUE,FALSE,Major,641272,07d10h07m52,0
VELOCITY-607,TRUE,FALSE,Critical,1631302,18d21h08m22,1
VELOCITY-763,TRUE,FALSE,Major,5882,00d01h38m02,0
VELOCITY-762,FALSE,FALSE,Major,4280,00d01h11m20,0
VELOCITY-596,FALSE,FALSE,Minor,11445433,132d11h17m13,0
VELOCITY-760,FALSE,FALSE,Major,11777095,136d07h24m55,0
VELOCITY-223,FALSE,FALSE,Major,148032133,1713d08h02m13,0
VELOCITY-869,FALSE,TRUE,Major,21147,00d05h52m27,0
VELOCITY-477,FALSE,FALSE,Minor,16541,00d04h35m41,0
VELOCITY-475,FALSE,FALSE,Trivial,73126,00d20h18m46,0
VELOCITY-863,FALSE,FALSE,Major,347311,04d00h28m31,1
VELOCITY-570,FALSE,FALSE,Major,23598000,273d03h00m00,1
VELOCITY-85,TRUE,FALSE,Minor,117329795,1357d23h36m35,0
VELOCITY-578,FALSE,FALSE,Trivial,29454,00d08h10m54,0
VELOCITY-579,TRUE,FALSE,Blocker,22430627,259d14h43m47,1
VELOCITY-590,FALSE,FALSE,Minor,15099504,174d18h18m24,0
VELOCITY-591,FALSE,FALSE,Critical,8917370,103d05h02m50,0
VELOCITY-759,FALSE,FALSE,Trivial,1155321,13d08h55m21,0
VELOCITY-594,FALSE,FALSE,Major,5719897,66d04h51m37,0
VELOCITY-616,TRUE,FALSE,Minor,46149,00d12h49m09,0
VELOCITY-615,TRUE,FALSE,Major,7040671,81d11h44m31,1
VELOCITY-614,TRUE,FALSE,Minor,135852,01d13h44m12,0
VELOCITY-753,TRUE,FALSE,Major,5285515,61d04h11m55,0
VELOCITY-754,TRUE,FALSE,Minor,4682434,54d04h40m34,0
VELOCITY-685,FALSE,FALSE,Major,5749,00d01h35m49,0
VELOCITY-563,FALSE,FALSE,Minor,30850966,357d01h42m46,0
VELOCITY-285,TRUE,FALSE,Minor,71903809,832d05h16m49,0
VELOCITY-449,TRUE,FALSE,Major,8031430,92d22h57m10,0
VELOCITY-689,TRUE,FALSE,Minor,16026,00d04h27m06,0
VELOCITY-565,FALSE,FALSE,Minor,1701506,19d16h38m26,0
VELOCITY-682,TRUE,FALSE,Major,172546,01d23h55m46,0
VELOCITY-566,FALSE,FALSE,Major,585922,06d18h45m22,0
VELOCITY-561,TRUE,FALSE,Minor,31848444,368d14h47m24,0
VELOCITY-560,FALSE,FALSE,Minor,34426856,398d11h00m56,0
VELOCITY-686,TRUE,FALSE,Major,110080,01d06h34m40,0
VELOCITY-870,TRUE,FALSE,Major,32395,00d08h59m55,0
VELOCITY-272,TRUE,FALSE,Major,41008583,474d15h16m23,0
VELOCITY-96,TRUE,FALSE,Major,111166804,1286d15h40m04,0
VELOCITY-274,TRUE,FALSE,Major,50586753,585d11h52m33,0
VELOCITY-95,TRUE,FALSE,Minor,111223035,1287d07h17m15,0
VELOCITY-370,TRUE,FALSE,Major,14985516,173d10h38m36,0
VELOCITY-98,TRUE,FALSE,Minor,100031725,1157d18h35m25,0
VELOCITY-374,FALSE,FALSE,Major,13939292,161d08h01m32,0
VELOCITY-744,TRUE,FALSE,Minor,3645456,42d04h37m36,0
VELOCITY-580,TRUE,FALSE,Major,17513008,202d16h43m28,0
VELOCITY-587,TRUE,FALSE,Minor,19585508,226d16h25m08,1
VELOCITY-589,TRUE,FALSE,Major,14353130,166d02h58m50,0
VELOCITY-453,TRUE,FALSE,Major,2066379,23d21h59m39,0
VELOCITY-452,FALSE,FALSE,Minor,24885435,288d00h37m15,0
VELOCITY-455,FALSE,FALSE,Minor,61790038,715d03h53m58,0
VELOCITY-456,TRUE,FALSE,Major,2868075,33d04h41m15,0
VELOCITY-693,FALSE,FALSE,Critical,805,00d00h13m25,0
VELOCITY-843,TRUE,FALSE,Major,91909243,1063d18h20m43,0
VELOCITY-512,FALSE,FALSE,Minor,17473,00d04h51m13,0
VELOCITY-516,FALSE,FALSE,Critical,1646757,19d01h25m57,1
VELOCITY-517,FALSE,FALSE,Minor,1142369,13d05h19m29,0
VELOCITY-193,TRUE,TRUE,Critical,88027325,1018d20h02m05,1
VELOCITY-199,TRUE,FALSE,Major,65797552,761d13h05m52,0
VELOCITY-730,TRUE,FALSE,Major,98314,01d03h18m34,0
VELOCITY-731,TRUE,FALSE,Major,168351,01d22h45m51,0
VELOCITY-736,TRUE,FALSE,Major,218603169,2530d03h06m09,0
VELOCITY-737,FALSE,FALSE,Minor,11935,00d03h18m55,0
VELOCITY-78,TRUE,FALSE,Minor,106930298,1237d14h51m38,0
VELOCITY-912,FALSE,FALSE,Major,12029,00d03h20m29,0
VELOCITY-71,TRUE,FALSE,Minor,140200166,1622d16h29m26,0
VELOCITY-855,TRUE,FALSE,Major,116706783,1350d18h33m03,0
VELOCITY-508,TRUE,FALSE,Minor,1197112,13d20h31m52,0
VELOCITY-851,FALSE,FALSE,Major,146757046,1698d13h50m46,0
VELOCITY-850,FALSE,FALSE,Minor,139417127,1613d14h58m47,0
VELOCITY-501,FALSE,FALSE,Minor,3931180,45d11h59m40,1
VELOCITY-507,FALSE,FALSE,Major,1894805,21d22h20m05,0
VELOCITY-424,FALSE,FALSE,Major,1848001,21d09h20m01,0
VELOCITY-426,TRUE,FALSE,Major,185623,02d03h33m43,0
VELOCITY-355,TRUE,FALSE,Major,110730883,1281d14h34m43,0
VELOCITY-420,FALSE,FALSE,Minor,25295802,292d18h36m42,0
VELOCITY-628,TRUE,FALSE,Major,73212,00d20h20m12,0
VELOCITY-629,TRUE,FALSE,Major,339553,03d22h19m13,0
VELOCITY-627,TRUE,FALSE,Major,67979,00d18h52m59,0
VELOCITY-625,TRUE,FALSE,Major,2221,00d00h37m01,0
VELOCITY-358,FALSE,FALSE,Minor,19071887,220d17h44m47,0
VELOCITY-359,FALSE,FALSE,Major,18200651,210d15h44m11,0
VELOCITY-336,FALSE,FALSE,Major,21399530,247d16h18m50,0
VELOCITY-126,FALSE,FALSE,Major,89671175,1037d20h39m35,0
VELOCITY-727,TRUE,FALSE,Major,16624673,192d09h57m53,0
VELOCITY-649,FALSE,FALSE,Major,9794,00d02h43m14,0
VELOCITY-333,FALSE,TRUE,Minor,115194789,1333d06h33m09,0
VELOCITY-644,TRUE,FALSE,Major,136296,01d13h51m36,0
VELOCITY-729,TRUE,FALSE,Minor,21963451,254d04h57m31,0
VELOCITY-728,TRUE,FALSE,Major,16617685,192d08h01m25,0
VELOCITY-640,FALSE,FALSE,Minor,1781085,20d14h44m45,0
VELOCITY-641,FALSE,FALSE,Minor,1788079,20d16h41m19,0
VELOCITY-642,FALSE,FALSE,Major,5207,00d01h26m47,0
VELOCITY-908,FALSE,FALSE,Minor,1909432,22d02h23m52,0
VELOCITY-536,FALSE,FALSE,Major,12407117,143d14h25m17,0
VELOCITY-537,TRUE,TRUE,Major,39905111,461d20h45m11,0
VELOCITY-827,FALSE,FALSE,Trivial,130821840,1514d03h24m00,0
VELOCITY-538,FALSE,FALSE,Minor,5603483,64d20h31m23,0
VELOCITY-435,TRUE,FALSE,Major,21162715,244d22h31m55,0
VELOCITY-432,FALSE,FALSE,Minor,3056553,35d09h02m33,0
VELOCITY-631,TRUE,FALSE,Minor,398382,04d14h39m42,0
VELOCITY-630,TRUE,TRUE,Major,320412,03d17h00m12,0
VELOCITY-633,FALSE,FALSE,Minor,17202,00d04h46m42,0
VELOCITY-632,FALSE,FALSE,Minor,19134,00d05h18m54,0
VELOCITY-635,FALSE,FALSE,Major,24599,00d06h49m59,0
VELOCITY-636,FALSE,FALSE,Major,1812817,20d23h33m37,0
