BugID, #isArch, #isInduce, #Priority, #TimeSec, #Time, #Reopen
WINK-342,FALSE,FALSE,Minor,601075,06d22h57m55,0
WINK-293,FALSE,FALSE,Major,614788,07d02h46m28,0
WINK-292,TRUE,FALSE,Minor,3890757,45d00h45m57,0
WINK-291,TRUE,FALSE,Major,615092,07d02h51m32,0
WINK-290,TRUE,FALSE,Major,227296,02d15h08m16,0
WINK-345,FALSE,FALSE,Critical,34847899,403d07h58m19,0
WINK-134,TRUE,FALSE,Major,16293,00d04h31m33,0
WINK-55,TRUE,FALSE,Major,103212,01d04h40m12,0
WINK-191,FALSE,FALSE,Major,23125,00d06h25m25,0
WINK-208,TRUE,FALSE,Major,14679,00d04h04m39,0
WINK-204,FALSE,FALSE,Major,1824,00d00h30m24,0
WINK-27,FALSE,FALSE,Major,1625074,18d19h24m34,0
WINK-201,TRUE,FALSE,Critical,1222675,14d03h37m55,1
WINK-363,FALSE,FALSE,Major,13178615,152d12h43m35,0
WINK-116,FALSE,FALSE,Major,3281,00d00h54m41,0
WINK-117,FALSE,FALSE,Major,3445836,39d21h10m36,0
WINK-366,FALSE,FALSE,Minor,11369,00d03h09m29,0
WINK-364,TRUE,FALSE,Major,87999,01d00h26m39,0
WINK-369,FALSE,FALSE,Minor,104040,01d04h54m00,0
WINK-119,TRUE,FALSE,Major,303884,03d12h24m44,0
WINK-188,TRUE,FALSE,Major,7493,00d02h04m53,0
WINK-187,FALSE,FALSE,Minor,42998,00d11h56m38,0
WINK-21,TRUE,FALSE,Major,61778,00d17h09m38,0
WINK-20,FALSE,FALSE,Major,58017,00d16h06m57,0
WINK-183,FALSE,FALSE,Blocker,1897403,21d23h03m23,0
WINK-26,FALSE,FALSE,Major,698653,08d02h04m13,0
WINK-24,FALSE,FALSE,Major,5806,00d01h36m46,0
WINK-219,TRUE,FALSE,Minor,13397418,155d01h30m18,0
WINK-217,FALSE,FALSE,Major,677041,07d20h04m01,0
WINK-214,TRUE,FALSE,Major,340090,03d22h28m10,0
WINK-107,TRUE,FALSE,Major,3450101,39d22h21m41,0
WINK-105,TRUE,FALSE,Major,28645,00d07h57m25,0
WINK-104,TRUE,FALSE,Major,54053,00d15h00m53,0
WINK-352,TRUE,FALSE,Major,517832,05d23h50m32,0
WINK-353,FALSE,FALSE,Major,435809,05d01h03m29,0
WINK-101,FALSE,FALSE,Major,9251,00d02h34m11,0
WINK-437,FALSE,FALSE,Major,191689,02d05h14m49,0
WINK-38,TRUE,FALSE,Minor,281770,03d06h16m10,0
WINK-30,TRUE,FALSE,Major,54784,00d15h13m04,0
WINK-31,FALSE,FALSE,Minor,31209,00d08h40m09,0
WINK-32,TRUE,FALSE,Major,519570,06d00h19m30,1
WINK-33,FALSE,FALSE,Major,31074,00d08h37m54,0
WINK-36,FALSE,FALSE,Minor,485081,05d14h44m41,1
WINK-356,FALSE,FALSE,Major,477831,05d12h43m51,0
WINK-220,TRUE,FALSE,Major,3719447,43d01h10m47,0
WINK-221,TRUE,FALSE,Major,3646772,42d04h59m32,0
WINK-226,FALSE,FALSE,Major,617,00d00h10m17,0
WINK-227,TRUE,FALSE,Major,421429,04d21h03m49,0
WINK-341,FALSE,FALSE,Minor,55387,00d15h23m07,0
WINK-130,FALSE,FALSE,Major,85957,00d23h52m37,0
WINK-229,TRUE,FALSE,Major,325256,03d18h20m56,1
WINK-136,FALSE,FALSE,Minor,742599,08d14h16m39,0
WINK-344,TRUE,FALSE,Major,1564,00d00h26m04,0
WINK-347,FALSE,FALSE,Minor,154118,01d18h48m38,0
WINK-53,FALSE,FALSE,Minor,523121,06d01h18m41,1
WINK-103,FALSE,FALSE,Major,38306,00d10h38m26,0
WINK-102,TRUE,FALSE,Major,387646,04d11h40m46,0
WINK-230,FALSE,FALSE,Critical,1192177,13d19h09m37,0
WINK-334,TRUE,FALSE,Major,620075,07d04h14m35,0
WINK-124,FALSE,FALSE,Blocker,9708,00d02h41m48,0
WINK-127,TRUE,FALSE,Major,605085,07d00h04m45,1
WINK-126,TRUE,FALSE,Major,643438,07d10h43m58,0
WINK-121,FALSE,FALSE,Major,2420348,28d00h19m08,0
WINK-120,FALSE,FALSE,Major,2418322,27d23h45m22,0
WINK-123,FALSE,FALSE,Major,74044,00d20h34m04,0
WINK-122,TRUE,FALSE,Minor,2420327,28d00h18m47,0
WINK-95,TRUE,FALSE,Minor,64099,00d17h48m19,0
WINK-13,TRUE,FALSE,Major,3401,00d00h56m41,0
WINK-11,FALSE,FALSE,Major,981190,11d08h33m10,0
WINK-17,FALSE,FALSE,Major,10064,00d02h47m44,0
WINK-14,FALSE,FALSE,Minor,329258,03d19h27m38,0
WINK-15,FALSE,FALSE,Major,9125,00d02h32m05,0
WINK-18,FALSE,FALSE,Major,72696,00d20h11m36,0
WINK-19,FALSE,FALSE,Major,499708,05d18h48m28,1
WINK-329,FALSE,FALSE,Critical,8968693,103d19h18m13,0
WINK-7,FALSE,FALSE,Major,459844,05d07h44m04,0
WINK-8,FALSE,FALSE,Major,864167,10d00h02m47,0
WINK-320,TRUE,FALSE,Major,40131,00d11h08m51,0
WINK-243,TRUE,FALSE,Major,918015,10d15h00m15,0
WINK-244,FALSE,FALSE,Minor,50544,00d14h02m24,0
WINK-247,FALSE,FALSE,Minor,31768,00d08h49m28,0
WINK-248,FALSE,FALSE,Minor,30881,00d08h34m41,0
WINK-249,FALSE,FALSE,Major,34308,00d09h31m48,0
WINK-87,TRUE,FALSE,Major,431599,04d23h53m19,0
WINK-86,TRUE,FALSE,Major,4919020,56d22h23m40,0
WINK-81,FALSE,FALSE,Major,2029,00d00h33m49,0
WINK-80,TRUE,FALSE,Major,278638,03d05h23m58,0
WINK-83,TRUE,TRUE,Major,116910,01d08h28m30,0
WINK-111,TRUE,FALSE,Major,8680,00d02h24m40,0
WINK-85,FALSE,FALSE,Major,137032,01d14h03m52,0
WINK-131,FALSE,FALSE,Major,121432,01d09h43m52,1
WINK-339,FALSE,FALSE,Major,35797999,414d07h53m19,0
WINK-312,FALSE,FALSE,Major,1040,00d00h17m20,0
WINK-311,TRUE,FALSE,Critical,1063884,12d07h31m24,0
WINK-316,FALSE,FALSE,Minor,52480,00d14h34m40,0
WINK-317,TRUE,FALSE,Minor,54437,00d15h07m17,0
WINK-98,TRUE,FALSE,Major,36793,00d10h13m13,0
WINK-418,TRUE,FALSE,Trivial,89,00d00h01m29,0
WINK-255,FALSE,FALSE,Major,790723,09d03h38m43,0
WINK-254,TRUE,FALSE,Major,500,00d00h08m20,0
WINK-143,FALSE,FALSE,Major,2173,00d00h36m13,0
WINK-82,FALSE,FALSE,Major,44802,00d12h26m42,0
WINK-96,TRUE,TRUE,Major,62800,00d17h26m40,0
WINK-94,TRUE,TRUE,Major,63333,00d17h35m33,0
WINK-144,FALSE,FALSE,Major,764800,08d20h26m40,0
HTTPCLIENT-866,FALSE,FALSE,Critical,1101108,12d17h51m48,0
WINK-331,FALSE,FALSE,Major,1587,00d00h26m27,0
WINK-74,FALSE,FALSE,Major,277041,03d04h57m21,0
WINK-72,FALSE,FALSE,Major,285481,03d07h18m01,0
WINK-73,TRUE,FALSE,Major,228807,02d15h33m27,0
WINK-333,TRUE,FALSE,Major,696163,08d01h22m43,0
WINK-303,FALSE,FALSE,Major,7434751,86d01h12m31,0
WINK-264,FALSE,FALSE,Major,694431,08d00h53m51,0
WINK-265,FALSE,FALSE,Major,177054,02d01h10m54,0
WINK-262,TRUE,FALSE,Major,2130381,24d15h46m21,0
WINK-388,TRUE,FALSE,Major,1590006,18d09h40m06,0
WINK-172,TRUE,FALSE,Major,159157,01d20h12m37,0
WINK-375,FALSE,FALSE,Major,336629,03d21h30m29,0
WINK-286,TRUE,TRUE,Major,9048392,104d17h26m32,0
WINK-280,FALSE,FALSE,Minor,686753,07d22h45m53,0
WINK-281,FALSE,FALSE,Major,39119,00d10h51m59,0
WINK-282,TRUE,FALSE,Critical,1776,00d00h29m36,0
WINK-153,FALSE,FALSE,Major,51962,00d14h26m02,0
WINK-289,FALSE,FALSE,Major,496924,05d18h02m04,0
WINK-42,TRUE,FALSE,Major,185985,02d03h39m45,0
WINK-47,FALSE,FALSE,Major,471259,05d10h54m19,0
WINK-49,TRUE,FALSE,Minor,424672,04d21h57m52,0
WINK-48,TRUE,FALSE,Major,69283,00d19h14m43,0
WINK-279,FALSE,FALSE,Major,1673047,19d08h44m07,0
WINK-275,TRUE,FALSE,Blocker,127631,01d11h27m11,0
WINK-371,FALSE,FALSE,Major,74705184,864d15h26m24,0
WINK-373,FALSE,FALSE,Major,767939,08d21h18m59,0
WINK-165,TRUE,FALSE,Major,152,00d00h02m32,0
WINK-164,TRUE,FALSE,Major,356951,04d03h09m11,0
WINK-167,TRUE,FALSE,Major,1444075,16d17h07m55,0
WINK-166,FALSE,FALSE,Critical,13570987,157d01h43m07,0
WINK-169,TRUE,FALSE,Major,418047,04d20h07m27,0
WINK-168,TRUE,FALSE,Major,68579,00d19h02m59,0
