BugID, #isArch, #isInduce, #Priority, #TimeSec, #Time, #Reopen
WSS-566,FALSE,FALSE,Critical,5412,00d01h30m12,0
WSS-567,FALSE,FALSE,Major,54625,00d15h10m25,0
WSS-564,FALSE,FALSE,Major,492,00d00h08m12,0
WSS-565,TRUE,FALSE,Major,5183,00d01h26m23,0
WSS-562,TRUE,FALSE,Major,882,00d00h14m42,0
WSS-563,FALSE,FALSE,Major,1127201,13d01h06m41,0
WSS-560,FALSE,FALSE,Critical,57458,00d15h57m38,0
WSS-446,TRUE,FALSE,Major,4495298,52d00h41m38,0
WSS-443,TRUE,FALSE,Major,2232899,25d20h14m59,0
WSS-442,TRUE,FALSE,Major,2666038,30d20h33m58,0
WSS-162,FALSE,FALSE,Major,4021,00d01h07m01,0
WSS-163,FALSE,FALSE,Major,1713,00d00h28m33,0
WSS-254,TRUE,FALSE,Critical,7891887,91d08h11m27,0
WSS-164,FALSE,FALSE,Major,809,00d00h13m29,0
WSS-165,FALSE,FALSE,Major,3302,00d00h55m02,0
WSS-258,FALSE,FALSE,Major,410739,04d18h05m39,0
WSS-449,TRUE,FALSE,Major,1109394,12d20h09m54,0
WSS-168,TRUE,FALSE,Major,151835,01d18h10m35,0
WSS-448,TRUE,FALSE,Major,1289108,14d22h05m08,0
WSS-319,FALSE,FALSE,Major,40877,00d11h21m17,0
WSS-318,FALSE,FALSE,Major,51388,00d14h16m28,0
WSS-603,FALSE,FALSE,Blocker,2185,00d00h36m25,0
WSS-602,TRUE,FALSE,Major,1589,00d00h26m29,0
WSS-317,FALSE,FALSE,Major,753,00d00h12m33,0
WSS-604,FALSE,FALSE,Major,651,00d00h10m51,0
WSS-390,FALSE,FALSE,Major,2063,00d00h34m23,0
WSS-393,TRUE,FALSE,Major,653067,07d13h24m27,0
WSS-392,FALSE,FALSE,Major,452,00d00h07m32,0
WSS-48,FALSE,FALSE,Major,3496081,40d11h08m01,0
WSS-394,TRUE,FALSE,Major,651718,07d13h01m58,0
WSS-396,FALSE,FALSE,Critical,21417,00d05h56m57,0
WSS-399,FALSE,FALSE,Major,409112,04d17h38m32,0
WSS-398,FALSE,FALSE,Major,68875,00d19h07m55,0
WSS-40,TRUE,TRUE,Major,145159157,1680d01h59m17,0
WSS-513,FALSE,FALSE,Critical,295161,03d09h59m21,0
WSS-117,TRUE,FALSE,Major,27785353,321d14h09m13,0
WSS-458,TRUE,FALSE,Major,599696,06d22h34m56,0
WSS-517,FALSE,FALSE,Major,57861,00d16h04m21,0
WSS-514,FALSE,FALSE,Minor,140770,01d15h06m10,0
WSS-452,TRUE,FALSE,Major,1555328,18d00h02m08,0
WSS-453,FALSE,FALSE,Major,259454,03d00h04m14,0
WSS-519,TRUE,FALSE,Major,444088,05d03h21m28,1
WSS-457,FALSE,FALSE,Major,1191749,13d19h02m29,0
WSS-454,FALSE,FALSE,Major,246883,02d20h34m43,0
WSS-306,FALSE,FALSE,Major,441901,05d02h45m01,0
WSS-304,FALSE,FALSE,Major,969498,11d05h18m18,0
WSS-302,FALSE,FALSE,Major,6842,00d01h54m02,0
WSS-303,TRUE,FALSE,Major,53823,00d14h57m03,0
WSS-300,TRUE,FALSE,Major,1176044,13d14h40m44,0
WSS-198,TRUE,FALSE,Major,3372630,39d00h50m30,0
WSS-196,FALSE,FALSE,Major,422,00d00h07m02,0
WSS-261,TRUE,FALSE,Major,20377711,235d20h28m31,0
WSS-260,FALSE,FALSE,Major,438,00d00h07m18,0
WSS-262,TRUE,TRUE,Major,2136,00d00h35m36,0
WSS-618,TRUE,FALSE,Major,163337,01d21h22m17,1
WSS-116,TRUE,FALSE,Major,100,00d00h01m40,0
WSS-114,FALSE,FALSE,Major,73651,00d20h27m31,0
WSS-113,TRUE,FALSE,Minor,98553,01d03h22m33,0
WSS-652,TRUE,FALSE,Blocker,166598,01d22h16m38,0
WSS-111,TRUE,FALSE,Minor,21253433,245d23h43m53,0
WSS-610,FALSE,FALSE,Major,149456,01d17h30m56,0
WSS-611,TRUE,FALSE,Major,1002874,11d14h34m34,0
WSS-612,TRUE,FALSE,Major,493071,05d16h57m51,0
WSS-590,FALSE,FALSE,Minor,1195565,13d20h06m05,0
WSS-614,TRUE,FALSE,Major,3348564,38d18h09m24,1
WSS-594,FALSE,FALSE,Major,12088,00d03h21m28,0
WSS-221,FALSE,FALSE,Major,394140,04d13h29m00,0
WSS-58,FALSE,FALSE,Major,230081,02d15h54m41,0
WSS-389,FALSE,FALSE,Major,1423,00d00h23m43,0
WSS-53,FALSE,FALSE,Critical,347621,04d00h33m41,0
WSS-52,FALSE,FALSE,Major,54004250,625d01h10m50,0
WSS-51,FALSE,FALSE,Major,53191475,615d15h24m35,0
WSS-385,FALSE,FALSE,Minor,3083,00d00h51m23,0
WSS-382,FALSE,FALSE,Major,45139,00d12h32m19,0
WSS-56,TRUE,FALSE,Major,48562906,562d01h41m46,0
WSS-55,FALSE,FALSE,Critical,17648569,204d06h22m49,0
WSS-54,TRUE,FALSE,Major,51589149,597d02h19m09,0
WSS-500,TRUE,FALSE,Major,356543,04d03h02m23,0
WSS-501,TRUE,TRUE,Major,353138,04d02h05m38,0
WSS-62,TRUE,FALSE,Major,64902490,751d04h28m10,0
WSS-36,FALSE,FALSE,Major,81618756,944d15h52m36,0
WSS-33,TRUE,FALSE,Major,9209,00d02h33m29,0
WSS-32,FALSE,FALSE,Major,1192,00d00h19m52,0
WSS-625,FALSE,FALSE,Major,4153786,48d01h49m46,0
WSS-624,FALSE,FALSE,Major,5537326,64d02h08m46,0
WSS-626,TRUE,FALSE,Major,701690,08d02h54m50,0
WSS-620,FALSE,FALSE,Major,1166,00d00h19m26,0
CXF-5420,FALSE,FALSE,Minor,71494,00d19h51m34,0
WSS-427,TRUE,FALSE,Major,5357,00d01h29m17,0
WSS-273,FALSE,TRUE,Major,7245449,83d20h37m29,0
WSS-270,TRUE,FALSE,Major,656,00d00h10m56,0
WSS-617,FALSE,FALSE,Major,179,00d00h02m59,0
WSS-423,TRUE,FALSE,Major,65,00d00h01m05,0
WSS-95,FALSE,FALSE,Major,5401937,62d12h32m17,0
WSS-182,FALSE,FALSE,Blocker,20219,00d05h36m59,0
WSS-105,TRUE,FALSE,Minor,28508463,329d23h01m03,1
WSS-106,FALSE,FALSE,Major,338944,03d22h09m04,0
WSS-100,FALSE,FALSE,Major,245264,02d20h07m44,0
WSS-101,FALSE,FALSE,Major,236869,02d17h47m49,0
WSS-102,TRUE,FALSE,Major,9149557,105d21h32m37,0
WSS-103,TRUE,FALSE,Minor,501375,05d19h16m15,0
WSS-580,FALSE,FALSE,Major,59937,00d16h38m57,0
WSS-582,FALSE,FALSE,Major,1891,00d00h31m31,0
WSS-583,FALSE,FALSE,Minor,146831,01d16h47m11,0
WSS-108,TRUE,FALSE,Minor,426668,04d22h31m08,0
WSS-109,TRUE,FALSE,Minor,333163,03d20h32m43,0
WSS-587,FALSE,FALSE,Major,5327,00d01h28m47,0
WSS-481,TRUE,FALSE,Major,4846411,56d02h13m31,0
WSS-535,FALSE,FALSE,Major,42035,00d11h40m35,0
WSS-536,FALSE,FALSE,Critical,69564,00d19h19m24,0
WSS-482,TRUE,FALSE,Major,3032046,35d02h14m06,0
WSS-227,FALSE,FALSE,Major,1541413,17d20h10m13,0
WSS-634,FALSE,FALSE,Minor,22994,00d06h23m14,0
WSS-87,TRUE,FALSE,Major,40841254,472d16h47m34,0
WSS-89,FALSE,FALSE,Major,172803,02d00h00m03,0
WSS-436,TRUE,FALSE,Major,271918,03d03h31m58,1
WSS-431,FALSE,FALSE,Major,22875,00d06h21m15,0
WSS-433,TRUE,FALSE,Major,3108002,35d23h20m02,0
WSS-175,FALSE,FALSE,Major,267190,03d02h13m10,0
WSS-133,TRUE,FALSE,Minor,6901153,79d20h59m13,0
WSS-50,FALSE,FALSE,Blocker,11564933,133d20h28m53,0
WSS-209,FALSE,FALSE,Major,257405,02d23h30m05,0
WSS-206,TRUE,TRUE,Major,25145070,291d00h44m30,0
WSS-301,TRUE,FALSE,Major,22032,00d06h07m12,0
WSS-129,FALSE,FALSE,Major,8472764,98d01h32m44,0
CXF-497,FALSE,FALSE,Major,1785100,20d15h51m40,0
WSS-201,TRUE,FALSE,Major,10543,00d02h55m43,0
WSS-286,FALSE,FALSE,Major,89976,01d00h59m36,0
WSS-285,FALSE,FALSE,Major,334,00d00h05m34,0
WSS-226,TRUE,FALSE,Major,7349092,85d01h24m52,0
WSS-283,FALSE,FALSE,Major,50117,00d13h55m17,0
WSS-280,FALSE,FALSE,Major,144873,01d16h14m33,0
WSS-86,TRUE,FALSE,Minor,41043750,475d01h02m30,0
WSS-526,FALSE,FALSE,Major,94531,01d02h15m31,0
WSS-408,TRUE,FALSE,Major,13927650,161d04h47m30,0
WSS-6,TRUE,FALSE,Major,3010907,34d20h21m47,0
WSS-99,FALSE,FALSE,Minor,38015777,439d23h56m17,1
WSS-97,FALSE,FALSE,Major,11132595,128d20h23m15,0
WSS-96,TRUE,FALSE,Critical,11148830,129d00h53m50,0
WSS-357,TRUE,FALSE,Major,380,00d00h06m20,0
WSS-94,FALSE,FALSE,Major,28506296,329d22h24m56,0
WSS-93,TRUE,FALSE,Major,15219171,176d03h32m51,0
WSS-407,FALSE,FALSE,Major,587,00d00h09m47,0
WSS-647,FALSE,FALSE,Blocker,238762,02d18h19m22,0
WSS-480,FALSE,FALSE,Major,966236,11d04h23m56,0
WSS-644,FALSE,FALSE,Major,9808,00d02h43m28,0
WSS-643,FALSE,FALSE,Major,11204,00d03h06m44,0
WSS-484,TRUE,FALSE,Major,1542665,17d20h31m05,0
WSS-487,TRUE,FALSE,Major,4160067,48d03h34m27,0
WSS-486,TRUE,FALSE,Major,2783571,32d05h12m51,0
WSS-126,TRUE,FALSE,Major,10060221,116d10h30m21,0
WSS-127,TRUE,FALSE,Major,16839174,194d21h32m54,0
WSS-210,FALSE,FALSE,Major,258178,02d23h42m58,0
WSS-211,TRUE,FALSE,Major,329445,03d19h30m45,0
WSS-212,FALSE,FALSE,Major,8487,00d02h21m27,0
WSS-121,FALSE,FALSE,Minor,9959082,115d06h24m42,0
WSS-295,FALSE,FALSE,Major,2040294,23d14h44m54,1
WSS-296,TRUE,FALSE,Major,1874118,21d16h35m18,0
WSS-297,TRUE,FALSE,Major,565841,06d13h10m41,0
WSS-291,FALSE,FALSE,Major,1143,00d00h19m03,0
WSS-421,FALSE,TRUE,Major,693,00d00h11m33,0
WSS-299,FALSE,FALSE,Major,1774829,20d13h00m29,0
WSS-417,TRUE,FALSE,Critical,1349,00d00h22m29,0
WSS-44,FALSE,FALSE,Major,1660841,19d05h20m41,0
CXF-5572,FALSE,FALSE,Minor,89259,01d00h47m39,0
WSS-559,FALSE,FALSE,Major,54139,00d15h02m19,0
WSS-558,FALSE,FALSE,Minor,45707166,529d00h26m06,0
WSS-557,FALSE,FALSE,Major,85134,00d23h38m54,0
WSS-556,FALSE,FALSE,Major,557,00d00h09m17,0
WSS-341,FALSE,FALSE,Major,45423,00d12h37m03,0
WSS-553,FALSE,FALSE,Major,57698,00d16h01m38,0
WSS-552,FALSE,FALSE,Major,11770,00d03h16m10,0
WSS-551,TRUE,FALSE,Major,218040,02d12h34m00,0
WSS-651,TRUE,FALSE,Critical,1460227,16d21h37m07,0
WSS-498,FALSE,FALSE,Major,35911,00d09h58m31,0
WSS-496,FALSE,FALSE,Major,19133,00d05h18m53,0
WSS-220,FALSE,FALSE,Major,64130,00d17h48m50,0
WSS-223,FALSE,FALSE,Major,227692,02d15h14m52,0
WSS-222,TRUE,TRUE,Major,10517818,121d17h36m58,0
WSS-225,TRUE,FALSE,Major,6879985,79d15h06m25,0
WSS-224,FALSE,FALSE,Major,396849,04d14h14m09,0
WSS-490,FALSE,FALSE,Major,1304138,15d02h15m38,0
WSS-491,FALSE,FALSE,Major,618,00d00h10m18,0
WSS-16,FALSE,FALSE,Blocker,85102,00d23h38m22,0
WSS-14,FALSE,FALSE,Minor,530245,06d03h17m25,0
WSS-12,FALSE,FALSE,Critical,8704,00d02h25m04,0
WSS-205,FALSE,FALSE,Major,288443,03d08h07m23,0
WSS-463,FALSE,FALSE,Major,16762139,194d00h08m59,0
WSS-462,TRUE,FALSE,Major,256969,02d23h22m49,0
WSS-466,TRUE,FALSE,Major,74589,00d20h43m09,0
WSS-468,TRUE,FALSE,Major,15383187,178d01h06m27,0
WSS-234,TRUE,FALSE,Minor,4014087,46d11h01m27,0
WSS-548,FALSE,FALSE,Critical,671648,07d18h34m08,0
WSS-549,FALSE,FALSE,Major,462,00d00h07m42,0
WSS-231,TRUE,FALSE,Major,73677337,852d17h55m37,0
WSS-546,FALSE,FALSE,Major,145,00d00h02m25,0
WSS-540,TRUE,FALSE,Major,74164576,858d09h16m16,1
WSS-541,FALSE,TRUE,Major,169442,01d23h04m02,0
WSS-542,FALSE,FALSE,Minor,235295,02d17h21m35,0
WSS-219,TRUE,FALSE,Minor,14541241,168d07h14m01,1
WSS-424,TRUE,FALSE,Major,2210,00d00h36m50,0
WSS-140,FALSE,FALSE,Blocker,5775265,66d20h14m25,0
WSS-276,TRUE,FALSE,Major,1762,00d00h29m22,0
WSS-335,FALSE,FALSE,Major,330,00d00h05m30,0
WSS-333,FALSE,FALSE,Minor,5511,00d01h31m51,0
WSS-331,TRUE,FALSE,Major,577135,06d16h18m55,0
WSS-147,TRUE,FALSE,Major,16206905,187d13h55m05,0
WSS-648,FALSE,FALSE,Major,12707,00d03h31m47,0
WSS-60,TRUE,FALSE,Major,65665518,760d00h25m18,0
WSS-61,FALSE,FALSE,Blocker,285633,03d07h20m33,0
WSS-66,TRUE,FALSE,Major,41963641,485d16h34m01,0
SANTUARIO-481,TRUE,FALSE,Major,1231642,14d06h07m22,0
WSS-27,FALSE,FALSE,Major,2751,00d00h45m51,0
WSS-68,TRUE,TRUE,Major,31888705,369d01h58m25,0
WSS-450,TRUE,FALSE,Major,1116725,12d22h12m05,0
WSS-470,FALSE,FALSE,Major,682951,07d21h42m31,0
WSS-153,FALSE,FALSE,Major,1089,00d00h18m09,0
WSS-472,FALSE,FALSE,Major,601895,06d23h11m35,0
WSS-473,TRUE,FALSE,Major,68222,00d18h57m02,0
WSS-474,FALSE,FALSE,Major,63821,00d17h43m41,0
WSS-475,FALSE,FALSE,Major,1799604,20d19h53m24,0
WSS-149,FALSE,FALSE,Major,92122,01d01h35m22,0
WSS-479,FALSE,FALSE,Major,692774,08d00h26m14,0
WSS-243,TRUE,FALSE,Major,1315803,15d05h30m03,0
WSS-242,TRUE,FALSE,Major,1877860,21d17h37m40,0
WSS-241,FALSE,FALSE,Major,2277674,26d08h41m14,0
WSS-176,FALSE,FALSE,Major,350016,04d01h13m36,0
CXF-6409,FALSE,FALSE,Major,1533792,17d18h03m12,0
WSS-245,TRUE,FALSE,Minor,845816,09d18h56m56,0
WSS-244,FALSE,FALSE,Minor,1484354,17d04h19m14,0
WSS-185,FALSE,FALSE,Major,84335,00d23h25m35,0
WSS-178,TRUE,FALSE,Blocker,318412,03d16h26m52,0
WSS-152,FALSE,FALSE,Major,1220906,14d03h08m26,0
WSS-324,FALSE,FALSE,Trivial,71285,00d19h48m05,0
WSS-320,TRUE,FALSE,Major,1460517,16d21h41m57,0
WSS-321,FALSE,FALSE,Major,82249,00d22h50m49,0
WSS-323,FALSE,FALSE,Major,169,00d00h02m49,0
WSS-70,FALSE,FALSE,Critical,39432507,456d09h28m27,0
WSS-73,FALSE,FALSE,Trivial,1057518,12d05h45m18,0
WSS-72,FALSE,FALSE,Major,2931006,33d22h10m06,0
WSS-77,FALSE,FALSE,Major,6714066,77d17h01m06,0
WSS-141,FALSE,FALSE,Major,165097,01d21h51m37,0
WSS-142,FALSE,FALSE,Major,76016,00d21h06m56,0
