BugID, #isArch, #isInduce, #Priority, #TimeSec, #Time, #Reopen
XBEAN-99,FALSE,FALSE,Major,6114,00d01h41m54,0
XBEAN-94,FALSE,FALSE,Major,1611315,18d15h35m15,0
XBEAN-95,TRUE,FALSE,Major,11520294,133d08h04m54,0
XBEAN-91,TRUE,FALSE,Major,34542,00d09h35m42,0
XBEAN-92,FALSE,FALSE,Blocker,63527795,735d06h36m35,0
XBEAN-93,FALSE,FALSE,Major,450,00d00h07m30,0
XBEAN-15,FALSE,FALSE,Major,175,00d00h02m55,0
XBEAN-16,FALSE,FALSE,Blocker,1482,00d00h24m42,0
XBEAN-13,FALSE,FALSE,Major,80952,00d22h29m12,0
XBEAN-122,FALSE,FALSE,Major,6216297,71d22h44m57,0
XBEAN-121,TRUE,FALSE,Major,115065687,1331d18h41m27,0
XBEAN-238,FALSE,FALSE,Major,3304982,38d06h03m02,0
XBEAN-127,TRUE,FALSE,Major,326,00d00h05m26,0
XBEAN-126,FALSE,FALSE,Major,2779924,32d04h12m04,0
XBEAN-125,TRUE,FALSE,Major,100067,01d03h47m47,0
XBEAN-233,TRUE,FALSE,Major,322,00d00h05m22,0
XBEAN-6,FALSE,FALSE,Major,646585,07d11h36m25,0
XBEAN-141,FALSE,FALSE,Major,17309,00d04h48m29,0
XBEAN-258,FALSE,FALSE,Major,58152,00d16h09m12,0
XBEAN-89,FALSE,FALSE,Major,5814,00d01h36m54,0
XBEAN-146,FALSE,FALSE,Major,79738114,922d21h28m34,0
XBEAN-84,FALSE,FALSE,Major,66,00d00h01m06,0
XBEAN-254,FALSE,FALSE,Major,49,00d00h00m49,0
XBEAN-81,FALSE,FALSE,Major,1712,00d00h28m32,0
XBEAN-80,FALSE,FALSE,Major,268,00d00h04m28,0
XBEAN-134,FALSE,FALSE,Major,1299169,15d00h52m49,0
XBEAN-135,FALSE,FALSE,Major,1212730,14d00h52m10,0
XBEAN-136,TRUE,FALSE,Major,8837,00d02h27m17,0
XBEAN-130,FALSE,FALSE,Major,9305517,107d16h51m57,0
XBEAN-132,FALSE,FALSE,Major,8009359,92d16h49m19,0
XBEAN-133,FALSE,FALSE,Minor,79547,00d22h05m47,0
XBEAN-139,FALSE,FALSE,Major,27574,00d07h39m34,0
XBEAN-153,FALSE,FALSE,Major,1243,00d00h20m43,0
XBEAN-248,TRUE,FALSE,Major,51,00d00h00m51,0
XBEAN-249,TRUE,FALSE,Major,10050,00d02h47m30,0
XBEAN-156,FALSE,FALSE,Major,55190763,638d18h46m03,0
XBEAN-154,FALSE,FALSE,Major,141,00d00h02m21,0
XBEAN-155,FALSE,FALSE,Major,146,00d00h02m26,0
XBEAN-242,FALSE,FALSE,Major,3357595,38d20h39m55,0
XBEAN-241,TRUE,FALSE,Blocker,717993,08d07h26m33,0
XBEAN-39,FALSE,FALSE,Major,130287,01d12h11m27,0
XBEAN-32,FALSE,FALSE,Major,401,00d00h06m41,0
XBEAN-30,TRUE,FALSE,Major,2977,00d00h49m37,0
XBEAN-37,FALSE,FALSE,Blocker,8710,00d02h25m10,0
XBEAN-279,TRUE,FALSE,Major,857136,09d22h05m36,0
XBEAN-161,FALSE,FALSE,Major,410,00d00h06m50,0
XBEAN-278,TRUE,FALSE,Major,857202,09d22h06m42,0
XBEAN-277,FALSE,FALSE,Major,89,00d00h01m29,0
XBEAN-274,FALSE,FALSE,Major,249,00d00h04m09,0
XBEAN-272,FALSE,FALSE,Major,1744,00d00h29m04,0
OPENEJB-1252,FALSE,TRUE,Major,17373665,201d02h01m05,1
XBEAN-270,FALSE,FALSE,Major,1423,00d00h23m43,0
XBEAN-29,TRUE,FALSE,Major,944867,10d22h27m47,0
XBEAN-26,TRUE,FALSE,Major,1525939,17d15h52m19,0
XBEAN-21,TRUE,FALSE,Major,1881980,21d18h46m20,0
XBEAN-23,FALSE,FALSE,Major,231,00d00h03m51,0
XBEAN-263,TRUE,FALSE,Major,83951,00d23h19m11,0
XBEAN-264,FALSE,FALSE,Major,78079,00d21h41m19,0
XBEAN-266,FALSE,FALSE,Major,25459,00d07h04m19,0
XBEAN-268,FALSE,FALSE,Major,50,00d00h00m50,0
XBEAN-150,FALSE,FALSE,Major,759534,08d18h58m54,0
XBEAN-51,FALSE,FALSE,Critical,405,00d00h06m45,0
XBEAN-52,TRUE,FALSE,Major,691,00d00h11m31,0
XBEAN-53,FALSE,FALSE,Major,296,00d00h04m56,0
XBEAN-54,FALSE,FALSE,Major,1388,00d00h23m08,0
XBEAN-55,FALSE,FALSE,Major,181599,02d02h26m39,0
XBEAN-56,FALSE,FALSE,Major,2605,00d00h43m25,0
XBEAN-57,TRUE,FALSE,Critical,1212,00d00h20m12,0
ARIES-111,FALSE,FALSE,Major,2620283,30d07h51m23,0
XBEAN-185,FALSE,FALSE,Minor,2565,00d00h42m45,0
XBEAN-181,TRUE,FALSE,Major,804147,09d07h22m27,0
XBEAN-188,FALSE,FALSE,Major,415556,04d19h25m56,0
XBEAN-49,TRUE,FALSE,Major,70421,00d19h33m41,0
XBEAN-48,FALSE,FALSE,Major,166,00d00h02m46,0
XBEAN-43,FALSE,FALSE,Major,202025,02d08h07m05,0
XBEAN-42,FALSE,FALSE,Major,2743,00d00h45m43,0
XBEAN-41,FALSE,FALSE,Major,110862,01d06h47m42,0
XBEAN-40,FALSE,FALSE,Major,9563,00d02h39m23,0
XBEAN-47,FALSE,FALSE,Major,6104,00d01h41m44,0
XBEAN-46,FALSE,FALSE,Major,184258,02d03h10m58,0
XBEAN-44,FALSE,FALSE,Major,130166,01d12h09m26,0
XBEAN-178,FALSE,FALSE,Major,29300666,339d03h04m26,0
XBEAN-179,FALSE,FALSE,Major,27599523,319d10h32m03,0
XBEAN-239,FALSE,FALSE,Major,599816,06d22h36m56,0
XBEAN-195,FALSE,FALSE,Major,16209835,187d14h43m55,0
XBEAN-192,FALSE,FALSE,Major,97,00d00h01m37,0
XBEAN-193,FALSE,FALSE,Minor,1852362,21d10h32m42,0
XBEAN-190,FALSE,FALSE,Trivial,30967145,358d09h59m05,0
XBEAN-298,FALSE,FALSE,Major,241,00d00h04m01,0
XBEAN-76,FALSE,FALSE,Major,2733,00d00h45m33,0
XBEAN-75,FALSE,FALSE,Major,1301,00d00h21m41,0
XBEAN-73,FALSE,FALSE,Major,2569206,29d17h40m06,0
XBEAN-3,FALSE,FALSE,Major,11256052,130d06h40m52,0
XBEAN-1,FALSE,FALSE,Major,436360,05d01h12m40,0
XBEAN-109,FALSE,FALSE,Major,36027224,416d23h33m44,0
XBEAN-7,FALSE,FALSE,Major,208050,02d09h47m30,0
XBEAN-107,TRUE,FALSE,Major,223,00d00h03m43,0
XBEAN-106,FALSE,FALSE,Major,698931,08d02h08m51,0
XBEAN-101,TRUE,FALSE,Major,480,00d00h08m00,0
XBEAN-65,FALSE,FALSE,Major,317,00d00h05m17,0
XBEAN-67,FALSE,FALSE,Major,218,00d00h03m38,0
XBEAN-289,TRUE,FALSE,Major,78,00d00h01m18,0
XBEAN-286,FALSE,TRUE,Major,24,00d00h00m24,0
XBEAN-284,FALSE,FALSE,Major,251,00d00h04m11,0
XBEAN-282,FALSE,FALSE,Major,96,00d00h01m36,0
XBEAN-283,FALSE,FALSE,Major,36904,00d10h15m04,0
XBEAN-280,FALSE,FALSE,Major,33,00d00h00m33,0
XBEAN-119,FALSE,TRUE,Minor,119288565,1380d15h42m45,0
XBEAN-115,TRUE,FALSE,Major,83,00d00h01m23,0
