BugID, #isArch, #isInduce, #Priority, #TimeSec, #Time, #Reopen
ZEPPELIN-757,FALSE,FALSE,Trivial,82622,00d22h57m02,0
ZEPPELIN-754,FALSE,FALSE,Major,652492,07d13h14m52,0
ZEPPELIN-3391,TRUE,FALSE,Major,656691,07d14h24m51,0
ZEPPELIN-751,FALSE,FALSE,Major,667957,07d17h32m37,0
ZEPPELIN-1387,TRUE,FALSE,Major,2037728,23d14h02m08,0
ZEPPELIN-3399,TRUE,FALSE,Minor,664473,07d16h34m33,0
ZEPPELIN-3099,FALSE,FALSE,Major,7966831,92d05h00m31,1
ZEPPELIN-3098,FALSE,FALSE,Major,3571530,41d08h05m30,0
ZEPPELIN-755,FALSE,FALSE,Major,462381,05d08h26m21,0
ZEPPELIN-185,FALSE,FALSE,Major,2270110,26d06h35m10,0
ZEPPELIN-3091,FALSE,FALSE,Major,811012,09d09h16m52,0
ZEPPELIN-3309,FALSE,TRUE,Critical,252424,02d22h07m04,0
ZEPPELIN-3463,FALSE,FALSE,Major,187573,02d04h06m13,0
ZEPPELIN-3395,FALSE,FALSE,Major,591537,06d20h18m57,0
ZEPPELIN-3304,FALSE,FALSE,Major,6890,00d01h54m50,0
ZEPPELIN-638,FALSE,FALSE,Major,581935,06d17h38m55,0
ZEPPELIN-119,FALSE,FALSE,Major,198340,02d07h05m40,0
ZEPPELIN-3265,FALSE,FALSE,Major,14982,00d04h09m42,0
ZEPPELIN-111,FALSE,FALSE,Major,38151,00d10h35m51,0
ZEPPELIN-3520,TRUE,FALSE,Major,1792310,20d17h51m50,0
ZEPPELIN-3522,FALSE,FALSE,Major,1098167,12d17h02m47,0
ZEPPELIN-2985,FALSE,FALSE,Trivial,489782,05d16h03m02,0
ZEPPELIN-3489,FALSE,FALSE,Blocker,193075,02d05h37m55,0
ZEPPELIN-2988,FALSE,FALSE,Major,428323,04d22h58m43,0
ZEPPELIN-3484,TRUE,FALSE,Minor,131399,01d12h29m59,0
ZEPPELIN-3482,FALSE,FALSE,Major,491808,05d16h36m48,0
ZEPPELIN-1239,FALSE,FALSE,Minor,12562294,145d09h31m34,0
ZEPPELIN-331,TRUE,FALSE,Major,9823039,113d16h37m19,0
ZEPPELIN-620,FALSE,FALSE,Major,1882570,21d18h56m10,0
ZEPPELIN-2103,FALSE,FALSE,Major,833620,09d15h33m40,0
ZEPPELIN-335,TRUE,FALSE,Major,32446469,375d12h54m29,0
ZEPPELIN-4102,FALSE,FALSE,Major,5423604,62d18h33m24,0
ZEPPELIN-628,TRUE,FALSE,Critical,2380563,27d13h16m03,0
ZEPPELIN-1461,TRUE,FALSE,Major,3707631,42d21h53m51,0
ZEPPELIN-1466,FALSE,TRUE,Blocker,1273814,14d17h50m14,0
ZEPPELIN-183,TRUE,FALSE,Major,24154311,279d13h31m51,0
ZEPPELIN-2024,FALSE,FALSE,Major,38583,00d10h43m03,0
ZEPPELIN-2023,FALSE,FALSE,Major,412016,04d18h26m56,0
ZEPPELIN-2149,FALSE,FALSE,Major,1843387,21d08h03m07,0
ZEPPELIN-1744,FALSE,FALSE,Major,1196872,13d20h27m52,0
ZEPPELIN-2147,FALSE,FALSE,Major,455280,05d06h28m00,0
ZEPPELIN-410,FALSE,FALSE,Major,112067,01d07h07m47,0
ZEPPELIN-868,FALSE,FALSE,Major,11439089,132d09h31m29,0
ZEPPELIN-3411,FALSE,FALSE,Major,515812,05d23h16m52,0
ZEPPELIN-869,FALSE,FALSE,Major,1894381,21d22h13m01,0
ZEPPELIN-781,FALSE,FALSE,Major,283352,03d06h42m32,0
ZEPPELIN-3567,FALSE,FALSE,Major,995346,11d12h29m06,0
ZEPPELIN-3419,FALSE,FALSE,Major,2005887,23d05h11m27,0
ZEPPELIN-1991,FALSE,FALSE,Major,194053,02d05h54m13,0
ZEPPELIN-1997,FALSE,FALSE,Major,1190271,13d18h37m51,0
ZEPPELIN-1994,FALSE,FALSE,Major,151031,01d17h57m11,0
ZEPPELIN-3738,FALSE,FALSE,Major,197084,02d06h44m44,0
ZEPPELIN-3633,FALSE,TRUE,Major,6052400,70d01h13m20,0
ZEPPELIN-1302,FALSE,FALSE,Major,890848,10d07h27m28,0
ZEPPELIN-1301,FALSE,FALSE,Major,1655394,19d03h49m54,0
ZEPPELIN-521,FALSE,FALSE,Major,161507,01d20h51m47,0
ZEPPELIN-1305,FALSE,FALSE,Major,100638,01d03h57m18,0
ZEPPELIN-1304,FALSE,FALSE,Major,180703,02d02h11m43,0
ZEPPELIN-936,FALSE,FALSE,Major,1957620,22d15h47m00,0
ZEPPELIN-937,FALSE,FALSE,Major,642236,07d10h23m56,0
ZEPPELIN-247,FALSE,FALSE,Major,132674,01d12h51m14,0
ZEPPELIN-930,FALSE,FALSE,Minor,323645,03d17h54m05,0
ZEPPELIN-243,FALSE,FALSE,Major,9484918,109d18h41m58,0
ZEPPELIN-1909,FALSE,TRUE,Blocker,368398,04d06h19m58,0
ZEPPELIN-1908,FALSE,FALSE,Major,232740,02d16h39m00,0
ZEPPELIN-2281,FALSE,FALSE,Minor,13390302,154d23h31m42,0
ZEPPELIN-59,TRUE,FALSE,Major,104550,01d05h02m30,0
ZEPPELIN-1513,FALSE,FALSE,Major,1655663,19d03h54m23,0
ZEPPELIN-4030,FALSE,FALSE,Major,599490,06d22h31m30,0
ZEPPELIN-1901,FALSE,FALSE,Major,295464,03d10h04m24,0
ZEPPELIN-53,TRUE,FALSE,Major,48789864,564d16h44m24,0
ZEPPELIN-50,TRUE,FALSE,Major,641868,07d10h17m48,0
ZEPPELIN-2288,FALSE,FALSE,Major,106779,01d05h39m39,0
ZEPPELIN-1905,FALSE,FALSE,Major,30855,00d08h34m15,0
ZEPPELIN-54,FALSE,FALSE,Major,363728,04d05h02m08,0
ZEPPELIN-55,FALSE,FALSE,Major,6479744,74d23h55m44,0
ZEPPELIN-1866,TRUE,FALSE,Major,681220,07d21h13m40,0
ZEPPELIN-2731,FALSE,FALSE,Major,349685,04d01h08m05,0
ZEPPELIN-2730,FALSE,FALSE,Major,616285,07d03h11m25,0
ZEPPELIN-783,FALSE,FALSE,Major,898610,10d09h36m50,1
ZEPPELIN-1868,FALSE,FALSE,Major,866649,10d00h44m09,0
ZEPPELIN-1869,FALSE,FALSE,Major,1899403,21d23h36m43,0
ZEPPELIN-2515,TRUE,TRUE,Blocker,26745218,309d13h13m38,0
ZEPPELIN-1015,TRUE,FALSE,Major,238252,02d18h10m52,0
ZEPPELIN-2801,FALSE,FALSE,Major,1683776,19d11h42m56,0
ZEPPELIN-2804,FALSE,FALSE,Minor,247408,02d20h43m28,0
ZEPPELIN-2806,FALSE,TRUE,Major,296125,03d10h15m25,0
ZEPPELIN-802,FALSE,FALSE,Minor,31999340,370d08h42m20,0
ZEPPELIN-85,FALSE,FALSE,Major,300421,03d11h27m01,0
ZEPPELIN-2964,FALSE,FALSE,Major,7760112,89d19h35m12,0
ZEPPELIN-1398,FALSE,FALSE,Major,587403,06d19h10m03,0
ZEPPELIN-2215,FALSE,FALSE,Major,955505,11d01h25m05,0
ZEPPELIN-2355,FALSE,FALSE,Major,1029891,11d22h04m51,0
ZEPPELIN-4081,TRUE,FALSE,Major,601795,06d23h09m55,0
ZEPPELIN-4329,FALSE,FALSE,Major,395985,04d13h59m45,0
ZEPPELIN-2602,FALSE,FALSE,Major,212814,02d11h06m54,0
ZEPPELIN-2601,FALSE,FALSE,Major,633125,07d07h52m05,0
ZEPPELIN-3946,FALSE,FALSE,Critical,12075057,139d18h10m57,0
ZEPPELIN-413,FALSE,FALSE,Major,1087188,12d13h59m48,0
ZEPPELIN-414,FALSE,FALSE,Major,445523,05d03h45m23,0
ZEPPELIN-141,TRUE,FALSE,Minor,4046437,46d20h00m37,0
ZEPPELIN-140,FALSE,TRUE,Minor,155757,01d19h15m57,0
ZEPPELIN-3864,FALSE,FALSE,Major,3482837,40d07h27m17,0
ZEPPELIN-3863,FALSE,FALSE,Major,1049264,12d03h27m44,0
ZEPPELIN-1342,FALSE,TRUE,Major,974226,11d06h37m06,0
ZEPPELIN-1963,FALSE,FALSE,Major,332979,03d20h29m39,0
ZEPPELIN-3228,FALSE,FALSE,Minor,81117,00d22h31m57,0
ZEPPELIN-1647,TRUE,FALSE,Major,446485,05d04h01m25,0
ZEPPELIN-1645,FALSE,FALSE,Major,1784330,20d15h38m50,0
ZEPPELIN-1162,FALSE,FALSE,Trivial,3480492,40d06h48m12,0
ZEPPELIN-3226,FALSE,FALSE,Major,19559,00d05h25m59,0
ZEPPELIN-1166,FALSE,FALSE,Major,83446,00d23h10m46,0
ZEPPELIN-3224,FALSE,FALSE,Minor,6861321,79d09h55m21,0
ZEPPELIN-563,FALSE,FALSE,Major,15117,00d04h11m57,0
ZEPPELIN-666,TRUE,FALSE,Minor,2828470,32d17h41m10,0
ZEPPELIN-665,FALSE,FALSE,Major,243621,02d19h40m21,0
ZEPPELIN-662,FALSE,FALSE,Major,639386,07d09h36m26,0
ZEPPELIN-2304,FALSE,FALSE,Major,3459421,40d00h57m01,0
ZEPPELIN-705,FALSE,FALSE,Major,71853569,831d15h19m29,0
ZEPPELIN-704,FALSE,FALSE,Minor,7612614,88d02h36m54,0
ZEPPELIN-1964,FALSE,TRUE,Major,4396736,50d21h18m56,0
ZEPPELIN-4039,FALSE,FALSE,Major,326275,03d18h37m55,0
ZEPPELIN-669,TRUE,FALSE,Trivial,1428792,16d12h53m12,0
ZEPPELIN-466,FALSE,FALSE,Minor,182318,02d02h38m38,0
ZEPPELIN-467,FALSE,FALSE,Major,205546,02d09h05m46,0
ZEPPELIN-461,FALSE,FALSE,Minor,308269,03d13h37m49,0
ZEPPELIN-1701,FALSE,FALSE,Major,775743,08d23h29m03,0
ZEPPELIN-463,FALSE,FALSE,Major,5082456,58d19h47m36,0
ZEPPELIN-3012,TRUE,FALSE,Major,1127972,13d01h19m32,0
ZEPPELIN-469,FALSE,FALSE,Major,143602,01d15h53m22,0
ZEPPELIN-3893,TRUE,FALSE,Major,252783,02d22h13m03,0
ZEPPELIN-3593,TRUE,FALSE,Major,334442,03d20h54m02,0
ZEPPELIN-2105,FALSE,FALSE,Major,632507,07d07h41m47,0
ZEPPELIN-2106,TRUE,FALSE,Major,3106571,35d22h56m11,0
ZEPPELIN-2108,FALSE,FALSE,Major,505461,05d20h24m21,0
ZEPPELIN-3898,FALSE,FALSE,Minor,4840944,56d00h42m24,0
ZEPPELIN-2680,FALSE,FALSE,Major,71427561,826d16h59m21,0
ZEPPELIN-3356,FALSE,FALSE,Blocker,2373346,27d11h15m46,0
ZEPPELIN-1081,FALSE,FALSE,Major,108689,01d06h11m29,0
ZEPPELIN-3350,TRUE,FALSE,Blocker,1902215,22d00h23m35,0
ZEPPELIN-386,FALSE,FALSE,Major,165394,01d21h56m34,0
ZEPPELIN-389,FALSE,FALSE,Minor,534209,06d04h23m29,0
ZEPPELIN-3290,FALSE,TRUE,Minor,1320940,15d06h55m40,0
ZEPPELIN-2080,TRUE,FALSE,Minor,943897,10d22h11m37,0
ZEPPELIN-2083,FALSE,FALSE,Major,142080,01d15h28m00,0
ZEPPELIN-3672,FALSE,FALSE,Critical,90630,01d01h10m30,0
ZEPPELIN-2085,FALSE,FALSE,Major,27817336,321d23h02m16,0
ZEPPELIN-2084,FALSE,TRUE,Major,288675,03d08h11m15,0
ZEPPELIN-1264,FALSE,FALSE,Critical,69915,00d19h25m15,0
ZEPPELIN-1266,FALSE,TRUE,Major,238429,02d18h13m49,0
ZEPPELIN-1267,FALSE,TRUE,Major,170436,01d23h20m36,0
ZEPPELIN-1260,FALSE,TRUE,Major,176546,02d01h02m26,0
ZEPPELIN-1261,FALSE,FALSE,Major,173195,02d00h06m35,0
ZEPPELIN-1263,FALSE,TRUE,Major,30627149,354d11h32m29,0
ZEPPELIN-204,TRUE,FALSE,Major,66073150,764d17h39m10,0
ZEPPELIN-1914,FALSE,FALSE,Major,383240,04d10h27m20,0
ZEPPELIN-4072,TRUE,FALSE,Major,255294,02d22h54m54,0
ZEPPELIN-1550,FALSE,FALSE,Minor,257656,02d23h34m16,0
ZEPPELIN-1551,FALSE,FALSE,Minor,10048677,116d07h17m57,0
ZEPPELIN-1557,FALSE,FALSE,Major,39807,00d11h03m27,0
ZEPPELIN-1555,FALSE,FALSE,Major,526867,06d02h21m07,0
ZEPPELIN-4173,FALSE,FALSE,Major,601770,06d23h09m30,0
ZEPPELIN-1412,FALSE,FALSE,Major,119519,01d09h11m59,0
ZEPPELIN-2775,TRUE,FALSE,Major,1765647,20d10h27m27,0
ZEPPELIN-1410,FALSE,FALSE,Major,2574071,29d19h01m11,0
ZEPPELIN-2078,FALSE,FALSE,Major,271452,03d03h24m12,0
ZEPPELIN-13,FALSE,FALSE,Major,275419,03d04h30m19,0
ZEPPELIN-2770,FALSE,FALSE,Minor,3367816,38d23h30m16,0
ZEPPELIN-2075,FALSE,TRUE,Major,2996280,34d16h18m00,0
ZEPPELIN-1820,FALSE,FALSE,Minor,10953445,126d18h37m25,0
ZEPPELIN-3687,FALSE,FALSE,Minor,572150,06d14h55m50,0
ZEPPELIN-2072,FALSE,FALSE,Major,333246,03d20h34m06,0
ZEPPELIN-19,FALSE,FALSE,Major,370724,04d06h58m44,0
ZEPPELIN-2175,FALSE,FALSE,Major,1607437,18d14h30m37,0
ZEPPELIN-3171,FALSE,TRUE,Major,1886443,21d20h00m43,0
ZEPPELIN-3177,FALSE,FALSE,Major,2869824,33d05h10m24,0
ZEPPELIN-3174,FALSE,FALSE,Minor,19516,00d05h25m16,0
ZEPPELIN-2172,FALSE,FALSE,Major,894602,10d08h30m02,0
ZEPPELIN-3077,TRUE,FALSE,Major,1953653,22d14h40m53,0
ZEPPELIN-2178,TRUE,TRUE,Blocker,757082,08d18h18m02,0
ZEPPELIN-3075,FALSE,FALSE,Major,1229246,14d05h27m26,0
ZEPPELIN-2657,FALSE,FALSE,Major,557136,06d10h45m36,0
ZEPPELIN-2650,FALSE,FALSE,Major,626237,07d05h57m17,0
ZEPPELIN-17,FALSE,FALSE,Minor,70789,00d19h39m49,0
ZEPPELIN-1192,FALSE,FALSE,Major,2825930,32d16h58m50,0
ZEPPELIN-3704,FALSE,FALSE,Critical,3314028,38d08h33m48,0
ZEPPELIN-3707,FALSE,FALSE,Major,210951,02d10h35m51,0
ZEPPELIN-2796,TRUE,FALSE,Major,6476064,74d22h54m24,0
ZEPPELIN-2659,FALSE,FALSE,Minor,1435245,16d14h40m45,0
ZEPPELIN-985,FALSE,FALSE,Major,227318,02d15h08m38,0
ZEPPELIN-849,FALSE,FALSE,Major,202647,02d08h17m27,0
ZEPPELIN-846,FALSE,TRUE,Blocker,3990725,46d04h32m05,0
ZEPPELIN-515,FALSE,FALSE,Minor,263652,03d01h14m12,0
ZEPPELIN-844,FALSE,FALSE,Major,2420286,28d00h18m06,0
ZEPPELIN-845,FALSE,FALSE,Minor,514274,05d22h51m14,0
ZEPPELIN-510,TRUE,FALSE,Major,76875,00d21h21m15,0
ZEPPELIN-843,FALSE,FALSE,Major,259508,03d00h05m08,0
ZEPPELIN-840,TRUE,FALSE,Major,2931840,33d22h24m00,0
ZEPPELIN-961,FALSE,FALSE,Major,1596950,18d11h35m50,0
ZEPPELIN-960,TRUE,FALSE,Major,6957626,80d12h40m26,0
ZEPPELIN-2924,FALSE,FALSE,Major,2608353,30d04h32m33,0
ZEPPELIN-1299,FALSE,FALSE,Minor,6465111,74d19h51m51,0
ZEPPELIN-1298,FALSE,TRUE,Major,11843851,137d01h57m31,1
ZEPPELIN-2928,FALSE,FALSE,Major,166129,01d22h08m49,0
ZEPPELIN-2253,FALSE,FALSE,Major,181929,02d02h32m09,0
ZEPPELIN-680,FALSE,FALSE,Minor,502273,05d19h31m13,0
ZEPPELIN-3106,TRUE,FALSE,Major,679038,07d20h37m18,0
ZEPPELIN-1487,FALSE,FALSE,Major,1884414,21d19h26m54,0
ZEPPELIN-2315,FALSE,TRUE,Major,2136523,24d17h28m43,0
ZEPPELIN-2314,FALSE,FALSE,Major,257669,02d23h34m29,0
ZEPPELIN-1482,FALSE,TRUE,Major,321004,03d17h10m04,0
ZEPPELIN-1483,TRUE,FALSE,Major,2313567,26d18h39m27,0
ZEPPELIN-2318,TRUE,FALSE,Major,2160217,25d00h03m37,0
ZEPPELIN-1488,FALSE,FALSE,Major,2283632,26d10h20m32,0
ZEPPELIN-1489,FALSE,FALSE,Major,53658929,621d01h15m29,0
ZEPPELIN-3821,FALSE,FALSE,Major,349447,04d01h04m07,0
ZEPPELIN-3822,FALSE,FALSE,Major,1904012,22d00h53m32,0
ZEPPELIN-2421,FALSE,FALSE,Major,150238,01d17h43m58,0
ZEPPELIN-2420,FALSE,FALSE,Major,149176,01d17h26m16,0
ZEPPELIN-1159,FALSE,FALSE,Critical,562205,06d12h10m05,0
ZEPPELIN-852,FALSE,FALSE,Major,357654,04d03h20m54,0
ZEPPELIN-1129,TRUE,FALSE,Major,99532,01d03h38m52,0
ZEPPELIN-1128,FALSE,FALSE,Trivial,1077109,12d11h11m49,0
ZEPPELIN-1125,FALSE,FALSE,Major,1018618,11d18h56m58,0
ZEPPELIN-1123,FALSE,FALSE,Major,607888,07d00h51m28,0
ZEPPELIN-1122,FALSE,FALSE,Major,469828,05d10h30m28,0
ZEPPELIN-1121,TRUE,FALSE,Major,128327,01d11h38m47,0
ZEPPELIN-1689,FALSE,FALSE,Major,66527,00d18h28m47,0
ZEPPELIN-1047,FALSE,FALSE,Minor,287115,03d07h45m15,0
ZEPPELIN-1042,TRUE,FALSE,Minor,599751,06d22h35m51,0
ZEPPELIN-1043,FALSE,FALSE,Major,392960,04d13h09m20,0
ZEPPELIN-2855,FALSE,FALSE,Major,1395386,16d03h36m26,0
ZEPPELIN-2229,FALSE,FALSE,Major,1804552,20d21h15m52,0
ZEPPELIN-4214,TRUE,FALSE,Major,380842,04d09h47m22,0
ZEPPELIN-2555,FALSE,FALSE,Major,479746,05d13h15m46,0
ZEPPELIN-2554,FALSE,FALSE,Major,1841767,21d07h36m07,0
ZEPPELIN-2221,TRUE,FALSE,Major,38823396,449d08h16m36,1
ZEPPELIN-428,FALSE,FALSE,Minor,280379,03d05h52m59,0
ZEPPELIN-2173,FALSE,FALSE,Major,458179,05d07h16m19,0
ZEPPELIN-749,FALSE,FALSE,Trivial,267049,03d02h10m49,0
ZEPPELIN-748,FALSE,FALSE,Major,1585946,18d08h32m26,0
ZEPPELIN-422,FALSE,FALSE,Major,234796,02d17h13m16,0
ZEPPELIN-423,FALSE,FALSE,Major,369547,04d06h39m07,0
ZEPPELIN-3910,FALSE,FALSE,Major,4319155,49d23h45m55,0
ZEPPELIN-426,FALSE,FALSE,Minor,265569,03d01h46m09,0
ZEPPELIN-3089,FALSE,FALSE,Minor,9048052,104d17h20m52,0
ZEPPELIN-3850,FALSE,FALSE,Major,82642,00d22h57m22,0
ZEPPELIN-2148,FALSE,FALSE,Critical,876367,10d03h26m07,0
ZEPPELIN-3080,FALSE,FALSE,Minor,19294790,223d07h39m50,0
ZEPPELIN-306,FALSE,FALSE,Major,795145,09d04h52m25,0
ZEPPELIN-3858,FALSE,FALSE,Major,317134,03d16h05m34,0
ZEPPELIN-3313,FALSE,FALSE,Major,1681450,19d11h04m10,0
ZEPPELIN-3310,FALSE,FALSE,Major,968177,11d04h56m17,0
ZEPPELIN-3311,FALSE,FALSE,Critical,4129051,47d18h57m31,0
ZEPPELIN-824,FALSE,FALSE,Major,260123,03d00h15m23,0
ZEPPELIN-3255,TRUE,TRUE,Major,517385,05d23h43m05,0
ZEPPELIN-103,FALSE,FALSE,Minor,1985154,22d23h25m54,0
ZEPPELIN-102,FALSE,FALSE,Minor,1985362,22d23h29m22,0
ZEPPELIN-101,TRUE,FALSE,Trivial,21465135,248d10h32m15,0
ZEPPELIN-826,TRUE,FALSE,Major,2816579,32d14h22m59,0
ZEPPELIN-717,FALSE,FALSE,Major,416931,04d19h48m51,0
ZEPPELIN-1222,FALSE,FALSE,Major,85776,00d23h49m36,0
ZEPPELIN-3531,TRUE,FALSE,Major,111189,01d06h53m09,0
ZEPPELIN-1224,FALSE,TRUE,Major,414834,04d19h13m54,0
ZEPPELIN-1225,FALSE,FALSE,Major,621440,07d04h37m20,0
ZEPPELIN-1228,FALSE,TRUE,Major,173253,02d00h07m33,0
ZEPPELIN-634,FALSE,FALSE,Major,3311,00d00h55m11,0
ZEPPELIN-3538,FALSE,FALSE,Major,348765,04d00h52m45,0
ZEPPELIN-632,FALSE,FALSE,Minor,1000539,11d13h55m39,0
ZEPPELIN-734,FALSE,FALSE,Major,682100,07d21h28m20,0
ZEPPELIN-1454,FALSE,FALSE,Major,260402,03d00h20m02,0
ZEPPELIN-4133,FALSE,FALSE,Major,325942,03d18h32m22,0
ZEPPELIN-4132,FALSE,FALSE,Major,1984351,22d23h12m31,0
ZEPPELIN-1451,FALSE,FALSE,Major,4287930,49d15h05m30,0
ZEPPELIN-324,FALSE,FALSE,Major,221795,02d13h36m35,0
ZEPPELIN-1754,FALSE,FALSE,Major,363484,04d04h58m04,0
ZEPPELIN-329,TRUE,FALSE,Major,1204139,13d22h28m59,0
ZEPPELIN-328,FALSE,FALSE,Minor,1327125,15d08h38m45,0
ZEPPELIN-1459,FALSE,FALSE,Major,52022241,602d02h37m21,0
ZEPPELIN-1753,FALSE,FALSE,Minor,828082,09d14h01m22,0
ZEPPELIN-2139,FALSE,TRUE,Blocker,1240755,14d08h39m15,0
ZEPPELIN-2033,FALSE,FALSE,Major,143612,01d15h53m32,0
ZEPPELIN-3039,TRUE,FALSE,Major,193070,02d05h37m50,0
ZEPPELIN-2037,TRUE,TRUE,Major,3749286,43d09h28m06,0
ZEPPELIN-2131,FALSE,FALSE,Major,8349140,96d15h12m20,0
ZEPPELIN-2130,FALSE,TRUE,Major,1358713,15d17h25m13,0
ZEPPELIN-3034,TRUE,FALSE,Major,72789,00d20h13m09,0
ZEPPELIN-2135,FALSE,FALSE,Major,322184,03d17h29m44,0
ZEPPELIN-3406,FALSE,FALSE,Blocker,77743,00d21h35m43,0
ZEPPELIN-3404,TRUE,FALSE,Major,1143464,13d05h37m44,0
ZEPPELIN-3405,FALSE,FALSE,Major,578082,06d16h34m42,0
ZEPPELIN-3400,FALSE,FALSE,Major,75051,00d20h50m51,0
ZEPPELIN-3401,FALSE,FALSE,Major,1254443,14d12h27m23,0
ZEPPELIN-1094,FALSE,FALSE,Minor,171396,01d23h36m36,0
ZEPPELIN-1091,FALSE,FALSE,Minor,1167294,13d12h14m54,0
ZEPPELIN-1090,FALSE,FALSE,Critical,148461,01d17h14m21,0
ZEPPELIN-3749,FALSE,FALSE,Major,479362,05d13h09m22,0
ZEPPELIN-1316,FALSE,FALSE,Major,527729,06d02h35m29,0
ZEPPELIN-3625,TRUE,FALSE,Major,397071,04d14h17m51,0
ZEPPELIN-1311,FALSE,FALSE,Major,9825,00d02h43m45,0
ZEPPELIN-1312,FALSE,FALSE,Major,5796,00d01h36m36,0
ZEPPELIN-1313,FALSE,FALSE,Major,1961789,22d16h56m29,0
ZEPPELIN-1255,FALSE,FALSE,Major,219189,02d12h53m09,0
ZEPPELIN-886,FALSE,FALSE,Major,1623965,18d19h06m05,0
ZEPPELIN-258,FALSE,FALSE,Minor,15036030,174d00h40m30,1
ZEPPELIN-2294,TRUE,FALSE,Blocker,119175,01d09h06m15,0
ZEPPELIN-2291,FALSE,FALSE,Minor,284776,03d07h06m16,0
ZEPPELIN-926,FALSE,FALSE,Minor,341216,03d22h46m56,0
ZEPPELIN-1918,FALSE,TRUE,Blocker,812480,09d09h41m20,0
ZEPPELIN-2684,FALSE,FALSE,Major,355477,04d02h44m37,0
ZEPPELIN-4005,FALSE,FALSE,Major,1414698,16d08h58m18,0
ZEPPELIN-4004,TRUE,FALSE,Major,2417319,27d23h28m39,0
ZEPPELIN-1910,TRUE,FALSE,Major,406995,04d17h03m15,0
ZEPPELIN-22,FALSE,FALSE,Major,257386,02d23h29m46,0
ZEPPELIN-2722,TRUE,FALSE,Major,156858,01d19h34m18,0
ZEPPELIN-20,FALSE,FALSE,Blocker,58474,00d16h14m34,0
ZEPPELIN-2045,FALSE,FALSE,Major,449372,05d04h49m32,0
ZEPPELIN-1851,FALSE,FALSE,Major,1122857,12d23h54m17,0
ZEPPELIN-2046,FALSE,FALSE,Major,425430,04d22h10m30,0
ZEPPELIN-1855,FALSE,FALSE,Major,364231,04d05h10m31,0
ZEPPELIN-1854,FALSE,FALSE,Major,1123908,13d00h11m48,0
ZEPPELIN-2049,FALSE,TRUE,Major,1401762,16d05h22m42,0
ZEPPELIN-2048,FALSE,TRUE,Major,1703975,19d17h19m35,0
ZEPPELIN-3105,TRUE,FALSE,Major,2524070,29d05h07m50,0
ZEPPELIN-1108,TRUE,FALSE,Major,138752,01d14h32m32,0
ZEPPELIN-2502,TRUE,FALSE,Major,1394628,16d03h23m48,0
ZEPPELIN-2663,FALSE,FALSE,Major,441059,05d02h30m59,0
ZEPPELIN-818,TRUE,FALSE,Major,329922,03d19h38m42,0
ZEPPELIN-1001,FALSE,FALSE,Major,9552577,110d13h29m37,0
ZEPPELIN-516,FALSE,FALSE,Critical,32244,00d08h57m24,0
ZEPPELIN-817,FALSE,FALSE,Minor,5726777,66d06h46m17,0
ZEPPELIN-958,FALSE,FALSE,Major,418759,04d20h19m19,0
ZEPPELIN-959,FALSE,FALSE,Major,56684,00d15h44m44,0
ZEPPELIN-954,FALSE,FALSE,Minor,1855890,21d11h31m30,1
ZEPPELIN-956,FALSE,FALSE,Major,119474,01d09h11m14,0
ZEPPELIN-957,FALSE,FALSE,Major,693469,08d00h37m49,0
ZEPPELIN-950,FALSE,FALSE,Major,37301,00d10h21m41,0
ZEPPELIN-951,FALSE,FALSE,Major,118178,01d08h49m38,0
ZEPPELIN-953,FALSE,FALSE,Major,176009,02d00h53m29,0
ZEPPELIN-1965,TRUE,FALSE,Minor,6857391,79d08h49m51,0
ZEPPELIN-2590,TRUE,FALSE,Trivial,1844777,21d08h26m17,0
ZEPPELIN-2348,FALSE,FALSE,Major,52883,00d14h41m23,0
ZEPPELIN-3818,FALSE,FALSE,Major,608644,07d01h04m04,0
ZEPPELIN-176,FALSE,FALSE,Major,510890,05d21h54m50,0
ZEPPELIN-3631,FALSE,FALSE,Critical,1277298,14d18h48m18,0
ZEPPELIN-3815,FALSE,FALSE,Major,2400091,27d18h41m31,0
ZEPPELIN-1679,FALSE,FALSE,Major,28602,00d07h56m42,0
ZEPPELIN-1674,FALSE,FALSE,Minor,1676499,19d09h41m39,0
ZEPPELIN-1672,FALSE,FALSE,Critical,10005,00d02h46m45,0
ZEPPELIN-3217,FALSE,FALSE,Major,148148,01d17h09m08,0
ZEPPELIN-1175,FALSE,FALSE,Major,1552856,17d23h20m56,0
ZEPPELIN-3215,FALSE,FALSE,Minor,12780918,147d22h15m18,0
ZEPPELIN-1170,FALSE,FALSE,Major,469229,05d10h20m29,0
ZEPPELIN-1078,FALSE,FALSE,Major,536382,06d04h59m42,0
ZEPPELIN-1074,FALSE,FALSE,Critical,16003132,185d05h18m52,0
ZEPPELIN-1077,FALSE,FALSE,Major,638982,07d09h29m42,0
ZEPPELIN-1076,FALSE,FALSE,Critical,85025,00d23h37m05,0
ZEPPELIN-1178,FALSE,FALSE,Major,3752963,43d10h29m23,0
ZEPPELIN-527,FALSE,FALSE,Major,184658,02d03h17m38,0
ZEPPELIN-1072,FALSE,FALSE,Minor,241954,02d19h12m34,0
ZEPPELIN-2469,FALSE,FALSE,Minor,2301597,26d15h19m57,0
ZEPPELIN-2468,FALSE,FALSE,Major,440071,05d02h14m31,0
ZEPPELIN-2467,FALSE,FALSE,Major,28430,00d07h53m50,0
ZEPPELIN-2463,FALSE,FALSE,Major,1502306,17d09h18m26,0
ZEPPELIN-686,FALSE,FALSE,Major,1773788,20d12h43m08,0
ZEPPELIN-2461,FALSE,FALSE,Minor,544176,06d07h09m36,0
ZEPPELIN-4028,FALSE,FALSE,Major,721442,08d08h24m02,0
ZEPPELIN-671,TRUE,FALSE,Major,1327380,15d08h43m00,0
ZEPPELIN-779,FALSE,FALSE,Minor,2911158,33d16h39m18,0
ZEPPELIN-523,FALSE,FALSE,Major,1327287,15d08h41m27,0
ZEPPELIN-173,TRUE,FALSE,Critical,2868067,33d04h41m07,0
ZEPPELIN-770,FALSE,FALSE,Minor,267691,03d02h21m31,0
ZEPPELIN-775,FALSE,FALSE,Minor,124242,01d10h30m42,0
ZEPPELIN-776,FALSE,FALSE,Major,251479,02d21h51m19,0
ZEPPELIN-1710,FALSE,FALSE,Major,1094604,12d16h03m24,0
ZEPPELIN-475,FALSE,FALSE,Major,121408,01d09h43m28,0
ZEPPELIN-473,TRUE,FALSE,Major,307969,03d13h32m49,0
ZEPPELIN-472,FALSE,FALSE,Major,667688,07d17h28m08,0
ZEPPELIN-1716,FALSE,FALSE,Major,241566,02d19h06m06,0
ZEPPELIN-98,FALSE,FALSE,Critical,3235758,37d10h49m18,0
ZEPPELIN-1718,FALSE,FALSE,Major,2566555,29d16h55m55,0
ZEPPELIN-3928,FALSE,FALSE,Major,2322385,26d21h06m25,0
ZEPPELIN-478,FALSE,FALSE,Major,5127870,59d08h24m30,0
ZEPPELIN-3886,FALSE,FALSE,Critical,8425027,97d12h17m07,0
ZEPPELIN-3442,FALSE,FALSE,Major,248254,02d20h57m34,0
ZEPPELIN-3443,FALSE,FALSE,Trivial,5316232,61d12h43m52,0
ZEPPELIN-3441,FALSE,FALSE,Major,398136,04d14h35m36,0
ZEPPELIN-1480,FALSE,TRUE,Critical,1200704,13d21h31m44,0
ZEPPELIN-3284,TRUE,TRUE,Major,153045,01d18h30m45,0
ZEPPELIN-3285,FALSE,FALSE,Major,8845846,102d09h10m46,0
ZEPPELIN-3286,FALSE,TRUE,Critical,366224,04d05h43m44,0
ZEPPELIN-595,FALSE,FALSE,Major,2499074,28d22h11m14,0
ZEPPELIN-2091,FALSE,FALSE,Major,999711,11d13h41m51,0
ZEPPELIN-2096,FALSE,FALSE,Major,5968926,69d02h02m06,0
ZEPPELIN-591,FALSE,FALSE,Major,150631,01d17h50m31,0
ZEPPELIN-2094,FALSE,FALSE,Critical,2169482,25d02h38m02,0
ZEPPELIN-2282,FALSE,FALSE,Major,27906,00d07h45m06,0
ZEPPELIN-1359,FALSE,FALSE,Minor,64633,00d17h57m13,0
ZEPPELIN-3668,FALSE,TRUE,Major,351698,04d01h41m38,0
ZEPPELIN-1212,TRUE,FALSE,Critical,227845,02d15h17m25,0
ZEPPELIN-1514,FALSE,FALSE,Minor,263284,03d01h08m04,0
ZEPPELIN-358,FALSE,FALSE,Minor,3517241,40d17h00m41,0
ZEPPELIN-1627,FALSE,FALSE,Minor,121,00d00h02m01,0
ZEPPELIN-1562,FALSE,FALSE,Major,669520,07d17h58m40,0
ZEPPELIN-1561,TRUE,FALSE,Major,520723,06d00h38m43,0
ZEPPELIN-1560,FALSE,FALSE,Major,7572795,87d15h33m15,0
ZEPPELIN-4164,FALSE,FALSE,Major,69316,00d19h15m16,0
ZEPPELIN-4166,FALSE,FALSE,Major,10366001,119d23h26m41,0
ZEPPELIN-351,FALSE,FALSE,Major,150188,01d17h43m08,0
ZEPPELIN-4160,FALSE,FALSE,Major,748223,08d15h50m23,0
ZEPPELIN-2760,FALSE,FALSE,Blocker,222133,02d13h42m13,0
ZEPPELIN-1767,TRUE,FALSE,Major,598568,06d22h16m08,0
ZEPPELIN-1812,FALSE,TRUE,Major,2034649,23d13h10m49,0
ZEPPELIN-1763,FALSE,FALSE,Critical,866214,10d00h36m54,0
ZEPPELIN-1810,FALSE,FALSE,Major,444568,05d03h29m28,0
ZEPPELIN-2000,FALSE,FALSE,Major,72175,00d20h02m55,0
ZEPPELIN-1769,FALSE,FALSE,Major,585699,06d18h41m39,0
ZEPPELIN-2006,FALSE,FALSE,Major,151224,01d18h00m24,0
ZEPPELIN-2167,FALSE,FALSE,Critical,678519,07d20h28m39,0
ZEPPELIN-2164,FALSE,FALSE,Minor,266217,03d01h56m57,0
ZEPPELIN-797,FALSE,FALSE,Major,815310,09d10h28m30,0
ZEPPELIN-3063,FALSE,FALSE,Major,270916,03d03h15m16,0
ZEPPELIN-283,FALSE,FALSE,Blocker,69176,00d19h12m56,0
ZEPPELIN-285,TRUE,FALSE,Major,5968997,69d02h03m17,0
ZEPPELIN-2168,FALSE,FALSE,Minor,341115,03d22h45m15,0
ZEPPELIN-287,FALSE,FALSE,Minor,178560,02d01h36m00,0
ZEPPELIN-1747,FALSE,FALSE,Minor,259847,03d00h10m47,0
ZEPPELIN-2323,FALSE,FALSE,Major,1409424,16d07h30m24,0
ZEPPELIN-1578,FALSE,FALSE,Major,8702941,100d17h29m01,0
ZEPPELIN-3717,FALSE,FALSE,Major,44379,00d12h19m39,0
ZEPPELIN-3715,FALSE,FALSE,Blocker,5623037,65d01h57m17,0
ZEPPELIN-1208,FALSE,FALSE,Minor,234696,02d17h11m36,0
ZEPPELIN-859,FALSE,FALSE,Major,171760,01d23h42m40,0
ZEPPELIN-1327,FALSE,FALSE,Major,961599,11d03h06m39,0
ZEPPELIN-1326,TRUE,FALSE,Major,1364206,15d18h56m46,0
ZEPPELIN-1902,FALSE,FALSE,Blocker,504246,05d20h04m06,0
ZEPPELIN-1907,TRUE,FALSE,Major,14924726,172d17h45m26,0
ZEPPELIN-2919,FALSE,FALSE,Major,251750,02d21h55m50,0
ZEPPELIN-508,FALSE,FALSE,Major,405769,04d16h42m49,1
ZEPPELIN-850,FALSE,FALSE,Major,496217,05d17h50m17,0
ZEPPELIN-853,FALSE,FALSE,Major,15006,00d04h10m06,0
ZEPPELIN-1906,TRUE,FALSE,Minor,545350,06d07h29m10,0
ZEPPELIN-1328,FALSE,FALSE,Major,694279,08d00h51m19,0
ZEPPELIN-500,FALSE,FALSE,Minor,163893,01d21h31m33,0
ZEPPELIN-377,FALSE,FALSE,Major,266858,03d02h07m38,0
ZEPPELIN-1287,FALSE,FALSE,Major,767431,08d21h10m31,0
ZEPPELIN-1284,FALSE,TRUE,Critical,2182653,25d06h17m33,0
ZEPPELIN-698,FALSE,FALSE,Minor,9813133,113d13h52m13,1
ZEPPELIN-3553,FALSE,FALSE,Major,1456711,16d20h38m31,0
ZEPPELIN-2302,FALSE,FALSE,Minor,701224,08d02h47m04,0
ZEPPELIN-1889,FALSE,FALSE,Major,6972103,80d16h41m43,0
ZEPPELIN-1961,FALSE,FALSE,Major,233675,02d16h54m35,0
ZEPPELIN-4195,FALSE,FALSE,Major,113838,01d07h37m18,0
ZEPPELIN-2713,FALSE,FALSE,Major,180504,02d02h08m24,0
ZEPPELIN-4196,FALSE,FALSE,Major,265190,03d01h39m50,0
ZEPPELIN-1880,TRUE,FALSE,Major,1932425,22d08h47m05,0
ZEPPELIN-79,FALSE,FALSE,Major,4553747,52d16h55m47,0
ZEPPELIN-1969,FALSE,FALSE,Major,138702,01d14h31m42,0
ZEPPELIN-1883,FALSE,FALSE,Major,1020782,11d19h33m02,0
ZEPPELIN-1884,FALSE,FALSE,Major,545683,06d07h34m43,0
ZEPPELIN-3788,FALSE,FALSE,Major,60820,00d16h53m40,0
ZEPPELIN-1887,FALSE,FALSE,Major,149503,01d17h31m43,0
ZEPPELIN-2434,FALSE,TRUE,Major,182580,02d02h43m00,0
ZEPPELIN-1427,TRUE,TRUE,Major,1184148,13d16h55m48,0
ZEPPELIN-2530,FALSE,FALSE,Major,411819,04d18h23m39,0
ZEPPELIN-223,FALSE,FALSE,Major,934368,10d19h32m48,0
ZEPPELIN-1138,FALSE,FALSE,Major,257389,02d23h29m49,0
ZEPPELIN-1130,FALSE,FALSE,Major,411719,04d18h21m59,0
ZEPPELIN-1131,FALSE,FALSE,Major,400678,04d15h17m58,0
ZEPPELIN-1136,FALSE,FALSE,Major,236380,02d17h39m40,0
ZEPPELIN-1031,FALSE,FALSE,Minor,15758708,182d09h25m08,0
ZEPPELIN-1033,TRUE,TRUE,Blocker,126914,01d11h15m14,0
ZEPPELIN-828,TRUE,TRUE,Major,3277014,37d22h16m54,0
ZEPPELIN-1420,FALSE,FALSE,Major,1593969,18d10h46m09,0
ZEPPELIN-344,FALSE,FALSE,Major,261950,03d00h45m50,0
ZEPPELIN-1039,FALSE,FALSE,Major,19017,00d05h16m57,0
ZEPPELIN-825,TRUE,FALSE,Minor,354565,04d02h29m25,0
ZEPPELIN-2861,FALSE,FALSE,Trivial,220826,02d13h20m26,0
ZEPPELIN-4224,FALSE,FALSE,Major,509436,05d21h30m36,0
ZEPPELIN-146,FALSE,FALSE,Trivial,68298,00d18h58m18,0
ZEPPELIN-4220,FALSE,FALSE,Major,408168,04d17h22m48,0
ZEPPELIN-2237,FALSE,FALSE,Major,558296,06d11h04m56,0
ZEPPELIN-2234,FALSE,FALSE,Critical,723436,08d08h57m16,0
ZEPPELIN-2544,FALSE,FALSE,Major,1140454,13d04h47m34,0
ZEPPELIN-1785,FALSE,FALSE,Major,393715,04d13h21m55,0
ZEPPELIN-1071,FALSE,FALSE,Major,162924,01d21h15m24,0
ZEPPELIN-431,FALSE,FALSE,Major,104004,01d04h53m24,0
ZEPPELIN-437,FALSE,FALSE,Minor,118657,01d08h57m37,0
ZEPPELIN-436,FALSE,FALSE,Major,30482,00d08h28m02,0
ZEPPELIN-788,FALSE,FALSE,Minor,1135238,13d03h20m38,0
ZEPPELIN-3846,TRUE,FALSE,Major,415345,04d19h22m25,0
ZEPPELIN-3847,FALSE,FALSE,Major,1402456,16d05h34m16,0
ZEPPELIN-1176,FALSE,FALSE,Major,403641,04d16h07m21,0
ZEPPELIN-3849,FALSE,FALSE,Major,82993,00d23h03m13,0
ZEPPELIN-3325,FALSE,FALSE,Major,3175889,36d18h11m29,0
ZEPPELIN-3324,FALSE,FALSE,Major,1975580,22d20h46m20,0
ZEPPELIN-1149,TRUE,FALSE,Critical,1336952,15d11h22m32,0
ZEPPELIN-3322,FALSE,TRUE,Major,4468,00d01h14m28,0
ZEPPELIN-1622,FALSE,FALSE,Minor,1356578,15d16h49m38,0
ZEPPELIN-2062,FALSE,FALSE,Major,599510,06d22h31m50,0
ZEPPELIN-1145,FALSE,FALSE,Critical,229106,02d15h38m26,0
ZEPPELIN-1144,FALSE,FALSE,Critical,6026193,69d17h56m33,0
ZEPPELIN-1146,TRUE,FALSE,Major,402262,04d15h44m22,0
ZEPPELIN-3240,TRUE,FALSE,Major,258847,02d23h54m07,0
ZEPPELIN-3241,FALSE,FALSE,Major,125582,01d10h53m02,0
ZEPPELIN-3242,TRUE,TRUE,Critical,1000508,11d13h55m08,0
ZEPPELIN-3243,FALSE,FALSE,Major,1347693,15d14h21m33,0
ZEPPELIN-136,TRUE,FALSE,Minor,3923340,45d09h49m00,0
ZEPPELIN-134,FALSE,FALSE,Minor,355398,04d02h43m18,0
ZEPPELIN-135,FALSE,FALSE,Major,123293,01d10h14m53,0
ZEPPELIN-649,FALSE,FALSE,Major,6380068,73d20h14m28,0
ZEPPELIN-319,FALSE,FALSE,Trivial,1610101,18d15h15m01,0
ZEPPELIN-314,FALSE,FALSE,Major,6508819,75d08h00m19,0
ZEPPELIN-315,FALSE,FALSE,Trivial,4401768,50d22h42m48,0
ZEPPELIN-312,TRUE,FALSE,Major,8294835,96d00h07m15,0
ZEPPELIN-725,FALSE,FALSE,Major,58109,00d16h08m29,0
ZEPPELIN-723,FALSE,FALSE,Minor,5539223,64d02h40m23,0
ZEPPELIN-1446,FALSE,FALSE,Major,584685,06d18h24m45,0
ZEPPELIN-489,FALSE,FALSE,Major,3670040,42d11h27m20,0
ZEPPELIN-486,FALSE,FALSE,Major,378007,04d09h00m07,0
ZEPPELIN-1723,FALSE,TRUE,Major,3639122,42d02h52m02,0
ZEPPELIN-485,FALSE,FALSE,Minor,441890,05d02h44m50,0
ZEPPELIN-1725,FALSE,FALSE,Critical,82523,00d22h55m23,0
ZEPPELIN-1724,FALSE,FALSE,Major,159015,01d20h10m15,0
ZEPPELIN-729,FALSE,FALSE,Major,688638,07d23h17m18,0
ZEPPELIN-728,FALSE,FALSE,Major,14528885,168d03h48m05,0
ZEPPELIN-3183,FALSE,FALSE,Major,244841,02d20h00m41,0
ZEPPELIN-3029,TRUE,FALSE,Major,586400,06d18h53m20,0
ZEPPELIN-3180,FALSE,FALSE,Major,4035954,46d17h05m54,0
ZEPPELIN-2122,FALSE,FALSE,Major,8478681,98d03h11m21,0
ZEPPELIN-3022,FALSE,FALSE,Trivial,416514,04d19h41m54,0
ZEPPELIN-3025,FALSE,FALSE,Trivial,319046,03d16h37m26,0
ZEPPELIN-2124,FALSE,TRUE,Critical,2419861,28d00h11m01,0
ZEPPELIN-3432,TRUE,FALSE,Blocker,428998,04d23h09m58,0
ZEPPELIN-3431,FALSE,FALSE,Trivial,1715520,19d20h32m00,0
ZEPPELIN-3430,FALSE,FALSE,Critical,2572885,29d18h41m25,0
ZEPPELIN-3435,FALSE,FALSE,Major,285043,03d07h10m43,0
ZEPPELIN-1368,FALSE,FALSE,Major,2262289,26d04h24m49,0
ZEPPELIN-1082,FALSE,FALSE,Major,170424,01d23h20m24,0
ZEPPELIN-3618,FALSE,FALSE,Minor,1782658,20d15h10m58,0
ZEPPELIN-898,FALSE,FALSE,Minor,175059,02d00h37m39,0
ZEPPELIN-2893,FALSE,TRUE,Major,478047,05d12h47m27,0
ZEPPELIN-897,FALSE,FALSE,Minor,176050,02d00h54m10,0
ZEPPELIN-896,FALSE,FALSE,Minor,176248,02d00h57m28,0
ZEPPELIN-2896,FALSE,FALSE,Critical,189517,02d04h38m37,0
ZEPPELIN-3616,FALSE,TRUE,Major,10445876,120d21h37m56,0
ZEPPELIN-2894,FALSE,FALSE,Major,567770,06d13h42m50,0
ZEPPELIN-1366,TRUE,FALSE,Major,692783,08d00h26m23,0
ZEPPELIN-542,FALSE,FALSE,Major,685480,07d22h24m40,0
ZEPPELIN-541,FALSE,FALSE,Minor,1038677,12d00h31m17,0
ZEPPELIN-547,FALSE,FALSE,Major,158647,01d20h04m07,0
ZEPPELIN-1240,FALSE,TRUE,Critical,633660,07d08h01m00,0
ZEPPELIN-544,FALSE,FALSE,Major,457522,05d07h05m22,0
ZEPPELIN-4014,FALSE,FALSE,Major,17476242,202d06h30m42,0
ZEPPELIN-263,FALSE,FALSE,Major,274162,03d04h09m22,0
ZEPPELIN-4011,FALSE,FALSE,Major,819460,09d11h37m40,0
ZEPPELIN-4012,FALSE,FALSE,Major,811952,09d09h32m32,0
ZEPPELIN-2758,TRUE,FALSE,Critical,761405,08d19h30m05,0
ZEPPELIN-1437,TRUE,FALSE,Major,2925630,33d20h40m30,0
ZEPPELIN-1924,FALSE,FALSE,Blocker,150572,01d17h49m32,0
ZEPPELIN-1848,FALSE,FALSE,Minor,1662683,19d05h51m23,0
ZEPPELIN-4150,FALSE,FALSE,Minor,8232540,95d06h49m00,0
ZEPPELIN-1921,TRUE,FALSE,Major,1457948,16d20h59m08,0
ZEPPELIN-1920,FALSE,FALSE,Major,295427,03d10h03m47,0
ZEPPELIN-792,FALSE,FALSE,Trivial,5883037,68d02h10m37,0
ZEPPELIN-2699,TRUE,FALSE,Minor,2056381,23d19h13m01,0
ZEPPELIN-1847,FALSE,FALSE,Major,494060,05d17h14m20,0
ZEPPELIN-4159,FALSE,FALSE,Major,217107,02d12h18m27,0
ZEPPELIN-1438,TRUE,FALSE,Major,2924883,33d20h28m03,0
ZEPPELIN-1929,TRUE,FALSE,Major,5901777,68d07h22m57,0
ZEPPELIN-1518,FALSE,TRUE,Major,177814,02d01h23m34,0
ZEPPELIN-3115,FALSE,FALSE,Major,9364356,108d09h12m36,0
ZEPPELIN-298,FALSE,FALSE,Major,44907,00d12h28m27,0
ZEPPELIN-480,FALSE,FALSE,Major,499331,05d18h42m11,0
ZEPPELIN-2199,FALSE,FALSE,Major,607355,07d00h42m35,0
ZEPPELIN-2197,TRUE,FALSE,Major,20807142,240d19h45m42,0
ZEPPELIN-3506,TRUE,FALSE,Major,9126,00d02h32m06,0
ZEPPELIN-3119,FALSE,TRUE,Major,1208561,13d23h42m41,0
ZEPPELIN-2191,FALSE,FALSE,Major,596664,06d21h44m24,0
ZEPPELIN-2155,FALSE,FALSE,Major,501101,05d19h11m41,0
ZEPPELIN-2672,FALSE,FALSE,Minor,668291,07d17h38m11,0
ZEPPELIN-1519,FALSE,FALSE,Minor,155479,01d19h11m19,0
ZEPPELIN-2827,FALSE,FALSE,Major,419030,04d20h23m50,0
ZEPPELIN-2825,FALSE,FALSE,Major,414983,04d19h16m23,0
ZEPPELIN-2824,TRUE,FALSE,Major,736927,08d12h42m07,0
ZEPPELIN-2823,FALSE,FALSE,Major,1116177,12d22h02m57,0
ZEPPELIN-2821,FALSE,FALSE,Major,850066,09d20h07m46,0
ZEPPELIN-1391,FALSE,FALSE,Major,233534,02d16h52m14,0
ZEPPELIN-2944,FALSE,FALSE,Major,490752,05d16h19m12,0
ZEPPELIN-863,FALSE,FALSE,Major,82616,00d22h56m56,0
ZEPPELIN-866,FALSE,FALSE,Major,237251,02d17h54m11,0
ZEPPELIN-2943,FALSE,FALSE,Major,48297,00d13h24m57,0
ZEPPELIN-2584,FALSE,FALSE,Major,621856,07d04h44m16,0
ZEPPELIN-946,TRUE,FALSE,Major,1258058,14d13h27m38,0
ZEPPELIN-943,FALSE,FALSE,Minor,414253,04d19h04m13,0
ZEPPELIN-4305,TRUE,FALSE,Critical,927111,10d17h31m51,0
ZEPPELIN-941,FALSE,FALSE,Minor,199909,02d07h31m49,0
ZEPPELIN-4307,FALSE,FALSE,Trivial,1746682,20d05h11m22,0
ZEPPELIN-1843,FALSE,FALSE,Major,2840078,32d20h54m38,0
ZEPPELIN-83,FALSE,FALSE,Major,8614369,99d16h52m49,0
ZEPPELIN-2279,FALSE,FALSE,Major,1940929,22d11h08m49,0
ZEPPELIN-2377,FALSE,FALSE,Major,668193,07d17h36m33,0
ZEPPELIN-3189,FALSE,FALSE,Major,607670,07d00h47m50,0
ZEPPELIN-2375,FALSE,FALSE,Major,1324677,15d07h57m57,0
ZEPPELIN-2409,FALSE,FALSE,Major,679286,07d20h41m26,0
ZEPPELIN-2408,FALSE,FALSE,Major,1386399,16d01h06m39,0
ZEPPELIN-2407,FALSE,FALSE,Major,66120,00d18h22m00,0
ZEPPELIN-1668,FALSE,FALSE,Blocker,17580,00d04h53m00,0
ZEPPELIN-1421,FALSE,FALSE,Minor,866933,10d00h48m53,0
ZEPPELIN-1452,FALSE,FALSE,Major,774405,08d23h06m45,0
ZEPPELIN-1664,FALSE,FALSE,Blocker,32802,00d09h06m42,0
ZEPPELIN-1665,TRUE,FALSE,Major,1226631,14d04h43m51,0
ZEPPELIN-1666,FALSE,FALSE,Critical,762621,08d19h50m21,0
ZEPPELIN-1100,TRUE,FALSE,Major,298992,03d11h03m12,0
ZEPPELIN-3202,FALSE,FALSE,Major,488482,05d15h41m22,0
ZEPPELIN-1102,TRUE,FALSE,Major,600650,06d22h50m50,0
ZEPPELIN-3204,FALSE,FALSE,Minor,766444,08d20h54m04,0
ZEPPELIN-1104,FALSE,FALSE,Major,581432,06d17h30m32,0
ZEPPELIN-1107,TRUE,FALSE,Major,215266,02d11h47m46,0
ZEPPELIN-3207,FALSE,FALSE,Minor,1098768,12d17h12m48,0
ZEPPELIN-1109,FALSE,FALSE,Major,1235696,14d07h14m56,0
ZEPPELIN-3209,FALSE,FALSE,Major,1148972,13d07h09m32,0
ZEPPELIN-1062,FALSE,FALSE,Major,894452,10d08h27m32,0
ZEPPELIN-1060,FALSE,FALSE,Major,346306,04d00h11m46,0
ZEPPELIN-420,TRUE,FALSE,Major,314769,03d15h26m09,0
ZEPPELIN-4272,FALSE,FALSE,Major,3450318,39d22h25m18,0
ZEPPELIN-421,FALSE,FALSE,Major,6022571,69d16h56m11,0
ZEPPELIN-2471,TRUE,FALSE,Minor,2952725,34d04h12m05,0
ZEPPELIN-2473,FALSE,FALSE,Minor,3579361,41d10h16m01,0
ZEPPELIN-72,FALSE,FALSE,Major,25357259,293d11h40m59,0
ZEPPELIN-3839,FALSE,FALSE,Major,248659,02d21h04m19,0
ZEPPELIN-769,TRUE,FALSE,Major,413199,04d18h46m39,0
ZEPPELIN-768,FALSE,FALSE,Major,427236,04d22h40m36,0
IVY-94,FALSE,FALSE,Minor,34372061,397d19h47m41,0
ZEPPELIN-424,TRUE,FALSE,Major,811106,09d09h18m26,0
ZEPPELIN-767,FALSE,FALSE,Major,442648,05d02h57m28,0
ZEPPELIN-2873,FALSE,FALSE,Minor,192625,02d05h30m25,0
ZEPPELIN-765,FALSE,FALSE,Major,167822,01d22h37m02,0
ZEPPELIN-441,TRUE,FALSE,Major,297156,03d10h32m36,0
ZEPPELIN-196,FALSE,TRUE,Major,321095,03d17h11m35,0
ZEPPELIN-449,FALSE,FALSE,Trivial,30746925,355d20h48m45,0
ZEPPELIN-2357,FALSE,FALSE,Major,522332,06d01h05m32,0
ZEPPELIN-2860,FALSE,FALSE,Major,784763,09d01h59m23,0
ZEPPELIN-3475,FALSE,FALSE,Major,593548,06d20h52m28,0
ZEPPELIN-1615,FALSE,FALSE,Major,80152,00d22h15m52,0
ZEPPELIN-1613,TRUE,FALSE,Critical,1874174,21d16h36m14,0
ZEPPELIN-1612,TRUE,FALSE,Major,53894,00d14h58m14,0
ZEPPELIN-3273,FALSE,TRUE,Major,166372,01d22h12m52,0
ZEPPELIN-165,FALSE,FALSE,Major,9294331,107d13h45m31,0
ZEPPELIN-164,FALSE,FALSE,Trivial,2999283,34d17h08m03,0
ZEPPELIN-3278,FALSE,TRUE,Major,18189,00d05h03m09,0
ZEPPELIN-3554,FALSE,FALSE,Major,84608,00d23h30m08,0
ZEPPELIN-3555,FALSE,FALSE,Major,513735,05d22h42m15,0
ZEPPELIN-2995,FALSE,FALSE,Major,3407816,39d10h36m56,0
ZEPPELIN-1209,FALSE,FALSE,Major,1328901,15d09h08m21,0
ZEPPELIN-581,FALSE,FALSE,Major,1635696,18d22h21m36,0
ZEPPELIN-2990,FALSE,FALSE,Major,250522,02d21h35m22,0
ZEPPELIN-992,FALSE,FALSE,Major,185299,02d03h28m19,0
ZEPPELIN-3496,FALSE,FALSE,Major,351577,04d01h39m37,0
ZEPPELIN-1206,FALSE,TRUE,Major,727759,08d10h09m19,0
ZEPPELIN-3490,FALSE,FALSE,Major,3806715,44d01h25m15,0
ZEPPELIN-2999,FALSE,FALSE,Major,1087976,12d14h12m56,0
ZEPPELIN-2998,FALSE,FALSE,Major,128586,01d11h43m06,0
ZEPPELIN-4051,TRUE,FALSE,Major,91624,01d01h27m04,0
ZEPPELIN-4054,FALSE,FALSE,Minor,100234,01d03h50m34,0
ZEPPELIN-1576,FALSE,FALSE,Minor,455691,05d06h34m51,0
ZEPPELIN-2382,FALSE,FALSE,Major,2257718,26d03h08m38,0
ZEPPELIN-1473,FALSE,FALSE,Minor,157502,01d19h45m02,0
ZEPPELIN-349,FALSE,FALSE,Major,215120,02d11h45m20,0
ZEPPELIN-1968,FALSE,FALSE,Critical,4543156,52d13h59m16,0
ZEPPELIN-1776,TRUE,FALSE,Major,508734,05d21h18m54,0
ZEPPELIN-1801,FALSE,FALSE,Minor,557055,06d10h44m15,0
ZEPPELIN-1818,TRUE,TRUE,Major,379763,04d09h29m23,0
ZEPPELIN-1808,FALSE,FALSE,Major,6952247,80d11h10m47,0
ZEPPELIN-2011,FALSE,TRUE,Major,83555,00d23h12m35,0
ZEPPELIN-3986,FALSE,FALSE,Major,2647022,30d15h17m02,0
ZEPPELIN-2014,TRUE,FALSE,Major,780414,09d00h46m54,0
ZEPPELIN-299,FALSE,FALSE,Minor,5302248,61d08h50m48,0
ZEPPELIN-2150,FALSE,FALSE,Minor,3910742,45d06h19m02,0
ZEPPELIN-3014,TRUE,FALSE,Minor,3830916,44d08h08m36,0
ZEPPELIN-3017,FALSE,FALSE,Trivial,652796,07d13h19m56,0
ZEPPELIN-293,FALSE,FALSE,Major,6117520,70d19h18m40,0
ZEPPELIN-297,TRUE,FALSE,Major,321857,03d17h24m17,0
ZEPPELIN-1983,FALSE,FALSE,Major,428144,04d22h55m44,0
ZEPPELIN-1982,TRUE,TRUE,Major,783480,09d01h38m00,0
ZEPPELIN-1985,FALSE,TRUE,Minor,180895,02d02h14m55,0
ZEPPELIN-1984,TRUE,FALSE,Major,358578,04d03h36m18,0
ZEPPELIN-1989,FALSE,FALSE,Trivial,226226,02d14h50m26,0
ZEPPELIN-1365,TRUE,FALSE,Major,665075,07d16h44m35,0
ZEPPELIN-3721,FALSE,FALSE,Trivial,3630075,42d00h21m15,0
ZEPPELIN-3726,FALSE,FALSE,Major,321870,03d17h24m30,0
ZEPPELIN-890,FALSE,FALSE,Major,1366552,15d19h35m52,0
ZEPPELIN-1334,TRUE,TRUE,Major,2188421,25d07h53m41,0
ZEPPELIN-1335,FALSE,FALSE,Trivial,402954,04d15h55m54,0
ZEPPELIN-3838,FALSE,FALSE,Minor,7821894,90d12h44m54,0
ZEPPELIN-1333,FALSE,TRUE,Major,258776,02d23h52m56,0
ZEPPELIN-97,FALSE,FALSE,Major,1795381,20d18h43m01,0
ZEPPELIN-2900,FALSE,FALSE,Critical,168529,01d22h48m49,0
ZEPPELIN-2903,FALSE,FALSE,Major,95519,01d02h31m59,0
ZEPPELIN-536,FALSE,FALSE,Major,2559148,29d14h52m28,0
ZEPPELIN-534,FALSE,FALSE,Minor,809650,09d08h54m10,0
ZEPPELIN-535,TRUE,FALSE,Major,168961,01d22h56m01,0
ZEPPELIN-1501,TRUE,FALSE,Minor,25058137,290d00h35m37,0
ZEPPELIN-1500,TRUE,FALSE,Major,3881148,44d22h05m48,0
ZEPPELIN-905,TRUE,TRUE,Blocker,1992949,23d01h35m49,0
ZEPPELIN-1502,FALSE,FALSE,Major,429438,04d23h17m18,0
ZEPPELIN-1974,FALSE,FALSE,Major,295813,03d10h10m13,0
ZEPPELIN-2336,FALSE,TRUE,Critical,399175,04d14h52m55,0
ZEPPELIN-1976,TRUE,FALSE,Critical,563799,06d12h36m39,0
ZEPPELIN-1977,FALSE,TRUE,Major,194780,02d06h06m20,0
ZEPPELIN-1509,FALSE,FALSE,Major,2169865,25d02h44m25,0
ZEPPELIN-1244,FALSE,FALSE,Major,4202,00d01h10m02,0
ZEPPELIN-1972,FALSE,TRUE,Major,2239151,25d21h59m11,0
ZEPPELIN-2330,FALSE,FALSE,Major,327021,03d18h50m21,0
ZEPPELIN-1727,FALSE,FALSE,Major,170635,01d23h23m55,0
ZEPPELIN-1874,FALSE,FALSE,Major,866615,10d00h43m35,0
ZEPPELIN-3794,FALSE,FALSE,Major,77244,00d21h27m24,0
ZEPPELIN-46,TRUE,FALSE,Blocker,766952,08d21h02m32,0
ZEPPELIN-41,TRUE,FALSE,Major,813028,09d09h50m28,0
ZEPPELIN-1242,FALSE,TRUE,Major,186072,02d03h41m12,0
ZEPPELIN-3655,FALSE,FALSE,Minor,565871,06d13h11m11,0
ZEPPELIN-49,FALSE,FALSE,Major,67256,00d18h40m56,0
ZEPPELIN-3123,FALSE,FALSE,Major,16217162,187d16h46m02,0
ZEPPELIN-1970,FALSE,FALSE,Minor,30155,00d08h22m35,0
ZEPPELIN-2520,FALSE,FALSE,Major,398980,04d14h49m40,0
ZEPPELIN-2521,FALSE,FALSE,Major,498911,05d18h35m11,0
ZEPPELIN-1534,FALSE,FALSE,Major,643790,07d10h49m50,0
ZEPPELIN-1,FALSE,FALSE,Major,10547634,122d01h53m54,0
ZEPPELIN-2,FALSE,FALSE,Trivial,3630,00d01h00m30,0
ZEPPELIN-3,FALSE,FALSE,Major,271951,03d03h32m31,0
ZEPPELIN-1409,FALSE,FALSE,Major,185974,02d03h39m34,0
ZEPPELIN-8,TRUE,FALSE,Critical,311295,03d14h28m15,0
ZEPPELIN-2706,FALSE,FALSE,Major,263608,03d01h13m28,0
ZEPPELIN-1020,FALSE,FALSE,Minor,326565,03d18h42m45,0
ZEPPELIN-2979,FALSE,FALSE,Minor,268317,03d02h31m57,0
ZEPPELIN-1356,FALSE,FALSE,Minor,544977,06d07h22m57,0
ZEPPELIN-2707,FALSE,FALSE,Major,54973,00d15h16m13,0
ZEPPELIN-837,FALSE,FALSE,Major,556789,06d10h39m49,0
ZEPPELIN-836,FALSE,FALSE,Major,4615114,53d09h58m34,0
ZEPPELIN-4232,FALSE,FALSE,Major,771068,08d22h11m08,0
ZEPPELIN-834,FALSE,FALSE,Minor,950127,10d23h55m27,0
ZEPPELIN-4234,FALSE,FALSE,Major,631133,07d07h18m53,0
ZEPPELIN-2970,FALSE,FALSE,Major,335235,03d21h07m15,0
ZEPPELIN-1384,FALSE,TRUE,Major,397986,04d14h33m06,0
ZEPPELIN-4335,FALSE,FALSE,Major,40222,00d11h10m22,0
ZEPPELIN-1357,FALSE,FALSE,Major,20662115,239d03h28m35,0
ZEPPELIN-76,FALSE,FALSE,Minor,10169728,117d16h55m28,0
ZEPPELIN-65,FALSE,TRUE,Major,613513,07d02h25m13,0
ZEPPELIN-404,FALSE,FALSE,Blocker,92734,01d01h45m34,0
ZEPPELIN-403,FALSE,FALSE,Critical,7590309,87d20h25m09,0
ZEPPELIN-400,FALSE,FALSE,Major,2015178,23d07h46m18,0
ZEPPELIN-401,FALSE,FALSE,Major,266558,03d02h02m38,0
ZEPPELIN-3970,TRUE,FALSE,Critical,177781,02d01h23m01,0
ZEPPELIN-3753,FALSE,FALSE,Minor,163497,01d21h24m57,0
ZEPPELIN-1169,FALSE,FALSE,Major,567768,06d13h42m48,0
ZEPPELIN-408,TRUE,FALSE,Minor,9071025,104d23h43m45,0
ZEPPELIN-599,FALSE,FALSE,Minor,10287456,119d01h37m36,0
ZEPPELIN-3871,FALSE,FALSE,Major,578432,06d16h40m32,0
ZEPPELIN-3876,FALSE,FALSE,Major,1157183,13d09h26m23,0
ZEPPELIN-3875,FALSE,FALSE,Major,4148857,48d00h27m37,0
ZEPPELIN-3656,TRUE,TRUE,Major,69192,00d19h13m12,0
ZEPPELIN-3879,FALSE,FALSE,Minor,1734521,20d01h48m41,0
ZEPPELIN-2179,FALSE,TRUE,Major,4494243,52d00h24m03,1
ZEPPELIN-3239,FALSE,TRUE,Critical,508661,05d21h17m41,0
ZEPPELIN-3332,FALSE,FALSE,Major,1918743,22d04h59m03,0
ZEPPELIN-1652,FALSE,FALSE,Major,288586,03d08h09m46,0
ZEPPELIN-1655,FALSE,FALSE,Major,35092,00d09h44m52,0
ZEPPELIN-1654,FALSE,FALSE,Blocker,207394,02d09h36m34,0
ZEPPELIN-1656,FALSE,FALSE,Major,37579,00d10h26m19,0
ZEPPELIN-1659,FALSE,FALSE,Major,97990,01d03h13m10,0
ZEPPELIN-3234,TRUE,FALSE,Major,446396,05d03h59m56,0
ZEPPELIN-1150,FALSE,FALSE,Critical,283296,03d06h41m36,0
ZEPPELIN-121,FALSE,FALSE,Major,937887,10d20h31m27,0
ZEPPELIN-34,FALSE,FALSE,Major,2740615,31d17h16m55,0
ZEPPELIN-1564,TRUE,FALSE,Major,1526544,17d16h02m24,0
ZEPPELIN-2708,FALSE,FALSE,Major,354227,04d02h23m47,0
ZEPPELIN-127,FALSE,FALSE,Blocker,31782435,367d20h27m15,0
ZEPPELIN-4042,FALSE,FALSE,Major,16604,00d04h36m44,0
ZEPPELIN-309,FALSE,FALSE,Minor,4873003,56d09h36m43,0
ZEPPELIN-602,FALSE,FALSE,Minor,523446,06d01h24m06,0
ZEPPELIN-495,FALSE,FALSE,Major,153883,01d18h44m43,0
ZEPPELIN-33,FALSE,FALSE,Blocker,792376,09d04h06m16,0
ZEPPELIN-1840,FALSE,FALSE,Minor,724939,08d09h22m19,0
ZEPPELIN-303,FALSE,FALSE,Major,1107912,12d19h45m12,0
ZEPPELIN-305,FALSE,FALSE,Major,7665741,88d17h22m21,0
ZEPPELIN-304,TRUE,FALSE,Major,346416,04d00h13m36,0
ZEPPELIN-1841,FALSE,FALSE,Major,1282935,14d20h22m15,0
ZEPPELIN-1404,FALSE,FALSE,Major,575122,06d15h45m22,0
ZEPPELIN-1738,FALSE,FALSE,Major,6453811,74d16h43m31,0
ZEPPELIN-716,FALSE,FALSE,Critical,143288,01d15h48m08,0
ZEPPELIN-2757,FALSE,FALSE,Major,1207620,13d23h27m00,0
ZEPPELIN-491,FALSE,FALSE,Major,5935845,68d16h50m45,0
ZEPPELIN-493,TRUE,FALSE,Major,119220,01d09h07m00,0
ZEPPELIN-1731,FALSE,FALSE,Major,3569655,41d07h34m15,0
ZEPPELIN-3190,TRUE,FALSE,Major,83634,00d23h13m54,0
ZEPPELIN-496,FALSE,FALSE,Minor,411308,04d18h15m08,0
ZEPPELIN-2116,FALSE,FALSE,Major,492934,05d16h55m34,0
ZEPPELIN-3581,FALSE,FALSE,Major,57330,00d15h55m30,0
ZEPPELIN-1400,FALSE,FALSE,Major,970078,11d05h27m58,0
ZEPPELIN-3423,FALSE,FALSE,Minor,253405,02d22h23m25,0
ZEPPELIN-3345,FALSE,FALSE,Minor,13841,00d03h50m41,0
ZEPPELIN-3344,FALSE,FALSE,Major,1364625,15d19h03m45,0
ZEPPELIN-395,FALSE,FALSE,Major,5438905,62d22h48m25,0
ZEPPELIN-3343,TRUE,TRUE,Major,28274,00d07h51m14,0
ZEPPELIN-2448,FALSE,FALSE,Minor,289077,03d08h17m57,0
ZEPPELIN-30,FALSE,FALSE,Minor,6109082,70d16h58m02,0
ZEPPELIN-2009,FALSE,TRUE,Critical,100186,01d03h49m46,0
ZEPPELIN-1379,FALSE,TRUE,Major,826695,09d13h38m15,0
ZEPPELIN-562,FALSE,FALSE,Major,157739,01d19h48m59,0
ZEPPELIN-1372,FALSE,FALSE,Major,1148779,13d07h06m19,0
ZEPPELIN-577,FALSE,FALSE,Major,11927807,138d01h16m47,0
ZEPPELIN-1370,FALSE,FALSE,Major,20464021,236d20h27m01,0
ZEPPELIN-492,FALSE,FALSE,Major,62009,00d17h13m29,0
ZEPPELIN-572,FALSE,FALSE,Major,378074,04d09h01m14,0
ZEPPELIN-3560,FALSE,FALSE,Major,319125,03d16h38m45,0
ZEPPELIN-1273,FALSE,FALSE,Minor,431433,04d23h50m33,0
ZEPPELIN-151,FALSE,FALSE,Minor,860666,09d23h04m26,0
ZEPPELIN-276,FALSE,FALSE,Critical,33942,00d09h25m42,0
ZEPPELIN-271,TRUE,FALSE,Critical,345227,03d23h53m47,0
ZEPPELIN-1276,FALSE,FALSE,Major,161045,01d20h44m05,0
ZEPPELIN-375,FALSE,FALSE,Blocker,20778296,240d11h44m56,1
ZEPPELIN-4063,FALSE,FALSE,Major,1295111,14d23h45m11,0
ZEPPELIN-4062,FALSE,FALSE,Minor,86061,00d23h54m21,0
ZEPPELIN-279,FALSE,FALSE,Major,112732,01d07h18m52,0
ZEPPELIN-1544,FALSE,FALSE,Major,549487,06d08h38m07,0
ZEPPELIN-1930,FALSE,FALSE,Major,147688,01d17h01m28,0
ZEPPELIN-4147,FALSE,FALSE,Major,935777,10d19h56m17,0
ZEPPELIN-1932,FALSE,FALSE,Major,347395,04d00h29m55,0
ZEPPELIN-1425,FALSE,FALSE,Major,256308,02d23h11m48,0
ZEPPELIN-1422,FALSE,FALSE,Major,96383,01d02h46m23,0
ZEPPELIN-1800,FALSE,FALSE,Minor,122717,01d10h05m17,0
ZEPPELIN-1936,FALSE,FALSE,Major,257432,02d23h30m32,0
ZEPPELIN-5,FALSE,FALSE,Minor,4880438,56d11h40m38,0
ZEPPELIN-1831,FALSE,FALSE,Trivial,854352,09d21h19m12,0
ZEPPELIN-1833,FALSE,FALSE,Major,602683,06d23h24m43,0
ZEPPELIN-1832,TRUE,TRUE,Blocker,7769888,89d22h18m08,0
ZEPPELIN-1834,FALSE,FALSE,Critical,246992,02d20h36m32,0
ZEPPELIN-2063,FALSE,FALSE,Major,774294,08d23h04m54,0
ZEPPELIN-3519,FALSE,FALSE,Major,1230536,14d05h48m56,0
ZEPPELIN-3691,FALSE,FALSE,Minor,3492374,40d10h06m14,0
ZEPPELIN-2067,FALSE,FALSE,Major,111547,01d06h59m07,0
ZEPPELIN-3166,FALSE,FALSE,Major,147108,01d16h51m48,0
ZEPPELIN-3169,FALSE,FALSE,Major,233602,02d16h53m22,0
ZEPPELIN-3698,FALSE,FALSE,Major,2931333,33d22h15m33,0
ZEPPELIN-3517,TRUE,FALSE,Major,632229,07d07h37m09,0
ZEPPELIN-2648,FALSE,FALSE,Major,2488452,28d19h14m12,0
ZEPPELIN-2564,FALSE,FALSE,Minor,81731,00d22h42m11,0
ZEPPELIN-58,TRUE,FALSE,Major,174572,02d00h29m32,0
ZEPPELIN-2641,FALSE,FALSE,Critical,9231231,106d20h13m51,0
ZEPPELIN-2640,TRUE,FALSE,Major,169328,01d23h02m08,0
ZEPPELIN-2975,FALSE,FALSE,Major,72808,00d20h13m28,0
ZEPPELIN-2645,TRUE,FALSE,Major,7370317,85d07h18m37,0
ZEPPELIN-1186,FALSE,FALSE,Major,246930,02d20h35m30,0
ZEPPELIN-2833,FALSE,FALSE,Major,4530386,52d10h26m26,0
ZEPPELIN-873,FALSE,FALSE,Major,2479167,28d16h39m27,0
ZEPPELIN-2930,FALSE,FALSE,Major,735569,08d12h19m29,0
ZEPPELIN-2484,FALSE,FALSE,Minor,242805,02d19h26m45,0
ZEPPELIN-973,FALSE,FALSE,Major,183340,02d02h55m40,0
ZEPPELIN-976,FALSE,TRUE,Critical,601543,06d23h05m43,0
ZEPPELIN-2241,FALSE,FALSE,Major,469500,05d10h25m00,0
ZEPPELIN-2366,FALSE,FALSE,Major,519219,06d00h13m39,0
ZEPPELIN-2367,FALSE,FALSE,Major,2349113,27d04h31m53,0
ZEPPELIN-1941,FALSE,FALSE,Major,406914,04d17h01m54,0
ZEPPELIN-1943,FALSE,FALSE,Minor,4502288,52d02h38m08,0
ZEPPELIN-3767,FALSE,FALSE,Major,341041,03d22h44m01,0
ZEPPELIN-1492,FALSE,FALSE,Major,16444367,190d07h52m47,0
ZEPPELIN-94,FALSE,FALSE,Blocker,60326,00d16h45m26,1
ZEPPELIN-93,FALSE,FALSE,Major,1134868,13d03h14m28,0
ZEPPELIN-3761,FALSE,FALSE,Minor,1776758,20d13h32m38,0
ZEPPELIN-91,FALSE,FALSE,Minor,428369,04d22h59m29,0
ZEPPELIN-2030,FALSE,TRUE,Major,267143,03d02h12m23,0
ZEPPELIN-706,FALSE,FALSE,Major,645504,07d11h18m24,0
ZEPPELIN-381,TRUE,FALSE,Major,7967567,92d05h12m47,0
ZEPPELIN-2410,FALSE,FALSE,Major,531545,06d03h39m05,0
ZEPPELIN-31,FALSE,FALSE,Minor,13012583,150d14h36m23,0
ZEPPELIN-1697,TRUE,TRUE,Major,10523102,121d19h05m02,0
ZEPPELIN-1693,FALSE,FALSE,Major,3015,00d00h50m15,0
ZEPPELIN-1417,FALSE,FALSE,Major,669940,07d18h05m40,0
ZEPPELIN-2605,FALSE,FALSE,Minor,35843298,414d20h28m18,0
ZEPPELIN-2698,TRUE,FALSE,Major,854792,09d21h26m32,0
ZEPPELIN-1059,TRUE,FALSE,Major,2040478,23d14h47m58,0
ZEPPELIN-1052,FALSE,FALSE,Major,79685,00d22h08m05,0
ZEPPELIN-2846,FALSE,FALSE,Major,503154,05d19h45m54,0
ZEPPELIN-2841,FALSE,FALSE,Major,261163,03d00h32m43,0
ZEPPELIN-1979,FALSE,FALSE,Major,395731,04d13h55m31,0
ZEPPELIN-2486,FALSE,FALSE,Major,55313,00d15h21m53,0
ZEPPELIN-286,TRUE,FALSE,Major,5945852,68d19h37m32,0
ZEPPELIN-1028,TRUE,FALSE,Major,722627,08d08h43m47,0
