BugID, #isArch, #isInduce, #Priority, #TimeSec, #Time, #Reopen
ZOOKEEPER-1358,FALSE,FALSE,Trivial,520456,06d00h34m16,0
ZOOKEEPER-609,FALSE,FALSE,Blocker,1119442,12d22h57m22,0
ZOOKEEPER-2030,FALSE,FALSE,Minor,867251,10d00h54m11,0
ZOOKEEPER-1294,TRUE,FALSE,Major,5667267,65d14h14m27,0
ZOOKEEPER-1352,TRUE,FALSE,Major,2727601,31d13h40m01,0
ZOOKEEPER-1353,FALSE,FALSE,Minor,2629038,30d10h17m18,0
ZOOKEEPER-1299,FALSE,FALSE,Major,1565,00d00h26m05,0
ZOOKEEPER-1351,TRUE,FALSE,Major,963581,11d03h39m41,0
ZOOKEEPER-2785,FALSE,FALSE,Critical,135010,01d13h30m10,0
ZOOKEEPER-2786,TRUE,FALSE,Major,7084727,81d23h58m47,1
ZOOKEEPER-2039,FALSE,FALSE,Minor,220606,02d13h16m46,0
ZOOKEEPER-417,TRUE,FALSE,Blocker,2689119,31d02h58m39,0
ZOOKEEPER-416,FALSE,FALSE,Major,133462,01d13h04m22,0
ZOOKEEPER-415,FALSE,FALSE,Major,39372,00d10h56m12,0
ZOOKEEPER-1984,FALSE,FALSE,Major,68376,00d18h59m36,0
ZOOKEEPER-1451,FALSE,FALSE,Trivial,527087,06d02h24m47,0
ZOOKEEPER-412,FALSE,FALSE,Major,207398540,2400d10h42m20,0
ZOOKEEPER-411,FALSE,FALSE,Major,86553,01d00h02m33,0
ZOOKEEPER-1596,FALSE,FALSE,Major,636362,07d08h46m02,0
ZOOKEEPER-1597,FALSE,FALSE,Major,30078867,348d03h14m27,1
ZOOKEEPER-1590,FALSE,FALSE,Blocker,40196,00d11h09m56,0
ZOOKEEPER-1591,FALSE,FALSE,Major,249128,02d21h12m08,0
ZOOKEEPER-419,FALSE,FALSE,Critical,65261,00d18h07m41,0
ZOOKEEPER-1203,FALSE,FALSE,Major,502967,05d19h42m47,0
ZOOKEEPER-2735,FALSE,FALSE,Trivial,57320,00d15h55m20,0
ZOOKEEPER-2737,FALSE,TRUE,Critical,260162,03d00h16m02,0
ZOOKEEPER-2329,FALSE,FALSE,Minor,6873,00d01h54m33,0
ZOOKEEPER-1851,TRUE,FALSE,Blocker,17864771,206d18h26m11,0
ZOOKEEPER-1853,FALSE,FALSE,Minor,58751324,679d23h48m44,0
ZOOKEEPER-75,FALSE,FALSE,Major,3682,00d01h01m22,0
ZOOKEEPER-2325,TRUE,TRUE,Critical,92662931,1072d11h42m11,1
ZOOKEEPER-2252,FALSE,FALSE,Minor,9765336,113d00h35m36,0
ZOOKEEPER-2253,FALSE,FALSE,Major,3277879,37d22h31m19,0
ZOOKEEPER-855,FALSE,FALSE,Trivial,4604849,53d07h07m29,0
ZOOKEEPER-2251,TRUE,FALSE,Critical,92708977,1073d00h29m37,0
ZOOKEEPER-2256,FALSE,FALSE,Minor,1486418,17d04h53m38,0
ZOOKEEPER-2558,FALSE,FALSE,Minor,100945,01d04h02m25,0
ZOOKEEPER-1189,TRUE,FALSE,Major,902535,10d10h42m15,0
ZOOKEEPER-3320,FALSE,FALSE,Major,12885310,149d03h15m10,0
ZOOKEEPER-1185,FALSE,FALSE,Major,1040318,12d00h58m38,0
ZOOKEEPER-2556,FALSE,FALSE,Minor,5029062,58d04h57m42,0
ZOOKEEPER-1181,FALSE,FALSE,Major,3481708,40d07h08m28,0
ZOOKEEPER-1357,TRUE,FALSE,Minor,71362121,825d22h48m41,0
ZOOKEEPER-1779,FALSE,FALSE,Critical,13317129,154d03h12m09,0
ZOOKEEPER-1673,TRUE,FALSE,Minor,34774805,402d11h40m05,0
ZOOKEEPER-1672,FALSE,FALSE,Trivial,106868,01d05h41m08,0
ZOOKEEPER-1354,FALSE,FALSE,Major,4758914,55d01h55m14,0
ZOOKEEPER-1770,FALSE,FALSE,Minor,143146,01d15h45m46,0
ZOOKEEPER-1773,FALSE,FALSE,Major,156996,01d19h36m36,0
ZOOKEEPER-1774,FALSE,FALSE,Blocker,540828,06d06h13m48,0
ZOOKEEPER-247,FALSE,FALSE,Major,368381,04d06h19m41,0
ZOOKEEPER-245,FALSE,FALSE,Major,443654,05d03h14m14,0
ZOOKEEPER-563,FALSE,FALSE,Major,39194,00d10h53m14,0
ZOOKEEPER-562,FALSE,FALSE,Blocker,262197,03d00h49m57,0
ZOOKEEPER-567,FALSE,FALSE,Major,1005720,11d15h22m00,0
ZOOKEEPER-566,TRUE,TRUE,Critical,1261620,14d14h27m00,0
ZOOKEEPER-480,TRUE,TRUE,Major,1312465,15d04h34m25,0
ZOOKEEPER-481,TRUE,TRUE,Major,1237744,14d07h49m04,0
ZOOKEEPER-569,TRUE,TRUE,Major,9139189,105d18h39m49,0
ZOOKEEPER-568,FALSE,FALSE,Major,369016,04d06h30m16,0
ZOOKEEPER-484,TRUE,FALSE,Blocker,1222182,14d03h29m42,0
ZOOKEEPER-485,FALSE,FALSE,Major,18656243,215d22h17m23,0
ZOOKEEPER-487,FALSE,FALSE,Blocker,599457,06d22h30m57,0
ZOOKEEPER-413,FALSE,FALSE,Minor,21617869,250d04h57m49,0
ZOOKEEPER-602,TRUE,FALSE,Blocker,174958506,2024d23h35m06,1
ZOOKEEPER-2133,FALSE,FALSE,Major,32104015,371d13h46m55,0
ZOOKEEPER-688,FALSE,FALSE,Critical,17558,00d04h52m38,0
ZOOKEEPER-689,FALSE,FALSE,Blocker,1661,00d00h27m41,0
ZOOKEEPER-682,FALSE,FALSE,Blocker,566841,06d13h27m21,0
ZOOKEEPER-683,TRUE,FALSE,Blocker,230611,02d16h03m31,0
ZOOKEEPER-681,FALSE,FALSE,Blocker,658952,07d15h02m32,0
ZOOKEEPER-687,FALSE,FALSE,Major,2626,00d00h43m46,0
ZOOKEEPER-684,TRUE,FALSE,Critical,572980,06d15h09m40,0
ZOOKEEPER-921,FALSE,FALSE,Major,4377242,50d15h54m02,0
ZOOKEEPER-3399,FALSE,FALSE,Major,317076,03d16h04m36,0
ZOOKEEPER-3253,TRUE,FALSE,Minor,3818952,44d04h49m12,1
ZOOKEEPER-1073,FALSE,FALSE,Minor,3678025,42d13h40m25,0
ZOOKEEPER-1367,TRUE,FALSE,Blocker,907692,10d12h08m12,0
ZOOKEEPER-1077,FALSE,FALSE,Critical,125535872,1452d23h04m32,0
ZOOKEEPER-1076,TRUE,FALSE,Minor,5565298,64d09h54m58,0
ZOOKEEPER-1810,TRUE,TRUE,Major,21036206,243d11h23m26,0
ZOOKEEPER-2173,FALSE,FALSE,Major,569054,06d14h04m14,0
ZOOKEEPER-1171,FALSE,FALSE,Minor,958507,11d02h15m07,0
ZOOKEEPER-1174,FALSE,TRUE,Critical,1912498,22d03h14m58,0
ZOOKEEPER-1277,TRUE,FALSE,Critical,11578153,134d00h09m13,0
ZOOKEEPER-1179,TRUE,FALSE,Critical,76237073,882d08h57m53,1
ZOOKEEPER-1271,TRUE,FALSE,Blocker,429952,04d23h25m52,0
ZOOKEEPER-1270,FALSE,TRUE,Blocker,652830,07d13h20m30,1
ZOOKEEPER-1273,TRUE,FALSE,Trivial,91987,01d01h33m07,0
ZOOKEEPER-318,FALSE,FALSE,Major,1396382,16d03h53m02,0
ZOOKEEPER-2683,TRUE,FALSE,Major,616127,07d03h08m47,0
ZOOKEEPER-1050,FALSE,FALSE,Trivial,22466254,260d00h37m34,0
ZOOKEEPER-1406,FALSE,FALSE,Major,1028194,11d21h36m34,0
ZOOKEEPER-3105,FALSE,FALSE,Major,304189,03d12h29m49,0
ZOOKEEPER-1781,TRUE,FALSE,Minor,339562,03d22h19m22,0
ZOOKEEPER-3072,FALSE,FALSE,Major,2464910,28d12h41m50,0
ZOOKEEPER-3079,FALSE,FALSE,Minor,570170,06d14h22m50,0
ZOOKEEPER-630,TRUE,FALSE,Major,39028,00d10h50m28,0
ZOOKEEPER-2951,FALSE,FALSE,Major,121769,01d09h49m29,0
ZOOKEEPER-2819,TRUE,FALSE,Critical,1125795,13d00h43m15,0
ZOOKEEPER-2953,FALSE,FALSE,Major,260661,03d00h24m21,0
ZOOKEEPER-1782,TRUE,FALSE,Major,117324969,1357d22h16m09,0
ZOOKEEPER-183,FALSE,FALSE,Major,360743,04d04h12m23,0
ZOOKEEPER-182,FALSE,FALSE,Major,361237,04d04h20m37,0
ZOOKEEPER-2959,TRUE,FALSE,Blocker,12172614,140d21h16m54,0
ZOOKEEPER-1007,FALSE,FALSE,Minor,946786,10d22h59m46,0
ZOOKEEPER-189,FALSE,FALSE,Major,3944,00d01h05m44,0
ZOOKEEPER-1058,FALSE,FALSE,Trivial,1458488,16d21h08m08,0
ZOOKEEPER-831,TRUE,TRUE,Major,3785643,43d19h34m03,0
ZOOKEEPER-341,FALSE,FALSE,Blocker,1646,00d00h27m26,0
ZOOKEEPER-347,FALSE,FALSE,Minor,1203965,13d22h26m05,0
ZOOKEEPER-346,FALSE,FALSE,Major,2150046,24d21h14m06,0
ZOOKEEPER-1083,FALSE,FALSE,Major,1126895,13d01h01m35,0
ZOOKEEPER-2375,FALSE,TRUE,Blocker,510007,05d21h40m07,0
ZOOKEEPER-1821,FALSE,FALSE,Major,405598,04d16h39m58,0
ZOOKEEPER-1823,TRUE,FALSE,Trivial,151148952,1749d09h49m12,0
ZOOKEEPER-21,TRUE,FALSE,Major,9319491,107d20h44m51,0
ZOOKEEPER-1412,TRUE,FALSE,Blocker,287569,03d07h52m49,0
ZOOKEEPER-2379,FALSE,FALSE,Blocker,117891,01d08h44m51,0
ZOOKEEPER-1431,FALSE,FALSE,Major,7578797,87d17h13m17,0
ZOOKEEPER-1417,FALSE,FALSE,Major,38706536,447d23h48m56,0
ZOOKEEPER-1550,TRUE,FALSE,Blocker,174862,02d00h34m22,0
ZOOKEEPER-1551,TRUE,FALSE,Blocker,32197023,372d15h37m03,0
ZOOKEEPER-1553,FALSE,FALSE,Minor,6170587,71d10h03m07,0
ZOOKEEPER-1557,TRUE,FALSE,Major,33185191,384d02h06m31,0
ZOOKEEPER-2778,TRUE,FALSE,Blocker,50137416,580d07h03m36,0
ZOOKEEPER-709,FALSE,FALSE,Blocker,1566,00d00h26m06,0
ZOOKEEPER-708,FALSE,FALSE,Blocker,4438,00d01h13m58,0
ZOOKEEPER-3479,TRUE,FALSE,Minor,233140,02d16h45m40,0
ZOOKEEPER-2687,FALSE,FALSE,Major,637490,07d09h04m50,0
ZOOKEEPER-2775,TRUE,FALSE,Critical,3344796,38d17h06m36,0
ZOOKEEPER-706,FALSE,FALSE,Critical,165307300,1913d06h41m40,0
ZOOKEEPER-2777,FALSE,FALSE,Major,11168395,129d06h19m55,0
ZOOKEEPER-108,TRUE,FALSE,Major,699247,08d02h14m07,1
ZOOKEEPER-1952,FALSE,FALSE,Minor,20924597,242d04h23m17,0
ZOOKEEPER-2678,FALSE,TRUE,Major,1651757,19d02h49m17,0
ZOOKEEPER-117,FALSE,FALSE,Major,3813817,44d03h23m37,0
ZOOKEEPER-112,TRUE,FALSE,Major,2590189,29d23h29m49,0
ZOOKEEPER-110,FALSE,FALSE,Major,862997,09d23h43m17,0
ZOOKEEPER-2458,FALSE,FALSE,Major,22212,00d06h10m12,0
ZOOKEEPER-2459,FALSE,FALSE,Blocker,19756,00d05h29m16,0
ZOOKEEPER-2517,TRUE,FALSE,Blocker,11571644,133d22h20m44,0
ZOOKEEPER-800,FALSE,FALSE,Minor,9847558,113d23h25m58,0
ZOOKEEPER-1732,FALSE,FALSE,Blocker,8852847,102d11h07m27,1
ZOOKEEPER-2109,FALSE,FALSE,Trivial,4208324,48d16h58m44,0
ZOOKEEPER-1305,FALSE,FALSE,Major,1741225,20d03h40m25,0
ZOOKEEPER-1307,FALSE,FALSE,Minor,9905732,114d15h35m32,0
ZOOKEEPER-524,TRUE,FALSE,Minor,14003138,162d01h45m38,0
ZOOKEEPER-448,FALSE,FALSE,Major,729,00d00h12m09,0
ZOOKEEPER-449,FALSE,FALSE,Major,2389,00d00h39m49,0
ZOOKEEPER-444,FALSE,FALSE,Blocker,168538,01d22h48m58,0
ZOOKEEPER-446,TRUE,FALSE,Major,252644,02d22h10m44,0
ZOOKEEPER-2049,FALSE,FALSE,Major,1421198,16d10h46m38,0
ZOOKEEPER-2581,FALSE,FALSE,Major,31326245,362d13h44m05,0
ZOOKEEPER-1789,FALSE,FALSE,Critical,24690359,285d18h25m59,0
ZOOKEEPER-2172,TRUE,TRUE,Critical,43778842,506d16h47m22,0
ZOOKEEPER-2171,TRUE,FALSE,Major,1634915,18d22h08m35,0
ZOOKEEPER-2174,FALSE,FALSE,Minor,1016468,11d18h21m08,0
ZOOKEEPER-2072,TRUE,FALSE,Major,8050001,93d04h06m41,0
ZOOKEEPER-2073,FALSE,FALSE,Critical,9521932,110d04h58m52,0
ZOOKEEPER-1783,TRUE,TRUE,Major,2675157,30d23h05m57,0
ZOOKEEPER-2178,FALSE,FALSE,Major,2542752,29d10h19m12,0
ZOOKEEPER-1784,FALSE,FALSE,Major,40885504,473d05h05m04,0
ZOOKEEPER-2074,FALSE,FALSE,Minor,55498382,642d08h13m02,1
ZOOKEEPER-1786,FALSE,FALSE,Minor,3232602,37d09h56m42,0
ZOOKEEPER-3218,FALSE,FALSE,Major,2699394,31d05h49m54,0
ZOOKEEPER-963,FALSE,FALSE,Major,491658,05d16h34m18,0
ZOOKEEPER-962,TRUE,FALSE,Critical,2803683,32d10h48m03,0
ZOOKEEPER-961,TRUE,FALSE,Critical,23031871,266d13h44m31,0
ZOOKEEPER-804,FALSE,FALSE,Critical,9229915,106d19h51m55,1
ZOOKEEPER-3210,FALSE,FALSE,Trivial,2703013,31d06h50m13,0
ZOOKEEPER-2201,TRUE,FALSE,Critical,401024,04d15h23m44,0
ZOOKEEPER-3217,FALSE,FALSE,Critical,1696037,19d15h07m17,0
ZOOKEEPER-854,TRUE,FALSE,Major,763618,08d20h06m58,0
ZOOKEEPER-2198,FALSE,FALSE,Minor,43288,00d12h01m28,0
ZOOKEEPER-3356,TRUE,FALSE,Major,9063361,104d21h36m01,0
ZOOKEEPER-2195,FALSE,FALSE,Trivial,26305797,304d11h09m57,0
ZOOKEEPER-1602,FALSE,FALSE,Blocker,108216,01d06h03m36,0
ZOOKEEPER-1603,FALSE,FALSE,Blocker,24583767,284d12h49m27,1
ZOOKEEPER-2197,FALSE,FALSE,Minor,205197,02d08h59m57,0
ZOOKEEPER-2193,TRUE,FALSE,Major,3248857,37d14h27m37,0
ZOOKEEPER-232,FALSE,FALSE,Blocker,3708,00d01h01m48,0
ZOOKEEPER-1236,TRUE,FALSE,Major,21911214,253d14h26m54,0
ZOOKEEPER-1238,FALSE,FALSE,Major,70432709,815d04h38m29,1
ZOOKEEPER-2311,FALSE,FALSE,Major,2934588,33d23h09m48,0
ZOOKEEPER-2190,TRUE,FALSE,Major,61072,00d16h57m52,0
ZOOKEEPER-2297,TRUE,FALSE,Blocker,21449067,248d06h04m27,0
ZOOKEEPER-2294,FALSE,FALSE,Major,12173813,140d21h36m53,0
ZOOKEEPER-2295,FALSE,FALSE,Major,4570720,52d21h38m40,0
ZOOKEEPER-1606,FALSE,FALSE,Major,5133600,59d10h00m00,0
ZOOKEEPER-2299,TRUE,FALSE,Major,3958786,45d19h39m46,0
ZOOKEEPER-1184,FALSE,FALSE,Major,178630,02d01h37m10,0
ZOOKEEPER-2279,FALSE,FALSE,Major,314734,03d15h25m34,0
ZOOKEEPER-3131,FALSE,FALSE,Major,835356,09d16h02m36,0
ZOOKEEPER-2997,FALSE,FALSE,Major,1401565,16d05h19m25,0
ZOOKEEPER-786,FALSE,FALSE,Minor,43126507,499d03h35m07,1
ZOOKEEPER-2859,FALSE,FALSE,Major,1497377,17d07h56m17,0
ZOOKEEPER-2993,FALSE,FALSE,Minor,6767750,78d07h55m50,0
ZOOKEEPER-2992,FALSE,FALSE,Major,36030,00d10h00m30,0
ZOOKEEPER-2998,FALSE,FALSE,Minor,1401077,16d05h11m17,0
ZOOKEEPER-2852,FALSE,FALSE,Major,926306,10d17h18m26,0
ZOOKEEPER-2853,FALSE,FALSE,Minor,925710,10d17h08m30,0
ZOOKEEPER-1046,TRUE,FALSE,Blocker,8006422,92d16h00m22,1
ZOOKEEPER-309,FALSE,FALSE,Major,2514462,29d02h27m42,0
ZOOKEEPER-1670,FALSE,FALSE,Major,17279707,199d23h55m07,1
ZOOKEEPER-1124,TRUE,FALSE,Critical,131608,01d12h33m28,0
ZOOKEEPER-1048,FALSE,FALSE,Major,33588432,388d18h07m12,0
ZOOKEEPER-1049,FALSE,FALSE,Critical,1532867,17d17h47m47,0
ZOOKEEPER-303,FALSE,FALSE,Major,362103,04d04h35m03,0
ZOOKEEPER-302,TRUE,FALSE,Major,31290,00d08h41m30,0
ZOOKEEPER-300,FALSE,FALSE,Major,8452373,97d19h52m53,0
ZOOKEEPER-769,FALSE,FALSE,Major,1290085,14d22h21m25,1
ZOOKEEPER-249,FALSE,FALSE,Trivial,71980,00d19h59m40,0
ZOOKEEPER-1514,TRUE,FALSE,Critical,1201039,13d21h37m19,0
ZOOKEEPER-2758,FALSE,FALSE,Trivial,815976,09d10h39m36,1
ZOOKEEPER-1513,TRUE,FALSE,Major,12550436,145d06h13m56,0
ZOOKEEPER-3156,TRUE,FALSE,Blocker,3460875,40d01h21m15,0
ZOOKEEPER-749,FALSE,TRUE,Critical,553290,06d09h41m30,0
ZOOKEEPER-3001,FALSE,FALSE,Trivial,646579,07d11h36m19,0
ZOOKEEPER-3006,TRUE,FALSE,Major,1108099,12d19h48m19,0
ZOOKEEPER-3007,TRUE,FALSE,Major,2732026,31d14h53m46,0
ZOOKEEPER-2635,FALSE,FALSE,Blocker,10117872,117d02h31m12,1
ZOOKEEPER-3433,FALSE,FALSE,Major,564205,06d12h43m25,0
ZOOKEEPER-241,FALSE,FALSE,Critical,1131980,13d02h26m20,0
ZOOKEEPER-133,FALSE,FALSE,Major,150822,01d17h53m42,0
ZOOKEEPER-2633,FALSE,FALSE,Minor,5751089,66d13h31m29,0
ZOOKEEPER-2920,FALSE,FALSE,Major,19462131,225d06h08m51,0
ZOOKEEPER-2923,FALSE,FALSE,Minor,2056984,23d19h23m04,0
ZOOKEEPER-2924,TRUE,FALSE,Major,4073370,47d03h29m30,0
ZOOKEEPER-669,FALSE,FALSE,Critical,941995,10d21h39m55,0
ZOOKEEPER-2926,TRUE,FALSE,Critical,24555528,284d04h58m48,0
ZOOKEEPER-150,FALSE,FALSE,Blocker,5861,00d01h37m41,0
ZOOKEEPER-151,FALSE,FALSE,Major,1301557,15d01h32m37,0
ZOOKEEPER-157,FALSE,FALSE,Critical,46260,00d12h51m00,0
ZOOKEEPER-154,FALSE,TRUE,Minor,122780,01d10h06m20,0
ZOOKEEPER-155,FALSE,FALSE,Minor,122324,01d09h58m44,0
ZOOKEEPER-159,TRUE,FALSE,Major,189906,02d04h45m06,0
ZOOKEEPER-2797,TRUE,FALSE,Major,101638,01d04h13m58,0
ZOOKEEPER-2026,TRUE,FALSE,Minor,2282476,26d10h01m16,0
ZOOKEEPER-2388,TRUE,FALSE,Blocker,205780,02d09h09m40,0
ZOOKEEPER-2936,FALSE,FALSE,Trivial,9872517,114d06h21m57,0
ZOOKEEPER-2385,FALSE,FALSE,Blocker,505918,05d20h31m58,0
ZOOKEEPER-1343,TRUE,FALSE,Critical,992633,11d11h43m53,0
ZOOKEEPER-17,FALSE,FALSE,Major,10546697,122d01h38m17,0
ZOOKEEPER-2029,TRUE,FALSE,Minor,18818893,217d19h28m13,0
ZOOKEEPER-1344,TRUE,FALSE,Critical,7037791,81d10h56m31,0
ZOOKEEPER-2383,TRUE,FALSE,Blocker,26009645,301d00h54m05,0
ZOOKEEPER-1460,FALSE,FALSE,Major,130897903,1515d00h31m43,1
ZOOKEEPER-402,FALSE,FALSE,Critical,686766,07d22h46m06,0
ZOOKEEPER-404,FALSE,FALSE,Critical,103056,01d04h37m36,0
ZOOKEEPER-1465,FALSE,FALSE,Critical,4845778,56d02h02m58,0
ZOOKEEPER-1466,FALSE,FALSE,Blocker,3898312,45d02h51m52,0
ZOOKEEPER-615,FALSE,FALSE,Major,163274,01d21h21m14,0
ZOOKEEPER-1581,FALSE,FALSE,Major,2909097,33d16h04m57,0
ZOOKEEPER-1580,FALSE,FALSE,Minor,164922863,1908d19h54m23,0
ZOOKEEPER-1585,FALSE,FALSE,Major,675163,07d19h32m43,0
ZOOKEEPER-1317,FALSE,FALSE,Minor,449380,05d04h49m40,0
ZOOKEEPER-1864,FALSE,FALSE,Major,10128054,117d05h20m54,0
ZOOKEEPER-2338,FALSE,FALSE,Major,63007333,729d06h02m13,0
ZOOKEEPER-1702,FALSE,FALSE,Major,4590024,53d03h00m24,0
ZOOKEEPER-1860,FALSE,FALSE,Major,178819,02d01h40m19,0
ZOOKEEPER-1861,FALSE,FALSE,Minor,2862806,33d03h13m26,0
ZOOKEEPER-1862,FALSE,FALSE,Major,5253606,60d19h20m06,0
ZOOKEEPER-1863,TRUE,FALSE,Blocker,15653857,181d04h17m37,0
ZOOKEEPER-1906,FALSE,FALSE,Major,133846,01d13h10m46,0
ZOOKEEPER-63,TRUE,FALSE,Major,5016649,58d01h30m49,0
ZOOKEEPER-2335,FALSE,FALSE,Major,48748,00d13h32m28,0
ZOOKEEPER-482,FALSE,FALSE,Minor,690556,07d23h49m16,0
ZOOKEEPER-1901,FALSE,FALSE,Minor,3341,00d00h55m41,0
ZOOKEEPER-1900,FALSE,FALSE,Blocker,8723382,100d23h09m42,0
ZOOKEEPER-2243,FALSE,FALSE,Major,15686223,181d13h17m03,0
ZOOKEEPER-483,TRUE,TRUE,Major,2798258,32d09h17m38,0
ZOOKEEPER-2245,FALSE,FALSE,Major,3173178,36d17h26m18,1
ZOOKEEPER-2244,TRUE,TRUE,Critical,4200343,48d14h45m43,0
ZOOKEEPER-2247,TRUE,FALSE,Critical,31538746,365d00h45m46,0
ZOOKEEPER-2249,TRUE,FALSE,Major,76490672,885d07h24m32,0
ZOOKEEPER-1645,FALSE,FALSE,Major,322938,03d17h42m18,0
ZOOKEEPER-1646,FALSE,FALSE,Blocker,21366072,247d07h01m12,0
ZOOKEEPER-1647,FALSE,FALSE,Major,149162,01d17h26m02,0
ZOOKEEPER-1641,FALSE,FALSE,Minor,801753,09d06h42m33,0
ZOOKEEPER-1642,FALSE,FALSE,Major,8406204,97d07h03m24,0
ZOOKEEPER-1643,FALSE,FALSE,Major,963741,11d03h42m21,0
ZOOKEEPER-275,TRUE,FALSE,Major,1238021,14d07h53m41,0
ZOOKEEPER-273,FALSE,FALSE,Major,1012802,11d17h20m02,0
ZOOKEEPER-272,FALSE,FALSE,Major,1400800,16d05h06m40,0
ZOOKEEPER-1888,FALSE,FALSE,Major,1410506,16d07h48m26,0
ZOOKEEPER-574,FALSE,FALSE,Minor,6306464,72d23h47m44,0
ZOOKEEPER-576,FALSE,FALSE,Major,783559,09d01h39m19,0
ZOOKEEPER-570,TRUE,FALSE,Critical,58112,00d16h08m32,0
ZOOKEEPER-1883,FALSE,FALSE,Minor,2050102,23d17h28m22,1
ZOOKEEPER-2096,FALSE,FALSE,Major,14266975,165d03h02m55,0
ZOOKEEPER-477,FALSE,FALSE,Major,2093105,24d05h25m05,0
ZOOKEEPER-470,FALSE,FALSE,Minor,534603,06d04h30m03,0
ZOOKEEPER-479,FALSE,TRUE,Major,1243786,14d09h29m46,0
ZOOKEEPER-2418,FALSE,FALSE,Critical,100317444,1161d01h57m24,0
ZOOKEEPER-2142,FALSE,FALSE,Trivial,19828311,229d11h51m51,0
ZOOKEEPER-2141,TRUE,FALSE,Blocker,33464455,387d07h40m55,1
ZOOKEEPER-2146,TRUE,FALSE,Major,376378,04d08h32m58,0
ZOOKEEPER-2413,FALSE,FALSE,Major,960425,11d02h47m05,0
ZOOKEEPER-452,FALSE,FALSE,Major,739,00d00h12m19,0
ZOOKEEPER-3540,TRUE,FALSE,Major,86993,01d00h09m53,0
ZOOKEEPER-937,FALSE,FALSE,Major,1543791,17d20h49m51,0
ZOOKEEPER-930,FALSE,FALSE,Major,117149,01d08h32m29,0
ZOOKEEPER-2890,FALSE,FALSE,Critical,3052672,35d07h57m52,0
ZOOKEEPER-1087,TRUE,FALSE,Blocker,1243473,14d09h24m33,0
ZOOKEEPER-2893,FALSE,FALSE,Major,8932469,103d09h14m29,0
ZOOKEEPER-2894,FALSE,FALSE,Critical,57761767,668d12h56m07,0
ZOOKEEPER-3265,FALSE,FALSE,Major,323601,03d17h53m21,0
ZOOKEEPER-457,FALSE,FALSE,Major,2597695,30d01h34m55,0
ZOOKEEPER-1089,TRUE,FALSE,Major,17424673,201d16h11m13,0
ZOOKEEPER-1163,FALSE,FALSE,Major,26353271,305d00h21m11,0
ZOOKEEPER-1165,FALSE,FALSE,Minor,327282,03d18h54m42,0
ZOOKEEPER-1241,FALSE,FALSE,Minor,60654,00d16h50m54,0
ZOOKEEPER-454,FALSE,FALSE,Minor,207,00d00h03m27,0
ZOOKEEPER-582,TRUE,FALSE,Blocker,264851,03d01h34m11,0
ZOOKEEPER-391,FALSE,FALSE,Major,527682,06d02h34m42,0
ZOOKEEPER-587,FALSE,FALSE,Major,1722320,19d22h25m20,0
ZOOKEEPER-586,FALSE,FALSE,Major,10016757,115d22h25m57,0
ZOOKEEPER-589,FALSE,FALSE,Major,6724242,77d19h50m42,0
ZOOKEEPER-588,FALSE,FALSE,Minor,1717252,19d21h00m52,0
ZOOKEEPER-3041,FALSE,FALSE,Trivial,301692,03d11h48m12,0
ZOOKEEPER-3042,FALSE,FALSE,Minor,5017566,58d01h46m06,0
ZOOKEEPER-783,FALSE,FALSE,Critical,4764144,55d03h22m24,0
ZOOKEEPER-782,FALSE,FALSE,Trivial,35327191,408d21h06m31,0
ZOOKEEPER-3165,TRUE,FALSE,Major,338371,03d21h59m31,0
ZOOKEEPER-3162,FALSE,FALSE,Major,2962998,34d07h03m18,0
ZOOKEEPER-785,FALSE,FALSE,Major,8979461,103d22h17m41,1
ZOOKEEPER-2964,FALSE,FALSE,Minor,926563,10d17h22m43,0
ZOOKEEPER-622,FALSE,FALSE,Major,7197129,83d07h12m09,0
ZOOKEEPER-623,TRUE,TRUE,Major,2546608,29d11h23m28,1
ZOOKEEPER-624,FALSE,FALSE,Major,7937310,91d20h48m30,0
ZOOKEEPER-2961,FALSE,FALSE,Major,2339711,27d01h55m11,0
ZOOKEEPER-626,FALSE,FALSE,Major,3221703,37d06h55m03,0
ZOOKEEPER-627,FALSE,FALSE,Major,81813,00d22h43m33,0
ZOOKEEPER-196,FALSE,FALSE,Major,19991898,231d09h18m18,0
ZOOKEEPER-2806,FALSE,FALSE,Major,24709463,285d23h44m23,0
ZOOKEEPER-2804,TRUE,FALSE,Major,6088776,70d11h19m36,0
ZOOKEEPER-192,FALSE,FALSE,Minor,18907970,218d20h12m50,0
ZOOKEEPER-193,FALSE,FALSE,Major,71706,00d19h55m06,0
ZOOKEEPER-190,FALSE,FALSE,Major,15795,00d04h23m15,0
ZOOKEEPER-1373,TRUE,TRUE,Major,1141018,13d04h56m58,0
ZOOKEEPER-1013,FALSE,FALSE,Trivial,339065,03d22h11m05,0
ZOOKEEPER-199,FALSE,FALSE,Minor,16661,00d04h37m41,0
ZOOKEEPER-355,TRUE,FALSE,Major,1180396,13d15h53m16,0
ZOOKEEPER-1086,TRUE,TRUE,Major,12081836,139d20h03m56,1
ZOOKEEPER-293,FALSE,FALSE,Critical,9396,00d02h36m36,0
ZOOKEEPER-2340,FALSE,FALSE,Minor,86386,00d23h59m46,0
ZOOKEEPER-2693,TRUE,FALSE,Blocker,1824819,21d02h53m39,0
ZOOKEEPER-2690,FALSE,FALSE,Minor,24108913,279d00h55m13,0
ZOOKEEPER-1427,TRUE,FALSE,Critical,10367794,119d23h56m34,0
ZOOKEEPER-1932,TRUE,FALSE,Major,92844200,1074d14h03m20,0
ZOOKEEPER-1933,FALSE,FALSE,Major,4492773,51d23h59m33,0
ZOOKEEPER-1930,FALSE,FALSE,Minor,43826,00d12h10m26,0
ZOOKEEPER-2349,FALSE,FALSE,Minor,54455139,630d06h25m39,0
ZOOKEEPER-1540,FALSE,FALSE,Major,2806881,32d11h41m21,0
ZOOKEEPER-87,TRUE,FALSE,Critical,163361299,1890d18h08m19,0
ZOOKEEPER-2747,FALSE,FALSE,Major,957382,11d01h56m22,0
ZOOKEEPER-710,TRUE,FALSE,Blocker,106807,01d05h40m07,1
ZOOKEEPER-2743,FALSE,TRUE,Major,766167,08d20h49m27,0
ZOOKEEPER-3440,FALSE,FALSE,Critical,518469,06d00h01m09,0
ZOOKEEPER-291,TRUE,FALSE,Major,2278,00d00h37m58,0
ZOOKEEPER-656,FALSE,FALSE,Major,94088,01d02h08m08,0
ZOOKEEPER-718,FALSE,FALSE,Major,4742,00d01h19m02,0
ZOOKEEPER-719,FALSE,FALSE,Major,9688765,112d03h19m25,0
ZOOKEEPER-1945,FALSE,FALSE,Major,121853,01d09h50m53,0
ZOOKEEPER-123,TRUE,FALSE,Minor,82072,00d22h47m52,0
ZOOKEEPER-122,FALSE,FALSE,Major,64564,00d17h56m04,0
ZOOKEEPER-1949,FALSE,FALSE,Major,19782085,228d23h01m25,0
ZOOKEEPER-127,TRUE,TRUE,Critical,3007301,34d19h21m41,0
ZOOKEEPER-2114,FALSE,FALSE,Major,1515939,17d13h05m39,0
ZOOKEEPER-1683,TRUE,FALSE,Major,40516646,468d22h37m26,0
ZOOKEEPER-2111,FALSE,FALSE,Major,301846,03d11h50m46,0
ZOOKEEPER-2442,FALSE,FALSE,Major,5203619,60d05h26m59,0
ZOOKEEPER-1937,FALSE,FALSE,Major,3786559,43d19h49m19,0
ZOOKEEPER-396,FALSE,FALSE,Critical,2663906,30d19h58m26,0
ZOOKEEPER-1725,TRUE,FALSE,Minor,22634030,261d23h13m50,0
ZOOKEEPER-530,FALSE,FALSE,Major,2634243,30d11h44m03,0
ZOOKEEPER-1331,FALSE,FALSE,Minor,754127,08d17h28m47,0
ZOOKEEPER-1168,TRUE,FALSE,Major,77017,00d21h23m37,0
ZOOKEEPER-1333,TRUE,FALSE,Blocker,155731,01d19h15m31,0
ZOOKEEPER-1334,FALSE,TRUE,Major,31505614,364d15h33m34,0
ZOOKEEPER-535,FALSE,FALSE,Major,3368,00d00h56m08,0
ZOOKEEPER-1336,FALSE,FALSE,Major,4008802,46d09h33m22,0
ZOOKEEPER-537,FALSE,TRUE,Major,3624897,41d22h54m57,0
ZOOKEEPER-1338,TRUE,FALSE,Major,4009544,46d09h45m44,0
ZOOKEEPER-1339,FALSE,FALSE,Major,11947110,138d06h38m30,1
ZOOKEEPER-433,TRUE,FALSE,Blocker,1062726,12d07h12m06,0
ZOOKEEPER-435,TRUE,FALSE,Critical,290364,03d08h39m24,0
ZOOKEEPER-2808,TRUE,FALSE,Critical,257832,02d23h37m12,0
ZOOKEEPER-94,TRUE,FALSE,Major,25336380,293d05h53m00,0
ZOOKEEPER-1839,FALSE,FALSE,Critical,222989,02d13h56m29,0
ZOOKEEPER-59,FALSE,FALSE,Major,53275259,616d14h40m59,0
ZOOKEEPER-2060,FALSE,FALSE,Major,3127312,36d04h41m52,0
ZOOKEEPER-1835,TRUE,FALSE,Major,17558416,203d05h20m16,0
ZOOKEEPER-2062,TRUE,FALSE,Major,17464821,202d03h20m21,0
ZOOKEEPER-2064,FALSE,FALSE,Critical,3355155,38d19h59m15,0
ZOOKEEPER-2239,FALSE,FALSE,Major,7137760,82d14h42m40,0
ZOOKEEPER-973,FALSE,FALSE,Trivial,33140835,383d13h47m15,0
ZOOKEEPER-975,FALSE,FALSE,Major,9085453,105d03h44m13,0
ZOOKEEPER-976,FALSE,FALSE,Minor,3475559,40d05h25m59,0
ZOOKEEPER-870,FALSE,FALSE,Major,27660,00d07h41m00,0
ZOOKEEPER-2235,FALSE,FALSE,Blocker,25149583,291d01h59m43,1
ZOOKEEPER-877,FALSE,FALSE,Major,96062564,1111d20h02m44,0
ZOOKEEPER-957,FALSE,FALSE,Major,122915,01d10h08m35,0
ZOOKEEPER-385,TRUE,FALSE,Critical,2106352,24d09h05m52,0
ZOOKEEPER-384,FALSE,FALSE,Minor,633604,07d08h00m04,0
ZOOKEEPER-1208,TRUE,FALSE,Blocker,4114705,47d14h58m25,0
ZOOKEEPER-382,FALSE,FALSE,Major,175320,02d00h42m00,0
ZOOKEEPER-1610,FALSE,FALSE,Critical,24976127,289d01h48m47,0
ZOOKEEPER-1756,FALSE,FALSE,Major,8615111,99d17h05m11,0
ZOOKEEPER-1206,FALSE,FALSE,Minor,191427,02d05h10m27,0
ZOOKEEPER-1939,FALSE,FALSE,Major,1162239,13d10h50m39,0
ZOOKEEPER-2355,TRUE,TRUE,Critical,48647035,563d01h03m55,0
ZOOKEEPER-1750,TRUE,FALSE,Minor,3025185,35d00h19m45,0
ZOOKEEPER-1751,FALSE,FALSE,Major,1559558,18d01h12m38,0
ZOOKEEPER-547,TRUE,FALSE,Major,3461859,40d01h37m39,0
ZOOKEEPER-541,FALSE,TRUE,Major,688211,07d23h10m11,0
ZOOKEEPER-542,FALSE,FALSE,Major,145055,01d16h17m35,0
ZOOKEEPER-198,FALSE,FALSE,Minor,1345,00d00h22m25,0
ZOOKEEPER-2284,TRUE,FALSE,Minor,107363832,1242d15h17m12,0
ZOOKEEPER-2470,TRUE,FALSE,Trivial,14422370,166d22h12m50,0
ZOOKEEPER-2281,FALSE,FALSE,Minor,6684207,77d08h43m27,1
ZOOKEEPER-2283,FALSE,FALSE,Major,14476399,167d13h13m19,0
ZOOKEEPER-3082,TRUE,FALSE,Minor,2107821,24d09h30m21,0
ZOOKEEPER-2611,FALSE,FALSE,Critical,44591,00d12h23m11,0
ZOOKEEPER-3127,TRUE,FALSE,Critical,1173547,13d13h59m07,0
ZOOKEEPER-3125,TRUE,FALSE,Blocker,6907369,79d22h42m49,0
ZOOKEEPER-904,FALSE,FALSE,Major,611230,07d01h47m10,0
ZOOKEEPER-907,TRUE,FALSE,Blocker,1288929,14d22h02m09,0
ZOOKEEPER-902,FALSE,FALSE,Minor,9683156,112d01h45m56,0
ZOOKEEPER-2841,FALSE,FALSE,Major,2134823,24d17h00m23,0
ZOOKEEPER-2847,TRUE,FALSE,Major,37922199,438d21h56m39,1
ZOOKEEPER-1141,FALSE,FALSE,Major,1041007,12d01h10m07,0
ZOOKEEPER-2845,TRUE,FALSE,Critical,19353600,224d00h00m00,0
ZOOKEEPER-1051,FALSE,FALSE,Minor,11293552,130d17h05m52,0
ZOOKEEPER-319,FALSE,FALSE,Major,854209,09d21h16m49,0
ZOOKEEPER-1140,FALSE,FALSE,Blocker,2728070,31d13h47m50,0
ZOOKEEPER-1055,TRUE,FALSE,Major,9516405,110d03h26m45,0
ZOOKEEPER-2221,FALSE,FALSE,Major,449066,05d04h44m26,0
ZOOKEEPER-1057,FALSE,FALSE,Blocker,84916082,982d19h48m02,0
ZOOKEEPER-1059,TRUE,FALSE,Major,1061313,12d06h48m33,0
ZOOKEEPER-1111,FALSE,FALSE,Major,1687703,19d12h48m23,0
ZOOKEEPER-1117,FALSE,FALSE,Minor,4467687,51d17h01m27,0
ZOOKEEPER-1361,TRUE,FALSE,Major,21381637,247d11h20m37,1
ZOOKEEPER-1144,FALSE,FALSE,Blocker,675259,07d19h34m19,0
ZOOKEEPER-206,FALSE,FALSE,Minor,2261706,26d04h15m06,0
ZOOKEEPER-1501,FALSE,FALSE,Major,5577359,64d13h15m59,0
ZOOKEEPER-1212,FALSE,FALSE,Major,1333059,15d10h17m39,0
ZOOKEEPER-228,FALSE,FALSE,Blocker,702,00d00h11m42,0
ZOOKEEPER-204,TRUE,TRUE,Major,2434568,28d04h16m08,0
ZOOKEEPER-758,FALSE,FALSE,Major,171962,01d23h46m02,0
ZOOKEEPER-3404,FALSE,FALSE,Major,62393,00d17h19m53,0
ZOOKEEPER-3405,FALSE,FALSE,Critical,146075,01d16h34m35,0
ZOOKEEPER-203,FALSE,FALSE,Minor,214,00d00h03m34,0
ZOOKEEPER-611,FALSE,FALSE,Major,153201,01d18h33m21,1
ZOOKEEPER-2622,TRUE,FALSE,Trivial,8091309,93d15h35m09,0
ZOOKEEPER-2621,FALSE,FALSE,Major,75411722,872d19h42m02,0
ZOOKEEPER-2934,FALSE,FALSE,Major,783261,09d01h34m21,0
ZOOKEEPER-2627,FALSE,FALSE,Major,2579097,29d20h24m57,0
ZOOKEEPER-614,FALSE,FALSE,Major,343976,03d23h32m56,0
ZOOKEEPER-2931,FALSE,FALSE,Major,880752,10d04h39m12,0
ZOOKEEPER-258,FALSE,FALSE,Minor,1983064,22d22h51m04,0
ZOOKEEPER-994,FALSE,FALSE,Minor,819170,09d11h32m50,0
ZOOKEEPER-2628,TRUE,TRUE,Major,1697498,19d15h31m38,0
ZOOKEEPER-880,TRUE,FALSE,Blocker,14670527,169d19h08m47,1
ZOOKEEPER-365,FALSE,FALSE,Minor,2236856,25d21h20m56,0
ZOOKEEPER-367,TRUE,FALSE,Critical,1186973,13d17h42m53,0
ZOOKEEPER-360,FALSE,FALSE,Major,105109,01d05h11m49,0
ZOOKEEPER-363,FALSE,FALSE,Major,315354,03d15h35m54,0
ZOOKEEPER-362,FALSE,FALSE,Major,47262,00d13h07m42,0
ZOOKEEPER-1374,FALSE,FALSE,Minor,1103525,12d18h32m05,0
ZOOKEEPER-1807,FALSE,FALSE,Blocker,142633722,1650d20h28m42,1
ZOOKEEPER-2013,FALSE,FALSE,Trivial,68931,00d19h08m51,0
ZOOKEEPER-2014,TRUE,FALSE,Blocker,70477999,815d17h13m19,0
ZOOKEEPER-1803,FALSE,FALSE,Major,60375693,698d19h01m33,0
ZOOKEEPER-1478,FALSE,FALSE,Minor,16690548,193d04h15m48,0
ZOOKEEPER-2393,FALSE,FALSE,Blocker,159400,01d20h16m40,0
ZOOKEEPER-1474,TRUE,TRUE,Major,15700496,181d17h14m56,0
ZOOKEEPER-1379,FALSE,FALSE,Minor,50242898,581d12h21m38,0
ZOOKEEPER-1471,FALSE,FALSE,Minor,3476047,40d05h34m07,0
ZOOKEEPER-1576,TRUE,FALSE,Major,51684107,598d04h41m47,0
ZOOKEEPER-1575,FALSE,FALSE,Major,44323477,513d00h04m37,0
ZOOKEEPER-1573,TRUE,FALSE,Critical,40254002,465d21h40m02,0
ZOOKEEPER-746,FALSE,FALSE,Minor,367678,04d06h07m58,0
ZOOKEEPER-741,TRUE,FALSE,Critical,649892,07d12h31m32,0
ZOOKEEPER-1578,TRUE,FALSE,Major,3381474,39d03h17m54,0
ZOOKEEPER-252,TRUE,TRUE,Critical,4414362,51d02h12m42,0
ZOOKEEPER-1909,TRUE,FALSE,Major,630071,07d07h01m11,0
ZOOKEEPER-420,FALSE,FALSE,Major,10897327,126d03h02m07,0
ZOOKEEPER-2498,FALSE,FALSE,Major,48047,00d13h20m47,0
ZOOKEEPER-720,FALSE,FALSE,Trivial,1894505,21d22h15m05,0
ZOOKEEPER-722,FALSE,FALSE,Minor,1784620,20d15h43m40,0
ZOOKEEPER-2304,FALSE,FALSE,Major,3574338,41d08h52m18,0
ZOOKEEPER-1870,FALSE,FALSE,Blocker,18309836,211d22h03m56,0
ZOOKEEPER-1877,TRUE,FALSE,Critical,14516355,168d00h19m15,0
ZOOKEEPER-2301,TRUE,TRUE,Major,3698220,42d19h17m00,0
ZOOKEEPER-2302,FALSE,FALSE,Major,299165,03d11h06m05,0
ZOOKEEPER-2651,FALSE,FALSE,Major,1741252,20d03h40m52,0
ZOOKEEPER-1973,TRUE,FALSE,Major,176914,02d01h08m34,0
ZOOKEEPER-1878,FALSE,FALSE,Major,3966203,45d21h43m23,1
ZOOKEEPER-1974,FALSE,FALSE,Blocker,516428,05d23h27m08,0
ZOOKEEPER-2576,FALSE,FALSE,Blocker,38198,00d10h36m38,0
ZOOKEEPER-1659,TRUE,FALSE,Blocker,39273472,454d13h17m52,0
ZOOKEEPER-2574,TRUE,FALSE,Major,11682642,135d05h10m42,0
ZOOKEEPER-2573,FALSE,FALSE,Major,11920599,137d23h16m39,0
ZOOKEEPER-2477,FALSE,FALSE,Major,1054385,12d04h53m05,0
ZOOKEEPER-1657,TRUE,TRUE,Major,17345651,200d18h14m11,0
ZOOKEEPER-2636,FALSE,FALSE,Blocker,31303,00d08h41m43,0
ZOOKEEPER-2579,FALSE,FALSE,Major,434848,05d00h47m28,0
ZOOKEEPER-1713,FALSE,FALSE,Trivial,7641081,88d10h31m21,0
ZOOKEEPER-8,TRUE,FALSE,Minor,10273643,118d21h47m23,0
ZOOKEEPER-1655,FALSE,FALSE,Major,18635729,215d16h35m29,0
ZOOKEEPER-1714,FALSE,FALSE,Minor,1320879,15d06h54m39,0
ZOOKEEPER-267,TRUE,FALSE,Major,1906059,22d01h27m39,0
ZOOKEEPER-2,TRUE,FALSE,Major,6669523,77d04h38m43,0
ZOOKEEPER-1894,TRUE,FALSE,Major,1203367,13d22h16m07,0
ZOOKEEPER-1897,FALSE,FALSE,Major,1380664,15d23h31m04,0
ZOOKEEPER-1719,FALSE,FALSE,Major,253721,02d22h28m41,0
ZOOKEEPER-1891,TRUE,FALSE,Major,5224354,60d11h12m34,0
ZOOKEEPER-121,TRUE,FALSE,Blocker,50211756,581d03h42m36,1
ZOOKEEPER-1893,FALSE,TRUE,Minor,31699468,366d21h24m28,1
ZOOKEEPER-466,FALSE,TRUE,Major,1809271,20d22h34m31,0
ZOOKEEPER-1483,FALSE,FALSE,Major,8159144,94d10h25m44,0
ZOOKEEPER-508,TRUE,TRUE,Blocker,645465,07d11h17m45,0
ZOOKEEPER-1489,TRUE,FALSE,Blocker,2549989,29d12h19m49,0
ZOOKEEPER-468,FALSE,FALSE,Minor,172674,01d23h57m54,1
ZOOKEEPER-469,FALSE,FALSE,Major,191980,02d05h19m40,0
ZOOKEEPER-985,FALSE,FALSE,Major,772211,08d22h30m11,0
ZOOKEEPER-2405,FALSE,FALSE,Blocker,5190173,60d01h42m53,0
ZOOKEEPER-1898,TRUE,TRUE,Critical,74249445,859d08h50m45,0
ZOOKEEPER-1119,FALSE,FALSE,Major,1597736,18d11h48m56,0
ZOOKEEPER-981,FALSE,FALSE,Critical,19381656,224d07h47m36,0
ZOOKEEPER-53,FALSE,FALSE,Blocker,1354,00d00h22m34,0
ZOOKEEPER-268,FALSE,FALSE,Major,1646616,19d01h23m36,0
ZOOKEEPER-1097,TRUE,FALSE,Blocker,897795,10d09h23m15,0
ZOOKEEPER-822,FALSE,FALSE,Blocker,6829920,79d01h12m00,0
ZOOKEEPER-3373,FALSE,FALSE,Minor,8605968,99d14h32m48,0
ZOOKEEPER-1628,TRUE,FALSE,Major,60564,00d16h49m24,0
ZOOKEEPER-1629,TRUE,FALSE,Major,14777824,171d00h57m04,1
ZOOKEEPER-1154,FALSE,FALSE,Blocker,1823294,21d02h28m14,0
ZOOKEEPER-1624,TRUE,FALSE,Critical,22953302,265d15h55m02,0
ZOOKEEPER-1625,FALSE,TRUE,Major,278546,03d05h22m26,0
ZOOKEEPER-637,FALSE,FALSE,Major,58577,00d16h16m17,1
ZOOKEEPER-1620,TRUE,TRUE,Major,872900,10d02h28m20,0
ZOOKEEPER-1256,FALSE,FALSE,Major,150132013,1737d15h20m13,1
ZOOKEEPER-213,FALSE,FALSE,Major,1705714,19d17h48m34,0
ZOOKEEPER-212,TRUE,FALSE,Critical,1733236,20d01h27m16,0
ZOOKEEPER-6,FALSE,FALSE,Major,9642818,111d14h33m38,0
ZOOKEEPER-1395,FALSE,FALSE,Critical,3292208,38d02h30m08,0
ZOOKEEPER-219,FALSE,FALSE,Minor,526314,06d02h11m54,0
ZOOKEEPER-218,FALSE,FALSE,Major,694205,08d00h50m05,0
ZOOKEEPER-593,FALSE,FALSE,Major,5390692,62d09h24m52,0
ZOOKEEPER-591,FALSE,FALSE,Blocker,9907764,114d16h09m24,1
ZOOKEEPER-596,TRUE,FALSE,Major,1999739,23d03h28m59,0
ZOOKEEPER-597,FALSE,FALSE,Critical,1126590,13d00h56m30,1
ZOOKEEPER-598,FALSE,FALSE,Trivial,403861,04d16h11m01,0
ZOOKEEPER-421,FALSE,FALSE,Minor,354064,04d02h21m04,0
ZOOKEEPER-2818,FALSE,FALSE,Major,958516,11d02h15m16,0
ZOOKEEPER-3059,FALSE,FALSE,Critical,1184974,13d17h09m34,0
ZOOKEEPER-766,FALSE,FALSE,Minor,13618,00d03h46m58,0
ZOOKEEPER-184,FALSE,FALSE,Major,117395,01d08h36m35,0
ZOOKEEPER-794,TRUE,FALSE,Blocker,10101624,116d22h00m24,0
ZOOKEEPER-795,FALSE,FALSE,Blocker,4355572,50d09h52m52,0
ZOOKEEPER-3051,FALSE,FALSE,Blocker,113968,01d07h39m28,0
ZOOKEEPER-3009,FALSE,FALSE,Major,6992189,80d22h16m29,0
ZOOKEEPER-790,TRUE,FALSE,Blocker,3212641,37d04h24m01,1
ZOOKEEPER-187,FALSE,FALSE,Minor,77145,00d21h25m45,0
ZOOKEEPER-792,FALSE,FALSE,Major,5116980,59d05h23m00,0
ZOOKEEPER-3113,FALSE,FALSE,Critical,6200448,71d18h20m48,0
ZOOKEEPER-2978,FALSE,FALSE,Trivial,722506,08d08h41m46,0
ZOOKEEPER-3117,FALSE,FALSE,Minor,488499,05d15h41m39,0
ZOOKEEPER-3050,FALSE,FALSE,Blocker,33136,00d09h12m16,0
ZOOKEEPER-1028,FALSE,FALSE,Minor,1122968,12d23h56m08,0
ZOOKEEPER-1029,FALSE,TRUE,Blocker,148778893,1721d23h28m13,0
ZOOKEEPER-898,FALSE,FALSE,Trivial,1206938,13d23h15m38,0
ZOOKEEPER-2874,FALSE,FALSE,Major,541117,06d06h18m37,0
ZOOKEEPER-438,FALSE,FALSE,Blocker,1478262,17d02h37m42,0
ZOOKEEPER-893,FALSE,FALSE,Critical,746534,08d15h22m14,0
ZOOKEEPER-897,FALSE,FALSE,Major,1198787,13d20h59m47,0
ZOOKEEPER-532,FALSE,FALSE,Major,4915252,56d21h20m52,0
ZOOKEEPER-1027,FALSE,FALSE,Critical,10672724,123d12h38m44,0
ZOOKEEPER-320,FALSE,FALSE,Major,854238,09d21h17m18,0
ZOOKEEPER-533,FALSE,FALSE,Major,15159,00d04h12m39,1
ZOOKEEPER-326,TRUE,FALSE,Minor,272661,03d03h44m21,0
ZOOKEEPER-534,FALSE,FALSE,Major,7275615,84d05h00m15,0
ZOOKEEPER-501,FALSE,FALSE,Major,82308,00d22h51m48,0
ZOOKEEPER-281,FALSE,FALSE,Major,3052201,35d07h50m01,0
ZOOKEEPER-2680,TRUE,TRUE,Major,1250773,14d11h26m13,0
ZOOKEEPER-1927,FALSE,FALSE,Major,40734484,471d11h08m04,0
ZOOKEEPER-1926,FALSE,FALSE,Major,83124,00d23h05m24,0
ZOOKEEPER-1437,TRUE,TRUE,Major,14228100,164d16h15m00,0
ZOOKEEPER-2684,FALSE,FALSE,Blocker,23237822,268d22h57m02,0
ZOOKEEPER-1923,FALSE,FALSE,Minor,287873,03d07h57m53,0
ZOOKEEPER-1533,FALSE,FALSE,Minor,145272,01d16h21m12,0
ZOOKEEPER-1439,FALSE,FALSE,Major,2169839,25d02h43m59,0
ZOOKEEPER-48,FALSE,TRUE,Major,3593296,41d14h08m16,0
ZOOKEEPER-1536,FALSE,FALSE,Major,1272315,14d17h25m15,0
ZOOKEEPER-1535,FALSE,TRUE,Major,11935488,138d03h24m48,0
ZOOKEEPER-538,FALSE,FALSE,Critical,152781,01d18h26m21,0
ZOOKEEPER-2726,FALSE,FALSE,Major,2768,00d00h46m08,0
ZOOKEEPER-1392,TRUE,FALSE,Major,220366512,2550d12h55m12,0
ZOOKEEPER-3027,TRUE,FALSE,Major,14660,00d04h04m20,0
ZOOKEEPER-3025,FALSE,FALSE,Blocker,12094,00d03h21m34,0
ZOOKEEPER-763,FALSE,FALSE,Major,118347,01d08h52m27,0
ZOOKEEPER-2757,TRUE,FALSE,Minor,3632057,42d00h54m17,0
ZOOKEEPER-764,FALSE,FALSE,Major,89184,01d00h46m24,0
ZOOKEEPER-2909,FALSE,FALSE,Major,863053,09d23h44m13,0
ZOOKEEPER-2906,FALSE,FALSE,Major,142042,01d15h27m22,0
ZOOKEEPER-647,FALSE,FALSE,Critical,448475,05d04h34m35,0
ZOOKEEPER-644,FALSE,FALSE,Major,100342,01d03h52m22,0
ZOOKEEPER-2905,FALSE,FALSE,Major,171448,01d23h37m28,0
ZOOKEEPER-642,FALSE,FALSE,Major,73368153,849d04h02m33,0
ZOOKEEPER-2617,FALSE,FALSE,Trivial,10272689,118d21h31m29,0
ZOOKEEPER-2901,TRUE,FALSE,Blocker,19970318,231d03h18m38,0
ZOOKEEPER-136,TRUE,FALSE,Major,2400289,27d18h44m49,0
ZOOKEEPER-137,TRUE,FALSE,Major,1382584,16d00h03m04,0
ZOOKEEPER-131,TRUE,FALSE,Major,1411095,16d07h58m15,0
ZOOKEEPER-1340,FALSE,FALSE,Major,3944819,45d15h46m59,0
ZOOKEEPER-16,TRUE,FALSE,Major,20232621,234d04h10m21,0
ZOOKEEPER-884,FALSE,FALSE,Major,3010040,34d20h07m20,0
ZOOKEEPER-2124,FALSE,FALSE,Major,7990771,92d11h39m31,1
ZOOKEEPER-1327,FALSE,FALSE,Major,4769530,55d04h52m10,0
ZOOKEEPER-2380,TRUE,FALSE,Blocker,9647299,111d15h48m19,0
ZOOKEEPER-1323,FALSE,FALSE,Major,510682,05d21h51m22,0
ZOOKEEPER-1034,FALSE,FALSE,Minor,12113723,140d04h55m23,0
ZOOKEEPER-1440,FALSE,FALSE,Minor,61348616,710d01h16m56,1
ZOOKEEPER-1990,FALSE,FALSE,Critical,130241515,1507d10h11m55,0
ZOOKEEPER-1991,FALSE,FALSE,Minor,50605442,585d17h04m02,0
ZOOKEEPER-1992,TRUE,TRUE,Blocker,358675,04d03h37m55,0
ZOOKEEPER-2798,TRUE,FALSE,Major,593297,06d20h48m17,0
ZOOKEEPER-427,FALSE,FALSE,Blocker,1380724,15d23h32m04,0
ZOOKEEPER-1448,TRUE,FALSE,Critical,43738504,506d05h35m04,0
ZOOKEEPER-400,FALSE,TRUE,Critical,125742,01d10h55m42,0
ZOOKEEPER-1138,FALSE,FALSE,Blocker,93706,01d02h01m46,0
ZOOKEEPER-1139,FALSE,FALSE,Minor,92512,01d01h41m52,0
ZOOKEEPER-1538,FALSE,FALSE,Trivial,1405389,16d06h23m09,0
ZOOKEEPER-2054,FALSE,FALSE,Major,109559,01d06h25m59,0
ZOOKEEPER-2056,FALSE,FALSE,Major,15588258,180d10h04m18,0
ZOOKEEPER-2725,TRUE,FALSE,Major,497719,05d18h15m19,0
ZOOKEEPER-2722,TRUE,FALSE,Major,2938916,34d00h21m56,1
ZOOKEEPER-2157,FALSE,FALSE,Minor,385797,04d11h09m57,0
ZOOKEEPER-2052,TRUE,FALSE,Major,2237556,25d21h32m36,0
ZOOKEEPER-1843,TRUE,FALSE,Minor,11311677,130d22h07m57,0
ZOOKEEPER-1840,FALSE,FALSE,Minor,10610015,122d19h13m35,0
ZOOKEEPER-2156,FALSE,FALSE,Major,4069990,47d02h33m10,0
ZOOKEEPER-2058,FALSE,FALSE,Major,339374,03d22h16m14,0
ZOOKEEPER-1844,TRUE,FALSE,Critical,4982577,57d16h02m57,0
ZOOKEEPER-405,FALSE,FALSE,Major,174926,02d00h35m26,0
ZOOKEEPER-2227,TRUE,TRUE,Major,11243346,130d03h09m06,0
ZOOKEEPER-1419,TRUE,FALSE,Blocker,349877,04d01h11m17,0
ZOOKEEPER-2224,FALSE,FALSE,Minor,539443,06d05h50m43,0
ZOOKEEPER-2548,FALSE,FALSE,Major,438673,05d01h51m13,0
ZOOKEEPER-861,FALSE,FALSE,Minor,434916,05d00h48m36,0
ZOOKEEPER-867,FALSE,FALSE,Blocker,661985,07d15h53m05,0
ZOOKEEPER-2229,FALSE,FALSE,Major,13931919,161d05h58m39,0
ZOOKEEPER-1662,FALSE,FALSE,Minor,31713464,367d01h17m44,0
ZOOKEEPER-1663,FALSE,FALSE,Minor,5967991,69d01h46m31,0
ZOOKEEPER-1192,FALSE,FALSE,Critical,4076088,47d04h14m48,1
ZOOKEEPER-1667,TRUE,FALSE,Blocker,19188002,222d02h00m02,0
ZOOKEEPER-1664,FALSE,FALSE,Major,15735755,182d03h02m35,0
ZOOKEEPER-251,TRUE,FALSE,Blocker,174405,02d00h26m45,0
ZOOKEEPER-1744,FALSE,FALSE,Critical,5388520,62d08h48m40,0
ZOOKEEPER-253,FALSE,FALSE,Minor,4082523,47d06h02m03,0
ZOOKEEPER-1210,FALSE,FALSE,Minor,23817546,275d15h59m06,0
ZOOKEEPER-255,FALSE,FALSE,Blocker,858128,09d22h22m08,0
ZOOKEEPER-1214,TRUE,FALSE,Major,82576372,955d17h52m52,0
ZOOKEEPER-558,TRUE,TRUE,Critical,1125608,13d00h40m08,0
ZOOKEEPER-499,TRUE,FALSE,Blocker,438816,05d01h53m36,0
ZOOKEEPER-551,FALSE,FALSE,Minor,2309494,26d17h31m34,0
ZOOKEEPER-495,FALSE,FALSE,Minor,15151889,175d08h51m29,0
ZOOKEEPER-493,FALSE,FALSE,Minor,302303,03d11h58m23,0
ZOOKEEPER-491,TRUE,FALSE,Major,516398,05d23h26m38,0
ZOOKEEPER-490,FALSE,FALSE,Major,777025,08d23h50m25,0
ZOOKEEPER-2539,FALSE,FALSE,Minor,864805,10d00h13m25,0
ZOOKEEPER-1699,TRUE,FALSE,Blocker,33073321,382d19h02m01,1
ZOOKEEPER-2886,TRUE,FALSE,Major,27102201,313d16h23m21,0
ZOOKEEPER-1697,FALSE,FALSE,Critical,910647,10d12h57m27,0
ZOOKEEPER-1696,FALSE,FALSE,Critical,13513604,156d09h46m44,1
ZOOKEEPER-1695,FALSE,FALSE,Blocker,32065520,371d03h05m20,0
ZOOKEEPER-1895,FALSE,FALSE,Blocker,5275373,61d01h22m53,0
ZOOKEEPER-2536,FALSE,FALSE,Major,1105807,12d19h10m07,0
ZOOKEEPER-698,TRUE,FALSE,Critical,6327,00d01h45m27,0
ZOOKEEPER-691,FALSE,FALSE,Major,592,00d00h09m52,0
ZOOKEEPER-693,FALSE,FALSE,Critical,76360,00d21h12m40,0
ZOOKEEPER-696,FALSE,FALSE,Blocker,77754,00d21h35m54,0
ZOOKEEPER-916,FALSE,FALSE,Major,164085,01d21h34m45,0
ZOOKEEPER-1068,FALSE,FALSE,Minor,2484989,28d18h16m29,0
ZOOKEEPER-1069,TRUE,FALSE,Critical,4718597,54d14h43m17,1
ZOOKEEPER-1836,FALSE,FALSE,Trivial,13290582,153d19h49m42,0
ZOOKEEPER-3,FALSE,FALSE,Trivial,45536907,527d01h08m27,0
ZOOKEEPER-1060,FALSE,FALSE,Minor,2997710,34d16h41m50,0
ZOOKEEPER-1061,FALSE,FALSE,Major,506052,05d20h34m12,0
ZOOKEEPER-1062,FALSE,FALSE,Major,95013788,1099d16h43m08,0
ZOOKEEPER-1063,FALSE,FALSE,Critical,5035033,58d06h37m13,0
ZOOKEEPER-1268,FALSE,FALSE,Blocker,306885,03d13h14m45,0
ZOOKEEPER-1269,TRUE,FALSE,Major,3631839,42d00h50m39,0
ZOOKEEPER-1264,TRUE,TRUE,Blocker,750894,08d16h34m54,1
ZOOKEEPER-1265,FALSE,FALSE,Major,10967,00d03h02m47,0
ZOOKEEPER-1262,FALSE,FALSE,Major,5355134,61d23h32m14,1
ZOOKEEPER-1109,FALSE,FALSE,Critical,2736773,31d16h12m53,0
ZOOKEEPER-1108,FALSE,FALSE,Blocker,6672305,77d05h25m05,0
ZOOKEEPER-1090,TRUE,FALSE,Critical,4202792,48d15h26m32,0
ZOOKEEPER-820,FALSE,FALSE,Critical,8304353,96d02h45m53,0
ZOOKEEPER-1929,FALSE,FALSE,Major,47232165,546d16h02m45,0
ZOOKEEPER-750,FALSE,FALSE,Major,553268,06d09h41m08,0
ZOOKEEPER-3145,TRUE,FALSE,Critical,31480843,364d08h40m43,0
ZOOKEEPER-3144,TRUE,FALSE,Critical,255231,02d22h53m51,0
ZOOKEEPER-1156,FALSE,FALSE,Blocker,1563388,18d02h16m28,0
ZOOKEEPER-178,FALSE,FALSE,Major,354400,04d02h26m40,0
ZOOKEEPER-600,FALSE,FALSE,Trivial,1473384,17d01h16m24,0
ZOOKEEPER-606,FALSE,FALSE,Major,1371574,15d20h59m34,0
ZOOKEEPER-2944,FALSE,FALSE,Trivial,342197,03d23h03m17,0
ZOOKEEPER-68,FALSE,FALSE,Minor,3119,00d00h51m59,0
ZOOKEEPER-1622,FALSE,FALSE,Trivial,28821657,333d14h00m57,0
ZOOKEEPER-2948,FALSE,FALSE,Major,75673,00d21h01m13,0
ZOOKEEPER-2949,FALSE,FALSE,Major,5592702,64d17h31m42,0
ZOOKEEPER-913,TRUE,FALSE,Critical,8038508,93d00h55m08,1
ZOOKEEPER-2822,FALSE,FALSE,Minor,44752734,517d23h18m54,0
ZOOKEEPER-1152,TRUE,FALSE,Major,707893,08d04h38m13,0
ZOOKEEPER-376,FALSE,FALSE,Minor,1902447,22d00h27m27,0
ZOOKEEPER-377,FALSE,FALSE,Critical,273727,03d04h02m07,0
ZOOKEEPER-374,FALSE,FALSE,Trivial,558003,06d11h00m03,0
ZOOKEEPER-375,FALSE,FALSE,Blocker,4762669,55d02h57m49,0
ZOOKEEPER-3093,FALSE,FALSE,Trivial,77975,00d21h39m35,0
ZOOKEEPER-370,FALSE,FALSE,Major,85422,00d23h43m42,0
ZOOKEEPER-668,FALSE,FALSE,Major,570666,06d14h31m06,0
ZOOKEEPER-2366,TRUE,FALSE,Blocker,11422046,132d04h47m26,0
ZOOKEEPER-2364,FALSE,FALSE,Blocker,3625815,41d23h10m15,0
ZOOKEEPER-1522,TRUE,FALSE,Major,149348,01d17h29m08,0
ZOOKEEPER-1811,FALSE,FALSE,Major,8265310,95d15h55m10,0
ZOOKEEPER-1366,TRUE,FALSE,Critical,96243533,1113d22h18m53,0
ZOOKEEPER-2360,FALSE,FALSE,Blocker,25217,00d07h00m17,0
ZOOKEEPER-1812,FALSE,FALSE,Minor,122515,01d10h01m55,0
ZOOKEEPER-1403,FALSE,FALSE,Minor,1367492,15d19h51m32,0
ZOOKEEPER-1819,FALSE,FALSE,Minor,13376414,154d19h40m14,0
ZOOKEEPER-1818,TRUE,TRUE,Blocker,160453606,1857d02h26m46,0
ZOOKEEPER-874,TRUE,TRUE,Trivial,17971761,208d00h09m21,0
ZOOKEEPER-1560,FALSE,FALSE,Major,1796347,20d18h59m07,0
ZOOKEEPER-2330,FALSE,TRUE,Major,14466023,167d10h20m23,1
ZOOKEEPER-250,TRUE,FALSE,Major,270349,03d03h05m49,0
ZOOKEEPER-738,FALSE,FALSE,Major,1374013,15d21h40m13,0
ZOOKEEPER-737,FALSE,FALSE,Blocker,2075899,24d00h38m19,0
ZOOKEEPER-734,FALSE,FALSE,Major,1718300,19d21h18m20,0
ZOOKEEPER-735,FALSE,FALSE,Major,75971,00d21h06m11,0
ZOOKEEPER-732,FALSE,FALSE,Minor,110934149,1283d23h02m29,1
ZOOKEEPER-731,FALSE,FALSE,Minor,45673203,528d15h00m03,0
ZOOKEEPER-1969,FALSE,FALSE,Major,1079,00d00h17m59,0
ZOOKEEPER-2647,FALSE,FALSE,Blocker,1751033,20d06h23m53,0
ZOOKEEPER-2317,FALSE,FALSE,Blocker,80573470,932d13h31m10,0
ZOOKEEPER-2316,FALSE,FALSE,Trivial,46507574,538d06h46m14,0
ZOOKEEPER-2642,FALSE,TRUE,Blocker,5746279,66d12h11m19,0
ZOOKEEPER-105,FALSE,FALSE,Minor,226395,02d14h53m15,0
ZOOKEEPER-1613,FALSE,FALSE,Trivial,2187744,25d07h42m24,0
ZOOKEEPER-1964,FALSE,FALSE,Minor,239131,02d18h25m31,0
ZOOKEEPER-1966,FALSE,FALSE,Major,94164,01d02h09m24,0
ZOOKEEPER-1371,FALSE,TRUE,Major,120775903,1397d20h51m43,0
ZOOKEEPER-2500,FALSE,FALSE,Major,192495,02d05h28m15,0
ZOOKEEPER-2465,FALSE,FALSE,Blocker,15398509,178d05h21m49,0
ZOOKEEPER-498,TRUE,FALSE,Critical,605325,07d00h08m45,0
ZOOKEEPER-2467,FALSE,FALSE,Minor,8764056,101d10h27m36,0
ZOOKEEPER-467,FALSE,FALSE,Major,1433244,16d14h07m24,0
ZOOKEEPER-2460,FALSE,FALSE,Critical,22415432,259d10h30m32,0
ZOOKEEPER-227,FALSE,FALSE,Minor,90243,01d01h04m03,0
ZOOKEEPER-1316,FALSE,FALSE,Minor,377778,04d08h56m18,0
ZOOKEEPER-1700,FALSE,FALSE,Critical,302892,03d12h08m12,0
ZOOKEEPER-519,FALSE,FALSE,Major,7322154,84d17h55m54,0
ZOOKEEPER-1706,FALSE,FALSE,Minor,5361,00d01h29m21,0
ZOOKEEPER-512,FALSE,FALSE,Blocker,5950996,68d21h03m16,0
ZOOKEEPER-1648,FALSE,TRUE,Minor,30519,00d08h28m39,0
ZOOKEEPER-510,FALSE,FALSE,Major,4762845,55d03h00m45,1
ZOOKEEPER-511,FALSE,FALSE,Major,17595070,203d15h31m10,0
ZOOKEEPER-2988,FALSE,FALSE,Minor,5127436,59d08h17m16,0
ZOOKEEPER-1754,TRUE,FALSE,Critical,977518,11d07h31m58,0
ZOOKEEPER-1318,FALSE,FALSE,Major,13589328,157d06h48m48,0
ZOOKEEPER-1319,TRUE,FALSE,Blocker,316982,03d16h03m02,0
ZOOKEEPER-453,TRUE,FALSE,Blocker,15707,00d04h21m47,0
ZOOKEEPER-1490,FALSE,FALSE,Minor,957470,11d01h57m50,0
ZOOKEEPER-1493,FALSE,FALSE,Major,3314856,38d08h47m36,0
ZOOKEEPER-450,FALSE,FALSE,Blocker,36219,00d10h03m39,0
ZOOKEEPER-1495,TRUE,FALSE,Minor,18207976,210d17h46m16,0
ZOOKEEPER-1494,FALSE,FALSE,Major,6865695,79d11h08m15,0
ZOOKEEPER-455,FALSE,FALSE,Blocker,60949,00d16h55m49,0
ZOOKEEPER-1496,TRUE,FALSE,Critical,6989606,80d21h33m26,0
ZOOKEEPER-1499,TRUE,FALSE,Blocker,41237326,477d06h48m46,0
ZOOKEEPER-2913,TRUE,FALSE,Major,29200727,337d23h18m47,0
ZOOKEEPER-1753,FALSE,FALSE,Major,1118285,12d22h38m05,0
ZOOKEEPER-1798,FALSE,FALSE,Blocker,2145319,24d19h55m19,1
ZOOKEEPER-1799,TRUE,FALSE,Minor,17780,00d04h56m20,0
ZOOKEEPER-2008,FALSE,FALSE,Minor,166613,01d22h16m53,1
ZOOKEEPER-1315,FALSE,FALSE,Minor,395438,04d13h50m38,0
ZOOKEEPER-2006,TRUE,FALSE,Major,1031180,11d22h26m20,0
ZOOKEEPER-1791,FALSE,FALSE,Major,18930919,219d02h35m19,0
ZOOKEEPER-1797,TRUE,TRUE,Blocker,18252436,211d06h07m16,0
ZOOKEEPER-1795,FALSE,FALSE,Blocker,15511,00d04h18m31,0
ZOOKEEPER-958,FALSE,FALSE,Major,555345,06d10h15m45,0
ZOOKEEPER-118,FALSE,FALSE,Major,2504932,28d23h48m52,0
ZOOKEEPER-2212,FALSE,FALSE,Critical,490987,05d16h23m07,0
ZOOKEEPER-2213,TRUE,FALSE,Blocker,96397,01d02h46m37,0
ZOOKEEPER-2210,FALSE,FALSE,Major,1107224,12d19h33m44,0
ZOOKEEPER-2211,FALSE,FALSE,Major,15320081,177d07h34m41,0
ZOOKEEPER-844,TRUE,FALSE,Major,4752865,55d00h14m25,0
ZOOKEEPER-814,FALSE,FALSE,Blocker,1090891,12d15h01m31,0
ZOOKEEPER-2186,FALSE,FALSE,Major,1335451,15d10h57m31,0
ZOOKEEPER-2187,FALSE,FALSE,Minor,1778062,20d13h54m22,0
ZOOKEEPER-2184,TRUE,TRUE,Blocker,98663098,1141d22h24m58,1
ZOOKEEPER-1636,FALSE,FALSE,Critical,184847686,2139d10h34m46,0
ZOOKEEPER-2182,TRUE,FALSE,Major,386039,04d11h13m59,0
ZOOKEEPER-1146,FALSE,FALSE,Blocker,864585,10d00h09m45,0
ZOOKEEPER-1632,FALSE,FALSE,Minor,26653202,308d11h40m02,0
ZOOKEEPER-1222,FALSE,FALSE,Minor,86390739,999d21h25m39,0
ZOOKEEPER-1220,FALSE,FALSE,Major,5487078,63d12h11m18,1
ZOOKEEPER-1388,TRUE,FALSE,Major,58707625,679d11h40m25,0
ZOOKEEPER-200,FALSE,FALSE,Major,46289,00d12h51m29,0
ZOOKEEPER-201,FALSE,FALSE,Blocker,50438,00d14h00m38,0
ZOOKEEPER-1384,FALSE,FALSE,Minor,4080333,47d05h25m33,0
ZOOKEEPER-1387,TRUE,FALSE,Minor,26877789,311d02h03m09,0
ZOOKEEPER-1386,FALSE,FALSE,Minor,2008039,23d05h47m19,0
ZOOKEEPER-1074,FALSE,FALSE,Major,2802990,32d10h36m30,0
ZOOKEEPER-1380,FALSE,FALSE,Major,19054891,220d13h01m31,0
ZOOKEEPER-208,FALSE,FALSE,Critical,2042289,23d15h18m09,0
ZOOKEEPER-1382,TRUE,FALSE,Critical,58817512,680d18h11m52,0
ZOOKEEPER-2269,TRUE,FALSE,Major,59644,00d16h34m04,0
ZOOKEEPER-2268,FALSE,FALSE,Major,2185007,25d06h56m47,0
ZOOKEEPER-2261,TRUE,FALSE,Major,95845542,1109d07h45m42,0
ZOOKEEPER-983,FALSE,FALSE,Minor,2079362,24d01h36m02,0
ZOOKEEPER-2264,TRUE,FALSE,Minor,535433,06d04h43m53,0
ZOOKEEPER-846,FALSE,FALSE,Blocker,3503947,40d13h19m07,0
ZOOKEEPER-2982,FALSE,FALSE,Blocker,6751765,78d03h29m25,0
ZOOKEEPER-3104,TRUE,FALSE,Critical,779147,09d00h25m47,0
ZOOKEEPER-3510,FALSE,FALSE,Minor,698265,08d01h57m45,0
ZOOKEEPER-3518,FALSE,FALSE,Blocker,63837,00d17h43m57,0
ZOOKEEPER-2861,FALSE,FALSE,Minor,1505248,17d10h07m28,0
ZOOKEEPER-886,FALSE,FALSE,Major,520647,06d00h37m27,0
ZOOKEEPER-2862,FALSE,FALSE,Major,2049,00d00h34m09,0
ZOOKEEPER-1033,FALSE,FALSE,Minor,3230571,37d09h22m51,0
ZOOKEEPER-881,FALSE,FALSE,Trivial,1709339,19d18h48m59,1
ZOOKEEPER-882,TRUE,FALSE,Minor,7390601,85d12h56m41,0
ZOOKEEPER-3296,TRUE,FALSE,Major,8514137,98d13h02m17,0
ZOOKEEPER-1136,TRUE,FALSE,Blocker,4284044,49d14h00m44,0
ZOOKEEPER-1134,FALSE,FALSE,Critical,256418,02d23h13m38,0
ZOOKEEPER-888,FALSE,FALSE,Critical,1143330,13d05h35m30,0
ZOOKEEPER-1562,FALSE,FALSE,Trivial,9783509,113d05h38m29,0
ZOOKEEPER-1311,FALSE,FALSE,Blocker,47417,00d13h10m17,0
ZOOKEEPER-333,FALSE,FALSE,Critical,1046120,12d02h35m20,0
ZOOKEEPER-330,TRUE,FALSE,Blocker,236122,02d17h35m22,0
ZOOKEEPER-1769,TRUE,FALSE,Minor,132276,01d12h44m36,0
ZOOKEEPER-334,TRUE,FALSE,Major,341608,03d22h53m28,0
ZOOKEEPER-335,TRUE,TRUE,Blocker,71835523,831d10h18m43,0
ZOOKEEPER-796,FALSE,FALSE,Major,690584,07d23h49m44,0
ZOOKEEPER-1910,TRUE,FALSE,Major,1534987,17d18h23m07,0
ZOOKEEPER-1911,FALSE,FALSE,Major,1184642,13d17h04m02,0
ZOOKEEPER-1913,FALSE,FALSE,Major,6777,00d01h52m57,0
ZOOKEEPER-1917,FALSE,FALSE,Blocker,14980452,173d09h14m12,1
ZOOKEEPER-1521,FALSE,FALSE,Critical,221008,02d13h23m28,0
ZOOKEEPER-1919,FALSE,FALSE,Blocker,129242660,1495d20h44m20,0
ZOOKEEPER-226,TRUE,FALSE,Blocker,15566,00d04h19m26,0
ZOOKEEPER-1755,TRUE,FALSE,Major,14196404,164d07h26m44,0
ZOOKEEPER-3056,TRUE,FALSE,Critical,39282654,454d15h50m54,0
ZOOKEEPER-3039,FALSE,FALSE,Major,495963,05d17h46m03,0
ZOOKEEPER-3038,TRUE,FALSE,Major,20093,00d05h34m53,0
ZOOKEEPER-1190,FALSE,FALSE,Blocker,1801087,20d20h18m07,0
ZOOKEEPER-1733,FALSE,FALSE,Major,13101437,151d15h17m17,1
ZOOKEEPER-772,FALSE,FALSE,Major,8048972,93d03h49m32,1
ZOOKEEPER-1052,FALSE,FALSE,Major,792777,09d04h12m57,0
ZOOKEEPER-604,FALSE,FALSE,Critical,8728944,101d00h42m24,0
ZOOKEEPER-774,TRUE,FALSE,Minor,180094,02d02h01m34,0
ZOOKEEPER-673,FALSE,FALSE,Major,198312,02d07h05m12,0
ZOOKEEPER-2914,FALSE,FALSE,Minor,265403,03d01h43m23,0
ZOOKEEPER-677,FALSE,TRUE,Critical,1376037,15d22h13m57,0
ZOOKEEPER-1142,TRUE,FALSE,Blocker,711094,08d05h31m34,0
ZOOKEEPER-2606,FALSE,FALSE,Minor,1108119,12d19h48m39,0
